episode,utilization,invalid_learned,invalid_attempted,boxes_attempted,placed_boxes,max_height,avg_height,perc_stacking,perc_best_fit,perc_semi_perfect_fit,perc_random_fit
1,0.618,10,0,26,16,10.0,6.18,26.923076923076923,38.46153846153847,23.076923076923077,11.538461538461538
2,0.77,6,0,20,14,10.0,7.7,20.0,40.0,15.0,25.0
3,0.84,5,0,27,22,10.0,8.4,33.33333333333333,11.11111111111111,37.03703703703704,18.51851851851852
4,0.812,7,0,36,29,10.0,8.12,27.77777777777778,25.0,27.77777777777778,19.444444444444446
5,0.812,4,0,24,20,10.0,8.12,29.166666666666668,29.166666666666668,16.666666666666664,25.0
6,0.649,9,0,24,15,10.0,6.49,25.0,33.33333333333333,12.5,29.166666666666668
7,0.877,7,0,36,29,10.0,8.77,11.11111111111111,25.0,27.77777777777778,36.11111111111111
8,0.793,6,0,24,18,10.0,7.93,25.0,20.833333333333336,20.833333333333336,33.33333333333333
9,0.733,8,0,29,21,10.0,7.33,34.48275862068966,10.344827586206897,24.137931034482758,31.03448275862069
10,0.75,4,0,17,13,10.0,7.5,35.294117647058826,23.52941176470588,23.52941176470588,17.647058823529413
11,0.828,6,0,35,29,10.0,8.28,25.71428571428571,20.0,22.857142857142858,31.428571428571427
12,0.78,4,0,19,15,10.0,7.8,10.526315789473683,31.57894736842105,26.31578947368421,31.57894736842105
13,0.755,4,0,16,12,10.0,7.55,25.0,12.5,31.25,31.25
14,0.74,5,0,25,20,10.0,7.4,16.0,32.0,20.0,32.0
15,0.652,8,0,31,23,10.0,6.52,35.483870967741936,22.58064516129032,22.58064516129032,19.35483870967742
16,0.728,8,0,28,20,10.0,7.28,17.857142857142858,25.0,28.57142857142857,28.57142857142857
17,0.77,4,0,19,15,10.0,7.7,26.31578947368421,31.57894736842105,21.052631578947366,21.052631578947366
18,0.75,3,0,12,9,10.0,7.5,16.666666666666664,16.666666666666664,41.66666666666667,25.0
19,0.63,11,0,31,20,10.0,6.3,19.35483870967742,38.70967741935484,25.806451612903224,16.129032258064516
20,0.756,5,0,30,25,10.0,7.56,30.0,23.333333333333332,26.666666666666668,20.0
21,0.768,5,0,36,31,10.0,7.68,27.77777777777778,25.0,25.0,22.22222222222222
22,0.725,6,0,19,13,10.0,7.25,10.526315789473683,36.84210526315789,26.31578947368421,26.31578947368421
23,0.855,3,0,17,14,10.0,8.55,11.76470588235294,11.76470588235294,35.294117647058826,41.17647058823529
24,0.54,12,0,30,18,9.0,5.4,30.0,23.333333333333332,16.666666666666664,30.0
25,0.704,5,0,30,25,10.0,7.04,23.333333333333332,26.666666666666668,16.666666666666664,33.33333333333333
26,0.666,6,0,26,20,10.0,6.66,19.230769230769234,30.76923076923077,19.230769230769234,30.76923076923077
27,0.666,9,0,31,22,10.0,6.66,9.67741935483871,48.38709677419355,19.35483870967742,22.58064516129032
28,0.564,9,0,28,19,10.0,5.64,21.428571428571427,35.714285714285715,17.857142857142858,25.0
29,0.808,6,0,27,21,10.0,8.08,22.22222222222222,37.03703703703704,18.51851851851852,22.22222222222222
30,0.82,4,0,31,27,10.0,8.2,19.35483870967742,38.70967741935484,16.129032258064516,25.806451612903224
31,0.688,9,0,37,28,10.0,6.88,29.72972972972973,45.94594594594595,10.81081081081081,13.513513513513514
32,0.717,7,0,27,20,10.0,7.17,18.51851851851852,44.44444444444444,18.51851851851852,18.51851851851852
33,0.585,8,0,18,10,10.0,5.85,22.22222222222222,22.22222222222222,11.11111111111111,44.44444444444444
34,0.76,6,0,33,27,10.0,7.6,6.0606060606060606,33.33333333333333,33.33333333333333,27.27272727272727
35,0.8,6,0,28,22,10.0,8.0,35.714285714285715,10.714285714285714,32.142857142857146,21.428571428571427
36,0.642,8,0,24,16,10.0,6.42,16.666666666666664,37.5,16.666666666666664,29.166666666666668
37,0.587,6,0,30,24,10.0,5.87,30.0,16.666666666666664,30.0,23.333333333333332
38,0.752,7,0,36,29,10.0,7.52,25.0,27.77777777777778,25.0,22.22222222222222
39,0.792,6,0,34,28,10.0,7.92,17.647058823529413,29.411764705882355,29.411764705882355,23.52941176470588
40,0.864,4,0,26,22,10.0,8.64,23.076923076923077,23.076923076923077,23.076923076923077,30.76923076923077
41,0.621,9,0,29,20,10.0,6.21,13.793103448275861,24.137931034482758,34.48275862068966,27.586206896551722
42,0.82,3,0,21,18,10.0,8.2,14.285714285714285,33.33333333333333,14.285714285714285,38.095238095238095
43,0.764,5,0,32,27,10.0,7.64,15.625,37.5,31.25,15.625
44,0.611,7,0,30,23,10.0,6.11,36.666666666666664,20.0,16.666666666666664,26.666666666666668
45,0.72,7,0,26,19,10.0,7.2,30.76923076923077,23.076923076923077,3.8461538461538463,42.30769230769231
46,0.694,9,0,28,19,10.0,6.94,21.428571428571427,35.714285714285715,17.857142857142858,25.0
47,0.805,4,0,25,21,10.0,8.05,16.0,24.0,32.0,28.000000000000004
48,0.682,8,0,27,19,10.0,6.82,25.925925925925924,25.925925925925924,14.814814814814813,33.33333333333333
49,0.62,8,0,26,18,10.0,6.2,30.76923076923077,34.61538461538461,19.230769230769234,15.384615384615385
50,0.668,10,0,29,19,10.0,6.68,13.793103448275861,34.48275862068966,37.93103448275862,13.793103448275861
51,0.807,5,0,30,25,10.0,8.07,16.666666666666664,33.33333333333333,43.333333333333336,6.666666666666667
52,0.729,10,0,32,22,10.0,7.29,15.625,18.75,43.75,21.875
53,0.684,8,0,28,20,10.0,6.84,25.0,35.714285714285715,17.857142857142858,21.428571428571427
54,0.824,6,0,29,23,10.0,8.24,20.689655172413794,6.896551724137931,27.586206896551722,44.827586206896555
55,0.7,8,0,24,16,10.0,7.0,16.666666666666664,25.0,25.0,33.33333333333333
56,0.848,6,0,40,34,10.0,8.48,15.0,17.5,30.0,37.5
57,0.672,7,0,26,19,10.0,6.72,15.384615384615385,26.923076923076923,34.61538461538461,23.076923076923077
58,0.676,9,0,32,23,10.0,6.76,12.5,18.75,43.75,25.0
59,0.768,13,0,47,34,10.0,7.68,27.659574468085108,23.404255319148938,34.04255319148936,14.893617021276595
60,0.61,10,0,26,16,10.0,6.1,34.61538461538461,15.384615384615385,46.15384615384615,3.8461538461538463
61,0.9,2,0,15,13,10.0,9.0,20.0,40.0,6.666666666666667,33.33333333333333
62,0.75,4,0,25,21,10.0,7.5,16.0,32.0,20.0,32.0
63,0.703,8,0,32,24,10.0,7.03,25.0,25.0,28.125,21.875
64,0.72,5,0,23,18,10.0,7.2,30.434782608695656,26.08695652173913,30.434782608695656,13.043478260869565
65,0.832,4,0,22,18,10.0,8.32,9.090909090909092,54.54545454545454,18.181818181818183,18.181818181818183
66,0.655,7,0,29,22,10.0,6.55,20.689655172413794,24.137931034482758,44.827586206896555,10.344827586206897
67,0.684,7,0,26,19,10.0,6.84,23.076923076923077,26.923076923076923,34.61538461538461,15.384615384615385
68,0.605,8,0,25,17,10.0,6.05,8.0,32.0,24.0,36.0
69,0.636,8,0,27,19,10.0,6.36,22.22222222222222,22.22222222222222,40.74074074074074,14.814814814814813
70,0.619,9,0,29,20,10.0,6.19,17.24137931034483,17.24137931034483,41.37931034482759,24.137931034482758
71,0.732,7,0,29,22,10.0,7.32,20.689655172413794,13.793103448275861,34.48275862068966,31.03448275862069
72,0.738,7,0,28,21,10.0,7.38,25.0,17.857142857142858,25.0,32.142857142857146
73,0.788,5,0,28,23,10.0,7.88,28.57142857142857,7.142857142857142,35.714285714285715,28.57142857142857
74,0.74,6,0,35,29,10.0,7.4,31.428571428571427,20.0,20.0,28.57142857142857
75,0.655,6,0,27,21,10.0,6.55,18.51851851851852,11.11111111111111,55.55555555555556,14.814814814814813
76,0.78,4,0,21,17,10.0,7.8,33.33333333333333,28.57142857142857,23.809523809523807,14.285714285714285
77,0.614,8,0,25,17,10.0,6.14,40.0,4.0,32.0,24.0
78,0.76,5,0,27,22,10.0,7.6,25.925925925925924,14.814814814814813,14.814814814814813,44.44444444444444
79,0.84,3,0,21,18,10.0,8.4,14.285714285714285,33.33333333333333,38.095238095238095,14.285714285714285
80,0.679,8,0,27,19,10.0,6.79,33.33333333333333,37.03703703703704,11.11111111111111,18.51851851851852
81,0.774,5,0,29,24,10.0,7.74,24.137931034482758,31.03448275862069,27.586206896551722,17.24137931034483
82,0.84,3,0,29,26,10.0,8.4,20.689655172413794,13.793103448275861,31.03448275862069,34.48275862068966
83,0.691,7,0,29,22,10.0,6.91,27.586206896551722,20.689655172413794,31.03448275862069,20.689655172413794
84,0.73,6,0,26,20,10.0,7.3,15.384615384615385,30.76923076923077,30.76923076923077,23.076923076923077
85,0.624,7,0,26,19,10.0,6.24,7.6923076923076925,38.46153846153847,34.61538461538461,19.230769230769234
86,0.7,5,0,20,15,10.0,7.0,35.0,35.0,20.0,10.0
87,0.648,9,0,30,21,10.0,6.48,36.666666666666664,16.666666666666664,30.0,16.666666666666664
88,0.665,7,0,31,24,10.0,6.65,32.25806451612903,19.35483870967742,35.483870967741936,12.903225806451612
89,0.619,9,0,28,19,10.0,6.19,17.857142857142858,32.142857142857146,39.285714285714285,10.714285714285714
90,0.83,4,0,23,19,10.0,8.3,26.08695652173913,30.434782608695656,30.434782608695656,13.043478260869565
91,0.682,8,0,29,21,10.0,6.82,13.793103448275861,13.793103448275861,55.172413793103445,17.24137931034483
92,0.66,6,0,27,21,10.0,6.6,22.22222222222222,14.814814814814813,37.03703703703704,25.925925925925924
93,0.648,9,0,31,22,10.0,6.48,19.35483870967742,29.03225806451613,41.935483870967744,9.67741935483871
94,0.62,6,0,25,19,10.0,6.2,40.0,20.0,28.000000000000004,12.0
95,0.875,2,0,16,14,10.0,8.75,37.5,12.5,12.5,37.5
96,0.774,9,0,34,25,10.0,7.74,17.647058823529413,29.411764705882355,20.588235294117645,32.35294117647059
97,0.804,5,0,31,26,10.0,8.04,12.903225806451612,19.35483870967742,41.935483870967744,25.806451612903224
98,0.86,3,0,18,15,10.0,8.6,22.22222222222222,38.88888888888889,27.77777777777778,11.11111111111111
99,0.83,6,0,34,28,10.0,8.3,8.823529411764707,23.52941176470588,41.17647058823529,26.47058823529412
100,0.642,7,0,28,21,10.0,6.42,25.0,7.142857142857142,35.714285714285715,32.142857142857146
101,0.694,7,0,28,21,10.0,6.94,17.857142857142858,25.0,35.714285714285715,21.428571428571427
102,0.832,4,0,33,29,10.0,8.32,18.181818181818183,30.303030303030305,18.181818181818183,33.33333333333333
103,0.674,9,0,38,29,10.0,6.74,18.421052631578945,28.947368421052634,39.473684210526315,13.157894736842104
104,0.73,5,0,24,19,10.0,7.3,16.666666666666664,29.166666666666668,41.66666666666667,12.5
105,0.699,11,0,31,20,10.0,6.99,16.129032258064516,22.58064516129032,29.03225806451613,32.25806451612903
106,0.62,6,0,16,10,10.0,6.2,18.75,37.5,31.25,12.5
107,0.65,6,0,20,14,10.0,6.5,20.0,35.0,30.0,15.0
108,0.74,4,0,19,15,10.0,7.4,36.84210526315789,15.789473684210526,36.84210526315789,10.526315789473683
109,0.796,4,0,27,23,10.0,7.96,14.814814814814813,22.22222222222222,18.51851851851852,44.44444444444444
110,0.74,7,0,31,24,10.0,7.4,19.35483870967742,12.903225806451612,22.58064516129032,45.16129032258064
111,0.67,9,0,39,30,10.0,6.7,17.94871794871795,17.94871794871795,28.205128205128204,35.8974358974359
112,0.666,8,0,37,29,10.0,6.66,21.62162162162162,16.216216216216218,54.054054054054056,8.108108108108109
113,0.744,7,0,34,27,10.0,7.44,23.52941176470588,50.0,14.705882352941178,11.76470588235294
114,0.696,8,0,31,23,10.0,6.96,16.129032258064516,16.129032258064516,45.16129032258064,22.58064516129032
115,0.736,5,0,28,23,10.0,7.36,28.57142857142857,17.857142857142858,25.0,28.57142857142857
116,0.786,5,0,31,26,10.0,7.86,9.67741935483871,32.25806451612903,29.03225806451613,29.03225806451613
117,0.788,6,0,32,26,10.0,7.88,25.0,25.0,28.125,21.875
118,0.784,7,0,27,20,10.0,7.84,3.7037037037037033,25.925925925925924,51.85185185185185,18.51851851851852
119,0.87,4,0,19,15,10.0,8.7,26.31578947368421,15.789473684210526,26.31578947368421,31.57894736842105
120,0.735,5,0,21,16,10.0,7.35,23.809523809523807,33.33333333333333,28.57142857142857,14.285714285714285
121,0.688,10,0,34,24,10.0,6.88,23.52941176470588,50.0,8.823529411764707,17.647058823529413
122,0.696,8,0,31,23,10.0,6.96,12.903225806451612,22.58064516129032,25.806451612903224,38.70967741935484
123,0.72,5,0,32,27,10.0,7.2,6.25,6.25,53.125,34.375
124,0.684,6,0,26,20,10.0,6.84,11.538461538461538,19.230769230769234,53.84615384615385,15.384615384615385
125,0.758,9,0,42,33,10.0,7.58,16.666666666666664,23.809523809523807,47.61904761904761,11.904761904761903
126,0.708,6,0,28,22,10.0,7.08,25.0,17.857142857142858,21.428571428571427,35.714285714285715
127,0.584,9,0,30,21,10.0,5.84,46.666666666666664,10.0,33.33333333333333,10.0
128,0.756,7,0,30,23,10.0,7.56,13.333333333333334,16.666666666666664,53.333333333333336,16.666666666666664
129,0.685,8,0,27,19,10.0,6.85,18.51851851851852,11.11111111111111,44.44444444444444,25.925925925925924
130,0.668,7,0,26,19,10.0,6.68,42.30769230769231,15.384615384615385,15.384615384615385,26.923076923076923
131,0.688,7,0,31,24,10.0,6.88,51.61290322580645,12.903225806451612,12.903225806451612,22.58064516129032
132,0.713,7,0,27,20,10.0,7.13,48.148148148148145,18.51851851851852,14.814814814814813,18.51851851851852
133,0.748,5,0,27,22,10.0,7.48,7.4074074074074066,44.44444444444444,29.629629629629626,18.51851851851852
134,0.729,5,0,26,21,10.0,7.29,23.076923076923077,38.46153846153847,19.230769230769234,19.230769230769234
135,0.71,5,0,30,25,10.0,7.1,13.333333333333334,40.0,30.0,16.666666666666664
136,0.73,5,0,19,14,10.0,7.3,57.89473684210527,26.31578947368421,15.789473684210526,0.0
137,0.655,8,0,31,23,10.0,6.55,25.806451612903224,32.25806451612903,22.58064516129032,19.35483870967742
138,0.699,7,0,26,19,10.0,6.99,11.538461538461538,46.15384615384615,26.923076923076923,15.384615384615385
139,0.616,8,0,28,20,10.0,6.16,42.857142857142854,17.857142857142858,21.428571428571427,17.857142857142858
140,0.671,7,0,29,22,10.0,6.71,13.793103448275861,31.03448275862069,37.93103448275862,17.24137931034483
141,0.638,10,0,32,22,10.0,6.38,9.375,18.75,59.375,12.5
142,0.58,9,0,29,20,10.0,5.8,27.586206896551722,20.689655172413794,24.137931034482758,27.586206896551722
143,0.776,8,0,44,36,10.0,7.76,6.8181818181818175,25.0,25.0,43.18181818181818
144,0.794,6,0,37,31,10.0,7.94,16.216216216216218,37.83783783783784,27.027027027027028,18.91891891891892
145,0.638,6,0,19,13,10.0,6.38,5.263157894736842,31.57894736842105,31.57894736842105,31.57894736842105
146,0.712,8,0,35,27,10.0,7.12,28.57142857142857,34.285714285714285,31.428571428571427,5.714285714285714
147,0.7,4,0,23,19,10.0,7.0,8.695652173913043,13.043478260869565,56.52173913043478,21.73913043478261
148,0.512,11,0,27,16,10.0,5.12,14.814814814814813,18.51851851851852,55.55555555555556,11.11111111111111
149,0.74,9,0,35,26,10.0,7.4,17.142857142857142,34.285714285714285,37.142857142857146,11.428571428571429
150,0.816,4,0,27,23,10.0,8.16,11.11111111111111,44.44444444444444,33.33333333333333,11.11111111111111
151,0.765,7,0,31,24,10.0,7.65,0.0,48.38709677419355,29.03225806451613,22.58064516129032
152,0.75,3,0,18,15,10.0,7.5,11.11111111111111,38.88888888888889,38.88888888888889,11.11111111111111
153,0.735,5,0,30,25,10.0,7.35,10.0,50.0,20.0,20.0
154,0.76,5,0,25,20,10.0,7.6,28.000000000000004,52.0,8.0,12.0
155,0.78,8,0,41,33,10.0,7.8,9.75609756097561,51.21951219512195,14.634146341463413,24.390243902439025
156,0.79,4,0,22,18,10.0,7.9,31.818181818181817,50.0,13.636363636363635,4.545454545454546
157,0.74,5,0,19,14,10.0,7.4,10.526315789473683,42.10526315789473,42.10526315789473,5.263157894736842
158,0.776,5,0,28,23,10.0,7.76,10.714285714285714,39.285714285714285,39.285714285714285,10.714285714285714
159,0.7,4,0,22,18,10.0,7.0,9.090909090909092,72.72727272727273,9.090909090909092,9.090909090909092
160,0.766,7,0,30,23,10.0,7.66,10.0,23.333333333333332,43.333333333333336,23.333333333333332
161,0.748,9,0,29,20,10.0,7.48,13.793103448275861,20.689655172413794,51.724137931034484,13.793103448275861
162,0.782,7,0,27,20,10.0,7.82,25.925925925925924,29.629629629629626,29.629629629629626,14.814814814814813
163,0.73,8,0,29,21,10.0,7.3,31.03448275862069,27.586206896551722,31.03448275862069,10.344827586206897
164,0.82,3,0,18,15,10.0,8.2,33.33333333333333,11.11111111111111,50.0,5.555555555555555
165,0.748,7,0,26,19,10.0,7.48,15.384615384615385,23.076923076923077,57.692307692307686,3.8461538461538463
166,0.544,8,0,36,28,10.0,5.44,11.11111111111111,22.22222222222222,47.22222222222222,19.444444444444446
167,0.657,7,0,29,22,10.0,6.57,13.793103448275861,55.172413793103445,20.689655172413794,10.344827586206897
168,0.776,5,0,32,27,10.0,7.76,6.25,59.375,6.25,28.125
169,0.816,5,0,30,25,10.0,8.16,36.666666666666664,16.666666666666664,26.666666666666668,20.0
170,0.699,7,0,25,18,10.0,6.99,16.0,20.0,40.0,24.0
171,0.685,6,0,19,13,10.0,6.85,10.526315789473683,15.789473684210526,52.63157894736842,21.052631578947366
172,0.759,6,0,31,25,10.0,7.59,9.67741935483871,29.03225806451613,51.61290322580645,9.67741935483871
173,0.64,10,0,35,25,10.0,6.4,25.71428571428571,11.428571428571429,54.285714285714285,8.571428571428571
174,0.616,7,0,27,20,10.0,6.16,7.4074074074074066,7.4074074074074066,77.77777777777779,7.4074074074074066
175,0.776,5,0,31,26,10.0,7.76,9.67741935483871,19.35483870967742,29.03225806451613,41.935483870967744
176,0.68,7,0,24,17,10.0,6.8,8.333333333333332,41.66666666666667,37.5,12.5
177,0.712,8,0,32,24,10.0,7.12,18.75,43.75,28.125,9.375
178,0.734,6,0,31,25,10.0,7.34,9.67741935483871,32.25806451612903,16.129032258064516,41.935483870967744
179,0.695,7,0,28,21,10.0,6.95,7.142857142857142,7.142857142857142,78.57142857142857,7.142857142857142
180,0.716,6,0,28,22,10.0,7.16,14.285714285714285,42.857142857142854,32.142857142857146,10.714285714285714
181,0.798,5,0,27,22,10.0,7.98,11.11111111111111,62.96296296296296,14.814814814814813,11.11111111111111
182,0.82,3,0,19,16,10.0,8.2,5.263157894736842,57.89473684210527,10.526315789473683,26.31578947368421
183,0.797,4,0,28,24,10.0,7.97,39.285714285714285,14.285714285714285,32.142857142857146,14.285714285714285
184,0.664,8,0,30,22,10.0,6.64,23.333333333333332,10.0,16.666666666666664,50.0
185,0.757,7,0,29,22,10.0,7.57,3.4482758620689653,37.93103448275862,17.24137931034483,41.37931034482759
186,0.724,9,0,41,32,10.0,7.24,4.878048780487805,65.85365853658537,7.317073170731707,21.951219512195124
187,0.702,8,0,27,19,10.0,7.02,18.51851851851852,48.148148148148145,29.629629629629626,3.7037037037037033
188,0.657,8,0,32,24,10.0,6.57,18.75,34.375,21.875,25.0
189,0.738,7,0,25,18,10.0,7.38,16.0,76.0,4.0,4.0
190,0.713,6,0,26,20,10.0,7.13,11.538461538461538,65.38461538461539,11.538461538461538,11.538461538461538
191,0.726,6,0,32,26,10.0,7.26,46.875,12.5,34.375,6.25
192,0.6,8,0,26,18,10.0,6.0,15.384615384615385,7.6923076923076925,69.23076923076923,7.6923076923076925
193,0.59,6,0,27,21,10.0,5.9,7.4074074074074066,51.85185185185185,29.629629629629626,11.11111111111111
194,0.808,5,0,36,31,10.0,8.08,13.88888888888889,47.22222222222222,22.22222222222222,16.666666666666664
195,0.619,12,0,33,21,10.0,6.19,9.090909090909092,42.42424242424242,45.45454545454545,3.0303030303030303
196,0.76,4,0,19,15,10.0,7.6,5.263157894736842,47.368421052631575,26.31578947368421,21.052631578947366
197,0.665,6,0,28,22,10.0,6.65,10.714285714285714,21.428571428571427,57.14285714285714,10.714285714285714
198,0.758,5,0,29,24,10.0,7.58,20.689655172413794,6.896551724137931,68.96551724137932,3.4482758620689653
199,0.588,9,0,31,22,10.0,5.88,22.58064516129032,19.35483870967742,54.83870967741935,3.225806451612903
200,0.637,10,0,25,15,10.0,6.37,20.0,28.000000000000004,40.0,12.0
201,0.684,9,0,30,21,10.0,6.84,50.0,6.666666666666667,26.666666666666668,16.666666666666664
202,0.686,9,0,37,28,10.0,6.86,27.027027027027028,21.62162162162162,29.72972972972973,21.62162162162162
203,0.676,7,0,22,15,10.0,6.76,9.090909090909092,9.090909090909092,63.63636363636363,18.181818181818183
204,0.79,4,0,24,20,10.0,7.9,16.666666666666664,20.833333333333336,41.66666666666667,20.833333333333336
205,0.708,8,0,35,27,10.0,7.08,5.714285714285714,65.71428571428571,25.71428571428571,2.857142857142857
206,0.61,11,0,28,17,10.0,6.1,10.714285714285714,57.14285714285714,21.428571428571427,10.714285714285714
207,0.673,8,0,31,23,10.0,6.73,9.67741935483871,25.806451612903224,51.61290322580645,12.903225806451612
208,0.761,5,0,28,23,10.0,7.61,7.142857142857142,25.0,53.57142857142857,14.285714285714285
209,0.636,9,0,32,23,10.0,6.36,6.25,25.0,59.375,9.375
210,0.71,6,0,29,23,10.0,7.1,10.344827586206897,58.620689655172406,24.137931034482758,6.896551724137931
211,0.811,7,0,39,32,10.0,8.11,5.128205128205128,51.28205128205128,33.33333333333333,10.256410256410255
212,0.82,4,0,28,24,10.0,8.2,10.714285714285714,53.57142857142857,14.285714285714285,21.428571428571427
213,0.716,7,0,28,21,10.0,7.16,7.142857142857142,53.57142857142857,32.142857142857146,7.142857142857142
214,0.61,9,0,24,15,10.0,6.1,45.83333333333333,16.666666666666664,20.833333333333336,16.666666666666664
215,0.766,7,0,36,29,10.0,7.66,22.22222222222222,22.22222222222222,11.11111111111111,44.44444444444444
216,0.712,6,0,31,25,10.0,7.12,16.129032258064516,12.903225806451612,48.38709677419355,22.58064516129032
217,0.704,6,0,25,19,10.0,7.04,0.0,24.0,32.0,44.0
218,0.672,7,0,26,19,10.0,6.72,30.76923076923077,50.0,19.230769230769234,0.0
219,0.76,5,0,24,19,10.0,7.6,8.333333333333332,54.166666666666664,12.5,25.0
220,0.752,5,0,28,23,10.0,7.52,10.714285714285714,53.57142857142857,17.857142857142858,17.857142857142858
221,0.692,6,0,25,19,10.0,6.92,12.0,12.0,56.00000000000001,20.0
222,0.782,9,0,36,27,10.0,7.82,5.555555555555555,69.44444444444444,13.88888888888889,11.11111111111111
223,0.8,6,0,34,28,10.0,8.0,11.76470588235294,55.88235294117647,11.76470588235294,20.588235294117645
224,0.735,5,0,28,23,10.0,7.35,7.142857142857142,57.14285714285714,3.571428571428571,32.142857142857146
225,0.66,5,0,24,19,10.0,6.6,0.0,12.5,54.166666666666664,33.33333333333333
226,0.759,8,0,35,27,10.0,7.59,14.285714285714285,45.714285714285715,14.285714285714285,25.71428571428571
227,0.67,5,0,18,13,10.0,6.7,11.11111111111111,61.111111111111114,11.11111111111111,16.666666666666664
228,0.645,7,0,24,17,10.0,6.45,8.333333333333332,29.166666666666668,54.166666666666664,8.333333333333332
229,0.672,7,0,26,19,10.0,6.72,15.384615384615385,7.6923076923076925,53.84615384615385,23.076923076923077
230,0.75,5,0,21,16,10.0,7.5,9.523809523809524,19.047619047619047,28.57142857142857,42.857142857142854
231,0.712,7,0,29,22,10.0,7.12,10.344827586206897,41.37931034482759,27.586206896551722,20.689655172413794
232,0.704,7,0,30,23,10.0,7.04,0.0,46.666666666666664,46.666666666666664,6.666666666666667
233,0.755,5,0,19,14,10.0,7.55,15.789473684210526,63.1578947368421,10.526315789473683,10.526315789473683
234,0.824,5,0,31,26,10.0,8.24,6.451612903225806,58.06451612903226,29.03225806451613,6.451612903225806
235,0.796,4,0,29,25,10.0,7.96,20.689655172413794,68.96551724137932,3.4482758620689653,6.896551724137931
236,0.675,6,0,23,17,10.0,6.75,8.695652173913043,82.6086956521739,4.3478260869565215,4.3478260869565215
237,0.55,5,0,20,15,10.0,5.5,25.0,50.0,10.0,15.0
238,0.664,7,0,26,19,10.0,6.64,26.923076923076923,65.38461538461539,7.6923076923076925,0.0
239,0.8,4,0,30,26,10.0,8.0,6.666666666666667,26.666666666666668,26.666666666666668,40.0
240,0.64,7,0,33,26,10.0,6.4,6.0606060606060606,42.42424242424242,27.27272727272727,24.242424242424242
241,0.584,10,0,30,20,10.0,5.84,3.3333333333333335,13.333333333333334,40.0,43.333333333333336
242,0.655,7,0,21,14,10.0,6.55,14.285714285714285,14.285714285714285,33.33333333333333,38.095238095238095
243,0.772,6,0,27,21,10.0,7.72,11.11111111111111,33.33333333333333,51.85185185185185,3.7037037037037033
244,0.646,10,0,24,14,10.0,6.46,12.5,0.0,75.0,12.5
245,0.725,5,0,20,15,10.0,7.25,5.0,30.0,45.0,20.0
246,0.636,8,0,30,22,10.0,6.36,6.666666666666667,16.666666666666664,70.0,6.666666666666667
247,0.751,8,0,28,20,10.0,7.51,14.285714285714285,14.285714285714285,53.57142857142857,17.857142857142858
248,0.61,8,0,23,15,10.0,6.1,8.695652173913043,56.52173913043478,17.391304347826086,17.391304347826086
249,0.735,7,0,24,17,10.0,7.35,4.166666666666666,20.833333333333336,54.166666666666664,20.833333333333336
250,0.708,12,0,37,25,10.0,7.08,16.216216216216218,56.75675675675676,13.513513513513514,13.513513513513514
251,0.577,11,0,30,19,10.0,5.77,0.0,26.666666666666668,66.66666666666666,6.666666666666667
252,0.696,7,0,27,20,10.0,6.96,33.33333333333333,18.51851851851852,33.33333333333333,14.814814814814813
253,0.602,9,0,27,18,10.0,6.02,3.7037037037037033,3.7037037037037033,29.629629629629626,62.96296296296296
254,0.788,5,0,28,23,10.0,7.88,3.571428571428571,25.0,35.714285714285715,35.714285714285715
255,0.649,9,0,28,19,10.0,6.49,7.142857142857142,14.285714285714285,71.42857142857143,7.142857142857142
256,0.66,6,0,19,13,10.0,6.6,5.263157894736842,10.526315789473683,47.368421052631575,36.84210526315789
257,0.742,6,0,28,22,10.0,7.42,10.714285714285714,25.0,25.0,39.285714285714285
258,0.68,7,0,26,19,10.0,6.8,7.6923076923076925,19.230769230769234,30.76923076923077,42.30769230769231
259,0.8,4,0,27,23,10.0,8.0,11.11111111111111,11.11111111111111,37.03703703703704,40.74074074074074
260,0.7,5,0,18,13,10.0,7.0,22.22222222222222,50.0,22.22222222222222,5.555555555555555
261,0.768,5,0,29,24,10.0,7.68,3.4482758620689653,17.24137931034483,17.24137931034483,62.06896551724138
262,0.76,6,0,26,20,10.0,7.6,15.384615384615385,23.076923076923077,42.30769230769231,19.230769230769234
263,0.7,6,0,23,17,10.0,7.0,0.0,78.26086956521739,0.0,21.73913043478261
264,0.62,8,0,23,15,10.0,6.2,4.3478260869565215,65.21739130434783,0.0,30.434782608695656
265,0.664,7,0,29,22,10.0,6.64,6.896551724137931,51.724137931034484,17.24137931034483,24.137931034482758
266,0.716,7,0,31,24,10.0,7.16,3.225806451612903,74.19354838709677,6.451612903225806,16.129032258064516
267,0.868,4,0,28,24,10.0,8.68,42.857142857142854,28.57142857142857,17.857142857142858,10.714285714285714
268,0.664,8,0,30,22,10.0,6.64,10.0,50.0,30.0,10.0
269,0.827,4,0,25,21,10.0,8.27,4.0,76.0,12.0,8.0
270,0.68,7,0,29,22,10.0,6.8,17.24137931034483,55.172413793103445,6.896551724137931,20.689655172413794
271,0.8,4,0,40,36,10.0,8.0,17.5,7.5,42.5,32.5
272,0.802,5,0,28,23,10.0,8.02,28.57142857142857,3.571428571428571,42.857142857142854,25.0
273,0.735,6,0,26,20,10.0,7.35,11.538461538461538,0.0,46.15384615384615,42.30769230769231
274,0.772,8,0,31,23,10.0,7.72,12.903225806451612,3.225806451612903,38.70967741935484,45.16129032258064
275,0.54,7,0,20,13,10.0,5.4,5.0,50.0,10.0,35.0
276,0.82,3,0,24,21,10.0,8.2,33.33333333333333,45.83333333333333,16.666666666666664,4.166666666666666
277,0.74,5,0,27,22,10.0,7.4,7.4074074074074066,70.37037037037037,11.11111111111111,11.11111111111111
278,0.59,9,0,26,17,10.0,5.9,15.384615384615385,15.384615384615385,69.23076923076923,0.0
279,0.73,6,0,19,13,10.0,7.3,52.63157894736842,21.052631578947366,10.526315789473683,15.789473684210526
280,0.49,9,0,22,13,9.0,4.9,36.36363636363637,9.090909090909092,50.0,4.545454545454546
281,0.717,7,0,33,26,10.0,7.17,39.39393939393939,24.242424242424242,33.33333333333333,3.0303030303030303
282,0.75,5,0,19,14,10.0,7.5,47.368421052631575,5.263157894736842,36.84210526315789,10.526315789473683
283,0.576,9,0,25,16,10.0,5.76,12.0,12.0,52.0,24.0
284,0.724,6,0,30,24,10.0,7.24,33.33333333333333,20.0,26.666666666666668,20.0
285,0.86,4,0,21,17,10.0,8.6,47.61904761904761,19.047619047619047,9.523809523809524,23.809523809523807
286,0.666,9,0,32,23,10.0,6.66,62.5,9.375,21.875,6.25
287,0.598,8,0,27,19,10.0,5.98,51.85185185185185,22.22222222222222,11.11111111111111,14.814814814814813
288,0.825,3,0,21,18,10.0,8.25,19.047619047619047,28.57142857142857,14.285714285714285,38.095238095238095
289,0.675,7,0,28,21,10.0,6.75,25.0,3.571428571428571,46.42857142857143,25.0
290,0.624,8,0,30,22,10.0,6.24,3.3333333333333335,20.0,60.0,16.666666666666664
291,0.704,6,0,27,21,10.0,7.04,14.814814814814813,22.22222222222222,51.85185185185185,11.11111111111111
292,0.649,7,0,30,23,10.0,6.49,6.666666666666667,13.333333333333334,53.333333333333336,26.666666666666668
293,0.655,6,0,23,17,10.0,6.55,4.3478260869565215,30.434782608695656,8.695652173913043,56.52173913043478
294,0.895,3,0,21,18,10.0,8.95,14.285714285714285,9.523809523809524,38.095238095238095,38.095238095238095
295,0.75,4,0,18,14,10.0,7.5,11.11111111111111,5.555555555555555,27.77777777777778,55.55555555555556
296,0.554,8,0,23,15,10.0,5.54,13.043478260869565,4.3478260869565215,56.52173913043478,26.08695652173913
297,0.94,2,0,23,21,10.0,9.4,0.0,21.73913043478261,8.695652173913043,69.56521739130434
298,0.66,7,0,25,18,10.0,6.6,16.0,4.0,56.00000000000001,24.0
299,0.655,6,0,24,18,10.0,6.55,41.66666666666667,0.0,41.66666666666667,16.666666666666664
300,0.65,14,0,39,25,10.0,6.5,20.51282051282051,30.76923076923077,25.64102564102564,23.076923076923077
301,0.76,8,0,32,24,10.0,7.6,3.125,12.5,75.0,9.375
302,0.782,6,0,33,27,10.0,7.82,15.151515151515152,24.242424242424242,48.484848484848484,12.121212121212121
303,0.812,7,0,44,37,10.0,8.12,15.909090909090908,38.63636363636363,20.454545454545457,25.0
304,0.7,8,0,27,19,10.0,7.0,0.0,0.0,11.11111111111111,88.88888888888889
305,0.753,5,0,22,17,10.0,7.53,0.0,4.545454545454546,50.0,45.45454545454545
306,0.732,8,0,23,15,10.0,7.32,8.695652173913043,21.73913043478261,17.391304347826086,52.17391304347826
307,0.658,8,0,29,21,10.0,6.58,0.0,6.896551724137931,86.20689655172413,6.896551724137931
308,0.678,7,0,25,18,10.0,6.78,24.0,32.0,36.0,8.0
309,0.844,4,0,27,23,10.0,8.44,11.11111111111111,66.66666666666666,11.11111111111111,11.11111111111111
310,0.835,4,0,32,28,10.0,8.35,18.75,25.0,6.25,50.0
311,0.735,4,0,19,15,10.0,7.35,0.0,84.21052631578947,15.789473684210526,0.0
312,0.84,3,0,22,19,10.0,8.4,4.545454545454546,59.09090909090909,18.181818181818183,18.181818181818183
313,0.68,7,0,25,18,10.0,6.8,48.0,16.0,24.0,12.0
314,0.78,5,0,22,17,10.0,7.8,9.090909090909092,40.909090909090914,22.727272727272727,27.27272727272727
315,0.683,7,0,27,20,10.0,6.83,7.4074074074074066,3.7037037037037033,81.48148148148148,7.4074074074074066
316,0.646,8,0,26,18,10.0,6.46,7.6923076923076925,23.076923076923077,30.76923076923077,38.46153846153847
317,0.8,3,0,22,19,10.0,8.0,13.636363636363635,45.45454545454545,27.27272727272727,13.636363636363635
318,0.66,5,0,21,16,10.0,6.6,9.523809523809524,4.761904761904762,80.95238095238095,4.761904761904762
319,0.756,5,0,34,29,10.0,7.56,17.647058823529413,5.88235294117647,35.294117647058826,41.17647058823529
320,0.68,9,0,28,19,10.0,6.8,10.714285714285714,3.571428571428571,60.71428571428571,25.0
321,0.72,6,0,35,29,10.0,7.2,14.285714285714285,11.428571428571429,60.0,14.285714285714285
322,0.8,5,0,29,24,10.0,8.0,3.4482758620689653,34.48275862068966,13.793103448275861,48.275862068965516
323,0.63,6,0,28,22,10.0,6.3,7.142857142857142,57.14285714285714,21.428571428571427,14.285714285714285
324,0.785,6,0,34,28,10.0,7.85,17.647058823529413,35.294117647058826,8.823529411764707,38.23529411764706
325,0.654,8,0,25,17,10.0,6.54,16.0,48.0,28.000000000000004,8.0
326,0.8,5,0,23,18,10.0,8.0,17.391304347826086,21.73913043478261,21.73913043478261,39.130434782608695
327,0.76,4,0,22,18,10.0,7.6,9.090909090909092,0.0,81.81818181818183,9.090909090909092
328,0.702,6,0,21,15,10.0,7.02,4.761904761904762,52.38095238095239,9.523809523809524,33.33333333333333
329,0.75,5,0,17,12,10.0,7.5,5.88235294117647,52.94117647058824,23.52941176470588,17.647058823529413
330,0.565,6,0,24,18,10.0,5.65,8.333333333333332,12.5,70.83333333333334,8.333333333333332
331,0.752,6,0,32,26,10.0,7.52,9.375,71.875,6.25,12.5
332,0.79,4,0,18,14,10.0,7.9,5.555555555555555,72.22222222222221,16.666666666666664,5.555555555555555
333,0.88,4,0,23,19,10.0,8.8,8.695652173913043,65.21739130434783,8.695652173913043,17.391304347826086
334,0.71,5,0,29,24,10.0,7.1,10.344827586206897,65.51724137931035,20.689655172413794,3.4482758620689653
335,0.639,10,0,30,20,10.0,6.39,6.666666666666667,70.0,13.333333333333334,10.0
336,0.69,7,0,25,18,10.0,6.9,16.0,8.0,68.0,8.0
337,0.705,6,0,18,12,10.0,7.05,16.666666666666664,50.0,22.22222222222222,11.11111111111111
338,0.712,5,0,28,23,10.0,7.12,0.0,85.71428571428571,3.571428571428571,10.714285714285714
339,0.754,6,0,25,19,10.0,7.54,12.0,40.0,16.0,32.0
340,0.78,4,0,21,17,10.0,7.8,19.047619047619047,38.095238095238095,14.285714285714285,28.57142857142857
341,0.754,9,0,38,29,10.0,7.54,26.31578947368421,7.894736842105263,55.26315789473685,10.526315789473683
342,0.696,10,0,31,21,10.0,6.96,54.83870967741935,6.451612903225806,35.483870967741936,3.225806451612903
343,0.62,7,0,30,23,10.0,6.2,40.0,20.0,36.666666666666664,3.3333333333333335
344,0.792,6,0,31,25,10.0,7.92,3.225806451612903,77.41935483870968,16.129032258064516,3.225806451612903
345,0.7,6,0,25,19,10.0,7.0,0.0,64.0,24.0,12.0
346,0.64,10,0,32,22,10.0,6.4,12.5,50.0,37.5,0.0
347,0.565,6,0,26,20,10.0,5.65,7.6923076923076925,61.53846153846154,15.384615384615385,15.384615384615385
348,0.648,7,0,25,18,10.0,6.48,8.0,60.0,28.000000000000004,4.0
349,0.664,6,0,24,18,10.0,6.64,8.333333333333332,16.666666666666664,16.666666666666664,58.333333333333336
350,0.62,13,0,35,22,10.0,6.2,5.714285714285714,31.428571428571427,45.714285714285715,17.142857142857142
351,0.8,4,0,28,24,10.0,8.0,10.714285714285714,14.285714285714285,17.857142857142858,57.14285714285714
352,0.7,5,0,31,26,10.0,7.0,9.67741935483871,19.35483870967742,64.51612903225806,6.451612903225806
353,0.651,7,0,23,16,10.0,6.51,8.695652173913043,21.73913043478261,43.47826086956522,26.08695652173913
354,0.765,5,0,23,18,10.0,7.65,0.0,34.78260869565217,17.391304347826086,47.82608695652174
355,0.8,4,0,19,15,10.0,8.0,0.0,26.31578947368421,36.84210526315789,36.84210526315789
356,0.748,7,0,26,19,10.0,7.48,3.8461538461538463,26.923076923076923,15.384615384615385,53.84615384615385
357,0.64,7,0,29,22,10.0,6.4,6.896551724137931,0.0,62.06896551724138,31.03448275862069
358,0.82,4,0,19,15,10.0,8.2,10.526315789473683,21.052631578947366,10.526315789473683,57.89473684210527
359,0.66,5,0,17,12,10.0,6.6,5.88235294117647,5.88235294117647,58.82352941176471,29.411764705882355
360,0.82,4,0,19,15,10.0,8.2,10.526315789473683,21.052631578947366,5.263157894736842,63.1578947368421
361,0.692,10,0,37,27,10.0,6.92,10.81081081081081,21.62162162162162,13.513513513513514,54.054054054054056
362,0.595,6,0,24,18,10.0,5.95,4.166666666666666,0.0,62.5,33.33333333333333
363,0.78,4,0,28,24,10.0,7.8,14.285714285714285,39.285714285714285,25.0,21.428571428571427
364,0.756,6,0,28,22,10.0,7.56,10.714285714285714,60.71428571428571,17.857142857142858,10.714285714285714
365,0.688,5,0,29,24,10.0,6.88,0.0,17.24137931034483,17.24137931034483,65.51724137931035
366,0.736,6,0,26,20,10.0,7.36,26.923076923076923,11.538461538461538,46.15384615384615,15.384615384615385
367,0.82,3,0,26,23,10.0,8.2,15.384615384615385,26.923076923076923,15.384615384615385,42.30769230769231
368,0.74,4,0,19,15,10.0,7.4,36.84210526315789,26.31578947368421,26.31578947368421,10.526315789473683
369,0.645,6,0,19,13,10.0,6.45,10.526315789473683,26.31578947368421,31.57894736842105,31.57894736842105
370,0.641,9,0,25,16,10.0,6.41,32.0,8.0,60.0,0.0
371,0.67,7,0,21,14,10.0,6.7,9.523809523809524,52.38095238095239,23.809523809523807,14.285714285714285
372,0.736,8,0,38,30,10.0,7.36,7.894736842105263,71.05263157894737,13.157894736842104,7.894736842105263
373,0.78,5,0,28,23,10.0,7.8,0.0,75.0,3.571428571428571,21.428571428571427
374,0.592,8,0,23,15,9.0,5.92,4.3478260869565215,39.130434782608695,30.434782608695656,26.08695652173913
375,0.65,7,0,31,24,10.0,6.5,9.67741935483871,16.129032258064516,61.29032258064516,12.903225806451612
376,0.725,5,0,26,21,10.0,7.25,0.0,23.076923076923077,61.53846153846154,15.384615384615385
377,0.756,10,0,38,28,10.0,7.56,2.631578947368421,57.89473684210527,10.526315789473683,28.947368421052634
378,0.65,8,0,30,22,10.0,6.5,13.333333333333334,6.666666666666667,66.66666666666666,13.333333333333334
379,0.752,5,0,30,25,10.0,7.52,13.333333333333334,50.0,30.0,6.666666666666667
380,0.72,5,0,20,15,10.0,7.2,0.0,50.0,20.0,30.0
381,0.704,7,0,19,12,10.0,7.04,5.263157894736842,15.789473684210526,47.368421052631575,31.57894736842105
382,0.69,8,0,27,19,10.0,6.9,3.7037037037037033,74.07407407407408,11.11111111111111,11.11111111111111
383,0.84,3,0,22,19,10.0,8.4,0.0,31.818181818181817,4.545454545454546,63.63636363636363
384,0.645,6,0,19,13,9.0,6.45,10.526315789473683,47.368421052631575,21.052631578947366,21.052631578947366
385,0.7,8,0,33,25,10.0,7.0,6.0606060606060606,33.33333333333333,24.242424242424242,36.36363636363637
386,0.765,5,0,25,20,10.0,7.65,4.0,16.0,16.0,64.0
387,0.71,6,0,23,17,10.0,7.1,0.0,30.434782608695656,60.86956521739131,8.695652173913043
388,0.676,8,0,29,21,10.0,6.76,0.0,13.793103448275861,24.137931034482758,62.06896551724138
389,0.62,6,0,32,26,10.0,6.2,0.0,37.5,18.75,43.75
390,0.66,6,0,28,22,10.0,6.6,0.0,7.142857142857142,57.14285714285714,35.714285714285715
391,0.747,7,0,29,22,10.0,7.47,6.896551724137931,17.24137931034483,41.37931034482759,34.48275862068966
392,0.8,4,0,27,23,10.0,8.0,7.4074074074074066,55.55555555555556,0.0,37.03703703703704
393,0.7,5,0,25,20,10.0,7.0,4.0,44.0,16.0,36.0
394,0.742,9,0,32,23,10.0,7.42,3.125,18.75,43.75,34.375
395,0.75,4,0,19,15,10.0,7.5,0.0,57.89473684210527,26.31578947368421,15.789473684210526
396,0.625,6,0,21,15,10.0,6.25,4.761904761904762,4.761904761904762,76.19047619047619,14.285714285714285
397,0.632,10,0,30,20,10.0,6.32,3.3333333333333335,6.666666666666667,86.66666666666667,3.3333333333333335
398,0.66,6,0,18,12,10.0,6.6,11.11111111111111,11.11111111111111,77.77777777777779,0.0
399,0.755,5,0,26,21,10.0,7.55,0.0,7.6923076923076925,42.30769230769231,50.0
400,0.725,4,0,26,22,10.0,7.25,3.8461538461538463,11.538461538461538,19.230769230769234,65.38461538461539
401,0.796,6,0,29,23,10.0,7.96,3.4482758620689653,17.24137931034483,20.689655172413794,58.620689655172406
402,0.665,8,0,29,21,10.0,6.65,3.4482758620689653,6.896551724137931,51.724137931034484,37.93103448275862
403,0.792,4,0,27,23,10.0,7.92,0.0,25.925925925925924,51.85185185185185,22.22222222222222
404,0.656,7,0,25,18,10.0,6.56,4.0,16.0,20.0,60.0
405,0.775,4,0,17,13,10.0,7.75,5.88235294117647,23.52941176470588,23.52941176470588,47.05882352941176
406,0.815,3,0,23,20,10.0,8.15,4.3478260869565215,21.73913043478261,4.3478260869565215,69.56521739130434
407,0.736,8,0,31,23,10.0,7.36,3.225806451612903,32.25806451612903,45.16129032258064,19.35483870967742
408,0.715,6,0,27,21,10.0,7.15,3.7037037037037033,25.925925925925924,44.44444444444444,25.925925925925924
409,0.55,5,0,15,10,10.0,5.5,0.0,40.0,46.666666666666664,13.333333333333334
410,0.62,7,0,28,21,10.0,6.2,0.0,28.57142857142857,28.57142857142857,42.857142857142854
411,0.704,7,0,26,19,10.0,7.04,7.6923076923076925,15.384615384615385,50.0,26.923076923076923
412,0.56,9,0,28,19,10.0,5.6,0.0,10.714285714285714,25.0,64.28571428571429
413,0.619,11,0,30,19,10.0,6.19,3.3333333333333335,13.333333333333334,73.33333333333333,10.0
414,0.797,5,0,22,17,10.0,7.97,0.0,13.636363636363635,40.909090909090914,45.45454545454545
415,0.84,3,0,18,15,10.0,8.4,5.555555555555555,55.55555555555556,16.666666666666664,22.22222222222222
416,0.8,5,0,21,16,10.0,8.0,4.761904761904762,14.285714285714285,28.57142857142857,52.38095238095239
417,0.85,3,0,26,23,10.0,8.5,3.8461538461538463,26.923076923076923,7.6923076923076925,61.53846153846154
418,0.697,8,0,26,18,10.0,6.97,0.0,15.384615384615385,7.6923076923076925,76.92307692307693
419,0.69,5,0,22,17,10.0,6.9,0.0,36.36363636363637,22.727272727272727,40.909090909090914
420,0.688,8,0,30,22,10.0,6.88,3.3333333333333335,40.0,40.0,16.666666666666664
421,0.724,9,0,25,16,10.0,7.24,4.0,4.0,88.0,4.0
422,0.658,8,0,28,20,10.0,6.58,7.142857142857142,50.0,35.714285714285715,7.142857142857142
423,0.812,7,0,32,25,10.0,8.12,6.25,18.75,43.75,31.25
424,0.699,8,0,37,29,10.0,6.99,0.0,72.97297297297297,10.81081081081081,16.216216216216218
425,0.71,9,0,37,28,10.0,7.1,8.108108108108109,18.91891891891892,32.432432432432435,40.54054054054054
426,0.696,7,0,31,24,10.0,6.96,0.0,3.225806451612903,70.96774193548387,25.806451612903224
427,0.782,4,0,28,24,10.0,7.82,3.571428571428571,10.714285714285714,50.0,35.714285714285715
428,0.74,4,0,17,13,10.0,7.4,0.0,47.05882352941176,35.294117647058826,17.647058823529413
429,0.728,7,0,28,21,10.0,7.28,7.142857142857142,67.85714285714286,25.0,0.0
430,0.724,6,0,29,23,10.0,7.24,0.0,6.896551724137931,86.20689655172413,6.896551724137931
431,0.675,4,0,13,9,10.0,6.75,0.0,46.15384615384615,7.6923076923076925,46.15384615384615
432,0.688,6,0,25,19,10.0,6.88,0.0,4.0,60.0,36.0
433,0.7,6,0,27,21,10.0,7.0,3.7037037037037033,62.96296296296296,14.814814814814813,18.51851851851852
434,0.65,8,0,25,17,10.0,6.5,8.0,64.0,20.0,8.0
435,0.56,11,0,28,17,10.0,5.6,50.0,21.428571428571427,25.0,3.571428571428571
436,0.738,7,0,30,23,10.0,7.38,26.666666666666668,13.333333333333334,56.666666666666664,3.3333333333333335
437,0.615,8,0,27,19,10.0,6.15,0.0,33.33333333333333,40.74074074074074,25.925925925925924
438,0.788,4,0,30,26,10.0,7.88,13.333333333333334,16.666666666666664,23.333333333333332,46.666666666666664
439,0.702,7,0,30,23,10.0,7.02,0.0,56.666666666666664,16.666666666666664,26.666666666666668
440,0.74,6,0,38,32,10.0,7.4,0.0,31.57894736842105,42.10526315789473,26.31578947368421
441,0.76,5,0,35,30,10.0,7.6,0.0,40.0,31.428571428571427,28.57142857142857
442,0.66,6,0,28,22,10.0,6.6,60.71428571428571,10.714285714285714,28.57142857142857,0.0
443,0.78,4,0,28,24,10.0,7.8,3.571428571428571,57.14285714285714,21.428571428571427,17.857142857142858
444,0.776,6,0,32,26,10.0,7.76,9.375,6.25,84.375,0.0
445,0.642,11,0,35,24,10.0,6.42,2.857142857142857,37.142857142857146,20.0,40.0
446,0.63,6,0,24,18,10.0,6.3,0.0,25.0,50.0,25.0
447,0.616,8,0,30,22,10.0,6.16,3.3333333333333335,13.333333333333334,76.66666666666667,6.666666666666667
448,0.578,8,0,27,19,10.0,5.78,0.0,7.4074074074074066,92.5925925925926,0.0
449,0.672,7,0,36,29,10.0,6.72,0.0,16.666666666666664,52.77777777777778,30.555555555555557
450,0.718,7,0,24,17,10.0,7.18,4.166666666666666,16.666666666666664,16.666666666666664,62.5
451,0.734,6,0,22,16,10.0,7.34,0.0,40.909090909090914,13.636363636363635,45.45454545454545
452,0.667,8,0,37,29,10.0,6.67,2.7027027027027026,21.62162162162162,10.81081081081081,64.86486486486487
453,0.604,11,0,29,18,10.0,6.04,3.4482758620689653,17.24137931034483,72.41379310344827,6.896551724137931
454,0.733,10,0,32,22,10.0,7.33,3.125,6.25,90.625,0.0
455,0.739,6,0,26,20,10.0,7.39,3.8461538461538463,34.61538461538461,30.76923076923077,30.76923076923077
456,0.724,8,0,35,27,10.0,7.24,11.428571428571429,28.57142857142857,34.285714285714285,25.71428571428571
457,0.7,5,0,20,15,10.0,7.0,0.0,75.0,10.0,15.0
458,0.816,6,0,31,25,10.0,8.16,0.0,35.483870967741936,6.451612903225806,58.06451612903226
459,0.634,9,0,30,21,10.0,6.34,0.0,13.333333333333334,73.33333333333333,13.333333333333334
460,0.808,6,0,31,25,10.0,8.08,3.225806451612903,22.58064516129032,22.58064516129032,51.61290322580645
461,0.752,7,0,31,24,10.0,7.52,3.225806451612903,41.935483870967744,9.67741935483871,45.16129032258064
462,0.712,6,0,28,22,10.0,7.12,7.142857142857142,17.857142857142858,53.57142857142857,21.428571428571427
463,0.72,7,0,26,19,10.0,7.2,3.8461538461538463,19.230769230769234,26.923076923076923,50.0
464,0.686,7,0,29,22,10.0,6.86,3.4482758620689653,27.586206896551722,27.586206896551722,41.37931034482759
465,0.72,4,0,17,13,10.0,7.2,0.0,64.70588235294117,23.52941176470588,11.76470588235294
466,0.714,5,0,22,17,10.0,7.14,40.909090909090914,9.090909090909092,50.0,0.0
467,0.634,10,0,34,24,10.0,6.34,35.294117647058826,5.88235294117647,47.05882352941176,11.76470588235294
468,0.657,6,0,24,18,10.0,6.57,4.166666666666666,58.333333333333336,25.0,12.5
469,0.672,9,0,30,21,10.0,6.72,6.666666666666667,60.0,30.0,3.3333333333333335
470,0.756,6,0,32,26,10.0,7.56,3.125,37.5,18.75,40.625
471,0.63,5,0,24,19,10.0,6.3,8.333333333333332,20.833333333333336,62.5,8.333333333333332
472,0.82,4,0,25,21,10.0,8.2,0.0,60.0,0.0,40.0
473,0.741,5,0,27,22,10.0,7.41,3.7037037037037033,48.148148148148145,44.44444444444444,3.7037037037037033
474,0.72,6,0,29,23,10.0,7.2,3.4482758620689653,44.827586206896555,41.37931034482759,10.344827586206897
475,0.66,7,0,25,18,10.0,6.6,4.0,16.0,80.0,0.0
476,0.692,7,0,30,23,10.0,6.92,3.3333333333333335,90.0,0.0,6.666666666666667
477,0.88,3,0,19,16,10.0,8.8,0.0,68.42105263157895,5.263157894736842,26.31578947368421
478,0.59,9,0,32,23,10.0,5.9,9.375,21.875,59.375,9.375
479,0.707,9,0,42,33,10.0,7.07,9.523809523809524,16.666666666666664,59.523809523809526,14.285714285714285
480,0.688,8,0,28,20,10.0,6.88,3.571428571428571,46.42857142857143,25.0,25.0
481,0.541,12,0,26,14,10.0,5.41,11.538461538461538,23.076923076923077,50.0,15.384615384615385
482,0.732,7,0,28,21,10.0,7.32,0.0,64.28571428571429,28.57142857142857,7.142857142857142
483,0.52,9,0,27,18,10.0,5.2,0.0,40.74074074074074,48.148148148148145,11.11111111111111
484,0.594,10,0,32,22,10.0,5.94,0.0,34.375,53.125,12.5
485,0.768,6,0,28,22,10.0,7.68,0.0,7.142857142857142,71.42857142857143,21.428571428571427
486,0.736,6,0,31,25,10.0,7.36,0.0,25.806451612903224,9.67741935483871,64.51612903225806
487,0.825,3,0,20,17,10.0,8.25,0.0,45.0,20.0,35.0
488,0.708,7,0,32,25,10.0,7.08,3.125,31.25,31.25,34.375
489,0.64,7,0,31,24,10.0,6.4,0.0,38.70967741935484,51.61290322580645,9.67741935483871
490,0.875,2,0,15,13,10.0,8.75,0.0,66.66666666666666,20.0,13.333333333333334
491,0.716,6,0,32,26,10.0,7.16,6.25,25.0,62.5,6.25
492,0.752,9,0,34,25,10.0,7.52,11.76470588235294,52.94117647058824,32.35294117647059,2.941176470588235
493,0.74,8,0,31,23,10.0,7.4,41.935483870967744,19.35483870967742,22.58064516129032,16.129032258064516
494,0.648,7,0,27,20,10.0,6.48,33.33333333333333,14.814814814814813,48.148148148148145,3.7037037037037033
495,0.8,3,0,17,14,9.0,8.0,0.0,17.647058823529413,41.17647058823529,41.17647058823529
496,0.75,3,0,14,11,10.0,7.5,0.0,85.71428571428571,7.142857142857142,7.142857142857142
497,0.612,11,0,33,22,10.0,6.12,3.0303030303030303,69.6969696969697,18.181818181818183,9.090909090909092
498,0.798,5,0,30,25,10.0,7.98,3.3333333333333335,70.0,6.666666666666667,20.0
499,0.661,9,0,25,16,10.0,6.61,0.0,72.0,12.0,16.0
500,0.696,7,0,28,21,10.0,6.96,3.571428571428571,28.57142857142857,57.14285714285714,10.714285714285714
501,0.678,6,0,26,20,10.0,6.78,26.923076923076923,3.8461538461538463,57.692307692307686,11.538461538461538
502,0.774,6,0,30,24,10.0,7.74,3.3333333333333335,16.666666666666664,33.33333333333333,46.666666666666664
503,0.685,7,0,27,20,10.0,6.85,0.0,37.03703703703704,62.96296296296296,0.0
504,0.779,7,0,24,17,10.0,7.79,0.0,8.333333333333332,83.33333333333334,8.333333333333332
505,0.65,5,0,21,16,10.0,6.5,0.0,14.285714285714285,61.904761904761905,23.809523809523807
506,0.597,8,0,26,18,10.0,5.97,3.8461538461538463,19.230769230769234,69.23076923076923,7.6923076923076925
507,0.62,6,0,27,21,10.0,6.2,11.11111111111111,29.629629629629626,51.85185185185185,7.4074074074074066
508,0.76,6,0,28,22,10.0,7.6,42.857142857142854,14.285714285714285,25.0,17.857142857142858
509,0.676,6,0,27,21,10.0,6.76,0.0,14.814814814814813,62.96296296296296,22.22222222222222
510,0.732,6,0,29,23,10.0,7.32,3.4482758620689653,44.827586206896555,41.37931034482759,10.344827586206897
511,0.688,7,0,26,19,10.0,6.88,3.8461538461538463,92.3076923076923,3.8461538461538463,0.0
512,0.885,3,0,20,17,10.0,8.85,0.0,80.0,10.0,10.0
513,0.724,6,0,29,23,10.0,7.24,6.896551724137931,82.75862068965517,6.896551724137931,3.4482758620689653
514,0.81,4,0,24,20,10.0,8.1,0.0,70.83333333333334,20.833333333333336,8.333333333333332
515,0.676,7,0,27,20,10.0,6.76,0.0,11.11111111111111,70.37037037037037,18.51851851851852
516,0.736,6,0,28,22,10.0,7.36,7.142857142857142,17.857142857142858,67.85714285714286,7.142857142857142
517,0.576,10,0,29,19,10.0,5.76,0.0,17.24137931034483,75.86206896551724,6.896551724137931
518,0.675,4,0,21,17,10.0,6.75,0.0,76.19047619047619,19.047619047619047,4.761904761904762
519,0.762,6,0,31,25,10.0,7.62,0.0,70.96774193548387,0.0,29.03225806451613
520,0.678,8,0,33,25,10.0,6.78,0.0,27.27272727272727,33.33333333333333,39.39393939393939
521,0.772,8,0,33,25,10.0,7.72,0.0,75.75757575757575,9.090909090909092,15.151515151515152
522,0.598,10,0,28,18,10.0,5.98,0.0,50.0,42.857142857142854,7.142857142857142
523,0.784,6,0,26,20,10.0,7.84,15.384615384615385,34.61538461538461,42.30769230769231,7.6923076923076925
524,0.68,6,0,27,21,10.0,6.8,51.85185185185185,25.925925925925924,14.814814814814813,7.4074074074074066
525,0.58,8,0,22,14,10.0,5.8,4.545454545454546,50.0,40.909090909090914,4.545454545454546
526,0.82,6,0,31,25,10.0,8.2,0.0,67.74193548387096,25.806451612903224,6.451612903225806
527,0.712,7,0,34,27,10.0,7.12,5.88235294117647,5.88235294117647,70.58823529411765,17.647058823529413
528,0.644,7,0,26,19,10.0,6.44,3.8461538461538463,61.53846153846154,11.538461538461538,23.076923076923077
529,0.752,8,0,31,23,10.0,7.52,3.225806451612903,77.41935483870968,3.225806451612903,16.129032258064516
530,0.79,4,0,21,17,10.0,7.9,14.285714285714285,19.047619047619047,66.66666666666666,0.0
531,0.66,9,0,38,29,10.0,6.6,2.631578947368421,31.57894736842105,60.526315789473685,5.263157894736842
532,0.771,5,0,32,27,10.0,7.71,3.125,43.75,43.75,9.375
533,0.718,6,0,33,27,10.0,7.18,27.27272727272727,21.21212121212121,42.42424242424242,9.090909090909092
534,0.684,8,0,31,23,10.0,6.84,29.03225806451613,41.935483870967744,16.129032258064516,12.903225806451612
535,0.664,7,0,27,20,10.0,6.64,3.7037037037037033,11.11111111111111,81.48148148148148,3.7037037037037033
536,0.664,7,0,25,18,10.0,6.64,0.0,12.0,88.0,0.0
537,0.75,6,0,28,22,10.0,7.5,0.0,67.85714285714286,10.714285714285714,21.428571428571427
538,0.74,6,0,29,23,10.0,7.4,3.4482758620689653,48.275862068965516,24.137931034482758,24.137931034482758
539,0.647,8,0,29,21,10.0,6.47,3.4482758620689653,37.93103448275862,58.620689655172406,0.0
540,0.8,3,0,18,15,10.0,8.0,0.0,33.33333333333333,22.22222222222222,44.44444444444444
541,0.706,7,0,29,22,10.0,7.06,10.344827586206897,10.344827586206897,48.275862068965516,31.03448275862069
542,0.661,8,0,27,19,10.0,6.61,0.0,55.55555555555556,44.44444444444444,0.0
543,0.642,10,0,27,17,10.0,6.42,0.0,51.85185185185185,22.22222222222222,25.925925925925924
544,0.61,6,0,25,19,10.0,6.1,4.0,52.0,40.0,4.0
545,0.748,5,0,34,29,10.0,7.48,0.0,47.05882352941176,2.941176470588235,50.0
546,0.72,7,0,27,20,10.0,7.2,48.148148148148145,14.814814814814813,33.33333333333333,3.7037037037037033
547,0.73,8,0,34,26,10.0,7.3,2.941176470588235,11.76470588235294,58.82352941176471,26.47058823529412
548,0.645,8,0,29,21,10.0,6.45,0.0,6.896551724137931,75.86206896551724,17.24137931034483
549,0.8,4,0,27,23,10.0,8.0,7.4074074074074066,70.37037037037037,7.4074074074074066,14.814814814814813
550,0.726,6,0,25,19,10.0,7.26,0.0,72.0,8.0,20.0
551,0.776,6,0,33,27,10.0,7.76,9.090909090909092,51.515151515151516,18.181818181818183,21.21212121212121
552,0.646,7,0,25,18,10.0,6.46,0.0,8.0,92.0,0.0
553,0.7,5,0,28,23,10.0,7.0,3.571428571428571,32.142857142857146,7.142857142857142,57.14285714285714
554,0.82,6,0,31,25,10.0,8.2,0.0,32.25806451612903,32.25806451612903,35.483870967741936
555,0.75,3,0,18,15,10.0,7.5,5.555555555555555,50.0,38.88888888888889,5.555555555555555
556,0.762,6,0,33,27,10.0,7.62,6.0606060606060606,54.54545454545454,9.090909090909092,30.303030303030305
557,0.675,5,0,16,11,10.0,6.75,6.25,43.75,43.75,6.25
558,0.708,8,0,28,20,10.0,7.08,0.0,50.0,10.714285714285714,39.285714285714285
559,0.628,9,0,27,18,10.0,6.28,37.03703703703704,48.148148148148145,3.7037037037037033,11.11111111111111
560,0.752,8,0,34,26,10.0,7.52,2.941176470588235,8.823529411764707,76.47058823529412,11.76470588235294
561,0.708,6,0,29,23,10.0,7.08,3.4482758620689653,10.344827586206897,72.41379310344827,13.793103448275861
562,0.712,7,0,32,25,10.0,7.12,0.0,50.0,21.875,28.125
563,0.68,9,0,30,21,10.0,6.8,26.666666666666668,40.0,26.666666666666668,6.666666666666667
564,0.572,12,0,29,17,10.0,5.72,3.4482758620689653,10.344827586206897,75.86206896551724,10.344827586206897
565,0.67,5,0,19,14,10.0,6.7,0.0,5.263157894736842,73.68421052631578,21.052631578947366
566,0.68,7,0,28,21,10.0,6.8,0.0,17.857142857142858,71.42857142857143,10.714285714285714
567,0.738,6,0,32,26,10.0,7.38,6.25,28.125,50.0,15.625
568,0.588,8,0,23,15,10.0,5.88,4.3478260869565215,4.3478260869565215,65.21739130434783,26.08695652173913
569,0.72,4,0,26,22,10.0,7.2,3.8461538461538463,38.46153846153847,53.84615384615385,3.8461538461538463
570,0.65,8,0,26,18,10.0,6.5,3.8461538461538463,19.230769230769234,57.692307692307686,19.230769230769234
571,0.625,5,0,20,15,10.0,6.25,0.0,65.0,35.0,0.0
572,0.8,3,0,14,11,10.0,8.0,7.142857142857142,21.428571428571427,28.57142857142857,42.857142857142854
573,0.748,6,0,29,23,10.0,7.48,34.48275862068966,31.03448275862069,34.48275862068966,0.0
574,0.719,6,0,28,22,10.0,7.19,0.0,42.857142857142854,3.571428571428571,53.57142857142857
575,0.62,8,0,29,21,10.0,6.2,0.0,6.896551724137931,72.41379310344827,20.689655172413794
576,0.792,8,0,27,19,10.0,7.92,3.7037037037037033,7.4074074074074066,59.25925925925925,29.629629629629626
577,0.888,3,0,26,23,10.0,8.88,3.8461538461538463,15.384615384615385,38.46153846153847,42.30769230769231
578,0.675,5,0,22,17,10.0,6.75,22.727272727272727,4.545454545454546,72.72727272727273,0.0
579,0.662,13,0,38,25,10.0,6.62,0.0,15.789473684210526,68.42105263157895,15.789473684210526
580,0.776,6,0,27,21,10.0,7.76,0.0,85.18518518518519,3.7037037037037033,11.11111111111111
581,0.61,7,0,20,13,10.0,6.1,30.0,10.0,55.00000000000001,5.0
582,0.712,6,0,25,19,10.0,7.12,0.0,60.0,32.0,8.0
583,0.736,5,0,30,25,10.0,7.36,6.666666666666667,46.666666666666664,26.666666666666668,20.0
584,0.744,7,0,31,24,10.0,7.44,0.0,9.67741935483871,61.29032258064516,29.03225806451613
585,0.694,6,0,27,21,10.0,6.94,0.0,3.7037037037037033,92.5925925925926,3.7037037037037033
586,0.555,6,0,25,19,10.0,5.55,4.0,4.0,76.0,16.0
587,0.727,6,0,37,31,10.0,7.27,0.0,8.108108108108109,81.08108108108108,10.81081081081081
588,0.758,8,0,31,23,10.0,7.58,29.03225806451613,3.225806451612903,61.29032258064516,6.451612903225806
589,0.744,5,0,26,21,10.0,7.44,0.0,3.8461538461538463,65.38461538461539,30.76923076923077
590,0.736,9,0,32,23,10.0,7.36,37.5,12.5,34.375,15.625
591,0.632,7,0,29,22,10.0,6.32,0.0,72.41379310344827,13.793103448275861,13.793103448275861
592,0.655,8,0,26,18,10.0,6.55,15.384615384615385,26.923076923076923,57.692307692307686,0.0
593,0.68,9,0,34,25,10.0,6.8,2.941176470588235,47.05882352941176,26.47058823529412,23.52941176470588
594,0.662,7,0,33,26,10.0,6.62,0.0,9.090909090909092,75.75757575757575,15.151515151515152
595,0.807,7,0,29,22,10.0,8.07,0.0,68.96551724137932,20.689655172413794,10.344827586206897
596,0.65,7,0,28,21,10.0,6.5,0.0,67.85714285714286,32.142857142857146,0.0
597,0.728,9,0,35,26,10.0,7.28,0.0,5.714285714285714,34.285714285714285,60.0
598,0.677,6,0,25,19,10.0,6.77,0.0,28.000000000000004,32.0,40.0
599,0.727,7,0,27,20,10.0,7.27,37.03703703703704,37.03703703703704,22.22222222222222,3.7037037037037033
600,0.732,6,0,25,19,10.0,7.32,4.0,12.0,52.0,32.0
601,0.775,3,0,17,14,10.0,7.75,5.88235294117647,70.58823529411765,11.76470588235294,11.76470588235294
602,0.708,7,0,25,18,10.0,7.08,0.0,64.0,16.0,20.0
603,0.643,6,0,23,17,10.0,6.43,0.0,4.3478260869565215,91.30434782608695,4.3478260869565215
604,0.607,9,0,27,18,10.0,6.07,0.0,66.66666666666666,25.925925925925924,7.4074074074074066
605,0.691,7,0,28,21,10.0,6.91,0.0,14.285714285714285,71.42857142857143,14.285714285714285
606,0.734,9,0,34,25,10.0,7.34,5.88235294117647,5.88235294117647,88.23529411764706,0.0
607,0.64,7,0,28,21,10.0,6.4,0.0,3.571428571428571,92.85714285714286,3.571428571428571
608,0.772,6,0,29,23,10.0,7.72,3.4482758620689653,34.48275862068966,34.48275862068966,27.586206896551722
609,0.675,4,0,30,26,10.0,6.75,16.666666666666664,3.3333333333333335,76.66666666666667,3.3333333333333335
610,0.625,7,0,20,13,10.0,6.25,0.0,25.0,65.0,10.0
611,0.632,8,0,26,18,10.0,6.32,7.6923076923076925,0.0,84.61538461538461,7.6923076923076925
612,0.588,7,0,25,18,10.0,5.88,0.0,4.0,92.0,4.0
613,0.79,4,0,17,13,10.0,7.9,0.0,35.294117647058826,23.52941176470588,41.17647058823529
614,0.688,8,0,38,30,10.0,6.88,0.0,2.631578947368421,81.57894736842105,15.789473684210526
615,0.589,9,0,28,19,10.0,5.89,0.0,3.571428571428571,85.71428571428571,10.714285714285714
616,0.865,3,0,21,18,10.0,8.65,23.809523809523807,28.57142857142857,28.57142857142857,19.047619047619047
617,0.618,9,0,29,20,10.0,6.18,3.4482758620689653,6.896551724137931,86.20689655172413,3.4482758620689653
618,0.708,7,0,26,19,10.0,7.08,0.0,3.8461538461538463,92.3076923076923,3.8461538461538463
619,0.6,7,0,33,26,10.0,6.0,9.090909090909092,0.0,90.9090909090909,0.0
620,0.61,9,0,28,19,10.0,6.1,0.0,28.57142857142857,53.57142857142857,17.857142857142858
621,0.829,6,0,23,17,10.0,8.29,0.0,8.695652173913043,34.78260869565217,56.52173913043478
622,0.704,6,0,26,20,10.0,7.04,3.8461538461538463,7.6923076923076925,76.92307692307693,11.538461538461538
623,0.72,5,0,21,16,10.0,7.2,0.0,57.14285714285714,19.047619047619047,23.809523809523807
624,0.675,6,0,24,18,10.0,6.75,0.0,4.166666666666666,91.66666666666666,4.166666666666666
625,0.776,5,0,26,21,10.0,7.76,0.0,0.0,65.38461538461539,34.61538461538461
626,0.784,5,0,29,24,10.0,7.84,17.24137931034483,34.48275862068966,31.03448275862069,17.24137931034483
627,0.75,5,0,19,14,10.0,7.5,0.0,0.0,63.1578947368421,36.84210526315789
628,0.72,5,0,25,20,10.0,7.2,4.0,0.0,96.0,0.0
629,0.675,4,0,20,16,10.0,6.75,5.0,0.0,95.0,0.0
630,0.703,7,0,28,21,10.0,7.03,0.0,0.0,89.28571428571429,10.714285714285714
631,0.758,7,0,31,24,10.0,7.58,0.0,61.29032258064516,25.806451612903224,12.903225806451612
632,0.744,6,0,32,26,10.0,7.44,3.125,0.0,84.375,12.5
633,0.728,7,0,25,18,10.0,7.28,0.0,20.0,44.0,36.0
634,0.764,6,0,32,26,10.0,7.64,0.0,0.0,59.375,40.625
635,0.89,3,0,21,18,10.0,8.9,0.0,4.761904761904762,52.38095238095239,42.857142857142854
636,0.744,7,0,32,25,10.0,7.44,0.0,56.25,40.625,3.125
637,0.82,7,0,31,24,10.0,8.2,0.0,0.0,64.51612903225806,35.483870967741936
638,0.71,5,0,18,13,10.0,7.1,5.555555555555555,55.55555555555556,22.22222222222222,16.666666666666664
639,0.806,6,0,30,24,10.0,8.06,0.0,30.0,43.333333333333336,26.666666666666668
640,0.728,6,0,32,26,10.0,7.28,0.0,31.25,46.875,21.875
641,0.67,5,0,26,21,10.0,6.7,0.0,0.0,69.23076923076923,30.76923076923077
642,0.69,8,0,28,20,10.0,6.9,39.285714285714285,0.0,53.57142857142857,7.142857142857142
643,0.65,5,0,17,12,10.0,6.5,11.76470588235294,5.88235294117647,76.47058823529412,5.88235294117647
644,0.632,7,0,28,21,10.0,6.32,0.0,0.0,100.0,0.0
645,0.737,7,0,33,26,10.0,7.37,6.0606060606060606,18.181818181818183,60.60606060606061,15.151515151515152
646,0.724,6,0,31,25,10.0,7.24,0.0,54.83870967741935,32.25806451612903,12.903225806451612
647,0.7,7,0,28,21,10.0,7.0,0.0,3.571428571428571,57.14285714285714,39.285714285714285
648,0.621,8,0,21,13,9.0,6.21,4.761904761904762,33.33333333333333,33.33333333333333,28.57142857142857
649,0.72,5,0,26,21,10.0,7.2,0.0,7.6923076923076925,76.92307692307693,15.384615384615385
650,0.724,8,0,31,23,10.0,7.24,3.225806451612903,54.83870967741935,35.483870967741936,6.451612903225806
651,0.804,4,0,29,25,10.0,8.04,3.4482758620689653,3.4482758620689653,62.06896551724138,31.03448275862069
652,0.752,6,0,29,23,10.0,7.52,0.0,0.0,93.10344827586206,6.896551724137931
653,0.527,11,0,27,16,10.0,5.27,3.7037037037037033,7.4074074074074066,88.88888888888889,0.0
654,0.744,6,0,29,23,10.0,7.44,34.48275862068966,20.689655172413794,34.48275862068966,10.344827586206897
655,0.742,7,0,33,26,10.0,7.42,9.090909090909092,6.0606060606060606,84.84848484848484,0.0
656,0.68,7,0,30,23,10.0,6.8,0.0,26.666666666666668,46.666666666666664,26.666666666666668
657,0.778,9,0,29,20,10.0,7.78,6.896551724137931,27.586206896551722,24.137931034482758,41.37931034482759
658,0.732,8,0,28,20,10.0,7.32,0.0,14.285714285714285,46.42857142857143,39.285714285714285
659,0.694,9,0,30,21,10.0,6.94,3.3333333333333335,0.0,53.333333333333336,43.333333333333336
660,0.652,10,0,35,25,10.0,6.52,0.0,2.857142857142857,88.57142857142857,8.571428571428571
661,0.674,6,0,35,29,10.0,6.74,0.0,14.285714285714285,77.14285714285715,8.571428571428571
662,0.771,6,0,25,19,10.0,7.71,24.0,0.0,72.0,4.0
663,0.625,5,0,16,11,10.0,6.25,0.0,0.0,81.25,18.75
664,0.72,10,0,36,26,10.0,7.2,2.7777777777777777,13.88888888888889,36.11111111111111,47.22222222222222
665,0.63,9,0,25,16,10.0,6.3,0.0,8.0,84.0,8.0
666,0.74,5,0,21,16,10.0,7.4,0.0,52.38095238095239,33.33333333333333,14.285714285714285
667,0.772,6,0,30,24,10.0,7.72,0.0,26.666666666666668,70.0,3.3333333333333335
668,0.728,6,0,29,23,10.0,7.28,3.4482758620689653,0.0,89.65517241379311,6.896551724137931
669,0.9,2,0,17,15,10.0,9.0,5.88235294117647,17.647058823529413,35.294117647058826,41.17647058823529
670,0.644,9,0,28,19,10.0,6.44,0.0,7.142857142857142,89.28571428571429,3.571428571428571
671,0.71,8,0,39,31,10.0,7.1,0.0,0.0,76.92307692307693,23.076923076923077
672,0.7,6,0,25,19,10.0,7.0,0.0,4.0,64.0,32.0
673,0.78,4,0,22,18,10.0,7.8,0.0,4.545454545454546,72.72727272727273,22.727272727272727
674,0.7,7,0,20,13,10.0,7.0,5.0,0.0,95.0,0.0
675,0.8,3,0,19,16,10.0,8.0,0.0,15.789473684210526,52.63157894736842,31.57894736842105
676,0.702,9,0,41,32,10.0,7.02,0.0,24.390243902439025,68.29268292682927,7.317073170731707
677,0.76,6,0,35,29,10.0,7.6,2.857142857142857,20.0,57.14285714285714,20.0
678,0.756,5,0,26,21,10.0,7.56,11.538461538461538,19.230769230769234,50.0,19.230769230769234
679,0.76,5,0,25,20,10.0,7.6,0.0,0.0,76.0,24.0
680,0.756,7,0,26,19,10.0,7.56,3.8461538461538463,15.384615384615385,61.53846153846154,19.230769230769234
681,0.8,3,0,15,12,10.0,8.0,40.0,6.666666666666667,46.666666666666664,6.666666666666667
682,0.576,8,0,26,18,10.0,5.76,11.538461538461538,0.0,80.76923076923077,7.6923076923076925
683,0.625,5,0,14,9,10.0,6.25,0.0,42.857142857142854,50.0,7.142857142857142
684,0.75,8,0,39,31,10.0,7.5,5.128205128205128,0.0,89.74358974358975,5.128205128205128
685,0.688,6,0,26,20,10.0,6.88,11.538461538461538,30.76923076923077,53.84615384615385,3.8461538461538463
686,0.83,4,0,20,16,10.0,8.3,5.0,10.0,55.00000000000001,30.0
687,0.675,4,0,20,16,10.0,6.75,5.0,50.0,45.0,0.0
688,0.628,9,0,27,18,10.0,6.28,0.0,40.74074074074074,59.25925925925925,0.0
689,0.573,10,0,28,18,10.0,5.73,0.0,7.142857142857142,92.85714285714286,0.0
690,0.736,6,0,26,20,10.0,7.36,3.8461538461538463,15.384615384615385,73.07692307692307,7.6923076923076925
691,0.582,10,0,31,21,10.0,5.82,0.0,0.0,96.7741935483871,3.225806451612903
692,0.8,5,0,26,21,10.0,8.0,11.538461538461538,0.0,84.61538461538461,3.8461538461538463
693,0.655,5,0,22,17,10.0,6.55,0.0,0.0,90.9090909090909,9.090909090909092
694,0.85,4,0,19,15,10.0,8.5,0.0,15.789473684210526,47.368421052631575,36.84210526315789
695,0.696,6,0,28,22,10.0,6.96,7.142857142857142,0.0,75.0,17.857142857142858
696,0.651,8,0,30,22,10.0,6.51,3.3333333333333335,3.3333333333333335,60.0,33.33333333333333
697,0.664,9,0,30,21,10.0,6.64,0.0,10.0,86.66666666666667,3.3333333333333335
698,0.726,6,0,23,17,10.0,7.26,8.695652173913043,17.391304347826086,34.78260869565217,39.130434782608695
699,0.625,5,0,22,17,10.0,6.25,0.0,0.0,100.0,0.0
700,0.815,6,0,28,22,10.0,8.15,0.0,21.428571428571427,42.857142857142854,35.714285714285715
701,0.795,6,0,27,21,10.0,7.95,3.7037037037037033,0.0,62.96296296296296,33.33333333333333
702,0.684,7,0,31,24,10.0,6.84,3.225806451612903,0.0,74.19354838709677,22.58064516129032
703,0.775,3,0,17,14,10.0,7.75,0.0,0.0,88.23529411764706,11.76470588235294
704,0.656,7,0,30,23,10.0,6.56,6.666666666666667,33.33333333333333,60.0,0.0
705,0.79,5,0,31,26,10.0,7.9,6.451612903225806,32.25806451612903,58.06451612903226,3.225806451612903
706,0.8,3,0,24,21,10.0,8.0,0.0,0.0,58.333333333333336,41.66666666666667
707,0.709,8,0,28,20,10.0,7.09,35.714285714285715,21.428571428571427,35.714285714285715,7.142857142857142
708,0.645,8,0,29,21,10.0,6.45,0.0,0.0,82.75862068965517,17.24137931034483
709,0.768,6,0,28,22,10.0,7.68,3.571428571428571,39.285714285714285,53.57142857142857,3.571428571428571
710,0.74,5,0,17,12,10.0,7.4,0.0,41.17647058823529,58.82352941176471,0.0
711,0.696,7,0,27,20,10.0,6.96,0.0,0.0,85.18518518518519,14.814814814814813
712,0.675,5,0,26,21,10.0,6.75,3.8461538461538463,53.84615384615385,30.76923076923077,11.538461538461538
713,0.736,4,0,27,23,10.0,7.36,0.0,44.44444444444444,22.22222222222222,33.33333333333333
714,0.76,5,0,32,27,10.0,7.6,3.125,50.0,40.625,6.25
715,0.752,8,0,36,28,10.0,7.52,33.33333333333333,2.7777777777777777,63.888888888888886,0.0
716,0.664,7,0,32,25,10.0,6.64,0.0,28.125,65.625,6.25
717,0.642,9,0,28,19,10.0,6.42,25.0,0.0,75.0,0.0
718,0.812,5,0,26,21,10.0,8.12,0.0,0.0,100.0,0.0
719,0.692,6,0,27,21,10.0,6.92,3.7037037037037033,33.33333333333333,62.96296296296296,0.0
720,0.614,8,0,26,18,10.0,6.14,0.0,11.538461538461538,88.46153846153845,0.0
721,0.643,9,0,30,21,10.0,6.43,0.0,0.0,100.0,0.0
722,0.559,11,0,28,17,10.0,5.59,0.0,42.857142857142854,57.14285714285714,0.0
723,0.74,7,0,30,23,10.0,7.4,3.3333333333333335,0.0,63.33333333333333,33.33333333333333
724,0.536,11,0,29,18,9.0,5.36,0.0,0.0,89.65517241379311,10.344827586206897
725,0.72,5,0,20,15,10.0,7.2,0.0,20.0,60.0,20.0
726,0.637,8,0,26,18,10.0,6.37,3.8461538461538463,0.0,69.23076923076923,26.923076923076923
727,0.62,8,0,29,21,10.0,6.2,0.0,0.0,96.55172413793103,3.4482758620689653
728,0.696,7,0,33,26,10.0,6.96,3.0303030303030303,3.0303030303030303,72.72727272727273,21.21212121212121
729,0.776,4,0,22,18,10.0,7.76,0.0,36.36363636363637,40.909090909090914,22.727272727272727
730,0.6,6,0,31,25,10.0,6.0,0.0,0.0,96.7741935483871,3.225806451612903
731,0.86,3,0,36,33,10.0,8.6,5.555555555555555,0.0,69.44444444444444,25.0
732,0.68,6,0,18,12,10.0,6.8,5.555555555555555,27.77777777777778,66.66666666666666,0.0
733,0.786,5,0,27,22,10.0,7.86,48.148148148148145,3.7037037037037033,48.148148148148145,0.0
734,0.765,5,0,29,24,10.0,7.65,10.344827586206897,24.137931034482758,51.724137931034484,13.793103448275861
735,0.74,4,0,31,27,10.0,7.4,3.225806451612903,32.25806451612903,45.16129032258064,19.35483870967742
736,0.71,5,0,28,23,10.0,7.1,3.571428571428571,0.0,85.71428571428571,10.714285714285714
737,0.65,4,0,15,11,10.0,6.5,33.33333333333333,0.0,66.66666666666666,0.0
738,0.642,9,0,28,19,10.0,6.42,10.714285714285714,0.0,89.28571428571429,0.0
739,0.696,6,0,28,22,10.0,6.96,7.142857142857142,0.0,89.28571428571429,3.571428571428571
740,0.65,4,0,19,15,10.0,6.5,0.0,31.57894736842105,57.89473684210527,10.526315789473683
741,0.719,6,0,29,23,10.0,7.19,27.586206896551722,0.0,65.51724137931035,6.896551724137931
742,0.71,5,0,24,19,10.0,7.1,0.0,66.66666666666666,25.0,8.333333333333332
743,0.74,7,0,27,20,10.0,7.4,0.0,0.0,81.48148148148148,18.51851851851852
744,0.724,7,0,29,22,10.0,7.24,6.896551724137931,3.4482758620689653,72.41379310344827,17.24137931034483
745,0.676,6,0,20,14,10.0,6.76,10.0,30.0,60.0,0.0
746,0.664,7,0,29,22,10.0,6.64,0.0,13.793103448275861,86.20689655172413,0.0
747,0.8,5,0,37,32,10.0,8.0,18.91891891891892,16.216216216216218,45.94594594594595,18.91891891891892
748,0.726,8,0,35,27,10.0,7.26,0.0,0.0,88.57142857142857,11.428571428571429
749,0.76,4,0,22,18,10.0,7.6,22.727272727272727,31.818181818181817,40.909090909090914,4.545454545454546
750,0.775,5,0,19,14,10.0,7.75,31.57894736842105,15.789473684210526,52.63157894736842,0.0
751,0.568,7,0,28,21,10.0,5.68,3.571428571428571,0.0,96.42857142857143,0.0
752,0.815,4,0,17,13,10.0,8.15,35.294117647058826,23.52941176470588,35.294117647058826,5.88235294117647
753,0.668,7,0,35,28,10.0,6.68,0.0,54.285714285714285,42.857142857142854,2.857142857142857
754,0.69,6,0,33,27,10.0,6.9,0.0,66.66666666666666,27.27272727272727,6.0606060606060606
755,0.74,6,0,29,23,10.0,7.4,0.0,10.344827586206897,86.20689655172413,3.4482758620689653
756,0.66,6,0,23,17,10.0,6.6,0.0,21.73913043478261,78.26086956521739,0.0
757,0.7,7,0,32,25,10.0,7.0,0.0,50.0,40.625,9.375
758,0.627,11,0,36,25,10.0,6.27,0.0,2.7777777777777777,97.22222222222221,0.0
759,0.68,5,0,29,24,10.0,6.8,0.0,0.0,93.10344827586206,6.896551724137931
760,0.832,4,0,24,20,10.0,8.32,8.333333333333332,4.166666666666666,75.0,12.5
761,0.705,8,0,26,18,10.0,7.05,11.538461538461538,42.30769230769231,42.30769230769231,3.8461538461538463
762,0.7,7,0,28,21,10.0,7.0,0.0,39.285714285714285,32.142857142857146,28.57142857142857
763,0.764,8,0,36,28,10.0,7.64,0.0,0.0,86.11111111111111,13.88888888888889
764,0.632,7,0,27,20,10.0,6.32,0.0,0.0,85.18518518518519,14.814814814814813
765,0.7,5,0,20,15,10.0,7.0,60.0,0.0,35.0,5.0
766,0.657,7,0,27,20,10.0,6.57,0.0,3.7037037037037033,85.18518518518519,11.11111111111111
767,0.716,6,0,23,17,10.0,7.16,0.0,8.695652173913043,69.56521739130434,21.73913043478261
768,0.584,7,0,34,27,10.0,5.84,0.0,23.52941176470588,70.58823529411765,5.88235294117647
769,0.805,5,0,25,20,10.0,8.05,0.0,0.0,80.0,20.0
770,0.795,4,0,20,16,10.0,7.95,20.0,35.0,40.0,5.0
771,0.664,9,0,32,23,10.0,6.64,0.0,12.5,84.375,3.125
772,0.688,8,0,35,27,10.0,6.88,0.0,0.0,94.28571428571428,5.714285714285714
773,0.72,4,0,24,20,10.0,7.2,16.666666666666664,0.0,83.33333333333334,0.0
774,0.66,6,0,27,21,10.0,6.6,0.0,0.0,100.0,0.0
775,0.626,7,0,26,19,10.0,6.26,0.0,0.0,96.15384615384616,3.8461538461538463
776,0.792,5,0,30,25,10.0,7.92,16.666666666666664,23.333333333333332,46.666666666666664,13.333333333333334
777,0.733,6,0,31,25,10.0,7.33,0.0,3.225806451612903,83.87096774193549,12.903225806451612
778,0.765,4,0,17,13,10.0,7.65,17.647058823529413,5.88235294117647,52.94117647058824,23.52941176470588
779,0.832,4,0,28,24,10.0,8.32,0.0,0.0,50.0,50.0
780,0.711,8,0,37,29,10.0,7.11,0.0,51.35135135135135,45.94594594594595,2.7027027027027026
781,0.703,8,0,34,26,10.0,7.03,14.705882352941178,0.0,85.29411764705883,0.0
782,0.808,6,0,32,26,10.0,8.08,37.5,0.0,59.375,3.125
783,0.68,7,0,29,22,10.0,6.8,0.0,27.586206896551722,72.41379310344827,0.0
784,0.768,8,0,37,29,10.0,7.68,18.91891891891892,27.027027027027028,54.054054054054056,0.0
785,0.9,4,0,30,26,10.0,9.0,0.0,20.0,36.666666666666664,43.333333333333336
786,0.72,6,0,20,14,10.0,7.2,5.0,55.00000000000001,35.0,5.0
787,0.825,5,0,21,16,10.0,8.25,61.904761904761905,4.761904761904762,33.33333333333333,0.0
788,0.661,8,0,27,19,10.0,6.61,0.0,0.0,100.0,0.0
789,0.575,6,0,17,11,10.0,5.75,41.17647058823529,0.0,58.82352941176471,0.0
790,0.556,10,0,32,22,10.0,5.56,0.0,0.0,100.0,0.0
791,0.646,8,0,27,19,10.0,6.46,0.0,0.0,92.5925925925926,7.4074074074074066
792,0.623,10,0,33,23,10.0,6.23,0.0,0.0,100.0,0.0
793,0.668,7,0,25,18,10.0,6.68,0.0,0.0,80.0,20.0
794,0.78,4,0,20,16,10.0,7.8,10.0,0.0,70.0,20.0
795,0.75,7,0,28,21,10.0,7.5,21.428571428571427,10.714285714285714,64.28571428571429,3.571428571428571
796,0.856,6,0,22,16,10.0,8.56,0.0,22.727272727272727,18.181818181818183,59.09090909090909
797,0.68,7,0,35,28,10.0,6.8,2.857142857142857,8.571428571428571,71.42857142857143,17.142857142857142
798,0.748,8,0,38,30,10.0,7.48,7.894736842105263,23.684210526315788,55.26315789473685,13.157894736842104
799,0.72,5,0,22,17,10.0,7.2,0.0,0.0,81.81818181818183,18.181818181818183
800,0.774,5,0,28,23,10.0,7.74,0.0,0.0,89.28571428571429,10.714285714285714
801,0.744,6,0,29,23,10.0,7.44,17.24137931034483,0.0,75.86206896551724,6.896551724137931
802,0.575,6,0,17,11,10.0,5.75,0.0,17.647058823529413,70.58823529411765,11.76470588235294
803,0.644,7,0,24,17,10.0,6.44,0.0,0.0,100.0,0.0
804,0.773,7,0,33,26,10.0,7.73,0.0,63.63636363636363,30.303030303030305,6.0606060606060606
805,0.7,6,0,28,22,10.0,7.0,0.0,0.0,96.42857142857143,3.571428571428571
806,0.78,6,0,22,16,10.0,7.8,27.27272727272727,36.36363636363637,31.818181818181817,4.545454545454546
807,0.84,5,0,31,26,10.0,8.4,0.0,0.0,74.19354838709677,25.806451612903224
808,0.778,9,0,40,31,10.0,7.78,0.0,0.0,97.5,2.5
809,0.712,10,0,31,21,10.0,7.12,0.0,32.25806451612903,67.74193548387096,0.0
810,0.576,8,0,29,21,10.0,5.76,6.896551724137931,0.0,89.65517241379311,3.4482758620689653
811,0.784,6,0,23,17,10.0,7.84,4.3478260869565215,17.391304347826086,39.130434782608695,39.130434782608695
812,0.776,5,0,28,23,10.0,7.76,0.0,50.0,32.142857142857146,17.857142857142858
813,0.64,5,0,17,12,10.0,6.4,0.0,0.0,94.11764705882352,5.88235294117647
814,0.84,4,0,22,18,10.0,8.4,0.0,54.54545454545454,36.36363636363637,9.090909090909092
815,0.658,9,0,28,19,10.0,6.58,3.571428571428571,0.0,92.85714285714286,3.571428571428571
816,0.68,7,0,27,20,10.0,6.8,0.0,3.7037037037037033,96.29629629629629,0.0
817,0.666,9,0,28,19,10.0,6.66,0.0,0.0,100.0,0.0
818,0.756,7,0,31,24,10.0,7.56,0.0,6.451612903225806,74.19354838709677,19.35483870967742
819,0.77,5,0,16,11,10.0,7.7,43.75,12.5,31.25,12.5
820,0.706,8,0,36,28,10.0,7.06,0.0,13.88888888888889,83.33333333333334,2.7777777777777777
821,0.724,7,0,29,22,10.0,7.24,3.4482758620689653,0.0,89.65517241379311,6.896551724137931
822,0.684,8,0,29,21,10.0,6.84,0.0,0.0,93.10344827586206,6.896551724137931
823,0.772,5,0,29,24,10.0,7.72,10.344827586206897,17.24137931034483,37.93103448275862,34.48275862068966
824,0.785,4,0,23,19,10.0,7.85,21.73913043478261,21.73913043478261,52.17391304347826,4.3478260869565215
825,0.652,6,0,27,21,10.0,6.52,0.0,0.0,85.18518518518519,14.814814814814813
826,0.588,9,0,29,20,10.0,5.88,0.0,3.4482758620689653,79.3103448275862,17.24137931034483
827,0.556,8,0,25,17,10.0,5.56,0.0,0.0,92.0,8.0
828,0.624,9,0,28,19,10.0,6.24,0.0,0.0,75.0,25.0
829,0.788,7,0,29,22,10.0,7.88,0.0,0.0,82.75862068965517,17.24137931034483
830,0.748,6,0,29,23,10.0,7.48,13.793103448275861,17.24137931034483,68.96551724137932,0.0
831,0.636,8,0,31,23,10.0,6.36,0.0,3.225806451612903,58.06451612903226,38.70967741935484
832,0.661,8,0,27,19,10.0,6.61,0.0,0.0,92.5925925925926,7.4074074074074066
833,0.75,4,0,26,22,10.0,7.5,3.8461538461538463,26.923076923076923,61.53846153846154,7.6923076923076925
834,0.764,6,0,29,23,10.0,7.64,0.0,10.344827586206897,89.65517241379311,0.0
835,0.788,5,0,28,23,10.0,7.88,32.142857142857146,7.142857142857142,60.71428571428571,0.0
836,0.741,5,0,29,24,10.0,7.41,0.0,0.0,96.55172413793103,3.4482758620689653
837,0.69,7,0,25,18,10.0,6.9,36.0,36.0,28.000000000000004,0.0
838,0.654,8,0,27,19,10.0,6.54,0.0,0.0,88.88888888888889,11.11111111111111
839,0.8,3,0,22,19,10.0,8.0,4.545454545454546,4.545454545454546,63.63636363636363,27.27272727272727
840,0.602,9,0,28,19,10.0,6.02,14.285714285714285,0.0,75.0,10.714285714285714
841,0.775,4,0,22,18,10.0,7.75,13.636363636363635,36.36363636363637,50.0,0.0
842,0.756,6,0,25,19,10.0,7.56,0.0,60.0,32.0,8.0
843,0.7,5,0,21,16,10.0,7.0,23.809523809523807,14.285714285714285,61.904761904761905,0.0
844,0.806,8,0,36,28,10.0,8.06,2.7777777777777777,2.7777777777777777,77.77777777777779,16.666666666666664
845,0.696,6,0,27,21,10.0,6.96,3.7037037037037033,0.0,96.29629629629629,0.0
846,0.644,9,0,30,21,10.0,6.44,0.0,0.0,100.0,0.0
847,0.713,7,0,29,22,10.0,7.13,0.0,0.0,100.0,0.0
848,0.834,5,0,28,23,10.0,8.34,0.0,10.714285714285714,53.57142857142857,35.714285714285715
849,0.82,3,0,19,16,10.0,8.2,0.0,42.10526315789473,36.84210526315789,21.052631578947366
850,0.783,5,0,27,22,10.0,7.83,14.814814814814813,33.33333333333333,44.44444444444444,7.4074074074074066
851,0.72,8,0,33,25,10.0,7.2,3.0303030303030303,0.0,93.93939393939394,3.0303030303030303
852,0.688,6,0,24,18,10.0,6.88,0.0,0.0,95.83333333333334,4.166666666666666
853,0.644,10,0,36,26,10.0,6.44,2.7777777777777777,0.0,97.22222222222221,0.0
854,0.875,3,0,20,17,10.0,8.75,10.0,60.0,30.0,0.0
855,0.689,8,0,25,17,10.0,6.89,8.0,32.0,60.0,0.0
856,0.552,8,0,29,21,10.0,5.52,41.37931034482759,3.4482758620689653,55.172413793103445,0.0
857,0.711,7,0,26,19,10.0,7.11,0.0,0.0,100.0,0.0
858,0.86,3,0,21,18,10.0,8.6,0.0,23.809523809523807,42.857142857142854,33.33333333333333
859,0.8,3,0,22,19,10.0,8.0,9.090909090909092,0.0,77.27272727272727,13.636363636363635
860,0.732,5,0,22,17,10.0,7.32,4.545454545454546,45.45454545454545,45.45454545454545,4.545454545454546
861,0.645,7,0,19,12,10.0,6.45,36.84210526315789,0.0,52.63157894736842,10.526315789473683
862,0.619,9,0,28,19,10.0,6.19,0.0,0.0,96.42857142857143,3.571428571428571
863,0.805,5,0,28,23,10.0,8.05,0.0,57.14285714285714,35.714285714285715,7.142857142857142
864,0.832,7,0,42,35,10.0,8.32,2.380952380952381,0.0,88.09523809523809,9.523809523809524
865,0.8,3,0,20,17,10.0,8.0,10.0,20.0,65.0,5.0
866,0.678,8,0,26,18,10.0,6.78,57.692307692307686,3.8461538461538463,30.76923076923077,7.6923076923076925
867,0.712,11,0,40,29,10.0,7.12,2.5,0.0,97.5,0.0
868,0.74,6,0,28,22,10.0,7.4,0.0,3.571428571428571,78.57142857142857,17.857142857142858
869,0.636,7,0,31,24,10.0,6.36,0.0,0.0,100.0,0.0
870,0.614,9,0,27,18,10.0,6.14,0.0,44.44444444444444,51.85185185185185,3.7037037037037033
871,0.711,7,0,30,23,10.0,7.11,10.0,3.3333333333333335,76.66666666666667,10.0
872,0.814,5,0,30,25,10.0,8.14,0.0,40.0,50.0,10.0
873,0.778,6,0,32,26,10.0,7.78,0.0,0.0,100.0,0.0
874,0.675,5,0,33,28,10.0,6.75,0.0,0.0,93.93939393939394,6.0606060606060606
875,0.65,6,0,30,24,10.0,6.5,16.666666666666664,0.0,83.33333333333334,0.0
876,0.709,9,0,29,20,10.0,7.09,3.4482758620689653,0.0,96.55172413793103,0.0
877,0.685,7,0,22,15,10.0,6.85,0.0,18.181818181818183,81.81818181818183,0.0
878,0.802,6,0,26,20,10.0,8.02,0.0,53.84615384615385,34.61538461538461,11.538461538461538
879,0.748,7,0,32,25,10.0,7.48,0.0,9.375,50.0,40.625
880,0.85,3,0,21,18,10.0,8.5,52.38095238095239,9.523809523809524,33.33333333333333,4.761904761904762
881,0.68,5,0,21,16,10.0,6.8,0.0,23.809523809523807,71.42857142857143,4.761904761904762
882,0.707,6,0,23,17,10.0,7.07,4.3478260869565215,52.17391304347826,34.78260869565217,8.695652173913043
883,0.714,8,0,27,19,10.0,7.14,0.0,25.925925925925924,37.03703703703704,37.03703703703704
884,0.607,11,0,34,23,10.0,6.07,0.0,0.0,100.0,0.0
885,0.748,5,0,21,16,10.0,7.48,14.285714285714285,19.047619047619047,52.38095238095239,14.285714285714285
886,0.82,4,0,20,16,10.0,8.2,0.0,10.0,90.0,0.0
887,0.752,4,0,25,21,10.0,7.52,0.0,0.0,72.0,28.000000000000004
888,0.746,8,0,29,21,10.0,7.46,3.4482758620689653,51.724137931034484,41.37931034482759,3.4482758620689653
889,0.725,5,0,15,10,10.0,7.25,0.0,0.0,100.0,0.0
890,0.783,6,0,33,27,10.0,7.83,3.0303030303030303,36.36363636363637,48.484848484848484,12.121212121212121
891,0.569,11,0,25,14,10.0,5.69,0.0,0.0,100.0,0.0
892,0.795,4,0,19,15,10.0,7.95,10.526315789473683,15.789473684210526,26.31578947368421,47.368421052631575
893,0.776,6,0,30,24,10.0,7.76,3.3333333333333335,0.0,83.33333333333334,13.333333333333334
894,0.674,8,0,29,21,10.0,6.74,0.0,41.37931034482759,58.620689655172406,0.0
895,0.844,6,0,34,28,10.0,8.44,0.0,17.647058823529413,47.05882352941176,35.294117647058826
896,0.812,5,0,25,20,10.0,8.12,0.0,8.0,84.0,8.0
897,0.613,8,0,20,12,10.0,6.13,0.0,0.0,95.0,5.0
898,0.706,6,0,26,20,10.0,7.06,0.0,3.8461538461538463,84.61538461538461,11.538461538461538
899,0.644,6,0,24,18,10.0,6.44,0.0,16.666666666666664,83.33333333333334,0.0
900,0.772,8,0,37,29,10.0,7.72,21.62162162162162,0.0,70.27027027027027,8.108108108108109
901,0.692,8,0,31,23,10.0,6.92,35.483870967741936,0.0,54.83870967741935,9.67741935483871
902,0.78,5,0,30,25,10.0,7.8,0.0,13.333333333333334,63.33333333333333,23.333333333333332
903,0.728,12,0,45,33,10.0,7.28,0.0,2.2222222222222223,97.77777777777777,0.0
904,0.618,7,0,25,18,10.0,6.18,0.0,0.0,100.0,0.0
905,0.8,3,0,21,18,10.0,8.0,23.809523809523807,0.0,66.66666666666666,9.523809523809524
906,0.683,6,0,26,20,10.0,6.83,3.8461538461538463,0.0,84.61538461538461,11.538461538461538
907,0.73,7,0,34,27,10.0,7.3,0.0,0.0,100.0,0.0
908,0.799,5,0,31,26,10.0,7.99,0.0,0.0,93.54838709677419,6.451612903225806
909,0.664,8,0,27,19,10.0,6.64,7.4074074074074066,0.0,92.5925925925926,0.0
910,0.8,3,0,16,13,10.0,8.0,0.0,43.75,43.75,12.5
911,0.75,7,0,31,24,10.0,7.5,0.0,3.225806451612903,54.83870967741935,41.935483870967744
912,0.575,5,0,14,9,10.0,5.75,0.0,0.0,100.0,0.0
913,0.694,10,0,30,20,10.0,6.94,3.3333333333333335,0.0,86.66666666666667,10.0
914,0.695,7,0,33,26,10.0,6.95,15.151515151515152,33.33333333333333,48.484848484848484,3.0303030303030303
915,0.775,4,0,17,13,10.0,7.75,0.0,35.294117647058826,41.17647058823529,23.52941176470588
916,0.58,9,0,29,20,10.0,5.8,0.0,0.0,93.10344827586206,6.896551724137931
917,0.68,7,0,29,22,10.0,6.8,3.4482758620689653,0.0,96.55172413793103,0.0
918,0.69,5,0,23,18,10.0,6.9,43.47826086956522,0.0,52.17391304347826,4.3478260869565215
919,0.604,9,0,31,22,10.0,6.04,0.0,0.0,100.0,0.0
920,0.724,7,0,29,22,10.0,7.24,0.0,37.93103448275862,37.93103448275862,24.137931034482758
921,0.704,7,0,26,19,10.0,7.04,0.0,0.0,69.23076923076923,30.76923076923077
922,0.754,9,0,31,22,10.0,7.54,6.451612903225806,0.0,58.06451612903226,35.483870967741936
923,0.744,6,0,39,33,10.0,7.44,0.0,35.8974358974359,48.717948717948715,15.384615384615385
924,0.78,4,0,18,14,10.0,7.8,16.666666666666664,27.77777777777778,50.0,5.555555555555555
925,0.66,6,0,29,23,10.0,6.6,0.0,0.0,100.0,0.0
926,0.74,4,0,29,25,10.0,7.4,20.689655172413794,0.0,79.3103448275862,0.0
927,0.785,4,0,21,17,10.0,7.85,23.809523809523807,9.523809523809524,66.66666666666666,0.0
928,0.68,8,0,38,30,10.0,6.8,2.631578947368421,2.631578947368421,94.73684210526315,0.0
929,0.664,6,0,29,23,10.0,6.64,3.4482758620689653,24.137931034482758,68.96551724137932,3.4482758620689653
930,0.82,6,0,34,28,10.0,8.2,17.647058823529413,8.823529411764707,73.52941176470588,0.0
931,0.706,9,0,28,19,10.0,7.06,3.571428571428571,0.0,82.14285714285714,14.285714285714285
932,0.65,6,0,26,20,10.0,6.5,0.0,3.8461538461538463,96.15384615384616,0.0
933,0.712,6,0,22,16,10.0,7.12,13.636363636363635,0.0,86.36363636363636,0.0
934,0.679,8,0,32,24,10.0,6.79,0.0,0.0,100.0,0.0
935,0.639,10,0,31,21,10.0,6.39,0.0,45.16129032258064,54.83870967741935,0.0
936,0.67,6,0,27,21,10.0,6.7,0.0,0.0,100.0,0.0
937,0.732,5,0,27,22,10.0,7.32,0.0,0.0,96.29629629629629,3.7037037037037033
938,0.799,6,0,29,23,10.0,7.99,10.344827586206897,0.0,86.20689655172413,3.4482758620689653
939,0.765,5,0,19,14,10.0,7.65,15.789473684210526,31.57894736842105,42.10526315789473,10.526315789473683
940,0.7,5,0,19,14,10.0,7.0,5.263157894736842,0.0,78.94736842105263,15.789473684210526
941,0.7,6,0,27,21,10.0,7.0,0.0,0.0,100.0,0.0
942,0.68,7,0,29,22,10.0,6.8,0.0,0.0,89.65517241379311,10.344827586206897
943,0.776,5,0,30,25,10.0,7.76,6.666666666666667,16.666666666666664,66.66666666666666,10.0
944,0.666,9,0,30,21,10.0,6.66,3.3333333333333335,3.3333333333333335,90.0,3.3333333333333335
945,0.695,6,0,27,21,10.0,6.95,25.925925925925924,0.0,74.07407407407408,0.0
946,0.764,6,0,30,24,10.0,7.64,3.3333333333333335,0.0,83.33333333333334,13.333333333333334
947,0.612,9,0,29,20,10.0,6.12,0.0,0.0,96.55172413793103,3.4482758620689653
948,0.68,6,0,25,19,10.0,6.8,0.0,0.0,92.0,8.0
949,0.7,6,0,31,25,10.0,7.0,12.903225806451612,0.0,83.87096774193549,3.225806451612903
950,0.776,7,0,33,26,10.0,7.76,0.0,0.0,57.57575757575758,42.42424242424242
951,0.78,4,0,20,16,10.0,7.8,25.0,0.0,60.0,15.0
952,0.644,9,0,31,22,10.0,6.44,0.0,0.0,100.0,0.0
953,0.676,8,0,28,20,10.0,6.76,0.0,25.0,75.0,0.0
954,0.711,7,0,21,14,10.0,7.11,0.0,0.0,95.23809523809523,4.761904761904762
955,0.92,2,0,20,18,10.0,9.2,15.0,35.0,45.0,5.0
956,0.607,10,0,27,17,10.0,6.07,0.0,0.0,96.29629629629629,3.7037037037037033
957,0.708,9,0,27,18,10.0,7.08,18.51851851851852,22.22222222222222,59.25925925925925,0.0
958,0.71,8,0,30,22,10.0,7.1,0.0,16.666666666666664,83.33333333333334,0.0
959,0.676,6,0,26,20,10.0,6.76,0.0,0.0,100.0,0.0
960,0.724,7,0,26,19,10.0,7.24,0.0,0.0,96.15384615384616,3.8461538461538463
961,0.72,6,0,28,22,10.0,7.2,0.0,57.14285714285714,42.857142857142854,0.0
962,0.75,4,0,18,14,10.0,7.5,0.0,5.555555555555555,83.33333333333334,11.11111111111111
963,0.8,6,0,25,19,10.0,8.0,4.0,60.0,16.0,20.0
964,0.788,5,0,29,24,10.0,7.88,17.24137931034483,0.0,72.41379310344827,10.344827586206897
965,0.855,3,0,19,16,10.0,8.55,0.0,68.42105263157895,15.789473684210526,15.789473684210526
966,0.664,9,0,33,24,10.0,6.64,0.0,3.0303030303030303,96.96969696969697,0.0
967,0.76,4,0,20,16,10.0,7.6,5.0,15.0,80.0,0.0
968,0.716,6,0,24,18,10.0,7.16,4.166666666666666,66.66666666666666,29.166666666666668,0.0
969,0.765,4,0,23,19,10.0,7.65,0.0,39.130434782608695,47.82608695652174,13.043478260869565
970,0.728,7,0,42,35,10.0,7.28,0.0,35.714285714285715,61.904761904761905,2.380952380952381
971,0.712,8,0,32,24,10.0,7.12,18.75,0.0,78.125,3.125
972,0.744,5,0,24,19,10.0,7.44,4.166666666666666,0.0,87.5,8.333333333333332
973,0.84,6,0,35,29,10.0,8.4,5.714285714285714,22.857142857142858,68.57142857142857,2.857142857142857
974,0.52,9,0,32,23,10.0,5.2,0.0,0.0,96.875,3.125
975,0.598,8,0,28,20,10.0,5.98,0.0,0.0,100.0,0.0
976,0.666,11,0,30,19,10.0,6.66,0.0,0.0,100.0,0.0
977,0.656,7,0,25,18,10.0,6.56,0.0,4.0,92.0,4.0
978,0.8,4,0,25,21,10.0,8.0,0.0,0.0,80.0,20.0
979,0.574,9,0,24,15,10.0,5.74,0.0,0.0,95.83333333333334,4.166666666666666
980,0.713,8,0,28,20,10.0,7.13,3.571428571428571,0.0,75.0,21.428571428571427
981,0.728,6,0,29,23,10.0,7.28,3.4482758620689653,0.0,96.55172413793103,0.0
982,0.665,5,0,20,15,10.0,6.65,0.0,0.0,95.0,5.0
983,0.52,9,0,26,17,10.0,5.2,0.0,0.0,100.0,0.0
984,0.8,5,0,27,22,10.0,8.0,0.0,0.0,77.77777777777779,22.22222222222222
985,0.832,6,0,36,30,10.0,8.32,19.444444444444446,8.333333333333332,58.333333333333336,13.88888888888889
986,0.75,3,0,15,12,10.0,7.5,13.333333333333334,33.33333333333333,46.666666666666664,6.666666666666667
987,0.756,6,0,26,20,10.0,7.56,7.6923076923076925,3.8461538461538463,61.53846153846154,26.923076923076923
988,0.741,8,0,24,16,10.0,7.41,0.0,4.166666666666666,95.83333333333334,0.0
989,0.718,7,0,27,20,10.0,7.18,22.22222222222222,37.03703703703704,37.03703703703704,3.7037037037037033
990,0.944,3,0,23,20,10.0,9.44,21.73913043478261,0.0,39.130434782608695,39.130434782608695
991,0.74,4,0,29,25,10.0,7.4,0.0,0.0,100.0,0.0
992,0.82,5,0,28,23,10.0,8.2,3.571428571428571,25.0,71.42857142857143,0.0
993,0.74,5,0,25,20,10.0,7.4,0.0,0.0,100.0,0.0
994,0.778,7,0,24,17,10.0,7.78,0.0,0.0,87.5,12.5
995,0.756,6,0,24,18,10.0,7.56,0.0,41.66666666666667,20.833333333333336,37.5
996,0.696,6,0,32,26,10.0,6.96,0.0,0.0,90.625,9.375
997,0.84,4,0,32,28,10.0,8.4,3.125,3.125,65.625,28.125
998,0.728,6,0,27,21,10.0,7.28,0.0,0.0,77.77777777777779,22.22222222222222
999,0.681,9,0,31,22,10.0,6.81,0.0,16.129032258064516,67.74193548387096,16.129032258064516
1000,0.603,8,0,31,23,10.0,6.03,16.129032258064516,16.129032258064516,54.83870967741935,12.903225806451612
1001,0.748,6,0,28,22,10.0,7.48,0.0,71.42857142857143,28.57142857142857,0.0
1002,0.72,5,0,27,22,10.0,7.2,3.7037037037037033,0.0,88.88888888888889,7.4074074074074066
1003,0.7,7,0,30,23,10.0,7.0,0.0,0.0,100.0,0.0
1004,0.82,3,0,20,17,10.0,8.2,0.0,45.0,30.0,25.0
1005,0.747,8,0,36,28,10.0,7.47,5.555555555555555,0.0,88.88888888888889,5.555555555555555
1006,0.625,5,0,17,12,10.0,6.25,0.0,47.05882352941176,52.94117647058824,0.0
1007,0.716,7,0,29,22,10.0,7.16,0.0,0.0,93.10344827586206,6.896551724137931
1008,0.752,4,0,20,16,10.0,7.52,0.0,0.0,100.0,0.0
1009,0.75,3,0,17,14,10.0,7.5,0.0,64.70588235294117,35.294117647058826,0.0
1010,0.643,9,0,29,20,10.0,6.43,0.0,0.0,96.55172413793103,3.4482758620689653
1011,0.8,5,0,32,27,10.0,8.0,21.875,0.0,75.0,3.125
1012,0.9,3,0,22,19,10.0,9.0,9.090909090909092,36.36363636363637,45.45454545454545,9.090909090909092
1013,0.745,6,0,19,13,10.0,7.45,5.263157894736842,0.0,78.94736842105263,15.789473684210526
1014,0.604,7,0,22,15,10.0,6.04,0.0,0.0,86.36363636363636,13.636363636363635
1015,0.792,6,0,38,32,10.0,7.92,21.052631578947366,26.31578947368421,50.0,2.631578947368421
1016,0.78,4,0,26,22,10.0,7.8,23.076923076923077,7.6923076923076925,57.692307692307686,11.538461538461538
1017,0.845,3,0,16,13,10.0,8.45,43.75,18.75,37.5,0.0
1018,0.688,8,0,26,18,10.0,6.88,0.0,50.0,46.15384615384615,3.8461538461538463
1019,0.78,4,0,23,19,10.0,7.8,0.0,26.08695652173913,73.91304347826086,0.0
1020,0.78,4,0,22,18,10.0,7.8,0.0,31.818181818181817,50.0,18.181818181818183
1021,0.67,7,0,26,19,10.0,6.7,0.0,0.0,100.0,0.0
1022,0.654,6,0,31,25,10.0,6.54,0.0,0.0,100.0,0.0
1023,0.655,7,0,23,16,10.0,6.55,0.0,47.82608695652174,47.82608695652174,4.3478260869565215
1024,0.699,7,0,25,18,10.0,6.99,0.0,12.0,80.0,8.0
1025,0.625,7,0,22,15,10.0,6.25,4.545454545454546,13.636363636363635,72.72727272727273,9.090909090909092
1026,0.75,3,0,19,16,10.0,7.5,0.0,21.052631578947366,78.94736842105263,0.0
1027,0.703,10,0,31,21,10.0,7.03,0.0,9.67741935483871,48.38709677419355,41.935483870967744
1028,0.696,5,0,21,16,10.0,6.96,0.0,66.66666666666666,33.33333333333333,0.0
1029,0.718,6,0,24,18,10.0,7.18,29.166666666666668,20.833333333333336,37.5,12.5
1030,0.75,5,0,18,13,10.0,7.5,5.555555555555555,27.77777777777778,61.111111111111114,5.555555555555555
1031,0.648,9,0,38,29,10.0,6.48,0.0,0.0,97.36842105263158,2.631578947368421
1032,0.638,12,0,34,22,10.0,6.38,0.0,0.0,100.0,0.0
1033,0.746,7,0,34,27,10.0,7.46,2.941176470588235,47.05882352941176,47.05882352941176,2.941176470588235
1034,0.601,8,0,28,20,10.0,6.01,17.857142857142858,14.285714285714285,67.85714285714286,0.0
1035,0.624,8,0,27,19,10.0,6.24,0.0,0.0,100.0,0.0
1036,0.82,5,0,30,25,10.0,8.2,0.0,26.666666666666668,36.666666666666664,36.666666666666664
1037,0.84,3,0,24,21,10.0,8.4,0.0,4.166666666666666,58.333333333333336,37.5
1038,0.844,4,0,33,29,10.0,8.44,0.0,0.0,63.63636363636363,36.36363636363637
1039,0.57,8,0,26,18,10.0,5.7,0.0,46.15384615384615,53.84615384615385,0.0
1040,0.769,7,0,30,23,10.0,7.69,10.0,20.0,70.0,0.0
1041,0.644,7,0,27,20,10.0,6.44,0.0,22.22222222222222,70.37037037037037,7.4074074074074066
1042,0.695,8,0,26,18,10.0,6.95,7.6923076923076925,3.8461538461538463,88.46153846153845,0.0
1043,0.628,7,0,26,19,10.0,6.28,0.0,61.53846153846154,38.46153846153847,0.0
1044,0.716,6,0,27,21,10.0,7.16,0.0,14.814814814814813,62.96296296296296,22.22222222222222
1045,0.79,5,0,21,16,10.0,7.9,14.285714285714285,4.761904761904762,66.66666666666666,14.285714285714285
1046,0.716,7,0,31,24,10.0,7.16,32.25806451612903,0.0,67.74193548387096,0.0
1047,0.751,5,0,26,21,10.0,7.51,0.0,34.61538461538461,53.84615384615385,11.538461538461538
1048,0.8,5,0,23,18,10.0,8.0,21.73913043478261,0.0,65.21739130434783,13.043478260869565
1049,0.727,7,0,28,21,10.0,7.27,50.0,7.142857142857142,39.285714285714285,3.571428571428571
1050,0.84,3,0,19,16,10.0,8.4,0.0,10.526315789473683,73.68421052631578,15.789473684210526
1051,0.66,9,0,26,17,10.0,6.6,0.0,0.0,100.0,0.0
1052,0.78,5,0,26,21,10.0,7.8,26.923076923076923,11.538461538461538,61.53846153846154,0.0
1053,0.693,6,0,25,19,10.0,6.93,0.0,0.0,100.0,0.0
1054,0.776,5,0,28,23,10.0,7.76,0.0,3.571428571428571,89.28571428571429,7.142857142857142
1055,0.61,6,0,19,13,10.0,6.1,0.0,15.789473684210526,78.94736842105263,5.263157894736842
1056,0.815,5,0,24,19,10.0,8.15,8.333333333333332,12.5,45.83333333333333,33.33333333333333
1057,0.76,4,0,18,14,10.0,7.6,0.0,0.0,88.88888888888889,11.11111111111111
1058,0.531,11,0,26,15,10.0,5.31,0.0,0.0,100.0,0.0
1059,0.572,9,0,28,19,10.0,5.72,0.0,0.0,89.28571428571429,10.714285714285714
1060,0.8,3,0,13,10,10.0,8.0,23.076923076923077,15.384615384615385,61.53846153846154,0.0
1061,0.65,5,0,25,20,10.0,6.5,0.0,0.0,92.0,8.0
1062,0.7,9,0,28,19,10.0,7.0,0.0,3.571428571428571,64.28571428571429,32.142857142857146
1063,0.778,5,0,35,30,10.0,7.78,0.0,22.857142857142858,77.14285714285715,0.0
1064,0.728,8,0,30,22,10.0,7.28,0.0,26.666666666666668,63.33333333333333,10.0
1065,0.636,10,0,31,21,10.0,6.36,0.0,3.225806451612903,96.7741935483871,0.0
1066,0.705,5,0,20,15,10.0,7.05,0.0,30.0,45.0,25.0
1067,0.708,9,0,35,26,10.0,7.08,0.0,0.0,100.0,0.0
1068,0.68,8,0,30,22,10.0,6.8,0.0,26.666666666666668,53.333333333333336,20.0
1069,0.718,7,0,30,23,10.0,7.18,0.0,0.0,90.0,10.0
1070,0.798,4,0,26,22,10.0,7.98,26.923076923076923,30.76923076923077,42.30769230769231,0.0
1071,0.751,7,0,23,16,10.0,7.51,39.130434782608695,0.0,60.86956521739131,0.0
1072,0.616,7,0,26,19,10.0,6.16,0.0,0.0,100.0,0.0
1073,0.728,8,0,30,22,10.0,7.28,0.0,0.0,86.66666666666667,13.333333333333334
1074,0.664,8,0,36,28,10.0,6.64,0.0,0.0,100.0,0.0
1075,0.8,3,0,20,17,10.0,8.0,10.0,65.0,20.0,5.0
1076,0.685,9,0,27,18,10.0,6.85,40.74074074074074,0.0,59.25925925925925,0.0
1077,0.625,4,0,16,12,10.0,6.25,0.0,31.25,68.75,0.0
1078,0.632,8,0,29,21,10.0,6.32,6.896551724137931,0.0,65.51724137931035,27.586206896551722
1079,0.75,4,0,28,24,10.0,7.5,0.0,0.0,78.57142857142857,21.428571428571427
1080,0.832,5,0,27,22,10.0,8.32,3.7037037037037033,11.11111111111111,48.148148148148145,37.03703703703704
1081,0.588,8,0,26,18,10.0,5.88,0.0,61.53846153846154,38.46153846153847,0.0
1082,0.69,8,0,29,21,10.0,6.9,13.793103448275861,44.827586206896555,37.93103448275862,3.4482758620689653
1083,0.585,7,0,30,23,10.0,5.85,3.3333333333333335,0.0,96.66666666666667,0.0
1084,0.8,4,0,19,15,10.0,8.0,31.57894736842105,10.526315789473683,57.89473684210527,0.0
1085,0.89,4,0,33,29,10.0,8.9,21.21212121212121,24.242424242424242,36.36363636363637,18.181818181818183
1086,0.579,9,0,26,17,10.0,5.79,0.0,0.0,96.15384615384616,3.8461538461538463
1087,0.75,4,0,23,19,10.0,7.5,13.043478260869565,0.0,86.95652173913044,0.0
1088,0.68,10,0,37,27,10.0,6.8,0.0,5.405405405405405,70.27027027027027,24.324324324324326
1089,0.74,4,0,18,14,10.0,7.4,0.0,0.0,100.0,0.0
1090,0.8,3,0,14,11,10.0,8.0,0.0,35.714285714285715,42.857142857142854,21.428571428571427
1091,0.738,7,0,35,28,10.0,7.38,2.857142857142857,2.857142857142857,85.71428571428571,8.571428571428571
1092,0.76,7,0,33,26,10.0,7.6,3.0303030303030303,57.57575757575758,36.36363636363637,3.0303030303030303
1093,0.73,5,0,30,25,10.0,7.3,0.0,13.333333333333334,83.33333333333334,3.3333333333333335
1094,0.696,9,0,30,21,10.0,6.96,0.0,0.0,73.33333333333333,26.666666666666668
1095,0.804,5,0,28,23,10.0,8.04,25.0,0.0,71.42857142857143,3.571428571428571
1096,0.56,7,0,21,14,10.0,5.6,0.0,38.095238095238095,61.904761904761905,0.0
1097,0.651,11,0,32,21,10.0,6.51,0.0,46.875,46.875,6.25
1098,0.7,4,0,15,11,10.0,7.0,0.0,0.0,93.33333333333333,6.666666666666667
1099,0.728,7,0,28,21,10.0,7.28,0.0,25.0,46.42857142857143,28.57142857142857
1100,0.796,8,0,34,26,10.0,7.96,8.823529411764707,41.17647058823529,38.23529411764706,11.76470588235294
1101,0.725,5,0,32,27,10.0,7.25,0.0,0.0,100.0,0.0
1102,0.624,10,0,32,22,10.0,6.24,0.0,0.0,78.125,21.875
1103,0.59,7,0,27,20,10.0,5.9,40.74074074074074,3.7037037037037033,55.55555555555556,0.0
1104,0.78,6,0,33,27,10.0,7.8,6.0606060606060606,27.27272727272727,63.63636363636363,3.0303030303030303
1105,0.72,7,0,29,22,10.0,7.2,10.344827586206897,0.0,89.65517241379311,0.0
1106,0.695,5,0,23,18,10.0,6.95,0.0,13.043478260869565,73.91304347826086,13.043478260869565
1107,0.658,7,0,24,17,10.0,6.58,0.0,0.0,100.0,0.0
1108,0.85,3,0,22,19,10.0,8.5,4.545454545454546,4.545454545454546,72.72727272727273,18.181818181818183
1109,0.582,10,0,30,20,10.0,5.82,0.0,46.666666666666664,53.333333333333336,0.0
1110,0.754,6,0,30,24,10.0,7.54,0.0,6.666666666666667,66.66666666666666,26.666666666666668
1111,0.728,5,0,26,21,10.0,7.28,19.230769230769234,0.0,73.07692307692307,7.6923076923076925
1112,0.702,6,0,24,18,10.0,7.02,0.0,20.833333333333336,70.83333333333334,8.333333333333332
1113,0.672,8,0,38,30,10.0,6.72,2.631578947368421,52.63157894736842,44.73684210526316,0.0
1114,0.589,8,0,29,21,10.0,5.89,31.03448275862069,0.0,65.51724137931035,3.4482758620689653
1115,0.72,4,0,19,15,10.0,7.2,0.0,31.57894736842105,68.42105263157895,0.0
1116,0.688,6,0,29,23,10.0,6.88,0.0,0.0,96.55172413793103,3.4482758620689653
1117,0.712,6,0,26,20,10.0,7.12,0.0,53.84615384615385,42.30769230769231,3.8461538461538463
1118,0.71,7,0,29,22,10.0,7.1,0.0,0.0,93.10344827586206,6.896551724137931
1119,0.634,8,0,25,17,10.0,6.34,0.0,0.0,68.0,32.0
1120,0.615,7,0,28,21,10.0,6.15,0.0,0.0,100.0,0.0
1121,0.666,8,0,28,20,10.0,6.66,14.285714285714285,14.285714285714285,71.42857142857143,0.0
1122,0.755,5,0,21,16,10.0,7.55,0.0,9.523809523809524,85.71428571428571,4.761904761904762
1123,0.665,10,0,35,25,10.0,6.65,31.428571428571427,0.0,68.57142857142857,0.0
1124,0.76,4,0,29,25,10.0,7.6,0.0,37.93103448275862,34.48275862068966,27.586206896551722
1125,0.712,5,0,26,21,10.0,7.12,0.0,0.0,100.0,0.0
1126,0.724,5,0,30,25,10.0,7.24,0.0,0.0,93.33333333333333,6.666666666666667
1127,0.7,12,0,37,25,10.0,7.0,0.0,5.405405405405405,83.78378378378379,10.81081081081081
1128,0.744,6,0,36,30,10.0,7.44,0.0,36.11111111111111,52.77777777777778,11.11111111111111
1129,0.9,3,0,15,12,10.0,9.0,0.0,26.666666666666668,53.333333333333336,20.0
1130,0.854,5,0,28,23,10.0,8.54,3.571428571428571,0.0,75.0,21.428571428571427
1131,0.635,5,0,26,21,10.0,6.35,3.8461538461538463,0.0,92.3076923076923,3.8461538461538463
1132,0.78,6,0,29,23,10.0,7.8,3.4482758620689653,24.137931034482758,51.724137931034484,20.689655172413794
1133,0.88,3,0,24,21,10.0,8.8,16.666666666666664,20.833333333333336,50.0,12.5
1134,0.608,9,0,21,12,10.0,6.08,0.0,0.0,90.47619047619048,9.523809523809524
1135,0.642,8,0,29,21,10.0,6.42,0.0,0.0,96.55172413793103,3.4482758620689653
1136,0.74,4,0,17,13,10.0,7.4,0.0,23.52941176470588,58.82352941176471,17.647058823529413
1137,0.737,9,0,29,20,10.0,7.37,3.4482758620689653,41.37931034482759,41.37931034482759,13.793103448275861
1138,0.78,4,0,18,14,10.0,7.8,0.0,61.111111111111114,33.33333333333333,5.555555555555555
1139,0.788,5,0,26,21,10.0,7.88,0.0,23.076923076923077,46.15384615384615,30.76923076923077
1140,0.69,8,0,36,28,10.0,6.9,2.7777777777777777,0.0,97.22222222222221,0.0
1141,0.82,3,0,20,17,10.0,8.2,15.0,45.0,30.0,10.0
1142,0.736,6,0,36,30,10.0,7.36,0.0,5.555555555555555,55.55555555555556,38.88888888888889
1143,0.536,11,0,32,21,10.0,5.36,0.0,0.0,93.75,6.25
1144,0.626,8,0,24,16,10.0,6.26,0.0,0.0,100.0,0.0
1145,0.676,7,0,30,23,10.0,6.76,0.0,40.0,60.0,0.0
1146,0.87,4,0,24,20,10.0,8.7,0.0,8.333333333333332,70.83333333333334,20.833333333333336
1147,0.764,9,0,37,28,10.0,7.64,0.0,0.0,78.37837837837837,21.62162162162162
1148,0.768,7,0,41,34,10.0,7.68,0.0,7.317073170731707,78.04878048780488,14.634146341463413
1149,0.858,4,0,31,27,10.0,8.58,0.0,0.0,77.41935483870968,22.58064516129032
1150,0.62,7,0,24,17,10.0,6.2,0.0,0.0,87.5,12.5
1151,0.69,8,0,27,19,10.0,6.9,3.7037037037037033,0.0,92.5925925925926,3.7037037037037033
1152,0.795,4,0,25,21,10.0,7.95,0.0,0.0,72.0,28.000000000000004
1153,0.62,6,0,20,14,10.0,6.2,0.0,0.0,85.0,15.0
1154,0.632,8,0,30,22,10.0,6.32,0.0,0.0,100.0,0.0
1155,0.736,8,0,30,22,10.0,7.36,0.0,0.0,100.0,0.0
1156,0.736,6,0,29,23,10.0,7.36,0.0,6.896551724137931,89.65517241379311,3.4482758620689653
1157,0.744,6,0,27,21,10.0,7.44,11.11111111111111,3.7037037037037033,85.18518518518519,0.0
1158,0.652,10,0,27,17,10.0,6.52,29.629629629629626,0.0,59.25925925925925,11.11111111111111
1159,0.6,9,0,28,19,10.0,6.0,0.0,3.571428571428571,96.42857142857143,0.0
1160,0.628,9,0,32,23,10.0,6.28,0.0,0.0,87.5,12.5
1161,0.718,6,0,30,24,10.0,7.18,0.0,0.0,70.0,30.0
1162,0.85,3,0,17,14,10.0,8.5,11.76470588235294,0.0,82.35294117647058,5.88235294117647
1163,0.721,8,0,30,22,10.0,7.21,16.666666666666664,0.0,76.66666666666667,6.666666666666667
1164,0.74,5,0,16,11,10.0,7.4,0.0,62.5,31.25,6.25
1165,0.774,7,0,24,17,10.0,7.74,0.0,0.0,75.0,25.0
1166,0.504,10,0,26,16,10.0,5.04,0.0,3.8461538461538463,96.15384615384616,0.0
1167,0.856,4,0,33,29,10.0,8.56,15.151515151515152,9.090909090909092,63.63636363636363,12.121212121212121
1168,0.74,5,0,29,24,10.0,7.4,0.0,10.344827586206897,86.20689655172413,3.4482758620689653
1169,0.666,9,0,31,22,10.0,6.66,0.0,0.0,100.0,0.0
1170,0.668,6,0,29,23,10.0,6.68,24.137931034482758,0.0,68.96551724137932,6.896551724137931
1171,0.66,9,0,29,20,10.0,6.6,0.0,0.0,68.96551724137932,31.03448275862069
1172,0.815,5,0,22,17,10.0,8.15,22.727272727272727,0.0,59.09090909090909,18.181818181818183
1173,0.732,7,0,28,21,10.0,7.32,0.0,0.0,96.42857142857143,3.571428571428571
1174,0.8,4,0,19,15,10.0,8.0,0.0,0.0,100.0,0.0
1175,0.717,9,0,32,23,10.0,7.17,21.875,3.125,75.0,0.0
1176,0.75,4,0,14,10,10.0,7.5,0.0,0.0,57.14285714285714,42.857142857142854
1177,0.74,4,0,20,16,10.0,7.4,10.0,25.0,50.0,15.0
1178,0.722,9,0,35,26,10.0,7.22,0.0,0.0,94.28571428571428,5.714285714285714
1179,0.744,6,0,32,26,10.0,7.44,0.0,3.125,90.625,6.25
1180,0.688,8,0,30,22,10.0,6.88,6.666666666666667,26.666666666666668,66.66666666666666,0.0
1181,0.76,5,0,20,15,10.0,7.6,0.0,10.0,65.0,25.0
1182,0.664,7,0,28,21,10.0,6.64,0.0,0.0,92.85714285714286,7.142857142857142
1183,0.664,6,0,27,21,10.0,6.64,0.0,0.0,88.88888888888889,11.11111111111111
1184,0.78,5,0,27,22,10.0,7.8,0.0,0.0,96.29629629629629,3.7037037037037033
1185,0.734,6,0,27,21,10.0,7.34,0.0,0.0,92.5925925925926,7.4074074074074066
1186,0.773,5,0,29,24,10.0,7.73,0.0,3.4482758620689653,68.96551724137932,27.586206896551722
1187,0.68,5,0,23,18,10.0,6.8,0.0,56.52173913043478,43.47826086956522,0.0
1188,0.702,9,0,34,25,10.0,7.02,0.0,20.588235294117645,67.64705882352942,11.76470588235294
1189,0.752,5,0,22,17,10.0,7.52,0.0,0.0,100.0,0.0
1190,0.74,5,0,19,14,10.0,7.4,0.0,15.789473684210526,52.63157894736842,31.57894736842105
1191,0.68,9,0,27,18,10.0,6.8,0.0,29.629629629629626,70.37037037037037,0.0
1192,0.725,4,0,20,16,10.0,7.25,0.0,65.0,20.0,15.0
1193,0.734,8,0,29,21,10.0,7.34,0.0,0.0,93.10344827586206,6.896551724137931
1194,0.664,7,0,25,18,10.0,6.64,4.0,0.0,92.0,4.0
1195,0.84,5,0,23,18,10.0,8.4,13.043478260869565,0.0,69.56521739130434,17.391304347826086
1196,0.788,5,0,34,29,10.0,7.88,2.941176470588235,0.0,91.17647058823529,5.88235294117647
1197,0.71,5,0,20,15,10.0,7.1,40.0,0.0,55.00000000000001,5.0
1198,0.66,8,0,39,31,10.0,6.6,28.205128205128204,2.564102564102564,61.53846153846154,7.6923076923076925
1199,0.81,4,0,25,21,10.0,8.1,0.0,0.0,72.0,28.000000000000004
1200,0.76,6,0,29,23,10.0,7.6,3.4482758620689653,31.03448275862069,27.586206896551722,37.93103448275862
1201,0.64,8,0,30,22,10.0,6.4,26.666666666666668,0.0,73.33333333333333,0.0
1202,0.756,6,0,35,29,10.0,7.56,0.0,8.571428571428571,82.85714285714286,8.571428571428571
1203,0.615,6,0,17,11,10.0,6.15,0.0,5.88235294117647,88.23529411764706,5.88235294117647
1204,0.744,5,0,30,25,10.0,7.44,40.0,20.0,36.666666666666664,3.3333333333333335
1205,0.768,8,0,33,25,10.0,7.68,21.21212121212121,60.60606060606061,15.151515151515152,3.0303030303030303
1206,0.84,3,0,19,16,10.0,8.4,0.0,26.31578947368421,42.10526315789473,31.57894736842105
1207,0.702,10,0,30,20,10.0,7.02,0.0,20.0,23.333333333333332,56.666666666666664
1208,0.611,8,0,26,18,10.0,6.11,0.0,61.53846153846154,38.46153846153847,0.0
1209,0.695,7,0,27,20,10.0,6.95,3.7037037037037033,0.0,88.88888888888889,7.4074074074074066
1210,0.592,11,0,30,19,10.0,5.92,0.0,0.0,100.0,0.0
1211,0.744,6,0,27,21,10.0,7.44,0.0,55.55555555555556,44.44444444444444,0.0
1212,0.592,12,0,30,18,10.0,5.92,3.3333333333333335,3.3333333333333335,83.33333333333334,10.0
1213,0.716,6,0,30,24,10.0,7.16,0.0,0.0,86.66666666666667,13.333333333333334
1214,0.68,6,0,25,19,10.0,6.8,0.0,0.0,92.0,8.0
1215,0.56,7,0,21,14,10.0,5.6,0.0,0.0,100.0,0.0
1216,0.648,8,0,27,19,10.0,6.48,18.51851851851852,25.925925925925924,40.74074074074074,14.814814814814813
1217,0.728,7,0,29,22,10.0,7.28,3.4482758620689653,3.4482758620689653,86.20689655172413,6.896551724137931
1218,0.72,7,0,26,19,10.0,7.2,61.53846153846154,0.0,26.923076923076923,11.538461538461538
1219,0.82,3,0,18,15,10.0,8.2,0.0,27.77777777777778,61.111111111111114,11.11111111111111
1220,0.67,9,0,25,16,10.0,6.7,0.0,64.0,28.000000000000004,8.0
1221,0.68,7,0,32,25,10.0,6.8,12.5,3.125,84.375,0.0
1222,0.764,7,0,29,22,10.0,7.64,0.0,3.4482758620689653,55.172413793103445,41.37931034482759
1223,0.724,6,0,31,25,10.0,7.24,9.67741935483871,25.806451612903224,64.51612903225806,0.0
1224,0.655,6,0,28,22,10.0,6.55,0.0,0.0,89.28571428571429,10.714285714285714
1225,0.62,10,0,30,20,10.0,6.2,0.0,0.0,100.0,0.0
1226,0.721,6,0,37,31,10.0,7.21,0.0,21.62162162162162,62.16216216216216,16.216216216216218
1227,0.75,6,0,36,30,10.0,7.5,0.0,0.0,94.44444444444444,5.555555555555555
1228,0.738,6,0,26,20,10.0,7.38,11.538461538461538,7.6923076923076925,76.92307692307693,3.8461538461538463
1229,0.84,4,0,33,29,10.0,8.4,27.27272727272727,0.0,72.72727272727273,0.0
1230,0.75,6,0,16,10,10.0,7.5,6.25,62.5,25.0,6.25
1231,0.774,5,0,36,31,10.0,7.74,19.444444444444446,11.11111111111111,69.44444444444444,0.0
1232,0.72,6,0,27,21,10.0,7.2,0.0,0.0,96.29629629629629,3.7037037037037033
1233,0.715,5,0,21,16,10.0,7.15,9.523809523809524,0.0,90.47619047619048,0.0
1234,0.689,7,0,32,25,10.0,6.89,0.0,40.625,59.375,0.0
1235,0.697,7,0,25,18,10.0,6.97,0.0,72.0,28.000000000000004,0.0
1236,0.6,8,0,27,19,10.0,6.0,3.7037037037037033,0.0,96.29629629629629,0.0
1237,0.832,6,0,29,23,10.0,8.32,13.793103448275861,0.0,68.96551724137932,17.24137931034483
1238,0.688,7,0,28,21,10.0,6.88,0.0,0.0,89.28571428571429,10.714285714285714
1239,0.628,8,0,29,21,10.0,6.28,3.4482758620689653,0.0,96.55172413793103,0.0
1240,0.65,5,0,25,20,10.0,6.5,4.0,0.0,96.0,0.0
1241,0.664,8,0,34,26,10.0,6.64,0.0,0.0,85.29411764705883,14.705882352941178
1242,0.796,8,0,41,33,10.0,7.96,0.0,58.536585365853654,41.46341463414634,0.0
1243,0.621,10,0,31,21,10.0,6.21,0.0,0.0,87.09677419354838,12.903225806451612
1244,0.825,3,0,19,16,10.0,8.25,0.0,47.368421052631575,36.84210526315789,15.789473684210526
1245,0.808,5,0,37,32,10.0,8.08,0.0,0.0,86.48648648648648,13.513513513513514
1246,0.648,8,0,32,24,10.0,6.48,3.125,0.0,93.75,3.125
1247,0.84,3,0,17,14,10.0,8.4,29.411764705882355,35.294117647058826,29.411764705882355,5.88235294117647
1248,0.82,3,0,29,26,10.0,8.2,0.0,37.93103448275862,44.827586206896555,17.24137931034483
1249,0.66,5,0,18,13,10.0,6.6,0.0,5.555555555555555,94.44444444444444,0.0
1250,0.665,7,0,27,20,10.0,6.65,0.0,44.44444444444444,44.44444444444444,11.11111111111111
1251,0.745,6,0,18,12,10.0,7.45,0.0,22.22222222222222,66.66666666666666,11.11111111111111
1252,0.766,6,0,31,25,10.0,7.66,0.0,6.451612903225806,87.09677419354838,6.451612903225806
1253,0.749,6,0,31,25,10.0,7.49,6.451612903225806,0.0,90.32258064516128,3.225806451612903
1254,0.67,8,0,29,21,10.0,6.7,13.793103448275861,0.0,86.20689655172413,0.0
1255,0.64,6,0,27,21,10.0,6.4,0.0,0.0,85.18518518518519,14.814814814814813
1256,0.721,6,0,22,16,10.0,7.21,0.0,0.0,95.45454545454545,4.545454545454546
1257,0.672,6,0,32,26,10.0,6.72,0.0,25.0,59.375,15.625
1258,0.749,5,0,21,16,10.0,7.49,0.0,57.14285714285714,42.857142857142854,0.0
1259,0.74,4,0,19,15,10.0,7.4,0.0,0.0,100.0,0.0
1260,0.727,7,0,27,20,10.0,7.27,0.0,33.33333333333333,62.96296296296296,3.7037037037037033
1261,0.63,6,0,32,26,10.0,6.3,0.0,12.5,75.0,12.5
1262,0.68,7,0,23,16,10.0,6.8,34.78260869565217,0.0,60.86956521739131,4.3478260869565215
1263,0.814,6,0,32,26,10.0,8.14,18.75,0.0,81.25,0.0
1264,0.725,5,0,18,13,10.0,7.25,5.555555555555555,61.111111111111114,33.33333333333333,0.0
1265,0.512,12,0,31,19,10.0,5.12,3.225806451612903,0.0,96.7741935483871,0.0
1266,0.565,6,0,16,10,10.0,5.65,0.0,0.0,100.0,0.0
1267,0.732,6,0,30,24,10.0,7.32,0.0,36.666666666666664,60.0,3.3333333333333335
1268,0.54,6,0,18,12,10.0,5.4,55.55555555555556,5.555555555555555,38.88888888888889,0.0
1269,0.78,4,0,19,15,10.0,7.8,31.57894736842105,42.10526315789473,15.789473684210526,10.526315789473683
1270,0.636,12,0,39,27,10.0,6.36,17.94871794871795,2.564102564102564,71.7948717948718,7.6923076923076925
1271,0.686,8,0,27,19,10.0,6.86,0.0,0.0,100.0,0.0
1272,0.824,5,0,33,28,10.0,8.24,21.21212121212121,0.0,63.63636363636363,15.151515151515152
1273,0.81,4,0,19,15,10.0,8.1,15.789473684210526,21.052631578947366,63.1578947368421,0.0
1274,0.96,2,0,20,18,10.0,9.6,0.0,15.0,40.0,45.0
1275,0.84,3,0,29,26,10.0,8.4,0.0,48.275862068965516,34.48275862068966,17.24137931034483
1276,0.672,7,0,24,17,10.0,6.72,0.0,0.0,91.66666666666666,8.333333333333332
1277,0.628,7,0,26,19,10.0,6.28,0.0,0.0,76.92307692307693,23.076923076923077
1278,0.775,3,0,18,15,10.0,7.75,16.666666666666664,38.88888888888889,33.33333333333333,11.11111111111111
1279,0.744,5,0,28,23,10.0,7.44,3.571428571428571,0.0,92.85714285714286,3.571428571428571
1280,0.71,7,0,26,19,10.0,7.1,15.384615384615385,0.0,84.61538461538461,0.0
1281,0.88,3,0,20,17,10.0,8.8,0.0,55.00000000000001,15.0,30.0
1282,0.68,5,0,22,17,10.0,6.8,0.0,36.36363636363637,63.63636363636363,0.0
1283,0.714,6,0,28,22,10.0,7.14,0.0,7.142857142857142,75.0,17.857142857142858
1284,0.824,4,0,34,30,10.0,8.24,8.823529411764707,5.88235294117647,55.88235294117647,29.411764705882355
1285,0.84,3,0,20,17,10.0,8.4,25.0,10.0,65.0,0.0
1286,0.674,8,0,27,19,10.0,6.74,0.0,3.7037037037037033,77.77777777777779,18.51851851851852
1287,0.648,11,0,29,18,10.0,6.48,0.0,0.0,100.0,0.0
1288,0.697,6,0,23,17,10.0,6.97,4.3478260869565215,0.0,91.30434782608695,4.3478260869565215
1289,0.73,6,0,31,25,10.0,7.3,6.451612903225806,0.0,90.32258064516128,3.225806451612903
1290,0.721,6,0,27,21,10.0,7.21,0.0,0.0,77.77777777777779,22.22222222222222
1291,0.665,9,0,29,20,10.0,6.65,0.0,0.0,100.0,0.0
1292,0.815,4,0,19,15,10.0,8.15,0.0,36.84210526315789,63.1578947368421,0.0
1293,0.6,9,0,25,16,9.0,6.0,0.0,0.0,96.0,4.0
1294,0.565,10,0,23,13,10.0,5.65,4.3478260869565215,39.130434782608695,52.17391304347826,4.3478260869565215
1295,0.748,8,0,31,23,10.0,7.48,3.225806451612903,25.806451612903224,70.96774193548387,0.0
1296,0.59,8,0,28,20,10.0,5.9,0.0,0.0,100.0,0.0
1297,0.66,6,0,23,17,10.0,6.6,0.0,0.0,100.0,0.0
1298,0.86,4,0,23,19,10.0,8.6,8.695652173913043,0.0,69.56521739130434,21.73913043478261
1299,0.68,6,0,26,20,10.0,6.8,3.8461538461538463,11.538461538461538,73.07692307692307,11.538461538461538
1300,0.788,4,0,35,31,10.0,7.88,5.714285714285714,11.428571428571429,74.28571428571429,8.571428571428571
1301,0.793,5,0,28,23,10.0,7.93,10.714285714285714,14.285714285714285,67.85714285714286,7.142857142857142
1302,0.7,8,0,32,24,10.0,7.0,0.0,0.0,62.5,37.5
1303,0.68,6,0,21,15,10.0,6.8,0.0,0.0,95.23809523809523,4.761904761904762
1304,0.695,7,0,26,19,10.0,6.95,0.0,19.230769230769234,73.07692307692307,7.6923076923076925
1305,0.97,2,0,22,20,10.0,9.7,0.0,36.36363636363637,36.36363636363637,27.27272727272727
1306,0.664,6,0,29,23,10.0,6.64,0.0,62.06896551724138,27.586206896551722,10.344827586206897
1307,0.745,7,0,27,20,10.0,7.45,3.7037037037037033,66.66666666666666,25.925925925925924,3.7037037037037033
1308,0.676,5,0,29,24,10.0,6.76,0.0,17.24137931034483,82.75862068965517,0.0
1309,0.62,5,0,16,11,10.0,6.2,0.0,0.0,93.75,6.25
1310,0.74,6,0,30,24,10.0,7.4,0.0,0.0,90.0,10.0
1311,0.76,5,0,23,18,10.0,7.6,0.0,52.17391304347826,43.47826086956522,4.3478260869565215
1312,0.637,8,0,29,21,10.0,6.37,0.0,0.0,96.55172413793103,3.4482758620689653
1313,0.745,5,0,19,14,10.0,7.45,31.57894736842105,36.84210526315789,31.57894736842105,0.0
1314,0.8,4,0,16,12,10.0,8.0,0.0,25.0,62.5,12.5
1315,0.65,6,0,25,19,10.0,6.5,4.0,36.0,52.0,8.0
1316,0.783,5,0,25,20,10.0,7.83,0.0,12.0,52.0,36.0
1317,0.662,8,0,32,24,10.0,6.62,0.0,0.0,93.75,6.25
1318,0.684,6,0,22,16,10.0,6.84,0.0,0.0,100.0,0.0
1319,0.772,5,0,29,24,10.0,7.72,0.0,31.03448275862069,58.620689655172406,10.344827586206897
1320,0.748,6,0,27,21,10.0,7.48,18.51851851851852,25.925925925925924,55.55555555555556,0.0
1321,0.608,9,0,28,19,10.0,6.08,7.142857142857142,0.0,92.85714285714286,0.0
1322,0.737,9,0,42,33,10.0,7.37,0.0,2.380952380952381,97.61904761904762,0.0
1323,0.7,9,0,25,16,10.0,7.0,68.0,0.0,32.0,0.0
1324,0.708,6,0,31,25,10.0,7.08,0.0,0.0,87.09677419354838,12.903225806451612
1325,0.768,5,0,38,33,10.0,7.68,5.263157894736842,34.21052631578947,52.63157894736842,7.894736842105263
1326,0.756,4,0,25,21,10.0,7.56,0.0,4.0,72.0,24.0
1327,0.9,3,0,21,18,10.0,9.0,0.0,33.33333333333333,28.57142857142857,38.095238095238095
1328,0.764,4,0,27,23,10.0,7.64,0.0,0.0,88.88888888888889,11.11111111111111
1329,0.7,4,0,15,11,10.0,7.0,0.0,60.0,26.666666666666668,13.333333333333334
1330,0.556,9,0,27,18,10.0,5.56,0.0,0.0,96.29629629629629,3.7037037037037033
1331,0.648,8,0,28,20,10.0,6.48,0.0,0.0,96.42857142857143,3.571428571428571
1332,0.714,6,0,29,23,10.0,7.14,0.0,31.03448275862069,37.93103448275862,31.03448275862069
1333,0.626,9,0,28,19,10.0,6.26,0.0,3.571428571428571,75.0,21.428571428571427
1334,0.636,7,0,23,16,10.0,6.36,0.0,0.0,100.0,0.0
1335,0.705,5,0,20,15,10.0,7.05,25.0,30.0,40.0,5.0
1336,0.626,10,0,31,21,10.0,6.26,3.225806451612903,0.0,96.7741935483871,0.0
1337,0.792,7,0,27,20,10.0,7.92,3.7037037037037033,14.814814814814813,66.66666666666666,14.814814814814813
1338,0.86,3,0,20,17,10.0,8.6,5.0,35.0,40.0,20.0
1339,0.637,9,0,29,20,10.0,6.37,0.0,3.4482758620689653,96.55172413793103,0.0
1340,0.591,10,0,28,18,10.0,5.91,0.0,0.0,100.0,0.0
1341,0.768,5,0,23,18,10.0,7.68,8.695652173913043,0.0,82.6086956521739,8.695652173913043
1342,0.745,6,0,30,24,10.0,7.45,16.666666666666664,0.0,73.33333333333333,10.0
1343,0.773,6,0,34,28,10.0,7.73,0.0,0.0,64.70588235294117,35.294117647058826
1344,0.717,8,0,30,22,10.0,7.17,0.0,3.3333333333333335,70.0,26.666666666666668
1345,0.788,6,0,30,24,10.0,7.88,10.0,0.0,86.66666666666667,3.3333333333333335
1346,0.67,5,0,19,14,10.0,6.7,0.0,5.263157894736842,94.73684210526315,0.0
1347,0.685,5,0,21,16,10.0,6.85,4.761904761904762,0.0,85.71428571428571,9.523809523809524
1348,0.6,7,0,29,22,10.0,6.0,0.0,0.0,89.65517241379311,10.344827586206897
1349,0.875,2,0,11,9,10.0,8.75,27.27272727272727,27.27272727272727,36.36363636363637,9.090909090909092
1350,0.877,3,0,26,23,10.0,8.77,23.076923076923077,34.61538461538461,34.61538461538461,7.6923076923076925
1351,0.608,8,0,26,18,10.0,6.08,0.0,0.0,92.3076923076923,7.6923076923076925
1352,0.754,6,0,28,22,10.0,7.54,0.0,50.0,42.857142857142854,7.142857142857142
1353,0.69,6,0,21,15,10.0,6.9,0.0,42.857142857142854,57.14285714285714,0.0
1354,0.776,6,0,38,32,10.0,7.76,0.0,52.63157894736842,47.368421052631575,0.0
1355,0.77,7,0,28,21,10.0,7.7,10.714285714285714,0.0,78.57142857142857,10.714285714285714
1356,0.734,7,0,30,23,10.0,7.34,3.3333333333333335,13.333333333333334,80.0,3.3333333333333335
1357,0.692,6,0,23,17,10.0,6.92,17.391304347826086,17.391304347826086,65.21739130434783,0.0
1358,0.625,9,0,26,17,10.0,6.25,30.76923076923077,0.0,57.692307692307686,11.538461538461538
1359,0.808,5,0,32,27,10.0,8.08,25.0,0.0,71.875,3.125
1360,0.712,10,0,36,26,10.0,7.12,0.0,55.55555555555556,27.77777777777778,16.666666666666664
1361,0.727,7,0,27,20,10.0,7.27,3.7037037037037033,0.0,92.5925925925926,3.7037037037037033
1362,0.67,9,0,35,26,10.0,6.7,0.0,20.0,45.714285714285715,34.285714285714285
1363,0.784,6,0,28,22,10.0,7.84,0.0,21.428571428571427,60.71428571428571,17.857142857142858
1364,0.76,4,0,26,22,10.0,7.6,3.8461538461538463,0.0,88.46153846153845,7.6923076923076925
1365,0.732,6,0,25,19,10.0,7.32,4.0,0.0,76.0,20.0
1366,0.692,6,0,26,20,10.0,6.92,19.230769230769234,0.0,76.92307692307693,3.8461538461538463
1367,0.647,8,0,30,22,10.0,6.47,0.0,0.0,96.66666666666667,3.3333333333333335
1368,0.82,4,0,19,15,10.0,8.2,36.84210526315789,36.84210526315789,15.789473684210526,10.526315789473683
1369,0.784,5,0,25,20,10.0,7.84,4.0,8.0,80.0,8.0
1370,0.675,8,0,29,21,10.0,6.75,0.0,0.0,96.55172413793103,3.4482758620689653
1371,0.788,7,0,32,25,10.0,7.88,0.0,0.0,100.0,0.0
1372,0.684,7,0,27,20,10.0,6.84,0.0,0.0,88.88888888888889,11.11111111111111
1373,0.566,10,0,30,20,10.0,5.66,3.3333333333333335,0.0,93.33333333333333,3.3333333333333335
1374,0.696,7,0,29,22,10.0,6.96,0.0,0.0,82.75862068965517,17.24137931034483
1375,0.608,9,0,26,17,10.0,6.08,3.8461538461538463,34.61538461538461,57.692307692307686,3.8461538461538463
1376,0.715,7,0,29,22,10.0,7.15,0.0,0.0,93.10344827586206,6.896551724137931
1377,0.76,4,0,21,17,10.0,7.6,0.0,23.809523809523807,52.38095238095239,23.809523809523807
1378,0.78,6,0,35,29,10.0,7.8,0.0,5.714285714285714,74.28571428571429,20.0
1379,0.8,3,0,26,23,10.0,8.0,11.538461538461538,0.0,84.61538461538461,3.8461538461538463
1380,0.67,9,0,28,19,10.0,6.7,71.42857142857143,0.0,21.428571428571427,7.142857142857142
1381,0.834,6,0,29,23,10.0,8.34,13.793103448275861,0.0,75.86206896551724,10.344827586206897
1382,0.824,7,0,37,30,10.0,8.24,16.216216216216218,0.0,72.97297297297297,10.81081081081081
1383,0.784,7,0,35,28,10.0,7.84,8.571428571428571,0.0,60.0,31.428571428571427
1384,0.69,6,0,24,18,10.0,6.9,8.333333333333332,33.33333333333333,58.333333333333336,0.0
1385,0.668,7,0,27,20,10.0,6.68,0.0,0.0,100.0,0.0
1386,0.67,7,0,31,24,10.0,6.7,0.0,6.451612903225806,87.09677419354838,6.451612903225806
1387,0.825,3,0,17,14,10.0,8.25,0.0,17.647058823529413,52.94117647058824,29.411764705882355
1388,0.86,4,0,30,26,10.0,8.6,10.0,10.0,53.333333333333336,26.666666666666668
1389,0.573,10,0,29,19,10.0,5.73,3.4482758620689653,0.0,96.55172413793103,0.0
1390,0.69,5,0,23,18,10.0,6.9,8.695652173913043,0.0,86.95652173913044,4.3478260869565215
1391,0.658,6,0,22,16,10.0,6.58,0.0,0.0,95.45454545454545,4.545454545454546
1392,0.739,5,0,28,23,10.0,7.39,0.0,57.14285714285714,39.285714285714285,3.571428571428571
1393,0.76,8,0,31,23,10.0,7.6,6.451612903225806,9.67741935483871,83.87096774193549,0.0
1394,0.722,7,0,34,27,10.0,7.22,0.0,73.52941176470588,26.47058823529412,0.0
1395,0.79,5,0,28,23,10.0,7.9,0.0,0.0,89.28571428571429,10.714285714285714
1396,0.745,6,0,28,22,10.0,7.45,3.571428571428571,0.0,96.42857142857143,0.0
1397,0.606,9,0,28,19,10.0,6.06,0.0,21.428571428571427,50.0,28.57142857142857
1398,0.685,7,0,23,16,10.0,6.85,4.3478260869565215,0.0,91.30434782608695,4.3478260869565215
1399,0.664,7,0,33,26,10.0,6.64,0.0,0.0,96.96969696969697,3.0303030303030303
1400,0.578,9,0,26,17,10.0,5.78,3.8461538461538463,0.0,96.15384615384616,0.0
1401,0.688,5,0,25,20,10.0,6.88,0.0,4.0,96.0,0.0
1402,0.644,7,0,28,21,10.0,6.44,0.0,0.0,100.0,0.0
1403,0.752,6,0,25,19,10.0,7.52,36.0,0.0,64.0,0.0
1404,0.621,9,0,30,21,10.0,6.21,3.3333333333333335,3.3333333333333335,83.33333333333334,10.0
1405,0.753,6,0,33,27,10.0,7.53,0.0,57.57575757575758,30.303030303030305,12.121212121212121
1406,0.732,6,0,28,22,10.0,7.32,0.0,0.0,92.85714285714286,7.142857142857142
1407,0.714,9,0,40,31,10.0,7.14,0.0,75.0,25.0,0.0
1408,0.82,3,0,22,19,10.0,8.2,18.181818181818183,45.45454545454545,31.818181818181817,4.545454545454546
1409,0.683,7,0,32,25,10.0,6.83,12.5,12.5,46.875,28.125
1410,0.644,10,0,41,31,10.0,6.44,2.4390243902439024,56.09756097560976,41.46341463414634,0.0
1411,0.534,10,0,29,19,10.0,5.34,0.0,0.0,96.55172413793103,3.4482758620689653
1412,0.8,4,0,24,20,10.0,8.0,8.333333333333332,20.833333333333336,66.66666666666666,4.166666666666666
1413,0.736,7,0,43,36,10.0,7.36,2.3255813953488373,2.3255813953488373,95.34883720930233,0.0
1414,0.719,6,0,25,19,10.0,7.19,4.0,12.0,44.0,40.0
1415,0.72,8,0,28,20,10.0,7.2,0.0,32.142857142857146,39.285714285714285,28.57142857142857
1416,0.628,8,0,33,25,10.0,6.28,0.0,0.0,96.96969696969697,3.0303030303030303
1417,0.728,5,0,29,24,10.0,7.28,13.793103448275861,41.37931034482759,27.586206896551722,17.24137931034483
1418,0.852,6,0,30,24,10.0,8.52,26.666666666666668,0.0,66.66666666666666,6.666666666666667
1419,0.676,8,0,26,18,10.0,6.76,0.0,65.38461538461539,30.76923076923077,3.8461538461538463
1420,0.74,7,0,27,20,10.0,7.4,0.0,3.7037037037037033,70.37037037037037,25.925925925925924
1421,0.691,7,0,27,20,10.0,6.91,0.0,62.96296296296296,29.629629629629626,7.4074074074074066
1422,0.815,6,0,30,24,10.0,8.15,26.666666666666668,0.0,56.666666666666664,16.666666666666664
1423,0.59,9,0,30,21,10.0,5.9,0.0,50.0,50.0,0.0
1424,0.802,5,0,29,24,10.0,8.02,0.0,17.24137931034483,48.275862068965516,34.48275862068966
1425,0.695,6,0,18,12,10.0,6.95,0.0,0.0,88.88888888888889,11.11111111111111
1426,0.696,6,0,22,16,10.0,6.96,4.545454545454546,18.181818181818183,59.09090909090909,18.181818181818183
1427,0.622,9,0,26,17,10.0,6.22,0.0,19.230769230769234,73.07692307692307,7.6923076923076925
1428,0.68,5,0,19,14,10.0,6.8,0.0,26.31578947368421,68.42105263157895,5.263157894736842
1429,0.808,4,0,36,32,10.0,8.08,5.555555555555555,58.333333333333336,36.11111111111111,0.0
1430,0.685,5,0,29,24,10.0,6.85,6.896551724137931,0.0,93.10344827586206,0.0
1431,0.623,7,0,29,22,10.0,6.23,10.344827586206897,0.0,89.65517241379311,0.0
1432,0.744,8,0,35,27,10.0,7.44,0.0,8.571428571428571,88.57142857142857,2.857142857142857
1433,0.84,6,0,31,25,10.0,8.4,3.225806451612903,0.0,61.29032258064516,35.483870967741936
1434,0.74,5,0,16,11,10.0,7.4,6.25,56.25,37.5,0.0
1435,0.585,8,0,27,19,10.0,5.85,0.0,0.0,96.29629629629629,3.7037037037037033
1436,0.664,6,0,27,21,10.0,6.64,0.0,0.0,85.18518518518519,14.814814814814813
1437,0.685,6,0,26,20,10.0,6.85,7.6923076923076925,23.076923076923077,65.38461538461539,3.8461538461538463
1438,0.71,6,0,28,22,10.0,7.1,0.0,0.0,92.85714285714286,7.142857142857142
1439,0.704,10,0,30,20,10.0,7.04,6.666666666666667,60.0,33.33333333333333,0.0
1440,0.705,5,0,21,16,10.0,7.05,0.0,0.0,90.47619047619048,9.523809523809524
1441,0.76,5,0,25,20,10.0,7.6,0.0,60.0,32.0,8.0
1442,0.86,3,0,19,16,10.0,8.6,26.31578947368421,26.31578947368421,36.84210526315789,10.526315789473683
1443,0.695,7,0,26,19,10.0,6.95,0.0,0.0,92.3076923076923,7.6923076923076925
1444,0.78,5,0,24,19,10.0,7.8,4.166666666666666,12.5,41.66666666666667,41.66666666666667
1445,0.778,6,0,32,26,10.0,7.78,6.25,28.125,59.375,6.25
1446,0.664,8,0,28,20,10.0,6.64,7.142857142857142,25.0,64.28571428571429,3.571428571428571
1447,0.69,7,0,23,16,10.0,6.9,0.0,0.0,100.0,0.0
1448,0.656,8,0,32,24,10.0,6.56,0.0,0.0,96.875,3.125
1449,0.776,5,0,29,24,10.0,7.76,0.0,0.0,100.0,0.0
1450,0.712,5,0,22,17,10.0,7.12,0.0,4.545454545454546,86.36363636363636,9.090909090909092
1451,0.652,8,0,26,18,10.0,6.52,0.0,7.6923076923076925,92.3076923076923,0.0
1452,0.78,6,0,29,23,10.0,7.8,0.0,10.344827586206897,62.06896551724138,27.586206896551722
1453,0.673,8,0,25,17,10.0,6.73,4.0,56.00000000000001,36.0,4.0
1454,0.736,6,0,34,28,10.0,7.36,0.0,38.23529411764706,61.76470588235294,0.0
1455,0.725,4,0,19,15,10.0,7.25,0.0,42.10526315789473,31.57894736842105,26.31578947368421
1456,0.616,8,0,24,16,9.0,6.16,0.0,0.0,62.5,37.5
1457,0.812,5,0,35,30,10.0,8.12,0.0,71.42857142857143,28.57142857142857,0.0
1458,0.643,12,0,34,22,10.0,6.43,0.0,0.0,91.17647058823529,8.823529411764707
1459,0.6,9,0,24,15,10.0,6.0,0.0,0.0,95.83333333333334,4.166666666666666
1460,0.692,7,0,31,24,10.0,6.92,12.903225806451612,29.03225806451613,58.06451612903226,0.0
1461,0.73,6,0,19,13,10.0,7.3,26.31578947368421,21.052631578947366,42.10526315789473,10.526315789473683
1462,0.804,5,0,28,23,10.0,8.04,3.571428571428571,21.428571428571427,42.857142857142854,32.142857142857146
1463,0.626,9,0,30,21,10.0,6.26,0.0,0.0,96.66666666666667,3.3333333333333335
1464,0.779,6,0,26,20,10.0,7.79,19.230769230769234,0.0,80.76923076923077,0.0
1465,0.658,7,0,37,30,10.0,6.58,0.0,0.0,94.5945945945946,5.405405405405405
1466,0.696,7,0,26,19,10.0,6.96,23.076923076923077,23.076923076923077,50.0,3.8461538461538463
1467,0.78,4,0,18,14,10.0,7.8,0.0,16.666666666666664,61.111111111111114,22.22222222222222
1468,0.692,5,0,25,20,10.0,6.92,0.0,0.0,92.0,8.0
1469,0.622,7,0,25,18,10.0,6.22,12.0,24.0,64.0,0.0
1470,0.749,11,0,33,22,10.0,7.49,30.303030303030305,33.33333333333333,36.36363636363637,0.0
1471,0.632,8,0,24,16,10.0,6.32,0.0,0.0,79.16666666666666,20.833333333333336
1472,0.825,3,0,19,16,10.0,8.25,0.0,36.84210526315789,57.89473684210527,5.263157894736842
1473,0.689,7,0,32,25,10.0,6.89,0.0,0.0,100.0,0.0
1474,0.685,6,0,28,22,10.0,6.85,0.0,3.571428571428571,96.42857142857143,0.0
1475,0.628,9,0,26,17,10.0,6.28,0.0,0.0,96.15384615384616,3.8461538461538463
1476,0.724,8,0,29,21,10.0,7.24,3.4482758620689653,17.24137931034483,55.172413793103445,24.137931034482758
1477,0.725,4,0,19,15,10.0,7.25,0.0,31.57894736842105,68.42105263157895,0.0
1478,0.646,8,0,36,28,10.0,6.46,2.7777777777777777,5.555555555555555,83.33333333333334,8.333333333333332
1479,0.75,4,0,21,17,10.0,7.5,0.0,0.0,100.0,0.0
1480,0.75,5,0,21,16,10.0,7.5,9.523809523809524,33.33333333333333,57.14285714285714,0.0
1481,0.62,10,0,25,15,10.0,6.2,0.0,0.0,100.0,0.0
1482,0.755,4,0,22,18,10.0,7.55,0.0,0.0,95.45454545454545,4.545454545454546
1483,0.674,9,0,30,21,10.0,6.74,43.333333333333336,0.0,56.666666666666664,0.0
1484,0.697,7,0,29,22,10.0,6.97,0.0,0.0,93.10344827586206,6.896551724137931
1485,0.8,3,0,19,16,10.0,8.0,21.052631578947366,21.052631578947366,57.89473684210527,0.0
1486,0.8,4,0,19,15,10.0,8.0,0.0,10.526315789473683,68.42105263157895,21.052631578947366
1487,0.808,4,0,29,25,10.0,8.08,13.793103448275861,13.793103448275861,58.620689655172406,13.793103448275861
1488,0.744,8,0,37,29,10.0,7.44,0.0,0.0,94.5945945945946,5.405405405405405
1489,0.894,4,0,36,32,10.0,8.94,0.0,16.666666666666664,52.77777777777778,30.555555555555557
1490,0.745,6,0,27,21,10.0,7.45,18.51851851851852,22.22222222222222,55.55555555555556,3.7037037037037033
1491,0.694,8,0,32,24,10.0,6.94,31.25,0.0,62.5,6.25
1492,0.54,8,0,26,18,10.0,5.4,0.0,0.0,100.0,0.0
1493,0.78,8,0,43,35,10.0,7.8,0.0,18.6046511627907,65.11627906976744,16.27906976744186
1494,0.664,8,0,35,27,10.0,6.64,0.0,0.0,100.0,0.0
1495,0.71,7,0,29,22,10.0,7.1,0.0,0.0,93.10344827586206,6.896551724137931
1496,0.679,6,0,22,16,10.0,6.79,0.0,72.72727272727273,18.181818181818183,9.090909090909092
1497,0.62,7,0,23,16,10.0,6.2,0.0,0.0,95.65217391304348,4.3478260869565215
1498,0.635,6,0,19,13,10.0,6.35,0.0,0.0,89.47368421052632,10.526315789473683
1499,0.725,6,0,32,26,10.0,7.25,0.0,0.0,84.375,15.625
1500,0.7,5,0,27,22,10.0,7.0,0.0,70.37037037037037,18.51851851851852,11.11111111111111
1501,0.616,10,0,27,17,10.0,6.16,18.51851851851852,51.85185185185185,25.925925925925924,3.7037037037037033
1502,0.648,7,0,31,24,10.0,6.48,0.0,0.0,100.0,0.0
1503,0.727,6,0,26,20,10.0,7.27,0.0,0.0,88.46153846153845,11.538461538461538
1504,0.528,11,0,29,18,10.0,5.28,0.0,0.0,100.0,0.0
1505,0.8,5,0,25,20,10.0,8.0,40.0,0.0,60.0,0.0
1506,0.66,9,0,32,23,10.0,6.6,0.0,0.0,100.0,0.0
1507,0.536,10,0,28,18,10.0,5.36,0.0,0.0,100.0,0.0
1508,0.614,8,0,31,23,10.0,6.14,3.225806451612903,12.903225806451612,70.96774193548387,12.903225806451612
1509,0.66,6,0,19,13,10.0,6.6,0.0,0.0,94.73684210526315,5.263157894736842
1510,0.594,10,0,28,18,10.0,5.94,0.0,0.0,100.0,0.0
1511,0.644,7,0,22,15,10.0,6.44,0.0,50.0,27.27272727272727,22.727272727272727
1512,0.683,6,0,28,22,10.0,6.83,3.571428571428571,3.571428571428571,92.85714285714286,0.0
1513,0.8,4,0,26,22,10.0,8.0,0.0,38.46153846153847,42.30769230769231,19.230769230769234
1514,0.728,6,0,30,24,10.0,7.28,16.666666666666664,43.333333333333336,40.0,0.0
1515,0.65,5,0,24,19,10.0,6.5,0.0,0.0,100.0,0.0
1516,0.736,9,0,32,23,10.0,7.36,3.125,0.0,96.875,0.0
1517,0.58,11,0,33,22,10.0,5.8,0.0,0.0,100.0,0.0
1518,0.614,10,0,34,24,10.0,6.14,0.0,0.0,97.05882352941177,2.941176470588235
1519,0.56,6,0,17,11,10.0,5.6,0.0,23.52941176470588,64.70588235294117,11.76470588235294
1520,0.61,8,0,22,14,10.0,6.1,0.0,22.727272727272727,77.27272727272727,0.0
1521,0.795,4,0,18,14,10.0,7.95,0.0,44.44444444444444,27.77777777777778,27.77777777777778
1522,0.79,4,0,20,16,10.0,7.9,0.0,35.0,55.00000000000001,10.0
1523,0.667,7,0,26,19,10.0,6.67,0.0,57.692307692307686,42.30769230769231,0.0
1524,0.648,6,0,33,27,10.0,6.48,0.0,0.0,96.96969696969697,3.0303030303030303
1525,0.835,3,0,18,15,10.0,8.35,0.0,0.0,83.33333333333334,16.666666666666664
1526,0.8,3,0,17,14,10.0,8.0,0.0,5.88235294117647,76.47058823529412,17.647058823529413
1527,0.75,4,0,18,14,10.0,7.5,0.0,5.555555555555555,66.66666666666666,27.77777777777778
1528,0.675,5,0,27,22,10.0,6.75,0.0,55.55555555555556,40.74074074074074,3.7037037037037033
1529,0.695,5,0,20,15,10.0,6.95,0.0,0.0,100.0,0.0
1530,0.672,6,0,27,21,10.0,6.72,33.33333333333333,0.0,55.55555555555556,11.11111111111111
1531,0.76,6,0,28,22,10.0,7.6,0.0,0.0,78.57142857142857,21.428571428571427
1532,0.756,6,0,28,22,10.0,7.56,25.0,0.0,64.28571428571429,10.714285714285714
1533,0.85,4,0,26,22,10.0,8.5,0.0,15.384615384615385,57.692307692307686,26.923076923076923
1534,0.72,6,0,27,21,10.0,7.2,0.0,37.03703703703704,44.44444444444444,18.51851851851852
1535,0.72,5,0,28,23,10.0,7.2,3.571428571428571,0.0,96.42857142857143,0.0
1536,0.61,8,0,26,18,10.0,6.1,0.0,0.0,100.0,0.0
1537,0.64,9,0,34,25,10.0,6.4,0.0,52.94117647058824,41.17647058823529,5.88235294117647
1538,0.828,4,0,25,21,10.0,8.28,8.0,4.0,80.0,8.0
1539,0.67,7,0,19,12,10.0,6.7,0.0,0.0,100.0,0.0
1540,0.651,9,0,29,20,10.0,6.51,0.0,0.0,100.0,0.0
1541,0.915,3,0,20,17,10.0,9.15,0.0,15.0,35.0,50.0
1542,0.672,8,0,29,21,10.0,6.72,0.0,0.0,100.0,0.0
1543,0.776,6,0,32,26,10.0,7.76,0.0,37.5,50.0,12.5
1544,0.753,6,0,30,24,10.0,7.53,0.0,0.0,80.0,20.0
1545,0.692,7,0,24,17,10.0,6.92,0.0,8.333333333333332,91.66666666666666,0.0
1546,0.78,6,0,31,25,10.0,7.8,0.0,0.0,100.0,0.0
1547,0.65,7,0,30,23,10.0,6.5,0.0,0.0,96.66666666666667,3.3333333333333335
1548,0.625,9,0,33,24,10.0,6.25,3.0303030303030303,0.0,96.96969696969697,0.0
1549,0.84,3,0,18,15,10.0,8.4,5.555555555555555,5.555555555555555,61.111111111111114,27.77777777777778
1550,0.72,4,0,19,15,10.0,7.2,0.0,5.263157894736842,89.47368421052632,5.263157894736842
1551,0.693,7,0,33,26,10.0,6.93,0.0,0.0,100.0,0.0
1552,0.728,7,0,30,23,10.0,7.28,0.0,46.666666666666664,53.333333333333336,0.0
1553,0.772,4,0,27,23,10.0,7.72,3.7037037037037033,25.925925925925924,70.37037037037037,0.0
1554,0.682,7,0,24,17,10.0,6.82,0.0,0.0,95.83333333333334,4.166666666666666
1555,0.76,5,0,22,17,10.0,7.6,0.0,0.0,68.18181818181817,31.818181818181817
1556,0.535,13,0,28,15,10.0,5.35,0.0,0.0,100.0,0.0
1557,0.738,9,0,41,32,10.0,7.38,0.0,0.0,85.36585365853658,14.634146341463413
1558,0.778,5,0,26,21,10.0,7.78,0.0,3.8461538461538463,92.3076923076923,3.8461538461538463
1559,0.701,7,0,27,20,10.0,7.01,33.33333333333333,0.0,66.66666666666666,0.0
1560,0.784,6,0,36,30,10.0,7.84,2.7777777777777777,2.7777777777777777,83.33333333333334,11.11111111111111
1561,0.695,6,0,22,16,10.0,6.95,0.0,13.636363636363635,72.72727272727273,13.636363636363635
1562,0.624,7,0,31,24,10.0,6.24,25.806451612903224,0.0,74.19354838709677,0.0
1563,0.728,8,0,31,23,10.0,7.28,0.0,12.903225806451612,83.87096774193549,3.225806451612903
1564,0.624,8,0,29,21,10.0,6.24,0.0,0.0,93.10344827586206,6.896551724137931
1565,0.785,4,0,21,17,10.0,7.85,0.0,23.809523809523807,66.66666666666666,9.523809523809524
1566,0.784,6,0,23,17,10.0,7.84,8.695652173913043,0.0,82.6086956521739,8.695652173913043
1567,0.752,5,0,32,27,10.0,7.52,0.0,50.0,40.625,9.375
1568,0.703,8,0,26,18,10.0,7.03,0.0,0.0,88.46153846153845,11.538461538461538
1569,0.706,9,0,39,30,10.0,7.06,0.0,38.46153846153847,58.97435897435898,2.564102564102564
1570,0.645,5,0,22,17,10.0,6.45,0.0,27.27272727272727,72.72727272727273,0.0
1571,0.724,8,0,29,21,10.0,7.24,13.793103448275861,3.4482758620689653,72.41379310344827,10.344827586206897
1572,0.796,6,0,21,15,10.0,7.96,4.761904761904762,71.42857142857143,19.047619047619047,4.761904761904762
1573,0.81,5,0,26,21,10.0,8.1,0.0,0.0,88.46153846153845,11.538461538461538
1574,0.712,6,0,30,24,10.0,7.12,3.3333333333333335,46.666666666666664,50.0,0.0
1575,0.778,5,0,32,27,10.0,7.78,0.0,0.0,100.0,0.0
1576,0.874,4,0,32,28,10.0,8.74,0.0,40.625,40.625,18.75
1577,0.776,6,0,29,23,10.0,7.76,24.137931034482758,3.4482758620689653,72.41379310344827,0.0
1578,0.721,8,0,23,15,10.0,7.21,0.0,0.0,100.0,0.0
1579,0.736,6,0,29,23,10.0,7.36,3.4482758620689653,13.793103448275861,79.3103448275862,3.4482758620689653
1580,0.644,7,0,31,24,10.0,6.44,0.0,0.0,96.7741935483871,3.225806451612903
1581,0.785,6,0,32,26,10.0,7.85,0.0,28.125,40.625,31.25
1582,0.68,7,0,32,25,10.0,6.8,0.0,0.0,84.375,15.625
1583,0.568,9,0,27,18,10.0,5.68,0.0,0.0,92.5925925925926,7.4074074074074066
1584,0.672,9,0,28,19,10.0,6.72,0.0,0.0,96.42857142857143,3.571428571428571
1585,0.756,7,0,31,24,10.0,7.56,0.0,0.0,67.74193548387096,32.25806451612903
1586,0.724,7,0,29,22,10.0,7.24,0.0,0.0,82.75862068965517,17.24137931034483
1587,0.845,4,0,21,17,10.0,8.45,28.57142857142857,23.809523809523807,38.095238095238095,9.523809523809524
1588,0.786,7,0,36,29,10.0,7.86,0.0,30.555555555555557,33.33333333333333,36.11111111111111
1589,0.668,7,0,30,23,10.0,6.68,13.333333333333334,3.3333333333333335,83.33333333333334,0.0
1590,0.766,6,0,28,22,10.0,7.66,0.0,0.0,75.0,25.0
1591,0.67,4,0,15,11,10.0,6.7,0.0,20.0,73.33333333333333,6.666666666666667
1592,0.76,5,0,20,15,10.0,7.6,5.0,50.0,45.0,0.0
1593,0.72,7,0,33,26,10.0,7.2,0.0,3.0303030303030303,96.96969696969697,0.0
1594,0.775,4,0,17,13,10.0,7.75,5.88235294117647,35.294117647058826,29.411764705882355,29.411764705882355
1595,0.754,6,0,30,24,10.0,7.54,6.666666666666667,0.0,93.33333333333333,0.0
1596,0.7,5,0,19,14,10.0,7.0,5.263157894736842,42.10526315789473,47.368421052631575,5.263157894736842
1597,0.679,8,0,24,16,10.0,6.79,4.166666666666666,0.0,91.66666666666666,4.166666666666666
1598,0.733,8,0,33,25,10.0,7.33,33.33333333333333,9.090909090909092,54.54545454545454,3.0303030303030303
1599,0.674,8,0,27,19,9.0,6.74,7.4074074074074066,0.0,85.18518518518519,7.4074074074074066
1600,0.654,8,0,26,18,10.0,6.54,0.0,0.0,96.15384615384616,3.8461538461538463
1601,0.71,5,0,25,20,10.0,7.1,0.0,4.0,92.0,4.0
1602,0.772,6,0,30,24,10.0,7.72,0.0,33.33333333333333,43.333333333333336,23.333333333333332
1603,0.67,9,0,27,18,10.0,6.7,0.0,3.7037037037037033,92.5925925925926,3.7037037037037033
1604,0.805,5,0,23,18,10.0,8.05,17.391304347826086,30.434782608695656,47.82608695652174,4.3478260869565215
1605,0.712,6,0,28,22,10.0,7.12,3.571428571428571,7.142857142857142,89.28571428571429,0.0
1606,0.668,7,0,25,18,10.0,6.68,8.0,0.0,84.0,8.0
1607,0.745,6,0,24,18,10.0,7.45,0.0,0.0,62.5,37.5
1608,0.845,4,0,18,14,10.0,8.45,22.22222222222222,22.22222222222222,44.44444444444444,11.11111111111111
1609,0.68,7,0,28,21,10.0,6.8,0.0,0.0,92.85714285714286,7.142857142857142
1610,0.68,6,0,22,16,10.0,6.8,0.0,0.0,100.0,0.0
1611,0.558,10,0,29,19,10.0,5.58,3.4482758620689653,0.0,96.55172413793103,0.0
1612,0.725,4,0,19,15,10.0,7.25,21.052631578947366,0.0,78.94736842105263,0.0
1613,0.84,3,0,22,19,10.0,8.4,0.0,0.0,95.45454545454545,4.545454545454546
1614,0.757,5,0,18,13,10.0,7.57,0.0,55.55555555555556,33.33333333333333,11.11111111111111
1615,0.636,9,0,29,20,10.0,6.36,0.0,0.0,93.10344827586206,6.896551724137931
1616,0.728,7,0,28,21,10.0,7.28,3.571428571428571,0.0,82.14285714285714,14.285714285714285
1617,0.916,3,0,31,28,10.0,9.16,0.0,3.225806451612903,64.51612903225806,32.25806451612903
1618,0.9,3,0,22,19,10.0,9.0,0.0,0.0,36.36363636363637,63.63636363636363
1619,0.796,6,0,35,29,10.0,7.96,34.285714285714285,0.0,65.71428571428571,0.0
1620,0.722,7,0,29,22,10.0,7.22,0.0,10.344827586206897,79.3103448275862,10.344827586206897
1621,0.691,8,0,26,18,10.0,6.91,19.230769230769234,46.15384615384615,26.923076923076923,7.6923076923076925
1622,0.732,8,0,33,25,10.0,7.32,15.151515151515152,0.0,84.84848484848484,0.0
1623,0.77,4,0,22,18,10.0,7.7,0.0,9.090909090909092,54.54545454545454,36.36363636363637
1624,0.84,3,0,21,18,10.0,8.4,14.285714285714285,33.33333333333333,38.095238095238095,14.285714285714285
1625,0.664,7,0,27,20,10.0,6.64,0.0,14.814814814814813,81.48148148148148,3.7037037037037033
1626,0.677,8,0,35,27,10.0,6.77,0.0,2.857142857142857,88.57142857142857,8.571428571428571
1627,0.648,8,0,24,16,10.0,6.48,0.0,16.666666666666664,58.333333333333336,25.0
1628,0.675,13,0,38,25,10.0,6.75,5.263157894736842,10.526315789473683,44.73684210526316,39.473684210526315
1629,0.792,4,0,28,24,10.0,7.92,7.142857142857142,21.428571428571427,46.42857142857143,25.0
1630,0.682,9,0,31,22,10.0,6.82,0.0,0.0,100.0,0.0
1631,0.848,5,0,38,33,10.0,8.48,0.0,26.31578947368421,55.26315789473685,18.421052631578945
1632,0.68,7,0,31,24,10.0,6.8,32.25806451612903,6.451612903225806,54.83870967741935,6.451612903225806
1633,0.702,7,0,30,23,10.0,7.02,0.0,13.333333333333334,86.66666666666667,0.0
1634,0.86,3,0,21,18,10.0,8.6,14.285714285714285,0.0,71.42857142857143,14.285714285714285
1635,0.817,7,0,29,22,10.0,8.17,0.0,24.137931034482758,55.172413793103445,20.689655172413794
1636,0.856,5,0,37,32,10.0,8.56,5.405405405405405,37.83783783783784,43.24324324324324,13.513513513513514
1637,0.727,7,0,29,22,10.0,7.27,0.0,62.06896551724138,20.689655172413794,17.24137931034483
1638,0.664,6,0,27,21,10.0,6.64,37.03703703703704,0.0,62.96296296296296,0.0
1639,0.73,7,0,26,19,10.0,7.3,0.0,0.0,96.15384615384616,3.8461538461538463
1640,0.724,9,0,32,23,10.0,7.24,12.5,0.0,87.5,0.0
1641,0.653,6,0,30,24,10.0,6.53,0.0,43.333333333333336,50.0,6.666666666666667
1642,0.769,7,0,35,28,10.0,7.69,0.0,42.857142857142854,54.285714285714285,2.857142857142857
1643,0.735,5,0,28,23,10.0,7.35,0.0,53.57142857142857,35.714285714285715,10.714285714285714
1644,0.612,11,0,32,21,10.0,6.12,0.0,3.125,87.5,9.375
1645,0.812,7,0,40,33,10.0,8.12,10.0,45.0,42.5,2.5
1646,0.715,5,0,24,19,10.0,7.15,0.0,0.0,100.0,0.0
1647,0.822,5,0,42,37,10.0,8.22,16.666666666666664,9.523809523809524,64.28571428571429,9.523809523809524
1648,0.62,9,0,28,19,10.0,6.2,46.42857142857143,0.0,50.0,3.571428571428571
1649,0.71,6,0,21,15,10.0,7.1,4.761904761904762,0.0,95.23809523809523,0.0
1650,0.692,6,0,22,16,10.0,6.92,0.0,40.909090909090914,36.36363636363637,22.727272727272727
1651,0.706,6,0,26,20,10.0,7.06,0.0,0.0,96.15384615384616,3.8461538461538463
1652,0.792,7,0,46,39,10.0,7.92,15.217391304347828,6.521739130434782,73.91304347826086,4.3478260869565215
1653,0.754,12,0,44,32,10.0,7.54,0.0,0.0,97.72727272727273,2.272727272727273
1654,0.878,5,0,28,23,10.0,8.78,10.714285714285714,39.285714285714285,50.0,0.0
1655,0.648,7,0,32,25,10.0,6.48,3.125,28.125,68.75,0.0
1656,0.8,3,0,19,16,10.0,8.0,5.263157894736842,42.10526315789473,36.84210526315789,15.789473684210526
1657,0.769,7,0,28,21,10.0,7.69,0.0,25.0,60.71428571428571,14.285714285714285
1658,0.8,9,0,35,26,10.0,8.0,28.57142857142857,0.0,54.285714285714285,17.142857142857142
1659,0.696,6,0,34,28,10.0,6.96,8.823529411764707,0.0,91.17647058823529,0.0
1660,0.724,9,0,34,25,10.0,7.24,41.17647058823529,2.941176470588235,47.05882352941176,8.823529411764707
1661,0.69,7,0,31,24,10.0,6.9,3.225806451612903,16.129032258064516,77.41935483870968,3.225806451612903
1662,0.515,7,0,23,16,10.0,5.15,0.0,0.0,100.0,0.0
1663,0.693,6,0,26,20,10.0,6.93,3.8461538461538463,0.0,96.15384615384616,0.0
1664,0.84,3,0,20,17,10.0,8.4,5.0,35.0,40.0,20.0
1665,0.682,7,0,28,21,10.0,6.82,0.0,60.71428571428571,39.285714285714285,0.0
1666,0.672,6,0,28,22,10.0,6.72,0.0,0.0,100.0,0.0
1667,0.71,5,0,24,19,10.0,7.1,0.0,8.333333333333332,70.83333333333334,20.833333333333336
1668,0.704,6,0,28,22,10.0,7.04,3.571428571428571,0.0,78.57142857142857,17.857142857142858
1669,0.91,3,0,15,12,10.0,9.1,6.666666666666667,73.33333333333333,20.0,0.0
1670,0.65,4,0,18,14,10.0,6.5,0.0,50.0,27.77777777777778,22.22222222222222
1671,0.74,6,0,32,26,10.0,7.4,0.0,0.0,100.0,0.0
1672,0.645,6,0,20,14,10.0,6.45,5.0,5.0,90.0,0.0
1673,0.708,6,0,27,21,10.0,7.08,0.0,18.51851851851852,51.85185185185185,29.629629629629626
1674,0.677,9,0,32,23,10.0,6.77,0.0,31.25,62.5,6.25
1675,0.68,9,0,26,17,10.0,6.8,3.8461538461538463,0.0,84.61538461538461,11.538461538461538
1676,0.792,5,0,29,24,10.0,7.92,0.0,3.4482758620689653,82.75862068965517,13.793103448275861
1677,0.664,8,0,27,19,10.0,6.64,7.4074074074074066,0.0,85.18518518518519,7.4074074074074066
1678,0.664,7,0,34,27,10.0,6.64,41.17647058823529,2.941176470588235,55.88235294117647,0.0
1679,0.697,8,0,28,20,10.0,6.97,0.0,0.0,96.42857142857143,3.571428571428571
1680,0.72,5,0,19,14,10.0,7.2,0.0,0.0,78.94736842105263,21.052631578947366
1681,0.786,6,0,22,16,10.0,7.86,40.909090909090914,0.0,54.54545454545454,4.545454545454546
1682,0.588,12,0,30,18,10.0,5.88,0.0,0.0,86.66666666666667,13.333333333333334
1683,0.57,9,0,31,22,10.0,5.7,0.0,19.35483870967742,77.41935483870968,3.225806451612903
1684,0.6,5,0,16,11,10.0,6.0,0.0,0.0,93.75,6.25
1685,0.777,4,0,28,24,10.0,7.77,0.0,7.142857142857142,82.14285714285714,10.714285714285714
1686,0.805,4,0,17,13,10.0,8.05,0.0,70.58823529411765,23.52941176470588,5.88235294117647
1687,0.675,4,0,13,9,10.0,6.75,0.0,53.84615384615385,46.15384615384615,0.0
1688,0.828,4,0,24,20,10.0,8.28,0.0,0.0,58.333333333333336,41.66666666666667
1689,0.646,8,0,28,20,10.0,6.46,0.0,50.0,39.285714285714285,10.714285714285714
1690,0.572,9,0,28,19,10.0,5.72,3.571428571428571,0.0,96.42857142857143,0.0
1691,0.665,7,0,31,24,10.0,6.65,32.25806451612903,3.225806451612903,54.83870967741935,9.67741935483871
1692,0.552,9,0,27,18,10.0,5.52,0.0,11.11111111111111,88.88888888888889,0.0
1693,0.52,10,0,28,18,10.0,5.2,0.0,0.0,100.0,0.0
1694,0.826,6,0,31,25,10.0,8.26,0.0,0.0,74.19354838709677,25.806451612903224
1695,0.712,5,0,27,22,10.0,7.12,0.0,14.814814814814813,59.25925925925925,25.925925925925924
1696,0.576,10,0,34,24,10.0,5.76,0.0,0.0,94.11764705882352,5.88235294117647
1697,0.875,4,0,20,16,10.0,8.75,0.0,35.0,20.0,45.0
1698,0.678,7,0,27,20,10.0,6.78,25.925925925925924,40.74074074074074,29.629629629629626,3.7037037037037033
1699,0.522,8,0,27,19,10.0,5.22,0.0,0.0,100.0,0.0
1700,0.645,7,0,25,18,10.0,6.45,0.0,0.0,96.0,4.0
1701,0.672,6,0,29,23,10.0,6.72,0.0,0.0,89.65517241379311,10.344827586206897
1702,0.771,7,0,27,20,10.0,7.71,0.0,0.0,74.07407407407408,25.925925925925924
1703,0.59,10,0,29,19,10.0,5.9,0.0,0.0,96.55172413793103,3.4482758620689653
1704,0.78,4,0,20,16,10.0,7.8,0.0,0.0,45.0,55.00000000000001
1705,0.688,5,0,24,19,10.0,6.88,0.0,37.5,54.166666666666664,8.333333333333332
1706,0.74,5,0,17,12,10.0,7.4,35.294117647058826,17.647058823529413,41.17647058823529,5.88235294117647
1707,0.728,5,0,26,21,10.0,7.28,0.0,53.84615384615385,42.30769230769231,3.8461538461538463
1708,0.638,10,0,33,23,10.0,6.38,0.0,0.0,93.93939393939394,6.0606060606060606
1709,0.628,9,0,28,19,10.0,6.28,0.0,0.0,100.0,0.0
1710,0.696,8,0,32,24,10.0,6.96,0.0,3.125,93.75,3.125
1711,0.66,5,0,22,17,10.0,6.6,0.0,40.909090909090914,54.54545454545454,4.545454545454546
1712,0.681,7,0,22,15,10.0,6.81,0.0,0.0,68.18181818181817,31.818181818181817
1713,0.618,9,0,30,21,10.0,6.18,3.3333333333333335,0.0,86.66666666666667,10.0
1714,0.698,8,0,37,29,10.0,6.98,8.108108108108109,2.7027027027027026,86.48648648648648,2.7027027027027026
1715,0.644,8,0,37,29,10.0,6.44,2.7027027027027026,0.0,86.48648648648648,10.81081081081081
1716,0.772,5,0,26,21,10.0,7.72,0.0,0.0,76.92307692307693,23.076923076923077
1717,0.752,9,0,39,30,10.0,7.52,10.256410256410255,33.33333333333333,56.41025641025641,0.0
1718,0.765,4,0,19,15,10.0,7.65,5.263157894736842,0.0,89.47368421052632,5.263157894736842
1719,0.662,6,0,29,23,10.0,6.62,0.0,0.0,96.55172413793103,3.4482758620689653
1720,0.786,7,0,39,32,10.0,7.86,2.564102564102564,0.0,76.92307692307693,20.51282051282051
1721,0.744,6,0,32,26,10.0,7.44,0.0,0.0,93.75,6.25
1722,0.634,7,0,25,18,10.0,6.34,8.0,4.0,80.0,8.0
1723,0.65,6,0,18,12,10.0,6.5,0.0,5.555555555555555,94.44444444444444,0.0
1724,0.78,5,0,29,24,10.0,7.8,13.793103448275861,17.24137931034483,65.51724137931035,3.4482758620689653
1725,0.84,3,0,20,17,10.0,8.4,0.0,40.0,45.0,15.0
1726,0.7,7,0,20,13,10.0,7.0,5.0,25.0,65.0,5.0
1727,0.82,4,0,22,18,10.0,8.2,18.181818181818183,45.45454545454545,27.27272727272727,9.090909090909092
1728,0.624,8,0,27,19,10.0,6.24,0.0,0.0,100.0,0.0
1729,0.68,7,0,28,21,10.0,6.8,0.0,64.28571428571429,32.142857142857146,3.571428571428571
1730,0.688,8,0,29,21,10.0,6.88,0.0,3.4482758620689653,58.620689655172406,37.93103448275862
1731,0.772,6,0,30,24,10.0,7.72,30.0,0.0,70.0,0.0
1732,0.545,11,0,28,17,10.0,5.45,0.0,0.0,96.42857142857143,3.571428571428571
1733,0.624,8,0,32,24,10.0,6.24,6.25,0.0,93.75,0.0
1734,0.72,5,0,27,22,10.0,7.2,0.0,40.74074074074074,48.148148148148145,11.11111111111111
1735,0.768,6,0,29,23,10.0,7.68,3.4482758620689653,3.4482758620689653,68.96551724137932,24.137931034482758
1736,0.732,11,0,47,36,10.0,7.32,2.127659574468085,14.893617021276595,68.08510638297872,14.893617021276595
1737,0.769,7,0,28,21,10.0,7.69,25.0,14.285714285714285,53.57142857142857,7.142857142857142
1738,0.82,4,0,22,18,10.0,8.2,22.727272727272727,22.727272727272727,40.909090909090914,13.636363636363635
1739,0.708,7,0,32,25,10.0,7.08,6.25,12.5,81.25,0.0
1740,0.66,8,0,30,22,10.0,6.6,0.0,0.0,100.0,0.0
1741,0.71,5,0,24,19,10.0,7.1,16.666666666666664,0.0,79.16666666666666,4.166666666666666
1742,0.723,8,0,26,18,10.0,7.23,46.15384615384615,0.0,42.30769230769231,11.538461538461538
1743,0.728,6,0,23,17,10.0,7.28,0.0,65.21739130434783,26.08695652173913,8.695652173913043
1744,0.692,7,0,29,22,10.0,6.92,0.0,0.0,75.86206896551724,24.137931034482758
1745,0.608,8,0,27,19,10.0,6.08,0.0,0.0,100.0,0.0
1746,0.728,7,0,31,24,10.0,7.28,0.0,16.129032258064516,74.19354838709677,9.67741935483871
1747,0.816,6,0,37,31,10.0,8.16,0.0,18.91891891891892,43.24324324324324,37.83783783783784
1748,0.74,7,0,30,23,10.0,7.4,0.0,0.0,73.33333333333333,26.666666666666668
1749,0.736,6,0,28,22,10.0,7.36,0.0,0.0,96.42857142857143,3.571428571428571
1750,0.603,9,0,29,20,10.0,6.03,0.0,3.4482758620689653,96.55172413793103,0.0
1751,0.744,6,0,27,21,10.0,7.44,18.51851851851852,0.0,74.07407407407408,7.4074074074074066
1752,0.687,7,0,25,18,10.0,6.87,0.0,12.0,80.0,8.0
1753,0.78,6,0,39,33,10.0,7.8,0.0,17.94871794871795,51.28205128205128,30.76923076923077
1754,0.658,9,0,28,19,10.0,6.58,17.857142857142858,0.0,82.14285714285714,0.0
1755,0.644,8,0,29,21,10.0,6.44,0.0,0.0,62.06896551724138,37.93103448275862
1756,0.722,5,0,24,19,10.0,7.22,0.0,25.0,58.333333333333336,16.666666666666664
1757,0.855,3,0,20,17,10.0,8.55,40.0,5.0,55.00000000000001,0.0
1758,0.86,5,0,31,26,10.0,8.6,0.0,35.483870967741936,38.70967741935484,25.806451612903224
1759,0.8,8,0,42,34,10.0,8.0,11.904761904761903,0.0,85.71428571428571,2.380952380952381
1760,0.759,5,0,31,26,10.0,7.59,0.0,0.0,87.09677419354838,12.903225806451612
1761,0.715,10,0,40,30,10.0,7.15,20.0,0.0,77.5,2.5
1762,0.68,6,0,31,25,10.0,6.8,19.35483870967742,0.0,70.96774193548387,9.67741935483871
1763,0.772,6,0,21,15,10.0,7.72,23.809523809523807,14.285714285714285,61.904761904761905,0.0
1764,0.712,6,0,28,22,10.0,7.12,3.571428571428571,0.0,92.85714285714286,3.571428571428571
1765,0.82,4,0,19,15,10.0,8.2,5.263157894736842,0.0,52.63157894736842,42.10526315789473
1766,0.629,9,0,31,22,10.0,6.29,0.0,0.0,93.54838709677419,6.451612903225806
1767,0.776,5,0,33,28,10.0,7.76,15.151515151515152,18.181818181818183,66.66666666666666,0.0
1768,0.84,3,0,19,16,10.0,8.4,5.263157894736842,0.0,89.47368421052632,5.263157894736842
1769,0.616,9,0,27,18,10.0,6.16,3.7037037037037033,14.814814814814813,81.48148148148148,0.0
1770,0.74,4,0,20,16,10.0,7.4,20.0,35.0,40.0,5.0
1771,0.756,7,0,29,22,10.0,7.56,0.0,48.275862068965516,37.93103448275862,13.793103448275861
1772,0.615,8,0,28,20,10.0,6.15,0.0,0.0,100.0,0.0
1773,0.767,5,0,27,22,10.0,7.67,0.0,70.37037037037037,29.629629629629626,0.0
1774,0.845,4,0,24,20,10.0,8.45,45.83333333333333,12.5,37.5,4.166666666666666
1775,0.682,9,0,28,19,10.0,6.82,3.571428571428571,0.0,96.42857142857143,0.0
1776,0.599,8,0,26,18,10.0,5.99,0.0,0.0,92.3076923076923,7.6923076923076925
1777,0.62,7,0,29,22,10.0,6.2,0.0,34.48275862068966,58.620689655172406,6.896551724137931
1778,0.672,6,0,25,19,10.0,6.72,36.0,12.0,52.0,0.0
1779,0.84,4,0,21,17,10.0,8.4,38.095238095238095,0.0,52.38095238095239,9.523809523809524
1780,0.83,7,0,33,26,10.0,8.3,3.0303030303030303,3.0303030303030303,48.484848484848484,45.45454545454545
1781,0.8,3,0,21,18,10.0,8.0,0.0,57.14285714285714,28.57142857142857,14.285714285714285
1782,0.652,9,0,26,17,10.0,6.52,15.384615384615385,0.0,84.61538461538461,0.0
1783,0.655,8,0,31,23,10.0,6.55,0.0,48.38709677419355,51.61290322580645,0.0
1784,0.715,6,0,30,24,10.0,7.15,20.0,0.0,76.66666666666667,3.3333333333333335
1785,0.728,5,0,27,22,10.0,7.28,7.4074074074074066,44.44444444444444,48.148148148148145,0.0
1786,0.604,7,0,24,17,10.0,6.04,0.0,0.0,91.66666666666666,8.333333333333332
1787,0.97,2,0,16,14,10.0,9.7,0.0,43.75,31.25,25.0
1788,0.748,6,0,21,15,10.0,7.48,4.761904761904762,52.38095238095239,38.095238095238095,4.761904761904762
1789,0.628,9,0,36,27,10.0,6.28,11.11111111111111,0.0,86.11111111111111,2.7777777777777777
1790,0.76,9,0,28,19,10.0,7.6,0.0,0.0,53.57142857142857,46.42857142857143
1791,0.616,9,0,28,19,10.0,6.16,0.0,3.571428571428571,96.42857142857143,0.0
1792,0.8,4,0,25,21,10.0,8.0,0.0,0.0,100.0,0.0
1793,0.69,7,0,26,19,10.0,6.9,53.84615384615385,0.0,42.30769230769231,3.8461538461538463
1794,0.56,9,0,29,20,10.0,5.6,0.0,0.0,86.20689655172413,13.793103448275861
1795,0.665,6,0,25,19,10.0,6.65,0.0,56.00000000000001,36.0,8.0
1796,0.812,4,0,26,22,10.0,8.12,11.538461538461538,3.8461538461538463,69.23076923076923,15.384615384615385
1797,0.7,5,0,25,20,10.0,7.0,0.0,8.0,72.0,20.0
1798,0.824,7,0,40,33,10.0,8.24,0.0,65.0,35.0,0.0
1799,0.667,8,0,27,19,10.0,6.67,0.0,11.11111111111111,88.88888888888889,0.0
1800,0.748,6,0,33,27,10.0,7.48,27.27272727272727,6.0606060606060606,60.60606060606061,6.0606060606060606
1801,0.72,8,0,27,19,10.0,7.2,0.0,0.0,100.0,0.0
1802,0.776,6,0,23,17,10.0,7.76,0.0,69.56521739130434,26.08695652173913,4.3478260869565215
1803,0.808,5,0,28,23,10.0,8.08,10.714285714285714,28.57142857142857,39.285714285714285,21.428571428571427
1804,0.815,3,0,20,17,10.0,8.15,10.0,55.00000000000001,30.0,5.0
1805,0.673,8,0,31,23,10.0,6.73,0.0,22.58064516129032,74.19354838709677,3.225806451612903
1806,0.728,7,0,35,28,10.0,7.28,0.0,0.0,71.42857142857143,28.57142857142857
1807,0.748,6,0,32,26,10.0,7.48,6.25,18.75,50.0,25.0
1808,0.6,9,0,26,17,10.0,6.0,42.30769230769231,0.0,50.0,7.6923076923076925
1809,0.728,8,0,33,25,10.0,7.28,9.090909090909092,27.27272727272727,60.60606060606061,3.0303030303030303
1810,0.672,7,0,26,19,10.0,6.72,0.0,0.0,92.3076923076923,7.6923076923076925
1811,0.788,7,0,32,25,10.0,7.88,3.125,0.0,96.875,0.0
1812,0.539,9,0,29,20,10.0,5.39,0.0,0.0,100.0,0.0
1813,0.654,9,0,31,22,10.0,6.54,19.35483870967742,3.225806451612903,70.96774193548387,6.451612903225806
1814,0.85,5,0,40,35,10.0,8.5,0.0,35.0,52.5,12.5
1815,0.82,3,0,33,30,10.0,8.2,0.0,3.0303030303030303,93.93939393939394,3.0303030303030303
1816,0.62,7,0,21,14,10.0,6.2,0.0,0.0,95.23809523809523,4.761904761904762
1817,0.714,6,0,28,22,10.0,7.14,3.571428571428571,14.285714285714285,78.57142857142857,3.571428571428571
1818,0.614,8,0,25,17,10.0,6.14,0.0,4.0,92.0,4.0
1819,0.7,4,0,20,16,10.0,7.0,25.0,10.0,60.0,5.0
1820,0.745,8,0,26,18,10.0,7.45,42.30769230769231,7.6923076923076925,50.0,0.0
1821,0.87,3,0,23,20,10.0,8.7,0.0,8.695652173913043,65.21739130434783,26.08695652173913
1822,0.664,8,0,31,23,10.0,6.64,0.0,58.06451612903226,41.935483870967744,0.0
1823,0.632,9,0,30,21,10.0,6.32,0.0,0.0,100.0,0.0
1824,0.802,8,0,42,34,10.0,8.02,4.761904761904762,0.0,85.71428571428571,9.523809523809524
1825,0.796,7,0,41,34,10.0,7.96,9.75609756097561,0.0,82.92682926829268,7.317073170731707
1826,0.78,4,0,22,18,10.0,7.8,0.0,54.54545454545454,40.909090909090914,4.545454545454546
1827,0.628,6,0,27,21,10.0,6.28,0.0,40.74074074074074,51.85185185185185,7.4074074074074066
1828,0.568,8,0,31,23,10.0,5.68,0.0,16.129032258064516,80.64516129032258,3.225806451612903
1829,0.64,8,0,30,22,10.0,6.4,0.0,0.0,90.0,10.0
1830,0.728,7,0,39,32,10.0,7.28,0.0,53.84615384615385,46.15384615384615,0.0
1831,0.672,7,0,26,19,10.0,6.72,0.0,0.0,100.0,0.0
1832,0.585,11,0,30,19,10.0,5.85,6.666666666666667,0.0,90.0,3.3333333333333335
1833,0.632,7,0,27,20,10.0,6.32,0.0,0.0,92.5925925925926,7.4074074074074066
1834,0.666,7,0,29,22,10.0,6.66,0.0,0.0,93.10344827586206,6.896551724137931
1835,0.73,6,0,19,13,10.0,7.3,21.052631578947366,0.0,78.94736842105263,0.0
1836,0.685,5,0,19,14,10.0,6.85,5.263157894736842,5.263157894736842,89.47368421052632,0.0
1837,0.696,8,0,28,20,10.0,6.96,21.428571428571427,32.142857142857146,39.285714285714285,7.142857142857142
1838,0.604,10,0,28,18,10.0,6.04,0.0,10.714285714285714,89.28571428571429,0.0
1839,0.649,9,0,29,20,10.0,6.49,0.0,3.4482758620689653,93.10344827586206,3.4482758620689653
1840,0.84,3,0,22,19,10.0,8.4,9.090909090909092,31.818181818181817,36.36363636363637,22.727272727272727
1841,0.758,7,0,33,26,10.0,7.58,18.181818181818183,0.0,66.66666666666666,15.151515151515152
1842,0.784,6,0,39,33,10.0,7.84,2.564102564102564,46.15384615384615,48.717948717948715,2.564102564102564
1843,0.78,4,0,20,16,10.0,7.8,0.0,65.0,30.0,5.0
1844,0.62,9,0,26,17,9.0,6.2,0.0,0.0,100.0,0.0
1845,0.736,7,0,29,22,10.0,7.36,0.0,0.0,96.55172413793103,3.4482758620689653
1846,0.668,7,0,29,22,10.0,6.68,0.0,13.793103448275861,75.86206896551724,10.344827586206897
1847,0.728,5,0,30,25,10.0,7.28,0.0,0.0,93.33333333333333,6.666666666666667
1848,0.78,6,0,35,29,10.0,7.8,0.0,5.714285714285714,68.57142857142857,25.71428571428571
1849,0.606,9,0,26,17,10.0,6.06,0.0,0.0,88.46153846153845,11.538461538461538
1850,0.736,6,0,26,20,10.0,7.36,3.8461538461538463,0.0,88.46153846153845,7.6923076923076925
1851,0.69,8,0,31,23,10.0,6.9,0.0,0.0,96.7741935483871,3.225806451612903
1852,0.68,8,0,31,23,10.0,6.8,0.0,0.0,96.7741935483871,3.225806451612903
1853,0.86,3,0,25,22,10.0,8.6,0.0,24.0,32.0,44.0
1854,0.656,9,0,38,29,10.0,6.56,2.631578947368421,2.631578947368421,78.94736842105263,15.789473684210526
1855,0.68,7,0,34,27,10.0,6.8,0.0,0.0,97.05882352941177,2.941176470588235
1856,0.825,4,0,24,20,10.0,8.25,4.166666666666666,16.666666666666664,54.166666666666664,25.0
1857,0.732,5,0,26,21,10.0,7.32,0.0,65.38461538461539,34.61538461538461,0.0
1858,0.682,8,0,29,21,10.0,6.82,0.0,79.3103448275862,20.689655172413794,0.0
1859,0.708,7,0,30,23,10.0,7.08,0.0,0.0,90.0,10.0
1860,0.824,7,0,27,20,10.0,8.24,0.0,0.0,100.0,0.0
1861,0.88,3,0,18,15,10.0,8.8,33.33333333333333,16.666666666666664,38.88888888888889,11.11111111111111
1862,0.8,4,0,22,18,10.0,8.0,4.545454545454546,59.09090909090909,27.27272727272727,9.090909090909092
1863,0.76,8,0,30,22,10.0,7.6,0.0,66.66666666666666,13.333333333333334,20.0
1864,0.815,4,0,22,18,10.0,8.15,13.636363636363635,22.727272727272727,50.0,13.636363636363635
1865,0.744,6,0,24,18,10.0,7.44,0.0,58.333333333333336,33.33333333333333,8.333333333333332
1866,0.74,5,0,28,23,10.0,7.4,0.0,7.142857142857142,92.85714285714286,0.0
1867,0.74,5,0,22,17,10.0,7.4,31.818181818181817,0.0,63.63636363636363,4.545454545454546
1868,0.865,3,0,13,10,10.0,8.65,0.0,38.46153846153847,23.076923076923077,38.46153846153847
1869,0.725,5,0,28,23,10.0,7.25,14.285714285714285,0.0,85.71428571428571,0.0
1870,0.72,8,0,27,19,10.0,7.2,0.0,3.7037037037037033,62.96296296296296,33.33333333333333
1871,0.796,5,0,28,23,10.0,7.96,3.571428571428571,14.285714285714285,46.42857142857143,35.714285714285715
1872,0.556,9,0,27,18,9.0,5.56,0.0,0.0,92.5925925925926,7.4074074074074066
1873,0.75,4,0,19,15,10.0,7.5,31.57894736842105,5.263157894736842,57.89473684210527,5.263157894736842
1874,0.72,6,0,30,24,10.0,7.2,0.0,20.0,60.0,20.0
1875,0.81,4,0,18,14,10.0,8.1,0.0,33.33333333333333,27.77777777777778,38.88888888888889
1876,0.664,7,0,26,19,10.0,6.64,15.384615384615385,0.0,84.61538461538461,0.0
1877,0.654,6,0,31,25,10.0,6.54,6.451612903225806,0.0,87.09677419354838,6.451612903225806
1878,0.692,6,0,27,21,10.0,6.92,0.0,37.03703703703704,55.55555555555556,7.4074074074074066
1879,0.655,6,0,25,19,10.0,6.55,0.0,0.0,92.0,8.0
1880,0.799,8,0,26,18,10.0,7.99,0.0,34.61538461538461,61.53846153846154,3.8461538461538463
1881,0.724,6,0,28,22,10.0,7.24,14.285714285714285,0.0,82.14285714285714,3.571428571428571
1882,0.687,7,0,29,22,10.0,6.87,0.0,51.724137931034484,48.275862068965516,0.0
1883,0.612,11,0,30,19,10.0,6.12,3.3333333333333335,0.0,93.33333333333333,3.3333333333333335
1884,0.767,6,0,21,15,10.0,7.67,0.0,38.095238095238095,52.38095238095239,9.523809523809524
1885,0.728,6,0,29,23,10.0,7.28,3.4482758620689653,27.586206896551722,65.51724137931035,3.4482758620689653
1886,0.658,9,0,25,16,10.0,6.58,36.0,0.0,64.0,0.0
1887,0.737,6,0,31,25,10.0,7.37,29.03225806451613,9.67741935483871,61.29032258064516,0.0
1888,0.755,4,0,24,20,10.0,7.55,0.0,12.5,66.66666666666666,20.833333333333336
1889,0.673,8,0,25,17,10.0,6.73,0.0,0.0,100.0,0.0
1890,0.74,7,0,36,29,10.0,7.4,0.0,16.666666666666664,63.888888888888886,19.444444444444446
1891,0.647,8,0,22,14,10.0,6.47,0.0,18.181818181818183,45.45454545454545,36.36363636363637
1892,0.77,7,0,36,29,10.0,7.7,0.0,0.0,75.0,25.0
1893,0.736,8,0,28,20,10.0,7.36,42.857142857142854,7.142857142857142,35.714285714285715,14.285714285714285
1894,0.768,7,0,27,20,10.0,7.68,0.0,3.7037037037037033,59.25925925925925,37.03703703703704
1895,0.6,11,0,32,21,10.0,6.0,0.0,0.0,93.75,6.25
1896,0.8,6,0,26,20,10.0,8.0,0.0,38.46153846153847,11.538461538461538,50.0
1897,0.6,11,0,27,16,10.0,6.0,0.0,0.0,100.0,0.0
1898,0.697,8,0,26,18,10.0,6.97,0.0,0.0,100.0,0.0
1899,0.704,7,0,32,25,10.0,7.04,0.0,15.625,84.375,0.0
1900,0.804,4,0,31,27,10.0,8.04,0.0,0.0,67.74193548387096,32.25806451612903
1901,0.72,5,0,25,20,10.0,7.2,4.0,20.0,68.0,8.0
1902,0.64,6,0,26,20,10.0,6.4,0.0,0.0,96.15384615384616,3.8461538461538463
1903,0.84,3,0,23,20,10.0,8.4,34.78260869565217,30.434782608695656,21.73913043478261,13.043478260869565
1904,0.724,6,0,28,22,10.0,7.24,0.0,42.857142857142854,39.285714285714285,17.857142857142858
1905,0.728,6,0,29,23,10.0,7.28,6.896551724137931,0.0,93.10344827586206,0.0
1906,0.66,6,0,27,21,10.0,6.6,0.0,18.51851851851852,81.48148148148148,0.0
1907,0.682,6,0,22,16,10.0,6.82,0.0,0.0,90.9090909090909,9.090909090909092
1908,0.795,5,0,28,23,10.0,7.95,32.142857142857146,3.571428571428571,53.57142857142857,10.714285714285714
1909,0.685,7,0,27,20,10.0,6.85,3.7037037037037033,0.0,77.77777777777779,18.51851851851852
1910,0.814,8,0,36,28,10.0,8.14,0.0,8.333333333333332,55.55555555555556,36.11111111111111
1911,0.716,8,0,34,26,10.0,7.16,0.0,0.0,91.17647058823529,8.823529411764707
1912,0.619,9,0,24,15,10.0,6.19,0.0,0.0,100.0,0.0
1913,0.718,8,0,27,19,10.0,7.18,0.0,33.33333333333333,55.55555555555556,11.11111111111111
1914,0.775,4,0,18,14,10.0,7.75,5.555555555555555,0.0,72.22222222222221,22.22222222222222
1915,0.679,6,0,23,17,10.0,6.79,0.0,17.391304347826086,73.91304347826086,8.695652173913043
1916,0.724,7,0,27,20,10.0,7.24,0.0,40.74074074074074,55.55555555555556,3.7037037037037033
1917,0.728,6,0,26,20,10.0,7.28,0.0,57.692307692307686,34.61538461538461,7.6923076923076925
1918,0.66,5,0,31,26,10.0,6.6,0.0,3.225806451612903,93.54838709677419,3.225806451612903
1919,0.72,5,0,16,11,10.0,7.2,0.0,0.0,93.75,6.25
1920,0.716,6,0,22,16,10.0,7.16,0.0,31.818181818181817,27.27272727272727,40.909090909090914
1921,0.664,7,0,31,24,10.0,6.64,9.67741935483871,29.03225806451613,54.83870967741935,6.451612903225806
1922,0.604,7,0,28,21,10.0,6.04,0.0,0.0,100.0,0.0
1923,0.644,10,0,26,16,10.0,6.44,0.0,65.38461538461539,30.76923076923077,3.8461538461538463
1924,0.723,11,0,40,29,10.0,7.23,0.0,0.0,97.5,2.5
1925,0.742,9,0,41,32,10.0,7.42,0.0,0.0,100.0,0.0
1926,0.704,8,0,33,25,10.0,7.04,12.121212121212121,0.0,87.87878787878788,0.0
1927,0.744,5,0,26,21,10.0,7.44,7.6923076923076925,0.0,84.61538461538461,7.6923076923076925
1928,0.684,7,0,29,22,10.0,6.84,0.0,0.0,93.10344827586206,6.896551724137931
1929,0.682,9,0,22,13,10.0,6.82,0.0,0.0,90.9090909090909,9.090909090909092
1930,0.75,4,0,11,7,10.0,7.5,0.0,0.0,100.0,0.0
1931,0.715,4,0,18,14,10.0,7.15,22.22222222222222,0.0,61.111111111111114,16.666666666666664
1932,0.81,5,0,24,19,10.0,8.1,4.166666666666666,8.333333333333332,62.5,25.0
1933,0.637,9,0,31,22,10.0,6.37,0.0,0.0,100.0,0.0
1934,0.7,5,0,22,17,10.0,7.0,4.545454545454546,0.0,81.81818181818183,13.636363636363635
1935,0.683,7,0,31,24,10.0,6.83,22.58064516129032,0.0,74.19354838709677,3.225806451612903
1936,0.784,6,0,30,24,10.0,7.84,6.666666666666667,50.0,33.33333333333333,10.0
1937,0.752,6,0,26,20,10.0,7.52,0.0,0.0,50.0,50.0
1938,0.683,7,0,31,24,10.0,6.83,0.0,0.0,100.0,0.0
1939,0.748,7,0,28,21,10.0,7.48,3.571428571428571,21.428571428571427,50.0,25.0
1940,0.75,3,0,12,9,10.0,7.5,25.0,25.0,25.0,25.0
1941,0.604,8,0,29,21,10.0,6.04,0.0,0.0,96.55172413793103,3.4482758620689653
1942,0.47,9,0,23,14,10.0,4.7,0.0,0.0,95.65217391304348,4.3478260869565215
1943,0.76,5,0,32,27,10.0,7.6,0.0,0.0,84.375,15.625
1944,0.76,4,0,16,12,10.0,7.6,0.0,12.5,81.25,6.25
1945,0.663,7,0,23,16,10.0,6.63,21.73913043478261,0.0,73.91304347826086,4.3478260869565215
1946,0.68,7,0,39,32,10.0,6.8,0.0,2.564102564102564,89.74358974358975,7.6923076923076925
1947,0.604,8,0,31,23,10.0,6.04,0.0,0.0,96.7741935483871,3.225806451612903
1948,0.75,4,0,20,16,10.0,7.5,0.0,65.0,30.0,5.0
1949,0.747,7,0,26,19,10.0,7.47,30.76923076923077,42.30769230769231,26.923076923076923,0.0
1950,0.728,7,0,28,21,10.0,7.28,7.142857142857142,0.0,89.28571428571429,3.571428571428571
1951,0.659,8,0,36,28,10.0,6.59,0.0,0.0,97.22222222222221,2.7777777777777777
1952,0.74,5,0,25,20,10.0,7.4,0.0,24.0,72.0,4.0
1953,0.702,8,0,25,17,10.0,7.02,0.0,80.0,20.0,0.0
1954,0.852,4,0,37,33,10.0,8.52,27.027027027027028,0.0,59.45945945945946,13.513513513513514
1955,0.625,5,0,23,18,10.0,6.25,0.0,0.0,86.95652173913044,13.043478260869565
1956,0.734,7,0,29,22,10.0,7.34,0.0,20.689655172413794,44.827586206896555,34.48275862068966
1957,0.747,7,0,25,18,10.0,7.47,0.0,4.0,60.0,36.0
1958,0.629,7,0,26,19,10.0,6.29,0.0,53.84615384615385,46.15384615384615,0.0
1959,0.792,5,0,29,24,10.0,7.92,0.0,0.0,79.3103448275862,20.689655172413794
1960,0.65,6,0,22,16,10.0,6.5,0.0,18.181818181818183,81.81818181818183,0.0
1961,0.736,8,0,30,22,10.0,7.36,6.666666666666667,50.0,20.0,23.333333333333332
1962,0.84,7,0,42,35,10.0,8.4,0.0,33.33333333333333,35.714285714285715,30.952380952380953
1963,0.8,5,0,30,25,10.0,8.0,13.333333333333334,3.3333333333333335,70.0,13.333333333333334
1964,0.738,8,0,29,21,10.0,7.38,3.4482758620689653,0.0,96.55172413793103,0.0
1965,0.754,7,0,30,23,10.0,7.54,0.0,53.333333333333336,46.666666666666664,0.0
1966,0.659,8,0,29,21,10.0,6.59,17.24137931034483,3.4482758620689653,65.51724137931035,13.793103448275861
1967,0.656,8,0,29,21,10.0,6.56,24.137931034482758,0.0,68.96551724137932,6.896551724137931
1968,0.806,7,0,48,41,10.0,8.06,2.083333333333333,35.41666666666667,37.5,25.0
1969,0.745,7,0,26,19,10.0,7.45,0.0,30.76923076923077,38.46153846153847,30.76923076923077
1970,0.864,4,0,26,22,10.0,8.64,0.0,42.30769230769231,26.923076923076923,30.76923076923077
1971,0.712,5,0,29,24,10.0,7.12,3.4482758620689653,17.24137931034483,65.51724137931035,13.793103448275861
1972,0.795,3,0,15,12,10.0,7.95,0.0,33.33333333333333,46.666666666666664,20.0
1973,0.725,6,0,19,13,10.0,7.25,0.0,57.89473684210527,36.84210526315789,5.263157894736842
1974,0.748,6,0,29,23,10.0,7.48,6.896551724137931,0.0,89.65517241379311,3.4482758620689653
1975,0.755,4,0,21,17,10.0,7.55,42.857142857142854,4.761904761904762,52.38095238095239,0.0
1976,0.66,6,0,25,19,10.0,6.6,0.0,0.0,100.0,0.0
1977,0.75,4,0,17,13,10.0,7.5,0.0,35.294117647058826,58.82352941176471,5.88235294117647
1978,0.84,3,0,27,24,10.0,8.4,0.0,3.7037037037037033,66.66666666666666,29.629629629629626
1979,0.804,4,0,30,26,10.0,8.04,0.0,36.666666666666664,33.33333333333333,30.0
1980,0.743,8,0,30,22,10.0,7.43,3.3333333333333335,0.0,96.66666666666667,0.0
1981,0.818,5,0,37,32,10.0,8.18,0.0,0.0,91.8918918918919,8.108108108108109
1982,0.745,5,0,21,16,10.0,7.45,0.0,0.0,100.0,0.0
1983,0.717,12,0,35,23,10.0,7.17,11.428571428571429,60.0,28.57142857142857,0.0
1984,0.696,8,0,32,24,10.0,6.96,40.625,0.0,53.125,6.25
1985,0.743,6,0,24,18,10.0,7.43,16.666666666666664,8.333333333333332,66.66666666666666,8.333333333333332
1986,0.76,5,0,20,15,10.0,7.6,0.0,20.0,55.00000000000001,25.0
1987,0.683,8,0,30,22,10.0,6.83,23.333333333333332,0.0,76.66666666666667,0.0
1988,0.695,6,0,23,17,10.0,6.95,0.0,4.3478260869565215,95.65217391304348,0.0
1989,0.804,4,0,27,23,10.0,8.04,3.7037037037037033,33.33333333333333,62.96296296296296,0.0
1990,0.72,6,0,20,14,10.0,7.2,10.0,0.0,90.0,0.0
1991,0.757,6,0,29,23,10.0,7.57,3.4482758620689653,0.0,82.75862068965517,13.793103448275861
1992,0.693,7,0,27,20,10.0,6.93,3.7037037037037033,48.148148148148145,44.44444444444444,3.7037037037037033
1993,0.66,6,0,26,20,10.0,6.6,0.0,76.92307692307693,19.230769230769234,3.8461538461538463
1994,0.714,5,0,26,21,10.0,7.14,0.0,38.46153846153847,57.692307692307686,3.8461538461538463
1995,0.731,5,0,23,18,10.0,7.31,4.3478260869565215,8.695652173913043,86.95652173913044,0.0
1996,0.645,10,0,25,15,10.0,6.45,0.0,0.0,100.0,0.0
1997,0.7,6,0,27,21,10.0,7.0,0.0,0.0,92.5925925925926,7.4074074074074066
1998,0.771,6,0,30,24,10.0,7.71,0.0,46.666666666666664,46.666666666666664,6.666666666666667
1999,0.734,6,0,31,25,10.0,7.34,0.0,3.225806451612903,74.19354838709677,22.58064516129032
2000,0.728,7,0,34,27,10.0,7.28,0.0,35.294117647058826,61.76470588235294,2.941176470588235
2001,0.765,5,0,18,13,10.0,7.65,0.0,0.0,94.44444444444444,5.555555555555555
2002,0.676,8,0,30,22,10.0,6.76,0.0,0.0,100.0,0.0
2003,0.74,5,0,23,18,10.0,7.4,17.391304347826086,17.391304347826086,39.130434782608695,26.08695652173913
2004,0.76,6,0,28,22,10.0,7.6,35.714285714285715,7.142857142857142,53.57142857142857,3.571428571428571
2005,0.672,6,0,30,24,10.0,6.72,0.0,0.0,100.0,0.0
2006,0.8,4,0,20,16,10.0,8.0,0.0,45.0,55.00000000000001,0.0
2007,0.648,7,0,28,21,10.0,6.48,0.0,10.714285714285714,75.0,14.285714285714285
2008,0.652,13,0,35,22,10.0,6.52,22.857142857142858,0.0,65.71428571428571,11.428571428571429
2009,0.799,5,0,40,35,10.0,7.99,17.5,17.5,60.0,5.0
2010,0.8,4,0,27,23,10.0,8.0,25.925925925925924,0.0,74.07407407407408,0.0
2011,0.669,9,0,33,24,10.0,6.69,0.0,0.0,96.96969696969697,3.0303030303030303
2012,0.708,8,0,25,17,10.0,7.08,4.0,12.0,76.0,8.0
2013,0.659,7,0,30,23,10.0,6.59,6.666666666666667,56.666666666666664,36.666666666666664,0.0
2014,0.663,10,0,32,22,10.0,6.63,37.5,0.0,62.5,0.0
2015,0.8,4,0,15,11,10.0,8.0,0.0,0.0,86.66666666666667,13.333333333333334
2016,0.692,5,0,28,23,10.0,6.92,0.0,0.0,96.42857142857143,3.571428571428571
2017,0.704,6,0,35,29,10.0,7.04,0.0,37.142857142857146,51.42857142857142,11.428571428571429
2018,0.67,6,0,27,21,10.0,6.7,0.0,0.0,92.5925925925926,7.4074074074074066
2019,0.701,7,0,27,20,10.0,7.01,0.0,0.0,92.5925925925926,7.4074074074074066
2020,0.685,5,0,25,20,10.0,6.85,0.0,4.0,96.0,0.0
2021,0.694,9,0,35,26,10.0,6.94,8.571428571428571,34.285714285714285,54.285714285714285,2.857142857142857
2022,0.8,3,0,18,15,10.0,8.0,5.555555555555555,0.0,83.33333333333334,11.11111111111111
2023,0.792,6,0,36,30,10.0,7.92,0.0,0.0,72.22222222222221,27.77777777777778
2024,0.652,8,0,24,16,10.0,6.52,0.0,0.0,100.0,0.0
2025,0.676,7,0,26,19,10.0,6.76,26.923076923076923,30.76923076923077,42.30769230769231,0.0
2026,0.697,6,0,25,19,10.0,6.97,0.0,0.0,68.0,32.0
2027,0.7,5,0,28,23,10.0,7.0,0.0,0.0,71.42857142857143,28.57142857142857
2028,0.799,5,0,22,17,10.0,7.99,4.545454545454546,50.0,36.36363636363637,9.090909090909092
2029,0.624,7,0,29,22,10.0,6.24,0.0,3.4482758620689653,89.65517241379311,6.896551724137931
2030,0.695,7,0,37,30,10.0,6.95,0.0,29.72972972972973,45.94594594594595,24.324324324324326
2031,0.76,5,0,36,31,10.0,7.6,5.555555555555555,16.666666666666664,47.22222222222222,30.555555555555557
2032,0.764,4,0,32,28,10.0,7.64,9.375,15.625,56.25,18.75
2033,0.76,7,0,32,25,10.0,7.6,18.75,12.5,68.75,0.0
2034,0.74,4,0,19,15,10.0,7.4,0.0,0.0,100.0,0.0
2035,0.735,5,0,22,17,10.0,7.35,0.0,0.0,100.0,0.0
2036,0.722,6,0,28,22,10.0,7.22,0.0,0.0,100.0,0.0
2037,0.6,8,0,25,17,10.0,6.0,36.0,20.0,44.0,0.0
2038,0.65,5,0,22,17,10.0,6.5,0.0,0.0,77.27272727272727,22.727272727272727
2039,0.54,7,0,27,20,10.0,5.4,0.0,0.0,81.48148148148148,18.51851851851852
2040,0.82,4,0,22,18,10.0,8.2,0.0,68.18181818181817,22.727272727272727,9.090909090909092
2041,0.68,6,0,27,21,10.0,6.8,0.0,22.22222222222222,74.07407407407408,3.7037037037037033
2042,0.796,8,0,41,33,10.0,7.96,0.0,4.878048780487805,82.92682926829268,12.195121951219512
2043,0.7,6,0,28,22,10.0,7.0,0.0,14.285714285714285,82.14285714285714,3.571428571428571
2044,0.693,8,0,42,34,10.0,6.93,0.0,0.0,100.0,0.0
2045,0.664,8,0,26,18,10.0,6.64,23.076923076923077,0.0,76.92307692307693,0.0
2046,0.724,6,0,27,21,10.0,7.24,11.11111111111111,55.55555555555556,33.33333333333333,0.0
2047,0.595,7,0,26,19,10.0,5.95,0.0,34.61538461538461,65.38461538461539,0.0
2048,0.694,11,0,32,21,10.0,6.94,3.125,62.5,28.125,6.25
2049,0.659,8,0,31,23,10.0,6.59,0.0,0.0,96.7741935483871,3.225806451612903
2050,0.724,8,0,30,22,10.0,7.24,0.0,0.0,100.0,0.0
2051,0.864,4,0,29,25,10.0,8.64,0.0,0.0,72.41379310344827,27.586206896551722
2052,0.72,7,0,33,26,10.0,7.2,6.0606060606060606,30.303030303030305,60.60606060606061,3.0303030303030303
2053,0.75,7,0,29,22,10.0,7.5,3.4482758620689653,48.275862068965516,34.48275862068966,13.793103448275861
2054,0.693,6,0,33,27,10.0,6.93,0.0,54.54545454545454,39.39393939393939,6.0606060606060606
2055,0.735,6,0,26,20,10.0,7.35,0.0,0.0,96.15384615384616,3.8461538461538463
2056,0.664,7,0,26,19,10.0,6.64,0.0,0.0,96.15384615384616,3.8461538461538463
2057,0.648,8,0,34,26,10.0,6.48,0.0,58.82352941176471,41.17647058823529,0.0
2058,0.665,6,0,26,20,10.0,6.65,0.0,0.0,88.46153846153845,11.538461538461538
2059,0.7,7,0,29,22,10.0,7.0,0.0,3.4482758620689653,86.20689655172413,10.344827586206897
2060,0.644,8,0,29,21,10.0,6.44,3.4482758620689653,0.0,96.55172413793103,0.0
2061,0.815,3,0,15,12,10.0,8.15,26.666666666666668,33.33333333333333,33.33333333333333,6.666666666666667
2062,0.6,7,0,29,22,10.0,6.0,0.0,0.0,89.65517241379311,10.344827586206897
2063,0.75,5,0,28,23,10.0,7.5,3.571428571428571,0.0,92.85714285714286,3.571428571428571
2064,0.72,9,0,35,26,10.0,7.2,0.0,2.857142857142857,85.71428571428571,11.428571428571429
2065,0.7,4,0,17,13,10.0,7.0,0.0,0.0,94.11764705882352,5.88235294117647
2066,0.687,7,0,28,21,10.0,6.87,0.0,0.0,96.42857142857143,3.571428571428571
2067,0.718,6,0,30,24,10.0,7.18,3.3333333333333335,6.666666666666667,86.66666666666667,3.3333333333333335
2068,0.65,7,0,31,24,10.0,6.5,6.451612903225806,0.0,93.54838709677419,0.0
2069,0.76,5,0,28,23,10.0,7.6,0.0,0.0,89.28571428571429,10.714285714285714
2070,0.84,3,0,19,16,10.0,8.4,36.84210526315789,15.789473684210526,47.368421052631575,0.0
2071,0.704,7,0,31,24,10.0,7.04,0.0,41.935483870967744,54.83870967741935,3.225806451612903
2072,0.635,9,0,28,19,10.0,6.35,0.0,0.0,100.0,0.0
2073,0.797,6,0,31,25,10.0,7.97,12.903225806451612,0.0,67.74193548387096,19.35483870967742
2074,0.666,6,0,26,20,10.0,6.66,0.0,0.0,92.3076923076923,7.6923076923076925
2075,0.608,9,0,28,19,10.0,6.08,0.0,21.428571428571427,71.42857142857143,7.142857142857142
2076,0.784,5,0,31,26,10.0,7.84,38.70967741935484,0.0,58.06451612903226,3.225806451612903
2077,0.768,6,0,27,21,10.0,7.68,0.0,0.0,74.07407407407408,25.925925925925924
2078,0.784,5,0,36,31,10.0,7.84,19.444444444444446,38.88888888888889,25.0,16.666666666666664
2079,0.86,3,0,23,20,10.0,8.6,30.434782608695656,8.695652173913043,60.86956521739131,0.0
2080,0.69,5,0,24,19,10.0,6.9,0.0,4.166666666666666,95.83333333333334,0.0
2081,0.615,8,0,27,19,10.0,6.15,0.0,0.0,96.29629629629629,3.7037037037037033
2082,0.7,6,0,20,14,10.0,7.0,5.0,0.0,90.0,5.0
2083,0.726,6,0,32,26,10.0,7.26,0.0,3.125,93.75,3.125
2084,0.78,4,0,17,13,10.0,7.8,17.647058823529413,29.411764705882355,47.05882352941176,5.88235294117647
2085,0.74,5,0,18,13,10.0,7.4,0.0,55.55555555555556,27.77777777777778,16.666666666666664
2086,0.725,5,0,18,13,10.0,7.25,0.0,44.44444444444444,50.0,5.555555555555555
2087,0.68,7,0,31,24,10.0,6.8,0.0,0.0,90.32258064516128,9.67741935483871
2088,0.772,5,0,28,23,10.0,7.72,0.0,35.714285714285715,50.0,14.285714285714285
2089,0.824,6,0,30,24,10.0,8.24,0.0,40.0,30.0,30.0
2090,0.74,7,0,36,29,10.0,7.4,22.22222222222222,2.7777777777777777,75.0,0.0
2091,0.648,8,0,25,17,10.0,6.48,0.0,0.0,100.0,0.0
2092,0.716,7,0,30,23,10.0,7.16,3.3333333333333335,0.0,93.33333333333333,3.3333333333333335
2093,0.688,8,0,36,28,10.0,6.88,0.0,13.88888888888889,77.77777777777779,8.333333333333332
2094,0.735,7,0,26,19,10.0,7.35,0.0,0.0,84.61538461538461,15.384615384615385
2095,0.694,12,0,41,29,10.0,6.94,31.70731707317073,9.75609756097561,58.536585365853654,0.0
2096,0.7,7,0,31,24,10.0,7.0,0.0,0.0,74.19354838709677,25.806451612903224
2097,0.792,6,0,37,31,10.0,7.92,2.7027027027027026,21.62162162162162,48.64864864864865,27.027027027027028
2098,0.665,7,0,25,18,10.0,6.65,0.0,0.0,64.0,36.0
2099,0.76,4,0,19,15,10.0,7.6,0.0,57.89473684210527,31.57894736842105,10.526315789473683
2100,0.662,8,0,26,18,10.0,6.62,0.0,0.0,57.692307692307686,42.30769230769231
SUMMARY,0.7151471428571416,13597,0,,,,,7.9473616640591045,19.211633119529836,59.56656979836661,13.27443541804446
