episode,utilization,invalid_learned,invalid_attempted,boxes_attempted,placed_boxes,max_height,avg_height,perc_stacking,perc_best_fit,perc_semi_perfect_fit,perc_random_fit
1,0.818,82,0,100,18,10.0,8.18,24.0,23.0,28.999999999999996,24.0
2,0.843,72,0,100,28,10.0,8.43,32.0,25.0,21.0,22.0
3,0.776,75,0,100,25,10.0,7.76,27.0,24.0,28.000000000000004,21.0
4,0.84,72,0,100,28,10.0,8.4,22.0,32.0,28.000000000000004,18.0
5,0.795,75,0,100,25,10.0,7.95,23.0,31.0,21.0,25.0
6,0.765,75,0,100,25,10.0,7.65,24.0,24.0,27.0,25.0
7,0.819,72,0,100,28,10.0,8.19,28.000000000000004,17.0,31.0,24.0
8,0.855,74,0,100,26,10.0,8.55,23.0,24.0,19.0,34.0
9,0.774,75,0,100,25,10.0,7.74,27.0,27.0,23.0,23.0
10,0.814,74,0,100,26,10.0,8.14,21.0,24.0,27.0,28.000000000000004
11,0.765,76,0,100,24,10.0,7.65,22.0,28.000000000000004,23.0,27.0
12,0.776,78,0,100,22,10.0,7.76,16.0,26.0,26.0,32.0
13,0.832,71,0,100,29,10.0,8.32,28.999999999999996,23.0,18.0,30.0
14,0.796,75,0,100,25,10.0,7.96,28.000000000000004,23.0,28.999999999999996,20.0
15,0.793,75,0,101,26,10.0,7.93,26.732673267326735,29.7029702970297,20.792079207920793,22.772277227722775
16,0.796,76,0,100,24,10.0,7.96,31.0,17.0,24.0,28.000000000000004
17,0.862,79,0,100,21,10.0,8.62,19.0,28.999999999999996,30.0,22.0
18,0.885,76,0,100,24,10.0,8.85,28.000000000000004,23.0,23.0,26.0
19,0.787,74,0,100,26,10.0,7.87,30.0,28.000000000000004,22.0,20.0
20,0.754,81,0,100,19,10.0,7.54,30.0,16.0,33.0,21.0
21,0.809,76,0,100,24,10.0,8.09,19.0,31.0,31.0,19.0
22,0.817,72,0,100,28,10.0,8.17,26.0,31.0,20.0,23.0
23,0.796,76,0,100,24,10.0,7.96,28.999999999999996,23.0,24.0,24.0
24,0.762,77,0,100,23,10.0,7.62,28.999999999999996,20.0,23.0,28.000000000000004
25,0.761,80,0,100,20,10.0,7.61,26.0,35.0,20.0,19.0
26,0.722,81,0,100,19,10.0,7.22,23.0,28.000000000000004,27.0,22.0
27,0.711,74,0,100,26,10.0,7.11,23.0,34.0,18.0,25.0
28,0.823,74,0,100,26,10.0,8.23,28.000000000000004,16.0,26.0,30.0
29,0.696,78,0,100,22,10.0,6.96,30.0,28.999999999999996,22.0,19.0
30,0.806,74,0,100,26,10.0,8.06,26.0,24.0,34.0,16.0
31,0.744,72,0,100,28,10.0,7.44,18.0,26.0,32.0,24.0
32,0.759,74,0,100,26,10.0,7.59,25.0,21.0,23.0,31.0
33,0.792,73,0,100,27,10.0,7.92,24.0,32.0,23.0,21.0
34,0.799,78,0,100,22,10.0,7.99,19.0,25.0,20.0,36.0
35,0.749,74,0,100,26,10.0,7.49,27.0,20.0,28.999999999999996,24.0
36,0.849,70,0,100,30,10.0,8.49,35.0,12.0,33.0,20.0
37,0.752,77,0,100,23,10.0,7.52,25.0,31.0,18.0,26.0
38,0.791,73,0,100,27,10.0,7.91,19.0,30.0,33.0,18.0
39,0.814,75,0,100,25,10.0,8.14,27.0,26.0,21.0,26.0
40,0.766,77,0,100,23,10.0,7.66,27.0,33.0,18.0,22.0
41,0.751,74,0,100,26,10.0,7.51,26.0,20.0,27.0,27.0
42,0.747,73,0,100,27,10.0,7.47,17.0,26.0,25.0,32.0
43,0.887,70,0,100,30,10.0,8.87,35.0,15.0,23.0,27.0
44,0.768,75,0,100,25,10.0,7.68,34.0,21.0,21.0,24.0
45,0.791,74,0,100,26,10.0,7.91,19.0,22.0,37.0,22.0
46,0.806,73,0,100,27,10.0,8.06,28.000000000000004,34.0,20.0,18.0
47,0.846,75,0,100,25,10.0,8.46,35.0,24.0,24.0,17.0
48,0.727,77,0,100,23,10.0,7.27,35.0,22.0,24.0,19.0
49,0.84,72,0,100,28,10.0,8.4,27.0,14.000000000000002,32.0,27.0
50,0.826,72,0,100,28,10.0,8.26,18.0,23.0,39.0,20.0
51,0.777,76,0,100,24,10.0,7.77,20.0,28.000000000000004,18.0,34.0
52,0.823,78,0,100,22,10.0,8.23,27.0,19.0,22.0,32.0
53,0.779,75,0,100,25,10.0,7.79,31.0,28.999999999999996,17.0,23.0
54,0.775,74,0,100,26,10.0,7.75,19.0,30.0,30.0,21.0
55,0.747,78,0,100,22,10.0,7.47,15.0,41.0,28.000000000000004,16.0
56,0.767,77,0,100,23,10.0,7.67,17.0,33.0,33.0,17.0
57,0.816,76,0,100,24,10.0,8.16,28.000000000000004,24.0,19.0,28.999999999999996
58,0.758,76,0,100,24,10.0,7.58,46.0,21.0,17.0,16.0
59,0.797,75,0,100,25,10.0,7.97,17.0,47.0,19.0,17.0
60,0.74,75,0,100,25,10.0,7.4,22.0,40.0,21.0,17.0
61,0.802,73,0,100,27,10.0,8.02,41.0,23.0,19.0,17.0
62,0.793,73,0,100,27,10.0,7.93,24.0,24.0,28.000000000000004,24.0
63,0.843,73,0,100,27,10.0,8.43,20.0,32.0,21.0,27.0
64,0.7,75,0,100,25,10.0,7.0,31.0,31.0,15.0,23.0
65,0.769,78,0,100,22,10.0,7.69,28.000000000000004,23.0,18.0,31.0
66,0.743,79,0,100,21,10.0,7.43,33.0,25.0,27.0,15.0
67,0.781,73,0,100,27,10.0,7.81,17.0,46.0,20.0,17.0
68,0.733,79,0,100,21,10.0,7.33,42.0,27.0,16.0,15.0
69,0.74,73,0,100,27,10.0,7.4,35.0,35.0,17.0,13.0
70,0.763,74,0,100,26,10.0,7.63,43.0,14.000000000000002,18.0,25.0
71,0.753,76,0,100,24,10.0,7.53,42.0,22.0,19.0,17.0
72,0.803,74,0,100,26,10.0,8.03,16.0,35.0,11.0,38.0
73,0.774,75,0,100,25,10.0,7.74,26.0,34.0,23.0,17.0
74,0.835,72,0,100,28,10.0,8.35,27.0,36.0,21.0,16.0
75,0.742,80,0,100,20,10.0,7.42,33.0,32.0,18.0,17.0
76,0.756,73,0,100,27,10.0,7.56,22.0,41.0,22.0,15.0
77,0.787,75,0,100,25,10.0,7.87,18.0,18.0,27.0,37.0
78,0.854,73,0,100,27,10.0,8.54,41.0,25.0,18.0,16.0
79,0.83,73,0,100,27,10.0,8.3,19.0,45.0,19.0,17.0
80,0.83,74,0,100,26,10.0,8.3,18.0,17.0,15.0,50.0
81,0.82,74,0,100,26,10.0,8.2,28.000000000000004,30.0,24.0,18.0
82,0.848,76,0,100,24,10.0,8.48,18.0,32.0,28.000000000000004,22.0
83,0.84,72,0,100,28,10.0,8.4,22.0,41.0,18.0,19.0
84,0.715,76,0,100,24,10.0,7.15,41.0,21.0,23.0,15.0
85,0.781,77,0,100,23,10.0,7.81,17.0,45.0,13.0,25.0
86,0.85,77,0,100,23,10.0,8.5,30.0,25.0,17.0,28.000000000000004
87,0.801,74,0,100,26,10.0,8.01,13.0,39.0,31.0,17.0
88,0.801,76,0,100,24,10.0,8.01,21.0,21.0,17.0,41.0
89,0.775,76,0,100,24,10.0,7.75,24.0,14.000000000000002,34.0,28.000000000000004
90,0.839,74,0,100,26,10.0,8.39,11.0,46.0,21.0,22.0
91,0.78,71,0,100,29,10.0,7.8,22.0,34.0,26.0,18.0
92,0.663,78,0,100,22,10.0,6.63,14.000000000000002,37.0,20.0,28.999999999999996
93,0.759,76,0,100,24,10.0,7.59,20.0,46.0,11.0,23.0
94,0.828,76,0,100,24,10.0,8.28,41.0,26.0,17.0,16.0
95,0.761,70,0,100,30,10.0,7.61,19.0,16.0,27.0,38.0
96,0.807,68,0,100,32,10.0,8.07,40.0,15.0,14.000000000000002,31.0
97,0.842,73,0,100,27,10.0,8.42,14.000000000000002,48.0,16.0,22.0
98,0.716,78,0,100,22,10.0,7.16,26.0,40.0,18.0,16.0
99,0.8,73,0,100,27,10.0,8.0,22.0,17.0,25.0,36.0
100,0.748,78,0,100,22,10.0,7.48,16.0,39.0,17.0,28.000000000000004
101,0.725,72,0,100,28,10.0,7.25,39.0,25.0,16.0,20.0
102,0.819,79,0,100,21,10.0,8.19,16.0,55.00000000000001,14.000000000000002,15.0
103,0.812,80,0,100,20,10.0,8.12,30.0,39.0,18.0,13.0
104,0.759,81,0,100,19,10.0,7.59,13.0,46.0,18.0,23.0
105,0.795,74,0,100,26,10.0,7.95,37.0,24.0,16.0,23.0
106,0.816,72,0,100,28,10.0,8.16,28.000000000000004,34.0,25.0,13.0
107,0.726,76,0,100,24,10.0,7.26,55.00000000000001,17.0,16.0,12.0
108,0.803,74,0,100,26,10.0,8.03,47.0,20.0,18.0,15.0
109,0.779,76,0,100,24,10.0,7.79,25.0,36.0,25.0,14.000000000000002
110,0.766,79,0,100,21,10.0,7.66,17.0,21.0,28.000000000000004,34.0
111,0.757,78,0,100,22,10.0,7.57,27.0,38.0,17.0,18.0
112,0.757,73,0,100,27,10.0,7.57,30.0,28.000000000000004,21.0,21.0
113,0.814,78,0,100,22,10.0,8.14,50.0,15.0,15.0,20.0
114,0.76,74,0,100,26,10.0,7.6,53.0,15.0,13.0,19.0
115,0.749,80,0,100,20,10.0,7.49,24.0,46.0,20.0,10.0
116,0.734,77,0,100,23,10.0,7.34,22.0,44.0,20.0,14.000000000000002
117,0.792,73,0,100,27,10.0,7.92,25.0,41.0,17.0,17.0
118,0.766,76,0,100,24,10.0,7.66,14.000000000000002,37.0,14.000000000000002,35.0
119,0.759,77,0,100,23,10.0,7.59,43.0,32.0,16.0,9.0
120,0.809,74,0,100,26,10.0,8.09,19.0,53.0,16.0,12.0
121,0.8,74,0,100,26,10.0,8.0,45.0,13.0,22.0,20.0
122,0.672,82,0,100,18,10.0,6.72,17.0,36.0,9.0,38.0
123,0.756,79,0,100,21,10.0,7.56,43.0,16.0,24.0,17.0
124,0.857,73,0,100,27,10.0,8.57,14.000000000000002,33.0,42.0,11.0
125,0.775,84,0,100,16,10.0,7.75,61.0,15.0,13.0,11.0
126,0.795,77,0,100,23,10.0,7.95,17.0,50.0,13.0,20.0
127,0.789,71,0,100,29,10.0,7.89,47.0,18.0,16.0,19.0
128,0.819,81,0,100,19,10.0,8.19,11.0,56.00000000000001,15.0,18.0
129,0.745,81,0,100,19,10.0,7.45,21.0,43.0,17.0,19.0
130,0.727,72,0,100,28,10.0,7.27,51.0,17.0,19.0,13.0
131,0.731,73,0,100,27,10.0,7.31,37.0,23.0,17.0,23.0
132,0.74,78,0,100,22,10.0,7.4,50.0,13.0,20.0,17.0
133,0.821,70,0,100,30,10.0,8.21,65.0,13.0,12.0,10.0
134,0.716,75,0,100,25,10.0,7.16,61.0,13.0,15.0,11.0
135,0.765,79,0,100,21,10.0,7.65,34.0,31.0,14.000000000000002,21.0
136,0.765,74,0,100,26,10.0,7.65,15.0,56.00000000000001,6.0,23.0
137,0.756,74,0,100,26,10.0,7.56,56.00000000000001,12.0,13.0,19.0
138,0.647,85,0,100,15,10.0,6.47,19.0,17.0,12.0,52.0
139,0.75,79,0,100,21,10.0,7.5,52.0,19.0,18.0,11.0
140,0.772,76,0,100,24,10.0,7.72,17.0,19.0,18.0,46.0
141,0.73,86,0,100,14,10.0,7.3,8.0,51.0,25.0,16.0
142,0.831,68,0,100,32,10.0,8.31,10.0,49.0,31.0,10.0
143,0.679,78,0,100,22,10.0,6.79,45.0,32.0,10.0,13.0
144,0.782,72,0,100,28,10.0,7.82,28.999999999999996,37.0,15.0,19.0
145,0.71,77,0,100,23,10.0,7.1,61.0,27.0,4.0,8.0
146,0.775,76,0,100,24,10.0,7.75,31.0,16.0,45.0,8.0
147,0.722,80,0,100,20,10.0,7.22,48.0,19.0,19.0,14.000000000000002
148,0.81,73,0,100,27,10.0,8.1,41.0,22.0,15.0,22.0
149,0.857,72,0,100,28,10.0,8.57,24.0,45.0,18.0,13.0
150,0.763,74,0,100,26,10.0,7.63,33.0,33.0,13.0,21.0
151,0.866,79,0,100,21,10.0,8.66,13.0,22.0,53.0,12.0
152,0.746,72,0,100,28,10.0,7.46,52.0,17.0,16.0,15.0
153,0.8,80,0,100,20,10.0,8.0,18.0,22.0,47.0,13.0
154,0.794,75,0,100,25,10.0,7.94,24.0,12.0,16.0,48.0
155,0.82,78,0,100,22,10.0,8.2,19.0,49.0,17.0,15.0
156,0.768,72,0,100,28,10.0,7.68,10.0,7.000000000000001,60.0,23.0
157,0.693,74,0,100,26,10.0,6.93,20.0,22.0,50.0,8.0
158,0.82,66,0,100,34,10.0,8.2,44.0,24.0,14.000000000000002,18.0
159,0.703,80,0,100,20,10.0,7.03,61.0,13.0,12.0,14.000000000000002
160,0.82,73,0,100,27,10.0,8.2,25.0,12.0,52.0,11.0
161,0.715,75,0,100,25,10.0,7.15,14.000000000000002,19.0,54.0,13.0
162,0.896,73,0,100,27,10.0,8.96,39.0,22.0,9.0,30.0
163,0.775,76,0,100,24,10.0,7.75,39.0,8.0,14.000000000000002,39.0
164,0.718,79,0,100,21,10.0,7.18,64.0,14.000000000000002,8.0,14.000000000000002
165,0.81,77,0,100,23,10.0,8.1,14.000000000000002,13.0,26.0,47.0
166,0.868,71,0,100,29,10.0,8.68,32.0,12.0,39.0,17.0
167,0.785,77,0,100,23,10.0,7.85,14.000000000000002,50.0,22.0,14.000000000000002
168,0.766,72,0,100,28,10.0,7.66,28.000000000000004,36.0,17.0,19.0
169,0.832,75,0,100,25,10.0,8.32,35.0,20.0,23.0,22.0
170,0.676,79,0,100,21,10.0,6.76,32.0,15.0,39.0,14.000000000000002
171,0.769,75,0,100,25,10.0,7.69,55.00000000000001,12.0,21.0,12.0
172,0.831,69,0,100,31,10.0,8.31,19.0,16.0,41.0,24.0
173,0.865,73,0,101,28,10.0,8.65,12.871287128712872,53.46534653465347,8.91089108910891,24.752475247524753
174,0.773,70,0,100,30,10.0,7.73,56.00000000000001,10.0,28.999999999999996,5.0
175,0.832,76,0,100,24,10.0,8.32,41.0,11.0,9.0,39.0
176,0.771,78,0,100,22,10.0,7.71,23.0,9.0,47.0,21.0
177,0.83,76,0,100,24,10.0,8.3,25.0,10.0,56.00000000000001,9.0
178,0.731,77,0,100,23,10.0,7.31,12.0,9.0,67.0,12.0
179,0.794,73,0,100,27,10.0,7.94,13.0,48.0,23.0,16.0
180,0.761,75,0,100,25,10.0,7.61,48.0,10.0,16.0,26.0
181,0.779,75,0,100,25,10.0,7.79,9.0,13.0,71.0,7.000000000000001
182,0.748,77,0,100,23,10.0,7.48,13.0,51.0,14.000000000000002,22.0
183,0.735,84,0,100,16,10.0,7.35,32.0,30.0,30.0,8.0
184,0.819,70,0,100,30,10.0,8.19,16.0,24.0,45.0,15.0
185,0.685,78,0,100,22,10.0,6.85,54.0,15.0,22.0,9.0
186,0.753,75,0,100,25,10.0,7.53,52.0,15.0,22.0,11.0
187,0.746,78,0,100,22,10.0,7.46,15.0,43.0,16.0,26.0
188,0.718,72,0,100,28,10.0,7.18,60.0,10.0,16.0,14.000000000000002
189,0.698,77,0,100,23,10.0,6.98,8.0,18.0,59.0,15.0
190,0.743,78,0,100,22,10.0,7.43,51.0,9.0,34.0,6.0
191,0.769,73,0,100,27,10.0,7.69,22.0,15.0,32.0,31.0
192,0.742,82,0,100,18,10.0,7.42,12.0,12.0,71.0,5.0
193,0.832,74,0,100,26,10.0,8.32,14.000000000000002,9.0,54.0,23.0
194,0.696,77,0,100,23,10.0,6.96,14.000000000000002,14.000000000000002,61.0,11.0
195,0.773,76,0,100,24,10.0,7.73,64.0,12.0,16.0,8.0
196,0.82,76,0,100,24,10.0,8.2,59.0,7.000000000000001,25.0,9.0
197,0.706,82,0,100,18,10.0,7.06,23.0,11.0,56.00000000000001,10.0
198,0.847,77,0,100,23,10.0,8.47,61.0,6.0,17.0,16.0
199,0.752,72,0,101,29,10.0,7.52,28.71287128712871,45.54455445544555,6.9306930693069315,18.81188118811881
200,0.788,69,0,100,31,10.0,7.88,9.0,68.0,10.0,13.0
201,0.822,74,0,100,26,10.0,8.22,11.0,22.0,56.00000000000001,11.0
202,0.804,78,0,100,22,10.0,8.04,32.0,18.0,43.0,7.000000000000001
203,0.772,76,0,100,24,10.0,7.72,25.0,15.0,49.0,11.0
204,0.715,75,0,100,25,10.0,7.15,46.0,10.0,39.0,5.0
205,0.701,77,0,100,23,10.0,7.01,60.0,14.000000000000002,17.0,9.0
206,0.888,78,0,100,22,10.0,8.88,42.0,33.0,13.0,12.0
207,0.687,73,0,100,27,10.0,6.87,57.99999999999999,12.0,21.0,9.0
208,0.766,79,0,100,21,10.0,7.66,46.0,14.000000000000002,17.0,23.0
209,0.785,75,0,100,25,10.0,7.85,64.0,16.0,11.0,9.0
210,0.76,75,0,100,25,10.0,7.6,8.0,11.0,24.0,56.99999999999999
211,0.783,76,0,100,24,10.0,7.83,46.0,10.0,37.0,7.000000000000001
212,0.75,74,0,100,26,10.0,7.5,50.0,19.0,25.0,6.0
213,0.848,77,0,100,23,10.0,8.48,61.0,11.0,19.0,9.0
214,0.796,76,0,100,24,10.0,7.96,13.0,59.0,14.000000000000002,14.000000000000002
215,0.785,71,0,100,29,10.0,7.85,68.0,19.0,9.0,4.0
216,0.802,79,0,100,21,10.0,8.02,6.0,30.0,54.0,10.0
217,0.733,81,0,100,19,10.0,7.33,8.0,73.0,10.0,9.0
218,0.814,71,0,100,29,10.0,8.14,16.0,14.000000000000002,53.0,17.0
219,0.76,72,0,100,28,10.0,7.6,61.0,9.0,17.0,13.0
220,0.832,76,0,100,24,10.0,8.32,8.0,15.0,71.0,6.0
221,0.755,79,0,100,21,10.0,7.55,16.0,20.0,53.0,11.0
222,0.873,73,0,100,27,10.0,8.73,30.0,12.0,51.0,7.000000000000001
223,0.822,76,0,100,24,10.0,8.22,32.0,14.000000000000002,40.0,14.000000000000002
224,0.879,77,0,100,23,10.0,8.79,52.0,15.0,26.0,7.000000000000001
225,0.735,79,0,100,21,10.0,7.35,24.0,5.0,62.0,9.0
226,0.823,75,0,100,25,10.0,8.23,8.0,7.000000000000001,77.0,8.0
227,0.854,75,0,100,25,10.0,8.54,10.0,12.0,69.0,9.0
228,0.772,74,0,100,26,10.0,7.72,6.0,7.000000000000001,16.0,71.0
229,0.819,74,0,100,26,10.0,8.19,13.0,26.0,25.0,36.0
230,0.844,76,0,100,24,10.0,8.44,9.0,18.0,33.0,40.0
231,0.694,80,0,100,20,10.0,6.94,35.0,20.0,35.0,10.0
232,0.774,79,0,100,21,10.0,7.74,66.0,10.0,13.0,11.0
233,0.894,76,0,100,24,10.0,8.94,13.0,40.0,27.0,20.0
234,0.771,74,0,100,26,10.0,7.71,9.0,6.0,74.0,11.0
235,0.777,73,0,100,27,10.0,7.77,12.0,36.0,46.0,6.0
236,0.795,78,0,100,22,10.0,7.95,7.000000000000001,23.0,37.0,33.0
237,0.77,70,0,100,30,10.0,7.7,11.0,13.0,67.0,9.0
238,0.867,78,0,100,22,10.0,8.67,17.0,11.0,67.0,5.0
239,0.754,80,0,100,20,10.0,7.54,8.0,11.0,74.0,7.000000000000001
240,0.755,74,0,100,26,10.0,7.55,14.000000000000002,33.0,45.0,8.0
241,0.833,73,0,100,27,10.0,8.33,4.0,12.0,72.0,12.0
242,0.77,77,0,100,23,10.0,7.7,6.0,13.0,71.0,10.0
243,0.838,77,0,100,23,10.0,8.38,4.0,15.0,70.0,11.0
244,0.706,78,0,100,22,10.0,7.06,43.0,10.0,41.0,6.0
245,0.808,76,0,100,24,10.0,8.08,13.0,5.0,72.0,10.0
246,0.814,72,0,100,28,10.0,8.14,10.0,10.0,75.0,5.0
247,0.722,72,0,100,28,10.0,7.22,5.0,11.0,76.0,8.0
248,0.716,77,0,100,23,10.0,7.16,19.0,8.0,66.0,7.000000000000001
249,0.699,77,0,100,23,10.0,6.99,9.0,62.0,20.0,9.0
250,0.81,70,0,100,30,10.0,8.1,18.0,8.0,68.0,6.0
251,0.868,72,0,100,28,10.0,8.68,18.0,8.0,62.0,12.0
252,0.84,68,0,100,32,10.0,8.4,10.0,8.0,74.0,8.0
253,0.674,79,0,100,21,10.0,6.74,7.000000000000001,44.0,33.0,16.0
254,0.779,76,0,100,24,10.0,7.79,5.0,7.000000000000001,73.0,15.0
255,0.734,72,0,100,28,10.0,7.34,13.0,12.0,69.0,6.0
256,0.881,71,0,100,29,10.0,8.81,47.0,8.0,41.0,4.0
257,0.688,76,0,100,24,10.0,6.88,15.0,4.0,77.0,4.0
258,0.698,75,0,100,25,10.0,6.98,10.0,9.0,73.0,8.0
259,0.835,77,0,100,23,10.0,8.35,4.0,3.0,85.0,8.0
260,0.769,73,0,100,27,10.0,7.69,13.0,6.0,77.0,4.0
261,0.811,74,0,100,26,10.0,8.11,3.0,5.0,86.0,6.0
262,0.737,79,0,100,21,10.0,7.37,69.0,7.000000000000001,18.0,6.0
263,0.836,67,0,100,33,10.0,8.36,6.0,9.0,81.0,4.0
264,0.758,72,0,100,28,10.0,7.58,23.0,9.0,56.99999999999999,11.0
265,0.863,74,0,100,26,10.0,8.63,12.0,7.000000000000001,76.0,5.0
266,0.857,72,0,100,28,10.0,8.57,7.000000000000001,8.0,22.0,63.0
267,0.811,78,0,100,22,10.0,8.11,8.0,8.0,77.0,7.000000000000001
268,0.807,76,0,100,24,10.0,8.07,62.0,16.0,11.0,11.0
269,0.781,71,0,100,29,10.0,7.81,10.0,18.0,67.0,5.0
270,0.739,75,0,100,25,10.0,7.39,69.0,7.000000000000001,14.000000000000002,10.0
271,0.8,81,0,100,19,10.0,8.0,8.0,73.0,12.0,7.000000000000001
272,0.793,76,0,100,24,10.0,7.93,55.00000000000001,11.0,28.000000000000004,6.0
273,0.689,78,0,100,22,10.0,6.89,55.00000000000001,27.0,10.0,8.0
274,0.75,70,0,100,30,10.0,7.5,10.0,22.0,34.0,34.0
275,0.739,81,0,100,19,10.0,7.39,68.0,16.0,12.0,4.0
276,0.815,75,0,100,25,10.0,8.15,44.0,10.0,7.000000000000001,39.0
277,0.79,73,0,100,27,10.0,7.9,64.0,19.0,5.0,12.0
278,0.796,75,0,100,25,10.0,7.96,43.0,11.0,18.0,28.000000000000004
279,0.724,77,0,100,23,10.0,7.24,50.0,11.0,32.0,7.000000000000001
280,0.753,76,0,100,24,10.0,7.53,6.0,36.0,6.0,52.0
281,0.795,71,0,100,29,10.0,7.95,62.0,7.000000000000001,8.0,23.0
282,0.862,71,0,100,29,10.0,8.62,20.0,1.0,63.0,16.0
283,0.851,69,0,100,31,10.0,8.51,27.0,12.0,59.0,2.0
284,0.804,74,0,100,26,10.0,8.04,66.0,12.0,6.0,16.0
285,0.715,73,0,100,27,10.0,7.15,19.0,16.0,7.000000000000001,57.99999999999999
286,0.83,72,0,100,28,10.0,8.3,51.0,13.0,11.0,25.0
287,0.765,82,0,100,18,10.0,7.65,7.000000000000001,7.000000000000001,56.00000000000001,30.0
288,0.768,71,0,100,29,10.0,7.68,60.0,10.0,8.0,22.0
289,0.721,79,0,100,21,10.0,7.21,25.0,6.0,62.0,7.000000000000001
290,0.767,79,0,100,21,10.0,7.67,74.0,10.0,10.0,6.0
291,0.753,78,0,100,22,10.0,7.53,71.0,7.000000000000001,10.0,12.0
292,0.795,76,0,100,24,10.0,7.95,42.0,40.0,5.0,13.0
293,0.782,74,0,100,26,10.0,7.82,71.0,16.0,9.0,4.0
294,0.832,69,0,100,31,10.0,8.32,55.00000000000001,5.0,21.0,19.0
295,0.709,78,0,100,22,10.0,7.09,57.99999999999999,7.000000000000001,11.0,24.0
296,0.857,70,0,100,30,10.0,8.57,7.000000000000001,12.0,8.0,73.0
297,0.864,71,0,100,29,10.0,8.64,53.0,15.0,8.0,24.0
298,0.816,74,0,100,26,10.0,8.16,70.0,12.0,6.0,12.0
299,0.828,78,0,100,22,10.0,8.28,16.0,7.000000000000001,70.0,7.000000000000001
300,0.756,78,0,100,22,10.0,7.56,11.0,7.000000000000001,11.0,71.0
301,0.733,79,0,100,21,10.0,7.33,59.0,24.0,14.000000000000002,3.0
302,0.741,78,0,100,22,10.0,7.41,16.0,5.0,9.0,70.0
303,0.735,76,0,100,24,10.0,7.35,8.0,14.000000000000002,13.0,65.0
304,0.764,75,0,100,25,10.0,7.64,12.0,74.0,10.0,4.0
305,0.756,76,0,100,24,10.0,7.56,18.0,49.0,10.0,23.0
306,0.76,77,0,100,23,10.0,7.6,23.0,7.000000000000001,7.000000000000001,63.0
307,0.757,83,0,100,17,10.0,7.57,7.000000000000001,15.0,9.0,69.0
308,0.839,74,0,100,26,10.0,8.39,41.0,6.0,43.0,10.0
309,0.739,75,0,100,25,10.0,7.39,50.0,5.0,13.0,32.0
310,0.753,75,0,100,25,10.0,7.53,11.0,2.0,81.0,6.0
311,0.808,74,0,100,26,10.0,8.08,36.0,34.0,23.0,7.000000000000001
312,0.814,74,0,100,26,10.0,8.14,78.0,1.0,10.0,11.0
313,0.7,76,0,100,24,10.0,7.0,76.0,8.0,10.0,6.0
314,0.708,77,0,100,23,10.0,7.08,21.0,9.0,65.0,5.0
315,0.77,71,0,100,29,10.0,7.7,44.0,39.0,11.0,6.0
316,0.818,73,0,100,27,10.0,8.18,9.0,9.0,36.0,46.0
317,0.777,79,0,100,21,10.0,7.77,7.000000000000001,7.000000000000001,21.0,65.0
318,0.759,78,0,100,22,10.0,7.59,10.0,80.0,6.0,4.0
319,0.794,73,0,100,27,10.0,7.94,57.99999999999999,28.999999999999996,10.0,3.0
320,0.838,77,0,100,23,10.0,8.38,74.0,10.0,12.0,4.0
321,0.828,77,0,100,23,10.0,8.28,37.0,38.0,4.0,21.0
322,0.79,75,0,100,25,10.0,7.9,14.000000000000002,11.0,8.0,67.0
323,0.768,79,0,100,21,10.0,7.68,28.999999999999996,3.0,15.0,53.0
324,0.78,76,0,100,24,10.0,7.8,18.0,68.0,5.0,9.0
325,0.76,77,0,100,23,10.0,7.6,74.0,13.0,5.0,8.0
326,0.869,74,0,100,26,10.0,8.69,17.0,6.0,70.0,7.000000000000001
327,0.772,75,0,100,25,10.0,7.72,26.0,9.0,63.0,2.0
328,0.802,75,0,100,25,10.0,8.02,41.0,45.0,7.000000000000001,7.000000000000001
329,0.824,73,0,100,27,10.0,8.24,9.0,8.0,10.0,73.0
330,0.708,80,0,100,20,10.0,7.08,5.0,20.0,11.0,64.0
331,0.82,74,0,100,26,10.0,8.2,72.0,4.0,12.0,12.0
332,0.668,81,0,100,19,10.0,6.68,11.0,10.0,8.0,71.0
333,0.823,72,0,100,28,10.0,8.23,9.0,18.0,42.0,31.0
334,0.872,74,0,100,26,10.0,8.72,9.0,26.0,25.0,40.0
335,0.809,76,0,100,24,10.0,8.09,16.0,14.000000000000002,7.000000000000001,63.0
336,0.722,78,0,100,22,10.0,7.22,80.0,8.0,9.0,3.0
337,0.737,74,0,100,26,10.0,7.37,74.0,10.0,11.0,5.0
338,0.825,74,0,100,26,10.0,8.25,14.000000000000002,21.0,61.0,4.0
339,0.845,75,0,100,25,10.0,8.45,4.0,66.0,24.0,6.0
340,0.77,71,0,100,29,10.0,7.7,11.0,2.0,19.0,68.0
341,0.706,77,0,100,23,10.0,7.06,40.0,6.0,10.0,44.0
342,0.769,74,0,100,26,10.0,7.69,15.0,8.0,64.0,13.0
343,0.74,75,0,100,25,10.0,7.4,5.0,34.0,12.0,49.0
344,0.777,74,0,100,26,10.0,7.77,61.0,28.000000000000004,5.0,6.0
345,0.747,76,0,100,24,10.0,7.47,26.0,3.0,69.0,2.0
346,0.716,79,0,100,21,10.0,7.16,81.0,4.0,7.000000000000001,8.0
347,0.722,74,0,100,26,10.0,7.22,62.0,6.0,8.0,24.0
348,0.815,74,0,100,26,10.0,8.15,26.0,7.000000000000001,9.0,57.99999999999999
349,0.768,71,0,100,29,10.0,7.68,28.999999999999996,48.0,9.0,14.000000000000002
350,0.8,75,0,100,25,10.0,8.0,69.0,5.0,24.0,2.0
351,0.792,74,0,100,26,10.0,7.92,5.0,74.0,11.0,10.0
352,0.818,76,0,100,24,10.0,8.18,23.0,7.000000000000001,38.0,32.0
353,0.77,70,0,100,30,10.0,7.7,37.0,16.0,24.0,23.0
354,0.7,74,0,100,26,10.0,7.0,5.0,8.0,83.0,4.0
355,0.694,81,0,100,19,10.0,6.94,9.0,43.0,6.0,42.0
356,0.72,75,0,100,25,10.0,7.2,70.0,10.0,12.0,8.0
357,0.785,72,0,100,28,10.0,7.85,17.0,20.0,30.0,33.0
358,0.753,82,0,100,18,10.0,7.53,11.0,67.0,20.0,2.0
359,0.785,76,0,100,24,10.0,7.85,82.0,4.0,9.0,5.0
360,0.843,75,0,100,25,10.0,8.43,13.0,50.0,36.0,1.0
361,0.789,77,0,100,23,10.0,7.89,9.0,70.0,8.0,13.0
362,0.705,81,0,100,19,10.0,7.05,11.0,2.0,82.0,5.0
363,0.822,76,0,100,24,10.0,8.22,11.0,71.0,14.000000000000002,4.0
364,0.731,76,0,100,24,10.0,7.31,4.0,84.0,8.0,4.0
365,0.715,77,0,100,23,10.0,7.15,5.0,9.0,77.0,9.0
366,0.871,74,0,100,26,10.0,8.71,57.99999999999999,8.0,33.0,1.0
367,0.826,71,0,100,29,10.0,8.26,73.0,9.0,6.0,12.0
368,0.73,73,0,100,27,10.0,7.3,15.0,56.99999999999999,22.0,6.0
369,0.769,76,0,100,24,10.0,7.69,53.0,10.0,28.000000000000004,9.0
370,0.709,76,0,100,24,10.0,7.09,8.0,62.0,8.0,22.0
371,0.702,81,0,100,19,10.0,7.02,6.0,84.0,6.0,4.0
372,0.784,74,0,100,26,10.0,7.84,72.0,4.0,21.0,3.0
373,0.787,77,0,100,23,10.0,7.87,3.0,56.99999999999999,24.0,16.0
374,0.758,73,0,100,27,10.0,7.58,72.0,8.0,9.0,11.0
375,0.748,74,0,100,26,10.0,7.48,56.00000000000001,4.0,39.0,1.0
376,0.871,73,0,100,27,10.0,8.71,23.0,36.0,5.0,36.0
377,0.698,76,0,100,24,10.0,6.98,21.0,64.0,10.0,5.0
378,0.729,82,0,100,18,10.0,7.29,16.0,31.0,49.0,4.0
379,0.769,73,0,100,27,10.0,7.69,70.0,12.0,8.0,10.0
380,0.673,82,0,100,18,10.0,6.73,9.0,72.0,13.0,6.0
381,0.812,73,0,100,27,10.0,8.12,17.0,19.0,20.0,44.0
382,0.814,79,0,100,21,10.0,8.14,66.0,7.000000000000001,24.0,3.0
383,0.825,76,0,100,24,10.0,8.25,8.0,72.0,16.0,4.0
384,0.762,80,0,100,20,10.0,7.62,6.0,10.0,81.0,3.0
385,0.855,80,0,100,20,10.0,8.55,7.000000000000001,80.0,12.0,1.0
386,0.725,74,0,100,26,10.0,7.25,26.0,5.0,9.0,60.0
387,0.79,75,0,100,25,10.0,7.9,16.0,72.0,10.0,2.0
388,0.794,75,0,100,25,10.0,7.94,17.0,56.99999999999999,21.0,5.0
389,0.749,78,0,100,22,10.0,7.49,74.0,6.0,10.0,10.0
390,0.797,70,0,100,30,10.0,7.97,51.0,12.0,31.0,6.0
391,0.841,68,0,100,32,10.0,8.41,14.000000000000002,8.0,40.0,38.0
392,0.793,76,0,100,24,10.0,7.93,5.0,52.0,38.0,5.0
393,0.759,79,0,100,21,10.0,7.59,36.0,15.0,46.0,3.0
394,0.793,76,0,100,24,10.0,7.93,3.0,65.0,7.000000000000001,25.0
395,0.763,76,0,100,24,10.0,7.63,11.0,72.0,7.000000000000001,10.0
396,0.773,76,0,100,24,10.0,7.73,61.0,11.0,17.0,11.0
397,0.671,79,0,100,21,10.0,6.71,3.0,88.0,5.0,4.0
398,0.718,78,0,100,22,10.0,7.18,82.0,3.0,14.000000000000002,1.0
399,0.813,77,0,100,23,10.0,8.13,47.0,34.0,3.0,16.0
400,0.833,78,0,100,22,10.0,8.33,6.0,79.0,9.0,6.0
401,0.789,75,0,100,25,10.0,7.89,39.0,5.0,49.0,7.000000000000001
402,0.822,71,0,100,29,10.0,8.22,2.0,87.0,5.0,6.0
403,0.775,74,0,100,26,10.0,7.75,56.99999999999999,9.0,22.0,12.0
404,0.85,69,0,100,31,10.0,8.5,2.0,89.0,5.0,4.0
405,0.837,79,0,100,21,10.0,8.37,5.0,79.0,13.0,3.0
406,0.789,74,0,100,26,10.0,7.89,6.0,75.0,15.0,4.0
407,0.726,74,0,100,26,10.0,7.26,78.0,3.0,15.0,4.0
408,0.815,72,0,100,28,10.0,8.15,4.0,63.0,32.0,1.0
409,0.735,77,0,100,23,10.0,7.35,3.0,73.0,17.0,7.000000000000001
410,0.775,75,0,100,25,10.0,7.75,28.000000000000004,6.0,62.0,4.0
411,0.682,75,0,100,25,10.0,6.82,10.0,72.0,13.0,5.0
412,0.79,75,0,100,25,10.0,7.9,12.0,65.0,19.0,4.0
413,0.683,78,0,100,22,10.0,6.83,60.0,18.0,15.0,7.000000000000001
414,0.724,70,0,100,30,10.0,7.24,76.0,3.0,17.0,4.0
415,0.764,77,0,100,23,10.0,7.64,16.0,69.0,6.0,9.0
416,0.811,73,0,100,27,10.0,8.11,21.0,25.0,49.0,5.0
417,0.742,77,0,100,23,10.0,7.42,42.0,48.0,8.0,2.0
418,0.756,70,0,100,30,10.0,7.56,72.0,7.000000000000001,17.0,4.0
419,0.833,72,0,100,28,10.0,8.33,32.0,56.99999999999999,6.0,5.0
420,0.748,76,0,100,24,10.0,7.48,83.0,9.0,5.0,3.0
421,0.78,76,0,100,24,10.0,7.8,59.0,15.0,15.0,11.0
422,0.832,78,0,100,22,10.0,8.32,8.0,62.0,20.0,10.0
423,0.866,76,0,100,24,10.0,8.66,81.0,6.0,12.0,1.0
424,0.745,76,0,100,24,10.0,7.45,4.0,7.000000000000001,80.0,9.0
425,0.786,78,0,100,22,10.0,7.86,7.000000000000001,72.0,18.0,3.0
426,0.798,76,0,100,24,10.0,7.98,75.0,11.0,10.0,4.0
427,0.788,70,0,100,30,10.0,7.88,85.0,10.0,4.0,1.0
428,0.755,74,0,100,26,10.0,7.55,83.0,6.0,9.0,2.0
429,0.772,75,0,100,25,10.0,7.72,2.0,14.000000000000002,1.0,83.0
430,0.743,81,0,100,19,10.0,7.43,11.0,20.0,6.0,63.0
431,0.895,77,0,100,23,10.0,8.95,56.99999999999999,9.0,21.0,13.0
432,0.793,73,0,100,27,10.0,7.93,21.0,71.0,4.0,4.0
433,0.799,75,0,100,25,10.0,7.99,47.0,14.000000000000002,12.0,27.0
434,0.863,77,0,100,23,10.0,8.63,2.0,10.0,9.0,79.0
435,0.774,74,0,100,26,10.0,7.74,7.000000000000001,34.0,54.0,5.0
436,0.837,77,0,100,23,10.0,8.37,6.0,4.0,31.0,59.0
437,0.77,73,0,100,27,10.0,7.7,16.0,67.0,10.0,7.000000000000001
438,0.862,75,0,100,25,10.0,8.62,19.0,6.0,72.0,3.0
439,0.761,79,0,100,21,10.0,7.61,10.0,80.0,7.000000000000001,3.0
440,0.839,74,0,100,26,10.0,8.39,9.0,70.0,9.0,12.0
441,0.834,75,0,100,25,10.0,8.34,46.0,28.999999999999996,9.0,16.0
442,0.813,75,0,100,25,10.0,8.13,4.0,65.0,14.000000000000002,17.0
443,0.823,79,0,100,21,10.0,8.23,77.0,9.0,12.0,2.0
444,0.728,80,0,100,20,10.0,7.28,11.0,19.0,7.000000000000001,63.0
445,0.769,78,0,100,22,10.0,7.69,8.0,84.0,4.0,4.0
446,0.828,71,0,100,29,10.0,8.28,6.0,33.0,24.0,37.0
447,0.752,76,0,100,24,10.0,7.52,46.0,46.0,7.000000000000001,1.0
448,0.684,79,0,100,21,10.0,6.84,75.0,9.0,8.0,8.0
449,0.81,74,0,100,26,10.0,8.1,59.0,3.0,17.0,21.0
450,0.781,75,0,100,25,10.0,7.81,11.0,7.000000000000001,11.0,71.0
451,0.777,76,0,100,24,10.0,7.77,87.0,0.0,6.0,7.000000000000001
452,0.771,76,0,100,24,10.0,7.71,84.0,8.0,5.0,3.0
453,0.747,81,0,100,19,10.0,7.47,14.000000000000002,64.0,6.0,16.0
454,0.791,76,0,100,24,10.0,7.91,5.0,80.0,2.0,13.0
455,0.758,79,0,100,21,10.0,7.58,83.0,3.0,6.0,8.0
456,0.811,79,0,100,21,10.0,8.11,8.0,28.999999999999996,6.0,56.99999999999999
457,0.755,76,0,100,24,10.0,7.55,5.0,2.0,80.0,13.0
458,0.699,72,0,100,28,10.0,6.99,82.0,7.000000000000001,9.0,2.0
459,0.804,74,0,100,26,10.0,8.04,51.0,23.0,15.0,11.0
460,0.724,79,0,100,21,10.0,7.24,72.0,8.0,15.0,5.0
461,0.697,79,0,100,21,10.0,6.97,48.0,40.0,2.0,10.0
462,0.84,69,0,100,31,10.0,8.4,75.0,7.000000000000001,4.0,14.000000000000002
463,0.752,75,0,100,25,10.0,7.52,14.000000000000002,6.0,54.0,26.0
464,0.764,70,0,100,30,10.0,7.64,5.0,20.0,4.0,71.0
465,0.703,76,0,100,24,10.0,7.03,9.0,63.0,16.0,12.0
466,0.838,72,0,100,28,10.0,8.38,4.0,73.0,5.0,18.0
467,0.779,73,0,100,27,10.0,7.79,94.0,3.0,2.0,1.0
468,0.789,79,0,100,21,10.0,7.89,3.0,42.0,8.0,47.0
469,0.766,77,0,100,23,10.0,7.66,28.999999999999996,7.000000000000001,61.0,3.0
470,0.774,78,0,100,22,10.0,7.74,71.0,2.0,8.0,19.0
471,0.749,79,0,100,21,10.0,7.49,22.0,54.0,5.0,19.0
472,0.72,73,0,100,27,10.0,7.2,41.0,53.0,3.0,3.0
473,0.74,78,0,100,22,10.0,7.4,59.0,31.0,7.000000000000001,3.0
474,0.822,78,0,100,22,10.0,8.22,89.0,4.0,1.0,6.0
475,0.796,70,0,100,30,10.0,7.96,76.0,7.000000000000001,8.0,9.0
476,0.836,77,0,100,23,10.0,8.36,36.0,14.000000000000002,40.0,10.0
477,0.724,78,0,100,22,10.0,7.24,89.0,5.0,2.0,4.0
478,0.783,82,0,100,18,10.0,7.83,18.0,68.0,4.0,10.0
479,0.776,77,0,100,23,10.0,7.76,3.0,79.0,17.0,1.0
480,0.766,76,0,100,24,10.0,7.66,4.0,36.0,3.0,56.99999999999999
481,0.752,75,0,100,25,10.0,7.52,5.0,47.0,3.0,45.0
482,0.745,79,0,100,21,10.0,7.45,2.0,22.0,67.0,9.0
483,0.766,77,0,100,23,10.0,7.66,14.000000000000002,65.0,9.0,12.0
484,0.787,79,0,100,21,10.0,7.87,80.0,4.0,9.0,7.000000000000001
485,0.751,77,0,100,23,10.0,7.51,79.0,5.0,7.000000000000001,9.0
486,0.793,78,0,100,22,10.0,7.93,71.0,11.0,15.0,3.0
487,0.796,78,0,100,22,10.0,7.96,4.0,65.0,4.0,27.0
488,0.754,74,0,100,26,10.0,7.54,78.0,4.0,5.0,13.0
489,0.821,75,0,100,25,10.0,8.21,17.0,73.0,5.0,5.0
490,0.8,77,0,100,23,10.0,8.0,9.0,72.0,9.0,10.0
491,0.747,78,0,100,22,10.0,7.47,4.0,63.0,17.0,16.0
492,0.816,75,0,100,25,10.0,8.16,10.0,1.0,10.0,79.0
493,0.854,72,0,100,28,10.0,8.54,11.0,64.0,5.0,20.0
494,0.79,74,0,100,26,10.0,7.9,10.0,52.0,30.0,8.0
495,0.804,75,0,101,26,10.0,8.04,12.871287128712872,67.32673267326733,11.881188118811881,7.920792079207921
496,0.737,80,0,100,20,10.0,7.37,6.0,77.0,4.0,13.0
497,0.801,77,0,100,23,10.0,8.01,18.0,79.0,2.0,1.0
498,0.832,80,0,100,20,10.0,8.32,16.0,71.0,12.0,1.0
499,0.783,75,0,100,25,10.0,7.83,10.0,7.000000000000001,19.0,64.0
500,0.724,72,0,100,28,10.0,7.24,41.0,54.0,3.0,2.0
501,0.789,78,0,100,22,10.0,7.89,15.0,60.0,5.0,20.0
502,0.768,84,0,100,16,10.0,7.68,6.0,71.0,21.0,2.0
503,0.75,75,0,100,25,10.0,7.5,26.0,56.00000000000001,12.0,6.0
504,0.936,74,0,100,26,10.0,9.36,21.0,61.0,3.0,15.0
505,0.824,73,0,100,27,10.0,8.24,48.0,45.0,0.0,7.000000000000001
506,0.729,75,0,100,25,10.0,7.29,41.0,6.0,50.0,3.0
507,0.762,78,0,100,22,10.0,7.62,9.0,68.0,20.0,3.0
508,0.822,72,0,100,28,10.0,8.22,28.000000000000004,47.0,8.0,17.0
509,0.749,75,0,100,25,10.0,7.49,85.0,2.0,11.0,2.0
510,0.699,76,0,100,24,10.0,6.99,90.0,0.0,8.0,2.0
511,0.771,71,0,100,29,10.0,7.71,11.0,25.0,30.0,34.0
512,0.747,79,0,100,21,10.0,7.47,6.0,80.0,12.0,2.0
513,0.756,78,0,100,22,10.0,7.56,80.0,14.000000000000002,1.0,5.0
514,0.742,79,0,100,21,10.0,7.42,53.0,20.0,26.0,1.0
515,0.828,78,0,100,22,10.0,8.28,11.0,73.0,8.0,8.0
516,0.79,76,0,100,24,10.0,7.9,36.0,40.0,17.0,7.000000000000001
517,0.859,77,0,100,23,10.0,8.59,12.0,83.0,4.0,1.0
518,0.825,72,0,100,28,10.0,8.25,84.0,7.000000000000001,8.0,1.0
519,0.79,73,0,100,27,10.0,7.9,38.0,56.00000000000001,2.0,4.0
520,0.771,79,0,100,21,10.0,7.71,9.0,75.0,6.0,10.0
521,0.893,73,0,100,27,10.0,8.93,6.0,54.0,17.0,23.0
522,0.8,72,0,100,28,10.0,8.0,71.0,12.0,1.0,16.0
523,0.765,78,0,100,22,10.0,7.65,77.0,7.000000000000001,15.0,1.0
524,0.817,75,0,100,25,10.0,8.17,35.0,57.99999999999999,4.0,3.0
525,0.763,76,0,100,24,10.0,7.63,9.0,77.0,3.0,11.0
526,0.753,77,0,100,23,10.0,7.53,52.0,10.0,5.0,33.0
527,0.818,79,0,100,21,10.0,8.18,13.0,76.0,7.000000000000001,4.0
528,0.728,75,0,100,25,10.0,7.28,73.0,7.000000000000001,2.0,18.0
529,0.752,79,0,100,21,10.0,7.52,8.0,81.0,8.0,3.0
530,0.768,79,0,100,21,10.0,7.68,38.0,61.0,0.0,1.0
531,0.766,80,0,100,20,10.0,7.66,79.0,6.0,11.0,4.0
532,0.834,77,0,100,23,10.0,8.34,16.0,4.0,65.0,15.0
533,0.828,73,0,100,27,10.0,8.28,53.0,26.0,18.0,3.0
534,0.838,75,0,100,25,10.0,8.38,81.0,4.0,11.0,4.0
535,0.798,72,0,100,28,10.0,7.98,30.0,68.0,0.0,2.0
536,0.787,73,0,100,27,10.0,7.87,52.0,37.0,3.0,8.0
537,0.753,79,0,100,21,10.0,7.53,94.0,2.0,2.0,2.0
538,0.681,75,0,100,25,10.0,6.81,11.0,85.0,0.0,4.0
539,0.852,74,0,100,26,10.0,8.52,13.0,83.0,1.0,3.0
540,0.824,79,0,100,21,10.0,8.24,36.0,50.0,8.0,6.0
541,0.876,72,0,100,28,10.0,8.76,12.0,2.0,15.0,71.0
542,0.774,72,0,100,28,10.0,7.74,52.0,8.0,38.0,2.0
543,0.86,71,0,100,29,10.0,8.6,6.0,80.0,13.0,1.0
544,0.833,75,0,100,25,10.0,8.33,95.0,3.0,0.0,2.0
545,0.789,82,0,100,18,10.0,7.89,5.0,82.0,3.0,10.0
546,0.752,74,0,100,26,10.0,7.52,17.0,73.0,3.0,7.000000000000001
547,0.765,77,0,100,23,10.0,7.65,9.0,80.0,0.0,11.0
548,0.821,73,0,100,27,10.0,8.21,78.0,2.0,16.0,4.0
549,0.711,73,0,100,27,10.0,7.11,27.0,66.0,5.0,2.0
550,0.695,76,0,100,24,10.0,6.95,85.0,5.0,3.0,7.000000000000001
551,0.783,76,0,100,24,10.0,7.83,11.0,83.0,3.0,3.0
552,0.812,75,0,100,25,10.0,8.12,92.0,5.0,0.0,3.0
553,0.765,73,0,100,27,10.0,7.65,43.0,48.0,3.0,6.0
554,0.796,79,0,100,21,10.0,7.96,10.0,3.0,87.0,0.0
555,0.827,71,0,100,29,10.0,8.27,5.0,78.0,2.0,15.0
556,0.749,77,0,100,23,10.0,7.49,12.0,83.0,3.0,2.0
557,0.8,70,0,100,30,10.0,8.0,19.0,63.0,10.0,8.0
558,0.775,73,0,100,27,10.0,7.75,75.0,20.0,4.0,1.0
559,0.743,79,0,100,21,10.0,7.43,87.0,8.0,3.0,2.0
560,0.747,78,0,100,22,10.0,7.47,28.999999999999996,62.0,7.000000000000001,2.0
561,0.779,74,0,100,26,10.0,7.79,75.0,23.0,0.0,2.0
562,0.704,79,0,100,21,10.0,7.04,83.0,2.0,15.0,0.0
563,0.778,78,0,100,22,10.0,7.78,78.0,14.000000000000002,2.0,6.0
564,0.726,78,0,100,22,10.0,7.26,76.0,14.000000000000002,10.0,0.0
565,0.721,78,0,100,22,10.0,7.21,78.0,14.000000000000002,3.0,5.0
566,0.753,80,0,100,20,10.0,7.53,13.0,79.0,8.0,0.0
567,0.687,81,0,100,19,10.0,6.87,93.0,2.0,1.0,4.0
568,0.738,74,0,100,26,10.0,7.38,78.0,20.0,1.0,1.0
569,0.859,76,0,100,24,10.0,8.59,77.0,19.0,2.0,2.0
570,0.689,76,0,100,24,10.0,6.89,90.0,4.0,1.0,5.0
571,0.837,74,0,100,26,10.0,8.37,35.0,5.0,53.0,7.000000000000001
572,0.837,81,0,100,19,10.0,8.37,3.0,87.0,2.0,8.0
573,0.747,76,0,100,24,10.0,7.47,6.0,80.0,9.0,5.0
574,0.732,82,0,100,18,10.0,7.32,5.0,68.0,19.0,8.0
575,0.839,77,0,100,23,10.0,8.39,85.0,13.0,2.0,0.0
576,0.722,77,0,100,23,10.0,7.22,88.0,7.000000000000001,4.0,1.0
577,0.675,81,0,100,19,10.0,6.75,36.0,61.0,1.0,2.0
578,0.834,69,0,100,31,10.0,8.34,4.0,77.0,2.0,17.0
579,0.791,73,0,100,27,10.0,7.91,16.0,69.0,4.0,11.0
580,0.823,77,0,100,23,10.0,8.23,5.0,85.0,10.0,0.0
581,0.787,73,0,100,27,10.0,7.87,4.0,76.0,17.0,3.0
582,0.842,72,0,100,28,10.0,8.42,33.0,52.0,4.0,11.0
583,0.762,76,0,100,24,10.0,7.62,24.0,55.00000000000001,20.0,1.0
584,0.8,72,0,100,28,10.0,8.0,7.000000000000001,49.0,23.0,21.0
585,0.775,75,0,100,25,10.0,7.75,3.0,71.0,10.0,16.0
586,0.771,69,0,100,31,10.0,7.71,5.0,83.0,4.0,8.0
587,0.747,71,0,100,29,10.0,7.47,47.0,3.0,38.0,12.0
588,0.81,79,0,100,21,10.0,8.1,4.0,86.0,5.0,5.0
589,0.752,76,0,100,24,10.0,7.52,16.0,81.0,0.0,3.0
590,0.809,70,0,100,30,10.0,8.09,13.0,72.0,7.000000000000001,8.0
591,0.723,77,0,100,23,10.0,7.23,17.0,72.0,5.0,6.0
592,0.808,72,0,100,28,10.0,8.08,95.0,2.0,0.0,3.0
593,0.863,72,0,100,28,10.0,8.63,3.0,67.0,3.0,27.0
594,0.728,78,0,100,22,10.0,7.28,40.0,3.0,47.0,10.0
595,0.733,77,0,100,23,10.0,7.33,94.0,2.0,3.0,1.0
596,0.823,73,0,100,27,10.0,8.23,28.000000000000004,65.0,3.0,4.0
597,0.818,73,0,100,27,10.0,8.18,12.0,61.0,10.0,17.0
598,0.72,77,0,100,23,10.0,7.2,11.0,82.0,7.000000000000001,0.0
599,0.822,74,0,100,26,10.0,8.22,8.0,73.0,4.0,15.0
600,0.877,66,0,100,34,10.0,8.77,28.000000000000004,50.0,15.0,7.000000000000001
601,0.77,76,0,100,24,10.0,7.7,78.0,11.0,9.0,2.0
602,0.786,73,0,100,27,10.0,7.86,79.0,8.0,4.0,9.0
603,0.761,77,0,100,23,10.0,7.61,16.0,40.0,43.0,1.0
604,0.913,75,0,100,25,10.0,9.13,20.0,26.0,39.0,15.0
605,0.784,74,0,100,26,10.0,7.84,10.0,44.0,43.0,3.0
606,0.773,74,0,100,26,10.0,7.73,78.0,19.0,2.0,1.0
607,0.839,72,0,100,28,10.0,8.39,78.0,7.000000000000001,14.000000000000002,1.0
608,0.849,74,0,100,26,10.0,8.49,79.0,3.0,4.0,14.000000000000002
609,0.736,79,0,100,21,10.0,7.36,61.0,31.0,5.0,3.0
610,0.79,70,0,100,30,10.0,7.9,39.0,18.0,26.0,17.0
611,0.826,73,0,100,27,10.0,8.26,20.0,71.0,2.0,7.000000000000001
612,0.76,69,0,100,31,10.0,7.6,35.0,57.99999999999999,3.0,4.0
613,0.792,73,0,100,27,10.0,7.92,27.0,70.0,2.0,1.0
614,0.785,74,0,100,26,10.0,7.85,64.0,23.0,9.0,4.0
615,0.772,76,0,100,24,10.0,7.72,50.0,18.0,23.0,9.0
616,0.708,78,0,100,22,10.0,7.08,4.0,83.0,5.0,8.0
617,0.817,74,0,100,26,10.0,8.17,24.0,72.0,3.0,1.0
618,0.762,73,0,100,27,10.0,7.62,7.000000000000001,79.0,11.0,3.0
619,0.866,71,0,100,29,10.0,8.66,8.0,2.0,89.0,1.0
620,0.814,78,0,100,22,10.0,8.14,81.0,13.0,5.0,1.0
621,0.77,77,0,100,23,10.0,7.7,3.0,85.0,5.0,7.000000000000001
622,0.804,77,0,100,23,10.0,8.04,6.0,2.0,75.0,17.0
623,0.807,77,0,100,23,10.0,8.07,8.0,47.0,14.000000000000002,31.0
624,0.652,79,0,100,21,10.0,6.52,6.0,81.0,9.0,4.0
625,0.687,81,0,100,19,10.0,6.87,75.0,18.0,5.0,2.0
626,0.734,78,0,100,22,10.0,7.34,93.0,0.0,7.000000000000001,0.0
627,0.783,76,0,100,24,10.0,7.83,76.0,1.0,5.0,18.0
628,0.877,67,0,100,33,10.0,8.77,73.0,10.0,13.0,4.0
629,0.831,75,0,100,25,10.0,8.31,77.0,9.0,0.0,14.000000000000002
630,0.813,75,0,100,25,10.0,8.13,20.0,3.0,74.0,3.0
631,0.752,82,0,100,18,10.0,7.52,89.0,6.0,1.0,4.0
632,0.79,76,0,100,24,10.0,7.9,81.0,12.0,6.0,1.0
633,0.77,76,0,100,24,10.0,7.7,7.000000000000001,74.0,0.0,19.0
634,0.749,81,0,100,19,10.0,7.49,55.00000000000001,33.0,12.0,0.0
635,0.855,72,0,100,28,10.0,8.55,6.0,65.0,3.0,26.0
636,0.725,77,0,100,23,10.0,7.25,25.0,71.0,0.0,4.0
637,0.76,74,0,100,26,10.0,7.6,31.0,63.0,3.0,3.0
638,0.786,78,0,100,22,10.0,7.86,1.0,93.0,1.0,5.0
639,0.78,76,0,100,24,10.0,7.8,15.0,73.0,7.000000000000001,5.0
640,0.768,76,0,100,24,10.0,7.68,46.0,4.0,48.0,2.0
641,0.791,69,0,100,31,10.0,7.91,10.0,76.0,5.0,9.0
642,0.834,78,0,100,22,10.0,8.34,88.0,4.0,8.0,0.0
643,0.757,75,0,100,25,10.0,7.57,53.0,18.0,28.999999999999996,0.0
644,0.779,74,0,100,26,10.0,7.79,53.0,7.000000000000001,32.0,8.0
645,0.741,75,0,100,25,10.0,7.41,54.0,30.0,1.0,15.0
646,0.771,71,0,100,29,10.0,7.71,5.0,24.0,63.0,8.0
647,0.756,81,0,100,19,10.0,7.56,97.0,1.0,2.0,0.0
648,0.746,75,0,100,25,10.0,7.46,40.0,53.0,3.0,4.0
649,0.723,74,0,100,26,10.0,7.23,12.0,77.0,1.0,10.0
650,0.805,82,0,100,18,10.0,8.05,75.0,24.0,0.0,1.0
651,0.711,78,0,100,22,10.0,7.11,16.0,60.0,12.0,12.0
652,0.853,72,0,100,28,10.0,8.53,4.0,77.0,7.000000000000001,12.0
653,0.668,79,0,100,21,10.0,6.68,86.0,6.0,3.0,5.0
654,0.82,73,0,100,27,10.0,8.2,7.000000000000001,56.99999999999999,1.0,35.0
655,0.787,81,0,100,19,10.0,7.87,4.0,69.0,6.0,21.0
656,0.757,73,0,102,29,10.0,7.57,5.88235294117647,5.88235294117647,0.0,88.23529411764706
657,0.75,81,0,100,19,10.0,7.5,87.0,2.0,4.0,7.000000000000001
658,0.857,76,0,100,24,10.0,8.57,82.0,2.0,9.0,7.000000000000001
659,0.769,72,0,100,28,10.0,7.69,56.00000000000001,44.0,0.0,0.0
660,0.774,74,0,100,26,10.0,7.74,98.0,1.0,1.0,0.0
661,0.723,73,0,100,27,10.0,7.23,95.0,0.0,4.0,1.0
662,0.795,75,0,100,25,10.0,7.95,70.0,4.0,10.0,16.0
663,0.71,81,0,100,19,10.0,7.1,2.0,86.0,0.0,12.0
664,0.778,72,0,100,28,10.0,7.78,85.0,8.0,4.0,3.0
665,0.823,77,0,100,23,10.0,8.23,79.0,13.0,0.0,8.0
666,0.785,76,0,100,24,10.0,7.85,70.0,20.0,7.000000000000001,3.0
667,0.689,79,0,100,21,10.0,6.89,32.0,61.0,5.0,2.0
668,0.84,72,0,100,28,10.0,8.4,7.000000000000001,63.0,20.0,10.0
669,0.806,76,0,100,24,10.0,8.06,31.0,40.0,28.000000000000004,1.0
670,0.727,74,0,100,26,10.0,7.27,82.0,5.0,7.000000000000001,6.0
671,0.85,72,0,100,28,10.0,8.5,36.0,63.0,0.0,1.0
672,0.789,76,0,100,24,10.0,7.89,13.0,81.0,5.0,1.0
673,0.828,78,0,100,22,10.0,8.28,5.0,56.00000000000001,28.999999999999996,10.0
674,0.744,72,0,100,28,10.0,7.44,15.0,67.0,3.0,15.0
675,0.87,73,0,100,27,10.0,8.7,14.000000000000002,72.0,8.0,6.0
676,0.676,85,0,100,15,10.0,6.76,98.0,0.0,2.0,0.0
677,0.784,78,0,100,22,10.0,7.84,7.000000000000001,15.0,59.0,19.0
678,0.771,81,0,100,19,10.0,7.71,86.0,5.0,8.0,1.0
679,0.786,76,0,100,24,10.0,7.86,78.0,9.0,12.0,1.0
680,0.784,75,0,100,25,10.0,7.84,34.0,13.0,52.0,1.0
681,0.746,76,0,100,24,10.0,7.46,31.0,52.0,5.0,12.0
682,0.731,74,0,100,26,10.0,7.31,10.0,70.0,10.0,10.0
683,0.769,76,0,100,24,10.0,7.69,8.0,74.0,7.000000000000001,11.0
684,0.783,77,0,100,23,10.0,7.83,15.0,69.0,9.0,7.000000000000001
685,0.808,76,0,100,24,10.0,8.08,95.0,2.0,3.0,0.0
686,0.836,73,0,100,27,10.0,8.36,97.0,2.0,1.0,0.0
687,0.726,79,0,100,21,10.0,7.26,93.0,4.0,3.0,0.0
688,0.898,64,0,100,36,10.0,8.98,86.0,5.0,5.0,4.0
689,0.769,72,0,100,28,10.0,7.69,26.0,49.0,21.0,4.0
690,0.793,81,0,100,19,10.0,7.93,79.0,1.0,9.0,11.0
691,0.755,68,0,100,32,10.0,7.55,75.0,21.0,3.0,1.0
692,0.781,75,0,100,25,10.0,7.81,92.0,3.0,3.0,2.0
693,0.802,73,0,100,27,10.0,8.02,18.0,43.0,9.0,30.0
694,0.704,75,0,100,25,10.0,7.04,89.0,2.0,3.0,6.0
695,0.798,77,0,100,23,10.0,7.98,47.0,0.0,40.0,13.0
696,0.751,77,0,100,23,10.0,7.51,13.0,2.0,73.0,12.0
697,0.816,81,0,100,19,10.0,8.16,89.0,1.0,8.0,2.0
698,0.744,77,0,100,23,10.0,7.44,14.000000000000002,81.0,4.0,1.0
699,0.779,71,0,100,29,10.0,7.79,10.0,2.0,66.0,22.0
700,0.72,77,0,100,23,10.0,7.2,25.0,75.0,0.0,0.0
701,0.782,77,0,100,23,10.0,7.82,33.0,62.0,5.0,0.0
702,0.827,74,0,100,26,10.0,8.27,15.0,84.0,1.0,0.0
703,0.762,75,0,100,25,10.0,7.62,24.0,65.0,3.0,8.0
704,0.759,76,0,100,24,10.0,7.59,14.000000000000002,72.0,6.0,8.0
705,0.787,74,0,100,26,10.0,7.87,85.0,1.0,9.0,5.0
706,0.824,71,0,100,29,10.0,8.24,12.0,83.0,0.0,5.0
707,0.736,76,0,100,24,10.0,7.36,91.0,5.0,4.0,0.0
708,0.808,71,0,101,30,10.0,8.08,39.603960396039604,0.9900990099009901,24.752475247524753,34.65346534653465
709,0.676,78,0,100,22,10.0,6.76,90.0,6.0,0.0,4.0
710,0.758,74,0,100,26,10.0,7.58,21.0,76.0,3.0,0.0
711,0.715,77,0,100,23,10.0,7.15,69.0,23.0,3.0,5.0
712,0.726,79,0,100,21,10.0,7.26,82.0,12.0,0.0,6.0
713,0.737,74,0,100,26,10.0,7.37,81.0,1.0,16.0,2.0
714,0.804,78,0,100,22,10.0,8.04,1.0,87.0,1.0,11.0
715,0.804,73,0,100,27,10.0,8.04,14.000000000000002,31.0,47.0,8.0
716,0.753,69,0,100,31,10.0,7.53,90.0,8.0,0.0,2.0
717,0.833,75,0,100,25,10.0,8.33,4.0,83.0,4.0,9.0
718,0.774,74,0,100,26,10.0,7.74,91.0,2.0,6.0,1.0
719,0.742,78,0,100,22,10.0,7.42,12.0,7.000000000000001,78.0,3.0
720,0.799,73,0,100,27,10.0,7.99,88.0,0.0,1.0,11.0
721,0.774,79,0,100,21,10.0,7.74,64.0,27.0,0.0,9.0
722,0.847,76,0,100,24,10.0,8.47,9.0,74.0,2.0,15.0
723,0.752,71,0,100,29,10.0,7.52,83.0,5.0,4.0,8.0
724,0.881,74,0,100,26,10.0,8.81,49.0,45.0,6.0,0.0
725,0.776,77,0,100,23,10.0,7.76,12.0,74.0,8.0,6.0
726,0.724,75,0,100,25,10.0,7.24,87.0,6.0,2.0,5.0
727,0.757,70,0,100,30,10.0,7.57,93.0,4.0,1.0,2.0
728,0.737,78,0,100,22,10.0,7.37,90.0,5.0,1.0,4.0
729,0.733,77,0,100,23,10.0,7.33,73.0,13.0,10.0,4.0
730,0.78,77,0,100,23,10.0,7.8,2.0,87.0,3.0,8.0
731,0.796,68,0,100,32,10.0,7.96,55.00000000000001,5.0,35.0,5.0
732,0.744,76,0,100,24,10.0,7.44,19.0,75.0,4.0,2.0
733,0.712,74,0,100,26,10.0,7.12,91.0,0.0,9.0,0.0
734,0.789,76,0,100,24,10.0,7.89,8.0,19.0,2.0,71.0
735,0.697,74,0,100,26,10.0,6.97,96.0,3.0,1.0,0.0
736,0.744,75,0,100,25,10.0,7.44,86.0,13.0,1.0,0.0
737,0.788,72,0,100,28,10.0,7.88,54.0,44.0,1.0,1.0
738,0.891,75,0,100,25,10.0,8.91,16.0,78.0,1.0,5.0
739,0.819,71,0,100,29,10.0,8.19,14.000000000000002,31.0,34.0,21.0
740,0.803,71,0,100,29,10.0,8.03,16.0,54.0,1.0,28.999999999999996
741,0.667,79,0,100,21,10.0,6.67,25.0,75.0,0.0,0.0
742,0.787,79,0,100,21,10.0,7.87,90.0,6.0,0.0,4.0
743,0.906,78,0,100,22,10.0,9.06,9.0,77.0,2.0,12.0
744,0.748,75,0,100,25,10.0,7.48,5.0,85.0,5.0,5.0
745,0.791,74,0,100,26,10.0,7.91,13.0,77.0,3.0,7.000000000000001
746,0.78,74,0,100,26,10.0,7.8,11.0,71.0,2.0,16.0
747,0.835,79,0,100,21,10.0,8.35,14.000000000000002,71.0,9.0,6.0
748,0.851,76,0,100,24,10.0,8.51,73.0,18.0,6.0,3.0
749,0.84,70,0,100,30,10.0,8.4,15.0,28.000000000000004,25.0,32.0
750,0.728,73,0,100,27,10.0,7.28,91.0,6.0,2.0,1.0
751,0.725,70,0,100,30,10.0,7.25,90.0,6.0,3.0,1.0
752,0.8,81,0,100,19,10.0,8.0,49.0,19.0,0.0,32.0
753,0.703,76,0,100,24,10.0,7.03,44.0,55.00000000000001,1.0,0.0
754,0.717,75,0,100,25,10.0,7.17,96.0,0.0,2.0,2.0
755,0.707,79,0,100,21,10.0,7.07,73.0,26.0,0.0,1.0
756,0.825,75,0,100,25,10.0,8.25,41.0,3.0,52.0,4.0
757,0.788,75,0,100,25,10.0,7.88,81.0,3.0,6.0,10.0
758,0.762,72,0,100,28,10.0,7.62,72.0,18.0,10.0,0.0
759,0.745,76,0,100,24,10.0,7.45,6.0,89.0,0.0,5.0
760,0.704,76,0,100,24,10.0,7.04,45.0,53.0,2.0,0.0
761,0.82,72,0,100,28,10.0,8.2,26.0,0.0,33.0,41.0
762,0.85,75,0,100,25,10.0,8.5,17.0,56.99999999999999,6.0,20.0
763,0.769,75,0,100,25,10.0,7.69,4.0,1.0,2.0,93.0
764,0.777,75,0,100,25,10.0,7.77,40.0,17.0,0.0,43.0
765,0.726,76,0,100,24,10.0,7.26,2.0,5.0,7.000000000000001,86.0
766,0.716,77,0,100,23,10.0,7.16,15.0,79.0,2.0,4.0
767,0.832,77,0,100,23,10.0,8.32,30.0,60.0,7.000000000000001,3.0
768,0.801,74,0,100,26,10.0,8.01,14.000000000000002,75.0,2.0,9.0
769,0.808,75,0,100,25,10.0,8.08,82.0,17.0,1.0,0.0
770,0.716,76,0,100,24,10.0,7.16,41.0,57.99999999999999,0.0,1.0
771,0.776,74,0,100,26,10.0,7.76,93.0,3.0,2.0,2.0
772,0.754,79,0,100,21,10.0,7.54,69.0,25.0,2.0,4.0
773,0.68,79,0,100,21,10.0,6.8,78.0,19.0,3.0,0.0
774,0.75,76,0,100,24,10.0,7.5,83.0,2.0,14.000000000000002,1.0
775,0.821,76,0,100,24,10.0,8.21,74.0,3.0,0.0,23.0
776,0.753,74,0,100,26,10.0,7.53,57.99999999999999,40.0,2.0,0.0
777,0.776,77,0,100,23,10.0,7.76,4.0,88.0,6.0,2.0
778,0.831,71,0,100,29,10.0,8.31,94.0,0.0,6.0,0.0
779,0.828,72,0,100,28,10.0,8.28,22.0,75.0,2.0,1.0
780,0.743,79,0,100,21,10.0,7.43,22.0,66.0,10.0,2.0
781,0.815,71,0,100,29,10.0,8.15,41.0,48.0,7.000000000000001,4.0
782,0.803,79,0,100,21,10.0,8.03,3.0,2.0,75.0,20.0
783,0.749,75,0,100,25,10.0,7.49,85.0,4.0,4.0,7.000000000000001
784,0.764,75,0,100,25,10.0,7.64,70.0,13.0,16.0,1.0
785,0.87,72,0,100,28,10.0,8.7,10.0,66.0,2.0,22.0
786,0.829,72,0,100,28,10.0,8.29,34.0,51.0,12.0,3.0
787,0.796,74,0,100,26,10.0,7.96,35.0,44.0,16.0,5.0
788,0.771,75,0,100,25,10.0,7.71,97.0,1.0,2.0,0.0
789,0.768,76,0,100,24,10.0,7.68,18.0,45.0,2.0,35.0
790,0.853,72,0,100,28,10.0,8.53,49.0,36.0,3.0,12.0
791,0.751,76,0,101,25,10.0,7.51,79.20792079207921,12.871287128712872,6.9306930693069315,0.9900990099009901
792,0.815,77,0,100,23,10.0,8.15,9.0,0.0,66.0,25.0
793,0.758,72,0,100,28,10.0,7.58,90.0,5.0,3.0,2.0
794,0.783,74,0,100,26,10.0,7.83,17.0,78.0,1.0,4.0
795,0.821,76,0,100,24,10.0,8.21,22.0,66.0,2.0,10.0
796,0.807,81,0,100,19,10.0,8.07,5.0,73.0,4.0,18.0
797,0.768,76,0,100,24,10.0,7.68,84.0,16.0,0.0,0.0
798,0.796,77,0,100,23,10.0,7.96,6.0,79.0,0.0,15.0
799,0.729,73,0,100,27,10.0,7.29,56.00000000000001,3.0,41.0,0.0
800,0.845,78,0,100,22,10.0,8.45,11.0,60.0,8.0,21.0
801,0.692,73,0,100,27,10.0,6.92,6.0,17.0,13.0,64.0
802,0.813,71,0,100,29,10.0,8.13,44.0,43.0,9.0,4.0
803,0.717,81,0,100,19,10.0,7.17,95.0,0.0,3.0,2.0
804,0.691,83,0,100,17,10.0,6.91,5.0,93.0,0.0,2.0
805,0.787,79,0,100,21,10.0,7.87,8.0,76.0,12.0,4.0
806,0.799,71,0,100,29,10.0,7.99,49.0,47.0,0.0,4.0
807,0.755,72,0,100,28,10.0,7.55,35.0,54.0,3.0,8.0
808,0.726,76,0,100,24,10.0,7.26,21.0,67.0,9.0,3.0
809,0.778,72,0,100,28,10.0,7.78,88.0,6.0,5.0,1.0
810,0.781,77,0,100,23,10.0,7.81,3.0,47.0,37.0,13.0
811,0.787,83,0,100,17,10.0,7.87,4.0,1.0,84.0,11.0
812,0.653,79,0,100,21,10.0,6.53,92.0,4.0,4.0,0.0
813,0.708,77,0,100,23,10.0,7.08,6.0,11.0,12.0,71.0
814,0.843,69,0,100,31,10.0,8.43,4.0,16.0,10.0,70.0
815,0.782,76,0,100,24,10.0,7.82,9.0,39.0,1.0,51.0
816,0.727,76,0,100,24,10.0,7.27,44.0,55.00000000000001,1.0,0.0
817,0.754,78,0,100,22,10.0,7.54,32.0,8.0,57.99999999999999,2.0
818,0.721,72,0,100,28,10.0,7.21,92.0,7.000000000000001,0.0,1.0
819,0.681,78,0,100,22,10.0,6.81,88.0,10.0,1.0,1.0
820,0.834,73,0,100,27,10.0,8.34,37.0,5.0,45.0,13.0
821,0.786,71,0,100,29,10.0,7.86,45.0,22.0,28.000000000000004,5.0
822,0.832,74,0,100,26,10.0,8.32,65.0,1.0,17.0,17.0
823,0.841,74,0,100,26,10.0,8.41,4.0,68.0,3.0,25.0
824,0.724,74,0,100,26,10.0,7.24,8.0,70.0,16.0,6.0
825,0.742,76,0,100,24,10.0,7.42,26.0,34.0,40.0,0.0
826,0.864,70,0,100,30,10.0,8.64,45.0,1.0,9.0,45.0
827,0.785,76,0,100,24,10.0,7.85,54.0,0.0,33.0,13.0
828,0.79,76,0,100,24,10.0,7.9,40.0,44.0,7.000000000000001,9.0
829,0.84,77,0,100,23,10.0,8.4,78.0,1.0,6.0,15.0
830,0.704,78,0,100,22,10.0,7.04,93.0,2.0,0.0,5.0
831,0.836,74,0,100,26,10.0,8.36,18.0,76.0,1.0,5.0
832,0.816,75,0,100,25,10.0,8.16,34.0,38.0,0.0,28.000000000000004
833,0.824,75,0,100,25,10.0,8.24,13.0,68.0,1.0,18.0
834,0.72,73,0,100,27,10.0,7.2,94.0,4.0,1.0,1.0
835,0.848,73,0,100,27,10.0,8.48,28.000000000000004,24.0,43.0,5.0
836,0.783,77,0,100,23,10.0,7.83,24.0,0.0,70.0,6.0
837,0.784,74,0,100,26,10.0,7.84,6.0,72.0,6.0,16.0
838,0.77,78,0,100,22,10.0,7.7,70.0,26.0,4.0,0.0
839,0.813,75,0,100,25,10.0,8.13,87.0,5.0,5.0,3.0
840,0.767,74,0,100,26,10.0,7.67,48.0,45.0,5.0,2.0
841,0.828,72,0,100,28,10.0,8.28,42.0,26.0,8.0,24.0
842,0.751,72,0,100,28,10.0,7.51,90.0,9.0,1.0,0.0
843,0.701,82,0,100,18,10.0,7.01,12.0,68.0,20.0,0.0
844,0.609,84,0,100,16,10.0,6.09,92.0,4.0,2.0,2.0
845,0.818,77,0,100,23,10.0,8.18,83.0,1.0,10.0,6.0
846,0.86,72,0,100,28,10.0,8.6,24.0,70.0,4.0,2.0
847,0.731,76,0,100,24,10.0,7.31,88.0,0.0,3.0,9.0
848,0.771,74,0,100,26,10.0,7.71,72.0,1.0,25.0,2.0
849,0.662,81,0,100,19,10.0,6.62,97.0,2.0,1.0,0.0
850,0.757,74,0,100,26,10.0,7.57,26.0,16.0,56.00000000000001,2.0
851,0.857,67,0,100,33,10.0,8.57,8.0,65.0,9.0,18.0
852,0.799,67,0,100,33,10.0,7.99,22.0,3.0,55.00000000000001,20.0
853,0.793,80,0,100,20,10.0,7.93,14.000000000000002,82.0,0.0,4.0
854,0.758,73,0,100,27,10.0,7.58,23.0,62.0,8.0,7.000000000000001
855,0.835,68,0,100,32,10.0,8.35,7.000000000000001,92.0,1.0,0.0
856,0.769,80,0,100,20,10.0,7.69,46.0,1.0,0.0,53.0
857,0.776,69,0,100,31,10.0,7.76,91.0,5.0,4.0,0.0
858,0.774,76,0,100,24,10.0,7.74,90.0,2.0,4.0,4.0
859,0.82,72,0,100,28,10.0,8.2,11.0,56.00000000000001,7.000000000000001,26.0
860,0.775,79,0,100,21,10.0,7.75,85.0,6.0,7.000000000000001,2.0
861,0.736,74,0,100,26,10.0,7.36,66.0,15.0,8.0,11.0
862,0.782,74,0,100,26,10.0,7.82,43.0,51.0,3.0,3.0
863,0.806,74,0,100,26,10.0,8.06,72.0,28.000000000000004,0.0,0.0
864,0.827,74,0,100,26,10.0,8.27,2.0,80.0,1.0,17.0
865,0.773,73,0,100,27,10.0,7.73,44.0,2.0,38.0,16.0
866,0.81,73,0,100,27,10.0,8.1,1.0,56.99999999999999,35.0,7.000000000000001
867,0.821,74,0,100,26,10.0,8.21,40.0,48.0,7.000000000000001,5.0
868,0.796,81,0,100,19,10.0,7.96,8.0,86.0,6.0,0.0
869,0.789,79,0,100,21,10.0,7.89,4.0,51.0,36.0,9.0
870,0.772,77,0,100,23,10.0,7.72,2.0,14.000000000000002,65.0,19.0
871,0.771,76,0,100,24,10.0,7.71,6.0,88.0,0.0,6.0
872,0.735,74,0,100,26,10.0,7.35,94.0,4.0,2.0,0.0
873,0.718,76,0,100,24,10.0,7.18,91.0,1.0,3.0,5.0
874,0.773,78,0,100,22,10.0,7.73,5.0,93.0,0.0,2.0
875,0.752,81,0,100,19,10.0,7.52,13.0,0.0,82.0,5.0
876,0.88,72,0,100,28,10.0,8.8,79.0,5.0,8.0,8.0
877,0.8,76,0,100,24,10.0,8.0,4.0,63.0,6.0,27.0
878,0.796,81,0,100,19,10.0,7.96,92.0,7.000000000000001,1.0,0.0
879,0.796,74,0,100,26,10.0,7.96,18.0,74.0,2.0,6.0
880,0.817,74,0,100,26,10.0,8.17,66.0,6.0,11.0,17.0
881,0.842,77,0,100,23,10.0,8.42,74.0,17.0,0.0,9.0
882,0.777,73,0,100,27,10.0,7.77,54.0,36.0,6.0,4.0
883,0.736,76,0,100,24,10.0,7.36,14.000000000000002,0.0,76.0,10.0
884,0.79,70,0,100,30,10.0,7.9,53.0,36.0,9.0,2.0
885,0.758,77,0,100,23,10.0,7.58,9.0,85.0,4.0,2.0
886,0.844,73,0,100,27,10.0,8.44,43.0,52.0,5.0,0.0
887,0.751,84,0,100,16,10.0,7.51,80.0,2.0,2.0,16.0
888,0.801,76,0,100,24,10.0,8.01,46.0,32.0,22.0,0.0
889,0.723,77,0,100,23,10.0,7.23,4.0,80.0,0.0,16.0
890,0.794,80,0,100,20,10.0,7.94,2.0,59.0,35.0,4.0
891,0.747,76,0,100,24,10.0,7.47,8.0,65.0,16.0,11.0
892,0.615,81,0,100,19,10.0,6.15,90.0,2.0,0.0,8.0
893,0.799,76,0,100,24,10.0,7.99,15.0,66.0,15.0,4.0
894,0.704,79,0,100,21,10.0,7.04,98.0,0.0,2.0,0.0
895,0.709,76,0,100,24,10.0,7.09,99.0,0.0,1.0,0.0
896,0.785,75,0,100,25,10.0,7.85,41.0,57.99999999999999,1.0,0.0
897,0.695,78,0,100,22,10.0,6.95,56.99999999999999,3.0,40.0,0.0
898,0.741,76,0,100,24,10.0,7.41,83.0,0.0,2.0,15.0
899,0.741,83,0,100,17,10.0,7.41,93.0,1.0,2.0,4.0
900,0.806,74,0,100,26,10.0,8.06,21.0,77.0,2.0,0.0
901,0.872,70,0,100,30,10.0,8.72,28.999999999999996,52.0,19.0,0.0
902,0.744,76,0,100,24,10.0,7.44,98.0,0.0,2.0,0.0
903,0.747,78,0,100,22,10.0,7.47,4.0,90.0,4.0,2.0
904,0.791,73,0,100,27,10.0,7.91,23.0,6.0,63.0,8.0
905,0.854,74,0,100,26,10.0,8.54,2.0,59.0,5.0,34.0
906,0.767,74,0,100,26,10.0,7.67,10.0,66.0,10.0,14.000000000000002
907,0.852,76,0,100,24,10.0,8.52,12.0,55.00000000000001,2.0,31.0
908,0.688,78,0,100,22,10.0,6.88,8.0,75.0,17.0,0.0
909,0.825,76,0,100,24,10.0,8.25,86.0,7.000000000000001,6.0,1.0
910,0.821,75,0,100,25,10.0,8.21,3.0,75.0,9.0,13.0
911,0.704,77,0,100,23,10.0,7.04,10.0,43.0,46.0,1.0
912,0.799,79,0,100,21,10.0,7.99,84.0,7.000000000000001,3.0,6.0
913,0.825,74,0,100,26,10.0,8.25,2.0,79.0,12.0,7.000000000000001
914,0.806,72,0,100,28,10.0,8.06,84.0,6.0,1.0,9.0
915,0.708,82,0,100,18,10.0,7.08,2.0,83.0,12.0,3.0
916,0.821,77,0,100,23,10.0,8.21,5.0,89.0,5.0,1.0
917,0.833,76,0,100,24,10.0,8.33,73.0,11.0,2.0,14.000000000000002
918,0.776,76,0,100,24,10.0,7.76,77.0,3.0,11.0,9.0
919,0.713,78,0,100,22,10.0,7.13,99.0,0.0,1.0,0.0
920,0.753,74,0,100,26,10.0,7.53,83.0,5.0,8.0,4.0
921,0.723,77,0,100,23,10.0,7.23,28.999999999999996,3.0,67.0,1.0
922,0.739,73,0,100,27,10.0,7.39,100.0,0.0,0.0,0.0
923,0.77,79,0,100,21,10.0,7.7,96.0,2.0,0.0,2.0
924,0.773,80,0,100,20,10.0,7.73,1.0,19.0,64.0,16.0
925,0.738,74,0,100,26,10.0,7.38,43.0,1.0,28.000000000000004,28.000000000000004
926,0.814,76,0,100,24,10.0,8.14,26.0,0.0,74.0,0.0
927,0.863,73,0,100,27,10.0,8.63,71.0,1.0,1.0,27.0
928,0.748,73,0,100,27,10.0,7.48,5.0,54.0,0.0,41.0
929,0.776,78,0,100,22,10.0,7.76,10.0,0.0,11.0,79.0
930,0.701,77,0,100,23,10.0,7.01,7.000000000000001,77.0,1.0,15.0
931,0.759,74,0,100,26,10.0,7.59,77.0,11.0,3.0,9.0
932,0.727,83,0,100,17,10.0,7.27,92.0,2.0,1.0,5.0
933,0.672,74,0,100,26,10.0,6.72,88.0,0.0,6.0,6.0
934,0.734,73,0,100,27,10.0,7.34,55.00000000000001,44.0,1.0,0.0
935,0.804,72,0,100,28,10.0,8.04,36.0,62.0,0.0,2.0
936,0.787,78,0,100,22,10.0,7.87,86.0,8.0,3.0,3.0
937,0.722,77,0,100,23,10.0,7.22,79.0,1.0,7.000000000000001,13.0
938,0.69,74,0,100,26,10.0,6.9,32.0,63.0,4.0,1.0
939,0.787,69,0,100,31,10.0,7.87,16.0,4.0,69.0,11.0
940,0.796,74,0,100,26,10.0,7.96,65.0,22.0,1.0,12.0
941,0.764,78,0,100,22,10.0,7.64,3.0,1.0,21.0,75.0
942,0.867,79,0,100,21,10.0,8.67,15.0,64.0,19.0,2.0
943,0.738,75,0,100,25,10.0,7.38,10.0,44.0,45.0,1.0
944,0.803,73,0,100,27,10.0,8.03,4.0,17.0,46.0,33.0
945,0.779,78,0,100,22,10.0,7.79,93.0,0.0,3.0,4.0
946,0.813,76,0,100,24,10.0,8.13,23.0,68.0,8.0,1.0
947,0.784,75,0,100,25,10.0,7.84,69.0,15.0,5.0,11.0
948,0.773,73,0,100,27,10.0,7.73,81.0,15.0,0.0,4.0
949,0.848,75,0,100,25,10.0,8.48,44.0,17.0,35.0,4.0
950,0.8,76,0,101,25,10.0,8.0,37.62376237623762,50.495049504950494,0.9900990099009901,10.891089108910892
951,0.857,74,0,100,26,10.0,8.57,72.0,15.0,7.000000000000001,6.0
952,0.826,73,0,100,27,10.0,8.26,9.0,12.0,21.0,57.99999999999999
953,0.802,69,0,100,31,10.0,8.02,59.0,40.0,1.0,0.0
954,0.791,73,0,100,27,10.0,7.91,34.0,56.00000000000001,6.0,4.0
955,0.758,75,0,100,25,10.0,7.58,13.0,4.0,83.0,0.0
956,0.805,70,0,100,30,10.0,8.05,22.0,74.0,3.0,1.0
957,0.767,80,0,100,20,10.0,7.67,85.0,2.0,11.0,2.0
958,0.747,73,0,100,27,10.0,7.47,87.0,1.0,0.0,12.0
959,0.812,69,0,100,31,10.0,8.12,76.0,0.0,0.0,24.0
960,0.726,82,0,100,18,10.0,7.26,93.0,1.0,5.0,1.0
961,0.678,85,0,100,15,10.0,6.78,96.0,2.0,2.0,0.0
962,0.744,79,0,100,21,10.0,7.44,28.999999999999996,5.0,62.0,4.0
963,0.773,79,0,100,21,10.0,7.73,78.0,1.0,0.0,21.0
964,0.8,70,0,100,30,10.0,8.0,18.0,70.0,6.0,6.0
965,0.764,83,0,100,17,10.0,7.64,95.0,0.0,5.0,0.0
966,0.734,81,0,100,19,10.0,7.34,67.0,6.0,4.0,23.0
967,0.711,74,0,100,26,10.0,7.11,94.0,0.0,5.0,1.0
968,0.801,75,0,100,25,10.0,8.01,82.0,2.0,1.0,15.0
969,0.72,80,0,100,20,10.0,7.2,95.0,4.0,1.0,0.0
970,0.822,78,0,100,22,10.0,8.22,2.0,0.0,71.0,27.0
971,0.768,78,0,100,22,10.0,7.68,99.0,1.0,0.0,0.0
972,0.747,75,0,100,25,10.0,7.47,92.0,3.0,1.0,4.0
973,0.838,75,0,100,25,10.0,8.38,26.0,71.0,3.0,0.0
974,0.805,71,0,100,29,10.0,8.05,93.0,5.0,2.0,0.0
975,0.706,81,0,100,19,10.0,7.06,87.0,5.0,6.0,2.0
976,0.806,75,0,100,25,10.0,8.06,13.0,46.0,7.000000000000001,34.0
977,0.855,72,0,100,28,10.0,8.55,35.0,34.0,3.0,28.000000000000004
978,0.794,72,0,100,28,10.0,7.94,38.0,11.0,51.0,0.0
979,0.837,75,0,100,25,10.0,8.37,30.0,6.0,64.0,0.0
980,0.764,75,0,100,25,10.0,7.64,4.0,34.0,53.0,9.0
981,0.684,78,0,100,22,10.0,6.84,54.0,33.0,0.0,13.0
982,0.672,79,0,100,21,10.0,6.72,55.00000000000001,1.0,44.0,0.0
983,0.841,72,0,100,28,10.0,8.41,85.0,5.0,9.0,1.0
984,0.767,72,0,100,28,10.0,7.67,79.0,6.0,9.0,6.0
985,0.733,78,0,100,22,10.0,7.33,91.0,0.0,2.0,7.000000000000001
986,0.767,77,0,100,23,10.0,7.67,3.0,79.0,15.0,3.0
987,0.743,78,0,100,22,10.0,7.43,23.0,62.0,2.0,13.0
988,0.824,74,0,100,26,10.0,8.24,2.0,79.0,1.0,18.0
989,0.841,72,0,100,28,10.0,8.41,18.0,67.0,3.0,12.0
990,0.76,71,0,100,29,10.0,7.6,30.0,56.00000000000001,3.0,11.0
991,0.81,71,0,100,29,10.0,8.1,32.0,56.00000000000001,2.0,10.0
992,0.78,77,0,100,23,10.0,7.8,69.0,23.0,4.0,4.0
993,0.814,78,0,100,22,10.0,8.14,43.0,6.0,3.0,48.0
994,0.725,78,0,100,22,10.0,7.25,27.0,60.0,13.0,0.0
995,0.787,70,0,100,30,10.0,7.87,5.0,83.0,0.0,12.0
996,0.794,74,0,100,26,10.0,7.94,32.0,64.0,4.0,0.0
997,0.785,75,0,100,25,10.0,7.85,72.0,1.0,1.0,26.0
998,0.793,78,0,100,22,10.0,7.93,3.0,96.0,0.0,1.0
999,0.7,77,0,100,23,10.0,7.0,5.0,78.0,2.0,15.0
1000,0.868,73,0,100,27,10.0,8.68,78.0,6.0,10.0,6.0
1001,0.748,82,0,100,18,10.0,7.48,23.0,75.0,1.0,1.0
1002,0.784,77,0,100,23,10.0,7.84,4.0,90.0,3.0,3.0
1003,0.828,74,0,100,26,10.0,8.28,4.0,37.0,4.0,55.00000000000001
1004,0.819,73,0,100,27,10.0,8.19,10.0,0.0,79.0,11.0
1005,0.812,76,0,100,24,10.0,8.12,2.0,85.0,3.0,10.0
1006,0.691,79,0,100,21,10.0,6.91,61.0,3.0,8.0,28.000000000000004
1007,0.785,74,0,100,26,10.0,7.85,83.0,6.0,5.0,6.0
1008,0.713,76,0,100,24,10.0,7.13,85.0,5.0,1.0,9.0
1009,0.744,72,0,100,28,10.0,7.44,6.0,89.0,5.0,0.0
1010,0.865,72,0,100,28,10.0,8.65,23.0,41.0,24.0,12.0
1011,0.814,68,0,100,32,10.0,8.14,91.0,4.0,4.0,1.0
1012,0.703,79,0,100,21,10.0,7.03,90.0,5.0,1.0,4.0
1013,0.798,76,0,100,24,10.0,7.98,82.0,15.0,2.0,1.0
1014,0.681,78,0,100,22,10.0,6.81,22.0,53.0,22.0,3.0
1015,0.814,73,0,100,27,10.0,8.14,8.0,2.0,69.0,21.0
1016,0.753,80,0,100,20,10.0,7.53,84.0,2.0,1.0,13.0
1017,0.816,74,0,100,26,10.0,8.16,79.0,7.000000000000001,10.0,4.0
1018,0.841,76,0,100,24,10.0,8.41,25.0,74.0,0.0,1.0
1019,0.74,75,0,100,25,10.0,7.4,84.0,2.0,2.0,12.0
1020,0.736,78,0,100,22,10.0,7.36,68.0,30.0,1.0,1.0
1021,0.746,74,0,100,26,10.0,7.46,9.0,84.0,4.0,3.0
1022,0.768,76,0,100,24,10.0,7.68,94.0,0.0,1.0,5.0
1023,0.821,75,0,100,25,10.0,8.21,6.0,65.0,4.0,25.0
1024,0.835,72,0,100,28,10.0,8.35,31.0,5.0,56.99999999999999,7.000000000000001
1025,0.91,73,0,100,27,10.0,9.1,8.0,65.0,5.0,22.0
1026,0.703,81,0,100,19,10.0,7.03,78.0,15.0,0.0,7.000000000000001
1027,0.781,73,0,100,27,10.0,7.81,7.000000000000001,88.0,3.0,2.0
1028,0.833,65,0,100,35,10.0,8.33,86.0,7.000000000000001,7.000000000000001,0.0
1029,0.639,81,0,100,19,10.0,6.39,3.0,83.0,14.000000000000002,0.0
1030,0.784,79,0,100,21,10.0,7.84,35.0,48.0,10.0,7.000000000000001
1031,0.829,73,0,100,27,10.0,8.29,3.0,72.0,5.0,20.0
1032,0.8,72,0,100,28,10.0,8.0,95.0,3.0,2.0,0.0
1033,0.803,72,0,100,28,10.0,8.03,97.0,3.0,0.0,0.0
1034,0.749,76,0,100,24,10.0,7.49,10.0,80.0,4.0,6.0
1035,0.783,79,0,100,21,10.0,7.83,17.0,3.0,0.0,80.0
1036,0.85,68,0,100,32,10.0,8.5,74.0,17.0,6.0,3.0
1037,0.731,78,0,100,22,10.0,7.31,19.0,52.0,28.999999999999996,0.0
1038,0.771,76,0,100,24,10.0,7.71,31.0,27.0,42.0,0.0
1039,0.771,78,0,100,22,10.0,7.71,75.0,5.0,3.0,17.0
1040,0.767,75,0,100,25,10.0,7.67,86.0,13.0,1.0,0.0
1041,0.766,74,0,100,26,10.0,7.66,48.0,37.0,8.0,7.000000000000001
1042,0.821,73,0,100,27,10.0,8.21,65.0,2.0,28.999999999999996,4.0
1043,0.783,77,0,100,23,10.0,7.83,79.0,4.0,16.0,1.0
1044,0.836,76,0,100,24,10.0,8.36,33.0,57.99999999999999,1.0,8.0
1045,0.707,82,0,100,18,10.0,7.07,76.0,23.0,0.0,1.0
1046,0.829,79,0,100,21,10.0,8.29,7.000000000000001,81.0,0.0,12.0
1047,0.754,80,0,100,20,10.0,7.54,3.0,30.0,5.0,62.0
1048,0.757,77,0,100,23,10.0,7.57,16.0,80.0,4.0,0.0
1049,0.732,80,0,100,20,10.0,7.32,94.0,2.0,3.0,1.0
1050,0.702,81,0,100,19,10.0,7.02,97.0,1.0,2.0,0.0
1051,0.764,79,0,100,21,10.0,7.64,7.000000000000001,72.0,3.0,18.0
1052,0.81,74,0,100,26,10.0,8.1,40.0,3.0,20.0,37.0
1053,0.799,69,0,100,31,10.0,7.99,92.0,3.0,4.0,1.0
1054,0.825,74,0,100,26,10.0,8.25,79.0,5.0,12.0,4.0
1055,0.789,77,0,100,23,10.0,7.89,85.0,0.0,10.0,5.0
1056,0.896,72,0,100,28,10.0,8.96,19.0,60.0,1.0,20.0
1057,0.768,78,0,100,22,10.0,7.68,11.0,20.0,4.0,65.0
1058,0.847,72,0,100,28,10.0,8.47,42.0,2.0,1.0,55.00000000000001
1059,0.756,79,0,100,21,10.0,7.56,63.0,8.0,28.999999999999996,0.0
1060,0.766,79,0,100,21,10.0,7.66,76.0,15.0,3.0,6.0
1061,0.732,75,0,100,25,10.0,7.32,65.0,30.0,4.0,1.0
1062,0.756,74,0,100,26,10.0,7.56,3.0,33.0,0.0,64.0
1063,0.766,79,0,100,21,10.0,7.66,94.0,3.0,1.0,2.0
1064,0.732,81,0,100,19,10.0,7.32,3.0,88.0,2.0,7.000000000000001
1065,0.753,76,0,100,24,10.0,7.53,7.000000000000001,57.99999999999999,3.0,32.0
1066,0.725,74,0,100,26,10.0,7.25,93.0,0.0,5.0,2.0
1067,0.847,79,0,100,21,10.0,8.47,93.0,1.0,6.0,0.0
1068,0.759,80,0,100,20,10.0,7.59,88.0,2.0,6.0,4.0
1069,0.793,76,0,100,24,10.0,7.93,12.0,4.0,49.0,35.0
1070,0.748,74,0,100,26,10.0,7.48,40.0,56.99999999999999,3.0,0.0
1071,0.876,76,0,100,24,10.0,8.76,4.0,75.0,15.0,6.0
1072,0.772,75,0,100,25,10.0,7.72,95.0,4.0,1.0,0.0
1073,0.827,78,0,100,22,10.0,8.27,4.0,4.0,87.0,5.0
1074,0.807,82,0,100,18,10.0,8.07,98.0,2.0,0.0,0.0
1075,0.824,79,0,100,21,10.0,8.24,4.0,56.99999999999999,23.0,16.0
1076,0.812,75,0,100,25,10.0,8.12,38.0,45.0,15.0,2.0
1077,0.809,77,0,100,23,10.0,8.09,20.0,49.0,31.0,0.0
1078,0.806,72,0,100,28,10.0,8.06,7.000000000000001,80.0,1.0,12.0
1079,0.744,78,0,100,22,10.0,7.44,67.0,30.0,3.0,0.0
1080,0.788,70,0,100,30,10.0,7.88,45.0,55.00000000000001,0.0,0.0
1081,0.758,76,0,100,24,10.0,7.58,74.0,2.0,1.0,23.0
1082,0.803,73,0,100,27,10.0,8.03,5.0,61.0,1.0,33.0
1083,0.872,71,0,100,29,10.0,8.72,12.0,56.99999999999999,4.0,27.0
1084,0.821,72,0,100,28,10.0,8.21,85.0,1.0,6.0,8.0
1085,0.773,79,0,100,21,10.0,7.73,13.0,36.0,2.0,49.0
1086,0.79,75,0,100,25,10.0,7.9,8.0,63.0,23.0,6.0
1087,0.78,76,0,100,24,10.0,7.8,92.0,4.0,1.0,3.0
1088,0.763,86,0,100,14,10.0,7.63,94.0,0.0,2.0,4.0
1089,0.822,70,0,100,30,10.0,8.22,33.0,49.0,1.0,17.0
1090,0.814,81,0,100,19,10.0,8.14,67.0,23.0,0.0,10.0
1091,0.752,78,0,100,22,10.0,7.52,3.0,6.0,3.0,88.0
1092,0.706,79,0,100,21,10.0,7.06,5.0,87.0,7.000000000000001,1.0
1093,0.763,69,0,100,31,10.0,7.63,69.0,1.0,0.0,30.0
1094,0.78,74,0,100,26,10.0,7.8,15.0,60.0,0.0,25.0
1095,0.848,75,0,100,25,10.0,8.48,4.0,54.0,1.0,41.0
1096,0.864,77,0,100,23,10.0,8.64,37.0,40.0,2.0,21.0
1097,0.871,66,0,100,34,10.0,8.71,45.0,49.0,6.0,0.0
1098,0.766,77,0,100,23,10.0,7.66,33.0,65.0,2.0,0.0
1099,0.769,80,0,100,20,10.0,7.69,92.0,5.0,2.0,1.0
1100,0.764,82,0,100,18,10.0,7.64,8.0,73.0,1.0,18.0
1101,0.749,73,0,100,27,10.0,7.49,83.0,3.0,7.000000000000001,7.000000000000001
1102,0.737,74,0,100,26,10.0,7.37,7.000000000000001,1.0,1.0,91.0
1103,0.802,78,0,100,22,10.0,8.02,78.0,9.0,11.0,2.0
1104,0.731,77,0,100,23,10.0,7.31,15.0,76.0,6.0,3.0
1105,0.748,74,0,100,26,10.0,7.48,8.0,26.0,0.0,66.0
1106,0.8,78,0,100,22,10.0,8.0,3.0,80.0,3.0,14.000000000000002
1107,0.861,77,0,100,23,10.0,8.61,6.0,75.0,1.0,18.0
1108,0.826,81,0,100,19,10.0,8.26,27.0,66.0,5.0,2.0
1109,0.8,79,0,100,21,10.0,8.0,76.0,16.0,7.000000000000001,1.0
1110,0.814,74,0,100,26,10.0,8.14,14.000000000000002,54.0,8.0,24.0
1111,0.705,81,0,100,19,10.0,7.05,94.0,2.0,1.0,3.0
1112,0.79,76,0,100,24,10.0,7.9,94.0,5.0,1.0,0.0
1113,0.826,77,0,100,23,10.0,8.26,90.0,0.0,10.0,0.0
1114,0.779,77,0,100,23,10.0,7.79,18.0,82.0,0.0,0.0
1115,0.762,71,0,100,29,10.0,7.62,96.0,4.0,0.0,0.0
1116,0.799,75,0,100,25,10.0,7.99,27.0,3.0,69.0,1.0
1117,0.756,73,0,100,27,10.0,7.56,7.000000000000001,71.0,5.0,17.0
1118,0.793,75,0,100,25,10.0,7.93,93.0,3.0,1.0,3.0
1119,0.818,78,0,100,22,10.0,8.18,84.0,0.0,11.0,5.0
1120,0.804,70,0,100,30,10.0,8.04,52.0,26.0,15.0,7.000000000000001
1121,0.791,78,0,100,22,10.0,7.91,80.0,2.0,12.0,6.0
1122,0.798,77,0,100,23,10.0,7.98,8.0,78.0,5.0,9.0
1123,0.738,78,0,100,22,10.0,7.38,7.000000000000001,64.0,8.0,21.0
1124,0.763,77,0,100,23,10.0,7.63,4.0,82.0,1.0,13.0
1125,0.808,74,0,100,26,10.0,8.08,5.0,2.0,1.0,92.0
1126,0.778,73,0,100,27,10.0,7.78,66.0,14.000000000000002,11.0,9.0
1127,0.826,72,0,100,28,10.0,8.26,32.0,1.0,7.000000000000001,60.0
1128,0.836,70,0,100,30,10.0,8.36,28.999999999999996,34.0,28.999999999999996,8.0
1129,0.769,79,0,100,21,10.0,7.69,19.0,76.0,5.0,0.0
1130,0.744,82,0,100,18,10.0,7.44,93.0,3.0,0.0,4.0
1131,0.868,79,0,100,21,10.0,8.68,46.0,50.0,2.0,2.0
1132,0.74,76,0,100,24,10.0,7.4,96.0,4.0,0.0,0.0
1133,0.811,75,0,100,25,10.0,8.11,24.0,68.0,8.0,0.0
1134,0.716,78,0,100,22,10.0,7.16,63.0,32.0,1.0,4.0
1135,0.816,71,0,100,29,10.0,8.16,70.0,11.0,1.0,18.0
1136,0.801,74,0,100,26,10.0,8.01,2.0,2.0,12.0,84.0
1137,0.792,75,0,100,25,10.0,7.92,86.0,8.0,1.0,5.0
1138,0.877,75,0,100,25,10.0,8.77,3.0,81.0,3.0,13.0
1139,0.841,77,0,100,23,10.0,8.41,3.0,83.0,0.0,14.000000000000002
1140,0.707,76,0,100,24,10.0,7.07,30.0,70.0,0.0,0.0
1141,0.835,72,0,100,28,10.0,8.35,15.0,74.0,0.0,11.0
1142,0.721,82,0,100,18,10.0,7.21,3.0,82.0,6.0,9.0
1143,0.888,74,0,100,26,10.0,8.88,25.0,43.0,24.0,8.0
1144,0.882,75,0,100,25,10.0,8.82,8.0,76.0,6.0,10.0
1145,0.778,77,0,100,23,10.0,7.78,71.0,12.0,14.000000000000002,3.0
1146,0.72,80,0,100,20,10.0,7.2,51.0,1.0,48.0,0.0
1147,0.79,71,0,100,29,10.0,7.9,4.0,79.0,7.000000000000001,10.0
1148,0.697,80,0,100,20,10.0,6.97,13.0,1.0,75.0,11.0
1149,0.777,78,0,100,22,10.0,7.77,94.0,2.0,2.0,2.0
1150,0.712,78,0,100,22,10.0,7.12,3.0,4.0,85.0,8.0
1151,0.744,75,0,100,25,10.0,7.44,9.0,85.0,1.0,5.0
1152,0.765,85,0,100,15,10.0,7.65,4.0,69.0,23.0,4.0
1153,0.843,78,0,100,22,10.0,8.43,92.0,1.0,7.000000000000001,0.0
1154,0.788,76,0,100,24,10.0,7.88,6.0,94.0,0.0,0.0
1155,0.705,76,0,100,24,10.0,7.05,84.0,2.0,13.0,1.0
1156,0.822,74,0,100,26,10.0,8.22,12.0,80.0,0.0,8.0
1157,0.696,75,0,100,25,10.0,6.96,91.0,4.0,1.0,4.0
1158,0.818,73,0,100,27,10.0,8.18,7.000000000000001,39.0,0.0,54.0
1159,0.777,77,0,100,23,10.0,7.77,96.0,0.0,3.0,1.0
1160,0.864,70,0,100,30,10.0,8.64,28.000000000000004,44.0,25.0,3.0
1161,0.775,75,0,100,25,10.0,7.75,62.0,25.0,0.0,13.0
1162,0.714,72,0,100,28,10.0,7.14,15.0,37.0,11.0,37.0
1163,0.782,71,0,100,29,10.0,7.82,49.0,48.0,3.0,0.0
1164,0.733,78,0,100,22,10.0,7.33,91.0,5.0,2.0,2.0
1165,0.851,69,0,100,31,10.0,8.51,5.0,27.0,3.0,65.0
1166,0.716,73,0,100,27,10.0,7.16,5.0,56.99999999999999,0.0,38.0
1167,0.722,76,0,100,24,10.0,7.22,26.0,67.0,7.000000000000001,0.0
1168,0.789,76,0,100,24,10.0,7.89,3.0,69.0,0.0,28.000000000000004
1169,0.761,78,0,100,22,10.0,7.61,2.0,69.0,3.0,26.0
1170,0.796,78,0,100,22,10.0,7.96,8.0,11.0,55.00000000000001,26.0
1171,0.792,70,0,100,30,10.0,7.92,16.0,41.0,5.0,38.0
1172,0.9,74,0,101,27,10.0,9.0,9.900990099009901,0.0,57.42574257425742,32.67326732673268
1173,0.769,76,0,100,24,10.0,7.69,91.0,3.0,5.0,1.0
1174,0.758,73,0,100,27,10.0,7.58,65.0,24.0,7.000000000000001,4.0
1175,0.713,77,0,100,23,10.0,7.13,91.0,6.0,3.0,0.0
1176,0.799,76,0,100,24,10.0,7.99,54.0,32.0,1.0,13.0
1177,0.702,80,0,100,20,10.0,7.02,89.0,6.0,5.0,0.0
1178,0.808,73,0,101,28,10.0,8.08,33.663366336633665,2.9702970297029703,2.9702970297029703,60.396039603960396
1179,0.774,71,0,100,29,10.0,7.74,79.0,4.0,12.0,5.0
1180,0.794,70,0,100,30,10.0,7.94,4.0,52.0,1.0,43.0
1181,0.684,79,0,100,21,10.0,6.84,73.0,17.0,0.0,10.0
1182,0.761,72,0,100,28,10.0,7.61,72.0,8.0,1.0,19.0
1183,0.768,73,0,100,27,10.0,7.68,4.0,56.99999999999999,33.0,6.0
1184,0.775,77,0,100,23,10.0,7.75,17.0,23.0,2.0,57.99999999999999
1185,0.816,75,0,100,25,10.0,8.16,85.0,10.0,1.0,4.0
1186,0.789,80,0,100,20,10.0,7.89,88.0,1.0,1.0,10.0
1187,0.827,77,0,100,23,10.0,8.27,94.0,3.0,0.0,3.0
1188,0.759,75,0,100,25,10.0,7.59,89.0,2.0,8.0,1.0
1189,0.755,71,0,100,29,10.0,7.55,20.0,71.0,0.0,9.0
1190,0.814,69,0,100,31,10.0,8.14,27.0,56.00000000000001,17.0,0.0
1191,0.789,80,0,100,20,10.0,7.89,47.0,10.0,22.0,21.0
1192,0.766,82,0,100,18,10.0,7.66,93.0,0.0,0.0,7.000000000000001
1193,0.796,73,0,100,27,10.0,7.96,6.0,44.0,1.0,49.0
1194,0.774,86,0,100,14,10.0,7.74,90.0,0.0,3.0,7.000000000000001
1195,0.831,75,0,100,25,10.0,8.31,13.0,27.0,60.0,0.0
1196,0.758,74,0,100,26,10.0,7.58,88.0,7.000000000000001,0.0,5.0
1197,0.699,75,0,100,25,10.0,6.99,87.0,2.0,10.0,1.0
1198,0.695,77,0,100,23,10.0,6.95,97.0,3.0,0.0,0.0
1199,0.802,75,0,100,25,10.0,8.02,5.0,81.0,6.0,8.0
1200,0.777,80,0,100,20,10.0,7.77,87.0,4.0,2.0,7.000000000000001
1201,0.805,77,0,100,23,10.0,8.05,8.0,73.0,0.0,19.0
1202,0.725,77,0,100,23,10.0,7.25,12.0,69.0,13.0,6.0
1203,0.842,76,0,100,24,10.0,8.42,46.0,5.0,49.0,0.0
1204,0.794,80,0,100,20,10.0,7.94,9.0,73.0,12.0,6.0
1205,0.837,74,0,100,26,10.0,8.37,12.0,73.0,7.000000000000001,8.0
1206,0.83,77,0,100,23,10.0,8.3,4.0,4.0,77.0,15.0
1207,0.81,74,0,100,26,10.0,8.1,77.0,3.0,16.0,4.0
1208,0.73,75,0,100,25,10.0,7.3,26.0,6.0,2.0,66.0
1209,0.738,74,0,100,26,10.0,7.38,71.0,17.0,1.0,11.0
1210,0.795,74,0,100,26,10.0,7.95,88.0,6.0,6.0,0.0
1211,0.779,73,0,100,27,10.0,7.79,64.0,34.0,1.0,1.0
1212,0.76,80,0,100,20,10.0,7.6,81.0,3.0,0.0,16.0
1213,0.712,74,0,100,26,10.0,7.12,22.0,77.0,1.0,0.0
1214,0.778,76,0,100,24,10.0,7.78,78.0,21.0,0.0,1.0
1215,0.646,84,0,100,16,10.0,6.46,89.0,5.0,3.0,3.0
1216,0.852,73,0,100,27,10.0,8.52,44.0,30.0,11.0,15.0
1217,0.75,78,0,100,22,10.0,7.5,14.000000000000002,3.0,70.0,13.0
1218,0.806,75,0,100,25,10.0,8.06,52.0,7.000000000000001,21.0,20.0
1219,0.776,75,0,100,25,10.0,7.76,76.0,18.0,1.0,5.0
1220,0.764,76,0,100,24,10.0,7.64,43.0,4.0,1.0,52.0
1221,0.747,74,0,100,26,10.0,7.47,27.0,68.0,5.0,0.0
1222,0.862,75,0,100,25,10.0,8.62,28.999999999999996,56.99999999999999,0.0,14.000000000000002
1223,0.761,77,0,100,23,10.0,7.61,48.0,39.0,12.0,1.0
1224,0.745,79,0,100,21,10.0,7.45,67.0,23.0,4.0,6.0
1225,0.888,69,0,100,31,10.0,8.88,8.0,80.0,11.0,1.0
1226,0.75,75,0,100,25,10.0,7.5,68.0,6.0,23.0,3.0
1227,0.848,69,0,100,31,10.0,8.48,4.0,82.0,0.0,14.000000000000002
1228,0.708,80,0,100,20,10.0,7.08,96.0,1.0,3.0,0.0
1229,0.732,74,0,100,26,10.0,7.32,3.0,88.0,0.0,9.0
1230,0.766,75,0,100,25,10.0,7.66,24.0,66.0,0.0,10.0
1231,0.78,71,0,100,29,10.0,7.8,94.0,3.0,0.0,3.0
1232,0.789,76,0,100,24,10.0,7.89,98.0,1.0,0.0,1.0
1233,0.793,78,0,100,22,10.0,7.93,15.0,84.0,1.0,0.0
1234,0.825,73,0,100,27,10.0,8.25,26.0,2.0,72.0,0.0
1235,0.805,80,0,100,20,10.0,8.05,60.0,35.0,2.0,3.0
1236,0.698,77,0,100,23,10.0,6.98,16.0,70.0,13.0,1.0
1237,0.792,80,0,100,20,10.0,7.92,90.0,5.0,4.0,1.0
1238,0.709,76,0,100,24,10.0,7.09,97.0,2.0,1.0,0.0
1239,0.781,69,0,100,31,10.0,7.81,19.0,10.0,2.0,69.0
1240,0.788,79,0,100,21,10.0,7.88,3.0,86.0,4.0,7.000000000000001
1241,0.765,82,0,100,18,10.0,7.65,11.0,72.0,11.0,6.0
1242,0.808,70,0,100,30,10.0,8.08,92.0,4.0,2.0,2.0
1243,0.778,76,0,100,24,10.0,7.78,11.0,78.0,11.0,0.0
1244,0.753,77,0,100,23,10.0,7.53,2.0,85.0,3.0,10.0
1245,0.741,79,0,100,21,10.0,7.41,13.0,78.0,3.0,6.0
1246,0.882,71,0,100,29,10.0,8.82,91.0,6.0,1.0,2.0
1247,0.795,73,0,100,27,10.0,7.95,96.0,4.0,0.0,0.0
1248,0.842,80,0,100,20,10.0,8.42,16.0,75.0,2.0,7.000000000000001
1249,0.754,74,0,100,26,10.0,7.54,87.0,12.0,1.0,0.0
1250,0.865,71,0,100,29,10.0,8.65,63.0,0.0,8.0,28.999999999999996
1251,0.799,73,0,100,27,10.0,7.99,40.0,52.0,3.0,5.0
1252,0.753,76,0,100,24,10.0,7.53,12.0,49.0,0.0,39.0
1253,0.802,74,0,100,26,10.0,8.02,84.0,3.0,5.0,8.0
1254,0.711,75,0,100,25,10.0,7.11,3.0,82.0,3.0,12.0
1255,0.808,76,0,100,24,10.0,8.08,48.0,6.0,45.0,1.0
1256,0.742,71,0,100,29,10.0,7.42,67.0,28.000000000000004,4.0,1.0
1257,0.75,79,0,100,21,10.0,7.5,91.0,1.0,2.0,6.0
1258,0.871,76,0,100,24,10.0,8.71,2.0,90.0,1.0,7.000000000000001
1259,0.843,81,0,100,19,10.0,8.43,20.0,54.0,7.000000000000001,19.0
1260,0.85,75,0,100,25,10.0,8.5,31.0,1.0,59.0,9.0
1261,0.851,70,0,100,30,10.0,8.51,74.0,2.0,0.0,24.0
1262,0.821,79,0,100,21,10.0,8.21,4.0,81.0,0.0,15.0
1263,0.82,72,0,100,28,10.0,8.2,3.0,76.0,7.000000000000001,14.000000000000002
1264,0.706,75,0,100,25,10.0,7.06,61.0,16.0,20.0,3.0
1265,0.723,80,0,100,20,10.0,7.23,97.0,1.0,1.0,1.0
1266,0.726,73,0,100,27,10.0,7.26,3.0,85.0,9.0,3.0
1267,0.667,78,0,100,22,10.0,6.67,41.0,48.0,2.0,9.0
1268,0.749,81,0,100,19,10.0,7.49,81.0,15.0,2.0,2.0
1269,0.724,79,0,100,21,10.0,7.24,35.0,65.0,0.0,0.0
1270,0.691,75,0,100,25,10.0,6.91,79.0,6.0,5.0,10.0
1271,0.771,74,0,100,26,10.0,7.71,31.0,64.0,5.0,0.0
1272,0.806,75,0,100,25,10.0,8.06,89.0,0.0,11.0,0.0
1273,0.835,70,0,100,30,10.0,8.35,8.0,4.0,24.0,64.0
1274,0.866,70,0,100,30,10.0,8.66,12.0,4.0,76.0,8.0
1275,0.658,78,0,100,22,10.0,6.58,5.0,22.0,64.0,9.0
1276,0.804,72,0,100,28,10.0,8.04,6.0,63.0,7.000000000000001,24.0
1277,0.686,72,0,100,28,10.0,6.86,89.0,1.0,10.0,0.0
1278,0.769,76,0,100,24,10.0,7.69,22.0,77.0,0.0,1.0
1279,0.712,81,0,100,19,10.0,7.12,20.0,80.0,0.0,0.0
1280,0.799,77,0,100,23,10.0,7.99,74.0,8.0,3.0,15.0
1281,0.745,77,0,100,23,10.0,7.45,6.0,82.0,0.0,12.0
1282,0.871,77,0,100,23,10.0,8.71,15.0,80.0,3.0,2.0
1283,0.825,74,0,100,26,10.0,8.25,9.0,64.0,0.0,27.0
1284,0.829,73,0,100,27,10.0,8.29,7.000000000000001,51.0,6.0,36.0
1285,0.812,76,0,100,24,10.0,8.12,4.0,1.0,80.0,15.0
1286,0.742,78,0,100,22,10.0,7.42,4.0,83.0,10.0,3.0
1287,0.768,77,0,100,23,10.0,7.68,86.0,8.0,2.0,4.0
1288,0.754,79,0,100,21,10.0,7.54,17.0,79.0,4.0,0.0
1289,0.706,73,0,100,27,10.0,7.06,96.0,1.0,3.0,0.0
1290,0.791,76,0,100,24,10.0,7.91,86.0,0.0,10.0,4.0
1291,0.787,77,0,100,23,10.0,7.87,2.0,92.0,0.0,6.0
1292,0.807,74,0,100,26,10.0,8.07,10.0,26.0,56.99999999999999,7.000000000000001
1293,0.748,76,0,100,24,10.0,7.48,81.0,12.0,0.0,7.000000000000001
1294,0.693,79,0,100,21,10.0,6.93,86.0,4.0,8.0,2.0
1295,0.841,68,0,100,32,10.0,8.41,24.0,8.0,9.0,59.0
1296,0.758,82,0,100,18,10.0,7.58,40.0,54.0,0.0,6.0
1297,0.728,76,0,100,24,10.0,7.28,5.0,94.0,0.0,1.0
1298,0.757,75,0,100,25,10.0,7.57,90.0,9.0,1.0,0.0
1299,0.783,75,0,100,25,10.0,7.83,90.0,3.0,1.0,6.0
1300,0.807,79,0,100,21,10.0,8.07,16.0,62.0,7.000000000000001,15.0
1301,0.806,70,0,100,30,10.0,8.06,13.0,75.0,9.0,3.0
1302,0.763,77,0,100,23,10.0,7.63,13.0,76.0,11.0,0.0
1303,0.817,73,0,100,27,10.0,8.17,11.0,43.0,45.0,1.0
1304,0.794,73,0,100,27,10.0,7.94,7.000000000000001,59.0,0.0,34.0
1305,0.776,77,0,100,23,10.0,7.76,17.0,81.0,0.0,2.0
1306,0.855,71,0,100,29,10.0,8.55,14.000000000000002,70.0,15.0,1.0
1307,0.793,77,0,100,23,10.0,7.93,5.0,79.0,3.0,13.0
1308,0.845,76,0,100,24,10.0,8.45,28.999999999999996,5.0,64.0,2.0
1309,0.773,75,0,100,25,10.0,7.73,39.0,3.0,42.0,16.0
1310,0.615,80,0,100,20,10.0,6.15,93.0,7.000000000000001,0.0,0.0
1311,0.808,76,0,100,24,10.0,8.08,4.0,62.0,1.0,33.0
1312,0.832,82,0,100,18,10.0,8.32,21.0,61.0,14.000000000000002,4.0
1313,0.807,75,0,100,25,10.0,8.07,56.00000000000001,23.0,9.0,12.0
1314,0.826,75,0,100,25,10.0,8.26,17.0,71.0,11.0,1.0
1315,0.75,75,0,100,25,10.0,7.5,71.0,21.0,3.0,5.0
1316,0.668,78,0,100,22,10.0,6.68,72.0,4.0,7.000000000000001,17.0
1317,0.811,76,0,100,24,10.0,8.11,9.0,81.0,3.0,7.000000000000001
1318,0.844,78,0,100,22,10.0,8.44,5.0,78.0,0.0,17.0
1319,0.799,75,0,100,25,10.0,7.99,62.0,35.0,1.0,2.0
1320,0.796,76,0,100,24,10.0,7.96,39.0,61.0,0.0,0.0
1321,0.772,76,0,100,24,10.0,7.72,10.0,77.0,2.0,11.0
1322,0.803,67,0,100,33,10.0,8.03,65.0,1.0,32.0,2.0
1323,0.774,78,0,100,22,10.0,7.74,7.000000000000001,91.0,0.0,2.0
1324,0.706,75,0,100,25,10.0,7.06,45.0,44.0,6.0,5.0
1325,0.78,71,0,100,29,10.0,7.8,22.0,19.0,37.0,22.0
1326,0.854,71,0,100,29,10.0,8.54,81.0,18.0,0.0,1.0
1327,0.675,74,0,100,26,10.0,6.75,91.0,1.0,8.0,0.0
1328,0.829,72,0,100,28,10.0,8.29,65.0,35.0,0.0,0.0
1329,0.849,77,0,100,23,10.0,8.49,99.0,1.0,0.0,0.0
1330,0.729,78,0,100,22,10.0,7.29,87.0,0.0,1.0,12.0
1331,0.817,68,0,100,32,10.0,8.17,38.0,13.0,46.0,3.0
1332,0.705,78,0,100,22,10.0,7.05,16.0,80.0,1.0,3.0
1333,0.761,74,0,100,26,10.0,7.61,83.0,12.0,1.0,4.0
1334,0.783,73,0,100,27,10.0,7.83,6.0,88.0,1.0,5.0
1335,0.715,78,0,100,22,10.0,7.15,68.0,4.0,18.0,10.0
1336,0.862,76,0,100,24,10.0,8.62,5.0,40.0,30.0,25.0
1337,0.742,74,0,100,26,10.0,7.42,93.0,5.0,2.0,0.0
1338,0.74,74,0,100,26,10.0,7.4,61.0,11.0,0.0,28.000000000000004
1339,0.853,69,0,100,31,10.0,8.53,36.0,25.0,24.0,15.0
1340,0.804,74,0,100,26,10.0,8.04,14.000000000000002,78.0,1.0,7.000000000000001
1341,0.759,76,0,100,24,10.0,7.59,81.0,15.0,4.0,0.0
1342,0.706,79,0,100,21,10.0,7.06,89.0,11.0,0.0,0.0
1343,0.802,74,0,100,26,10.0,8.02,5.0,82.0,2.0,11.0
1344,0.751,78,0,100,22,10.0,7.51,84.0,3.0,6.0,7.000000000000001
1345,0.801,76,0,100,24,10.0,8.01,77.0,16.0,2.0,5.0
1346,0.728,78,0,100,22,10.0,7.28,25.0,68.0,5.0,2.0
1347,0.77,75,0,100,25,10.0,7.7,28.000000000000004,57.99999999999999,9.0,5.0
1348,0.793,73,0,100,27,10.0,7.93,4.0,80.0,2.0,14.000000000000002
1349,0.84,73,0,100,27,10.0,8.4,3.0,53.0,9.0,35.0
1350,0.832,71,0,100,29,10.0,8.32,36.0,15.0,23.0,26.0
1351,0.842,73,0,100,27,10.0,8.42,34.0,8.0,47.0,11.0
1352,0.808,79,0,100,21,10.0,8.08,4.0,86.0,10.0,0.0
1353,0.758,78,0,100,22,10.0,7.58,12.0,77.0,7.000000000000001,4.0
1354,0.689,79,0,100,21,10.0,6.89,33.0,67.0,0.0,0.0
1355,0.72,77,0,100,23,10.0,7.2,20.0,2.0,2.0,76.0
1356,0.8,70,0,100,30,10.0,8.0,52.0,45.0,3.0,0.0
1357,0.819,73,0,100,27,10.0,8.19,5.0,59.0,4.0,32.0
1358,0.865,70,0,100,30,10.0,8.65,6.0,71.0,0.0,23.0
1359,0.819,76,0,100,24,10.0,8.19,34.0,64.0,1.0,1.0
1360,0.803,74,0,100,26,10.0,8.03,57.99999999999999,0.0,9.0,33.0
1361,0.732,78,0,100,22,10.0,7.32,3.0,85.0,0.0,12.0
1362,0.805,71,0,100,29,10.0,8.05,67.0,11.0,1.0,21.0
1363,0.789,75,0,100,25,10.0,7.89,33.0,43.0,24.0,0.0
1364,0.696,77,0,100,23,10.0,6.96,89.0,4.0,0.0,7.000000000000001
1365,0.726,80,0,100,20,10.0,7.26,63.0,30.0,4.0,3.0
1366,0.778,69,0,100,31,10.0,7.78,7.000000000000001,73.0,1.0,19.0
1367,0.78,76,0,100,24,10.0,7.8,38.0,61.0,0.0,1.0
1368,0.797,75,0,100,25,10.0,7.97,15.0,1.0,9.0,75.0
1369,0.658,81,0,100,19,10.0,6.58,87.0,0.0,11.0,2.0
1370,0.783,75,0,100,25,10.0,7.83,96.0,4.0,0.0,0.0
1371,0.735,81,0,100,19,10.0,7.35,94.0,3.0,1.0,2.0
1372,0.835,76,0,100,24,10.0,8.35,14.000000000000002,35.0,51.0,0.0
1373,0.859,66,0,100,34,10.0,8.59,31.0,68.0,0.0,1.0
1374,0.763,71,0,100,29,10.0,7.63,10.0,7.000000000000001,4.0,79.0
1375,0.713,77,0,100,23,10.0,7.13,56.99999999999999,4.0,22.0,17.0
1376,0.713,84,0,100,16,10.0,7.13,30.0,67.0,3.0,0.0
1377,0.82,75,0,100,25,10.0,8.2,21.0,65.0,11.0,3.0
1378,0.774,73,0,100,27,10.0,7.74,82.0,3.0,12.0,3.0
1379,0.812,78,0,100,22,10.0,8.12,4.0,89.0,2.0,5.0
1380,0.752,74,0,100,26,10.0,7.52,22.0,0.0,65.0,13.0
1381,0.765,76,0,100,24,10.0,7.65,13.0,65.0,5.0,17.0
1382,0.833,74,0,100,26,10.0,8.33,48.0,48.0,2.0,2.0
1383,0.72,79,0,100,21,10.0,7.2,59.0,0.0,40.0,1.0
1384,0.829,73,0,100,27,10.0,8.29,40.0,51.0,5.0,4.0
1385,0.791,80,0,100,20,10.0,7.91,41.0,4.0,50.0,5.0
1386,0.705,77,0,100,23,10.0,7.05,76.0,23.0,1.0,0.0
1387,0.809,71,0,100,29,10.0,8.09,22.0,74.0,3.0,1.0
1388,0.744,79,0,100,21,10.0,7.44,89.0,1.0,7.000000000000001,3.0
1389,0.807,74,0,100,26,10.0,8.07,3.0,73.0,10.0,14.000000000000002
1390,0.695,80,0,100,20,10.0,6.95,8.0,86.0,5.0,1.0
1391,0.846,74,0,100,26,10.0,8.46,62.0,22.0,1.0,15.0
1392,0.77,72,0,100,28,10.0,7.7,27.0,49.0,1.0,23.0
1393,0.748,74,0,100,26,10.0,7.48,33.0,0.0,35.0,32.0
1394,0.779,75,0,100,25,10.0,7.79,16.0,61.0,23.0,0.0
1395,0.831,72,0,100,28,10.0,8.31,17.0,1.0,59.0,23.0
1396,0.758,74,0,100,26,10.0,7.58,93.0,0.0,5.0,2.0
1397,0.796,79,0,100,21,10.0,7.96,95.0,3.0,1.0,1.0
1398,0.779,71,0,100,29,10.0,7.79,74.0,13.0,12.0,1.0
1399,0.84,69,0,100,31,10.0,8.4,16.0,64.0,4.0,16.0
1400,0.801,76,0,100,24,10.0,8.01,4.0,47.0,26.0,23.0
1401,0.735,76,0,100,24,10.0,7.35,8.0,24.0,56.00000000000001,12.0
1402,0.708,78,0,100,22,10.0,7.08,89.0,1.0,8.0,2.0
1403,0.747,77,0,100,23,10.0,7.47,41.0,50.0,3.0,6.0
1404,0.835,74,0,100,26,10.0,8.35,12.0,75.0,0.0,13.0
1405,0.757,73,0,100,27,10.0,7.57,4.0,46.0,37.0,13.0
1406,0.786,73,0,100,27,10.0,7.86,5.0,71.0,18.0,6.0
1407,0.802,76,0,100,24,10.0,8.02,76.0,0.0,2.0,22.0
1408,0.686,80,0,100,20,10.0,6.86,35.0,15.0,3.0,47.0
1409,0.781,76,0,100,24,10.0,7.81,4.0,42.0,0.0,54.0
1410,0.684,74,0,100,26,10.0,6.84,6.0,87.0,0.0,7.000000000000001
1411,0.772,82,0,100,18,10.0,7.72,86.0,13.0,1.0,0.0
1412,0.692,83,0,100,17,10.0,6.92,35.0,3.0,60.0,2.0
1413,0.776,77,0,100,23,10.0,7.76,86.0,8.0,4.0,2.0
1414,0.644,74,0,100,26,10.0,6.44,5.0,90.0,0.0,5.0
1415,0.814,73,0,100,27,10.0,8.14,28.999999999999996,55.00000000000001,0.0,16.0
1416,0.742,75,0,100,25,10.0,7.42,4.0,56.00000000000001,32.0,8.0
1417,0.785,77,0,100,23,10.0,7.85,5.0,78.0,2.0,15.0
1418,0.813,76,0,100,24,10.0,8.13,73.0,12.0,1.0,14.000000000000002
1419,0.806,73,0,100,27,10.0,8.06,43.0,53.0,2.0,2.0
1420,0.817,70,0,100,30,10.0,8.17,62.0,25.0,13.0,0.0
1421,0.764,77,0,100,23,10.0,7.64,85.0,0.0,14.000000000000002,1.0
1422,0.863,68,0,100,32,10.0,8.63,73.0,10.0,1.0,16.0
1423,0.754,77,0,100,23,10.0,7.54,73.0,2.0,1.0,24.0
1424,0.705,75,0,100,25,10.0,7.05,42.0,52.0,3.0,3.0
1425,0.767,77,0,100,23,10.0,7.67,35.0,64.0,1.0,0.0
1426,0.734,80,0,100,20,10.0,7.34,56.00000000000001,33.0,2.0,9.0
1427,0.809,73,0,100,27,10.0,8.09,80.0,15.0,3.0,2.0
1428,0.833,70,0,100,30,10.0,8.33,28.000000000000004,50.0,1.0,21.0
1429,0.813,77,0,100,23,10.0,8.13,77.0,19.0,4.0,0.0
1430,0.794,80,0,100,20,10.0,7.94,19.0,71.0,8.0,2.0
1431,0.802,75,0,100,25,10.0,8.02,73.0,19.0,1.0,7.000000000000001
1432,0.788,73,0,100,27,10.0,7.88,85.0,1.0,1.0,13.0
1433,0.785,77,0,100,23,10.0,7.85,34.0,66.0,0.0,0.0
1434,0.822,77,0,100,23,10.0,8.22,2.0,2.0,50.0,46.0
1435,0.836,77,0,100,23,10.0,8.36,7.000000000000001,57.99999999999999,1.0,34.0
1436,0.744,75,0,100,25,10.0,7.44,25.0,71.0,4.0,0.0
1437,0.75,77,0,100,23,10.0,7.5,44.0,54.0,2.0,0.0
1438,0.749,74,0,100,26,10.0,7.49,79.0,11.0,1.0,9.0
1439,0.736,75,0,100,25,10.0,7.36,74.0,6.0,12.0,8.0
1440,0.697,81,0,100,19,10.0,6.97,91.0,6.0,1.0,2.0
1441,0.832,68,0,100,32,10.0,8.32,43.0,8.0,1.0,48.0
1442,0.697,77,0,100,23,10.0,6.97,81.0,4.0,4.0,11.0
1443,0.791,82,0,100,18,10.0,7.91,92.0,1.0,1.0,6.0
1444,0.786,76,0,100,24,10.0,7.86,2.0,24.0,74.0,0.0
1445,0.861,71,0,100,29,10.0,8.61,18.0,69.0,11.0,2.0
1446,0.807,77,0,100,23,10.0,8.07,31.0,66.0,0.0,3.0
1447,0.786,78,0,100,22,10.0,7.86,77.0,15.0,0.0,8.0
1448,0.844,78,0,100,22,10.0,8.44,13.0,84.0,3.0,0.0
1449,0.822,74,0,100,26,10.0,8.22,91.0,3.0,2.0,4.0
1450,0.765,75,0,100,25,10.0,7.65,3.0,87.0,0.0,10.0
1451,0.761,76,0,100,24,10.0,7.61,24.0,73.0,2.0,1.0
1452,0.796,75,0,100,25,10.0,7.96,92.0,6.0,2.0,0.0
1453,0.719,78,0,100,22,10.0,7.19,15.0,77.0,3.0,5.0
1454,0.737,75,0,100,25,10.0,7.37,11.0,64.0,0.0,25.0
1455,0.756,77,0,100,23,10.0,7.56,33.0,2.0,63.0,2.0
1456,0.816,74,0,100,26,10.0,8.16,77.0,16.0,0.0,7.000000000000001
1457,0.724,81,0,100,19,10.0,7.24,4.0,89.0,0.0,7.000000000000001
1458,0.821,76,0,100,24,10.0,8.21,36.0,62.0,0.0,2.0
1459,0.754,73,0,100,27,10.0,7.54,76.0,4.0,0.0,20.0
1460,0.855,77,0,100,23,10.0,8.55,5.0,66.0,5.0,24.0
1461,0.816,78,0,100,22,10.0,8.16,3.0,71.0,3.0,23.0
1462,0.701,78,0,100,22,10.0,7.01,15.0,85.0,0.0,0.0
1463,0.819,74,0,100,26,10.0,8.19,55.00000000000001,32.0,1.0,12.0
1464,0.695,80,0,100,20,10.0,6.95,85.0,1.0,13.0,1.0
1465,0.756,71,0,100,29,10.0,7.56,28.000000000000004,68.0,4.0,0.0
1466,0.828,73,0,100,27,10.0,8.28,60.0,0.0,30.0,10.0
1467,0.737,77,0,100,23,10.0,7.37,25.0,4.0,71.0,0.0
1468,0.778,73,0,100,27,10.0,7.78,35.0,61.0,3.0,1.0
1469,0.822,81,0,100,19,10.0,8.22,19.0,68.0,0.0,13.0
1470,0.84,74,0,100,26,10.0,8.4,98.0,0.0,2.0,0.0
1471,0.824,75,0,100,25,10.0,8.24,10.0,59.0,6.0,25.0
1472,0.753,77,0,100,23,10.0,7.53,85.0,7.000000000000001,6.0,2.0
1473,0.8,73,0,100,27,10.0,8.0,23.0,68.0,2.0,7.000000000000001
1474,0.786,71,0,100,29,10.0,7.86,92.0,7.000000000000001,1.0,0.0
1475,0.801,73,0,100,27,10.0,8.01,7.000000000000001,79.0,3.0,11.0
1476,0.858,78,0,100,22,10.0,8.58,21.0,56.00000000000001,4.0,19.0
1477,0.786,72,0,100,28,10.0,7.86,17.0,24.0,5.0,54.0
1478,0.872,71,0,100,29,10.0,8.72,5.0,56.99999999999999,28.999999999999996,9.0
1479,0.839,76,0,100,24,10.0,8.39,94.0,2.0,4.0,0.0
1480,0.763,76,0,100,24,10.0,7.63,5.0,4.0,0.0,91.0
1481,0.762,74,0,100,26,10.0,7.62,96.0,2.0,1.0,1.0
1482,0.771,79,0,100,21,10.0,7.71,27.0,68.0,2.0,3.0
1483,0.828,67,0,100,33,10.0,8.28,28.000000000000004,26.0,45.0,1.0
1484,0.808,79,0,100,21,10.0,8.08,83.0,2.0,12.0,3.0
1485,0.757,70,0,100,30,10.0,7.57,86.0,4.0,10.0,0.0
1486,0.792,72,0,100,28,10.0,7.92,98.0,1.0,1.0,0.0
1487,0.713,81,0,100,19,10.0,7.13,6.0,82.0,8.0,4.0
1488,0.742,79,0,100,21,10.0,7.42,73.0,4.0,8.0,15.0
1489,0.736,75,0,100,25,10.0,7.36,37.0,32.0,4.0,27.0
1490,0.773,72,0,100,28,10.0,7.73,73.0,16.0,9.0,2.0
1491,0.835,72,0,100,28,10.0,8.35,2.0,39.0,17.0,42.0
1492,0.854,71,0,100,29,10.0,8.54,12.0,76.0,11.0,1.0
1493,0.732,77,0,100,23,10.0,7.32,93.0,1.0,5.0,1.0
1494,0.833,80,0,100,20,10.0,8.33,54.0,39.0,5.0,2.0
1495,0.734,77,0,100,23,10.0,7.34,86.0,8.0,0.0,6.0
1496,0.742,73,0,100,27,10.0,7.42,61.0,22.0,6.0,11.0
1497,0.842,73,0,100,27,10.0,8.42,52.0,6.0,32.0,10.0
1498,0.86,73,0,100,27,10.0,8.6,6.0,38.0,32.0,24.0
1499,0.734,78,0,100,22,10.0,7.34,84.0,7.000000000000001,0.0,9.0
1500,0.734,81,0,100,19,10.0,7.34,82.0,2.0,4.0,12.0
1501,0.792,71,0,100,29,10.0,7.92,27.0,23.0,45.0,5.0
1502,0.79,75,0,100,25,10.0,7.9,84.0,8.0,0.0,8.0
1503,0.861,73,0,100,27,10.0,8.61,20.0,75.0,5.0,0.0
1504,0.727,78,0,100,22,10.0,7.27,95.0,5.0,0.0,0.0
1505,0.83,76,0,100,24,10.0,8.3,76.0,20.0,4.0,0.0
1506,0.81,73,0,100,27,10.0,8.1,8.0,60.0,0.0,32.0
1507,0.744,79,0,100,21,10.0,7.44,92.0,1.0,2.0,5.0
1508,0.803,80,0,100,20,10.0,8.03,89.0,6.0,2.0,3.0
1509,0.801,77,0,100,23,10.0,8.01,3.0,92.0,5.0,0.0
1510,0.759,77,0,100,23,10.0,7.59,81.0,1.0,3.0,15.0
1511,0.883,73,0,100,27,10.0,8.83,35.0,8.0,56.99999999999999,0.0
1512,0.844,78,0,100,22,10.0,8.44,92.0,5.0,0.0,3.0
1513,0.757,74,0,100,26,10.0,7.57,38.0,33.0,5.0,24.0
1514,0.829,74,0,100,26,10.0,8.29,79.0,0.0,19.0,2.0
1515,0.779,71,0,100,29,10.0,7.79,9.0,55.00000000000001,30.0,6.0
1516,0.827,77,0,100,23,10.0,8.27,3.0,83.0,5.0,9.0
1517,0.844,73,0,100,27,10.0,8.44,13.0,54.0,2.0,31.0
1518,0.721,74,0,100,26,10.0,7.21,46.0,8.0,45.0,1.0
1519,0.805,71,0,100,29,10.0,8.05,3.0,0.0,66.0,31.0
1520,0.723,81,0,100,19,10.0,7.23,89.0,2.0,0.0,9.0
1521,0.842,72,0,100,28,10.0,8.42,30.0,53.0,3.0,14.000000000000002
1522,0.771,76,0,100,24,10.0,7.71,87.0,13.0,0.0,0.0
1523,0.76,75,0,100,25,10.0,7.6,56.00000000000001,13.0,21.0,10.0
1524,0.774,77,0,100,23,10.0,7.74,89.0,10.0,1.0,0.0
1525,0.829,75,0,100,25,10.0,8.29,27.0,43.0,30.0,0.0
1526,0.784,79,0,100,21,10.0,7.84,16.0,84.0,0.0,0.0
1527,0.735,82,0,100,18,10.0,7.35,9.0,88.0,0.0,3.0
1528,0.771,70,0,100,30,10.0,7.71,35.0,16.0,0.0,49.0
1529,0.735,75,0,100,25,10.0,7.35,75.0,6.0,8.0,11.0
1530,0.723,78,0,100,22,10.0,7.23,4.0,86.0,2.0,8.0
1531,0.812,79,0,100,21,10.0,8.12,93.0,1.0,0.0,6.0
1532,0.814,76,0,100,24,10.0,8.14,69.0,4.0,3.0,24.0
1533,0.78,72,0,100,28,10.0,7.8,31.0,42.0,6.0,21.0
1534,0.764,71,0,100,29,10.0,7.64,90.0,9.0,1.0,0.0
1535,0.781,74,0,100,26,10.0,7.81,5.0,60.0,17.0,18.0
1536,0.732,78,0,100,22,10.0,7.32,81.0,3.0,0.0,16.0
1537,0.852,75,0,100,25,10.0,8.52,43.0,41.0,9.0,7.000000000000001
1538,0.759,77,0,100,23,10.0,7.59,88.0,1.0,8.0,3.0
1539,0.769,75,0,100,25,10.0,7.69,31.0,62.0,7.000000000000001,0.0
1540,0.771,80,0,100,20,10.0,7.71,2.0,93.0,0.0,5.0
1541,0.76,78,0,100,22,10.0,7.6,8.0,3.0,76.0,13.0
1542,0.686,77,0,100,23,10.0,6.86,24.0,68.0,8.0,0.0
1543,0.848,78,0,100,22,10.0,8.48,30.0,67.0,3.0,0.0
1544,0.757,76,0,100,24,10.0,7.57,88.0,7.000000000000001,1.0,4.0
1545,0.853,74,0,100,26,10.0,8.53,7.000000000000001,3.0,67.0,23.0
1546,0.854,77,0,100,23,10.0,8.54,76.0,1.0,17.0,6.0
1547,0.71,73,0,100,27,10.0,7.1,51.0,0.0,44.0,5.0
1548,0.705,75,0,100,25,10.0,7.05,94.0,2.0,1.0,3.0
1549,0.791,75,0,100,25,10.0,7.91,26.0,60.0,6.0,8.0
1550,0.738,81,0,100,19,10.0,7.38,9.0,75.0,3.0,13.0
1551,0.68,78,0,100,22,10.0,6.8,3.0,91.0,3.0,3.0
1552,0.801,72,0,100,28,10.0,8.01,16.0,61.0,18.0,5.0
1553,0.704,78,0,100,22,10.0,7.04,84.0,9.0,1.0,6.0
1554,0.86,72,0,100,28,10.0,8.6,19.0,70.0,8.0,3.0
1555,0.747,77,0,100,23,10.0,7.47,96.0,3.0,0.0,1.0
1556,0.769,76,0,100,24,10.0,7.69,89.0,1.0,2.0,8.0
1557,0.813,77,0,100,23,10.0,8.13,96.0,2.0,1.0,1.0
1558,0.76,77,0,100,23,10.0,7.6,5.0,90.0,2.0,3.0
1559,0.804,79,0,100,21,10.0,8.04,89.0,1.0,5.0,5.0
1560,0.802,74,0,100,26,10.0,8.02,18.0,42.0,0.0,40.0
1561,0.782,72,0,100,28,10.0,7.82,5.0,4.0,86.0,5.0
1562,0.829,68,0,100,32,10.0,8.29,13.0,70.0,3.0,14.000000000000002
1563,0.759,80,0,100,20,10.0,7.59,81.0,6.0,9.0,4.0
1564,0.77,75,0,100,25,10.0,7.7,3.0,83.0,5.0,9.0
1565,0.75,74,0,100,26,10.0,7.5,2.0,57.99999999999999,17.0,23.0
1566,0.71,73,0,100,27,10.0,7.1,22.0,21.0,0.0,56.99999999999999
1567,0.774,78,0,100,22,10.0,7.74,9.0,61.0,17.0,13.0
1568,0.746,80,0,100,20,10.0,7.46,21.0,72.0,7.000000000000001,0.0
1569,0.898,68,0,100,32,10.0,8.98,10.0,50.0,35.0,5.0
1570,0.791,77,0,100,23,10.0,7.91,85.0,7.000000000000001,4.0,4.0
1571,0.779,76,0,100,24,10.0,7.79,8.0,68.0,18.0,6.0
1572,0.849,65,0,100,35,10.0,8.49,22.0,65.0,3.0,10.0
1573,0.607,83,0,100,17,9.0,6.07,31.0,2.0,3.0,64.0
1574,0.758,76,0,100,24,10.0,7.58,54.0,0.0,46.0,0.0
1575,0.811,74,0,100,26,10.0,8.11,27.0,70.0,3.0,0.0
1576,0.689,76,0,100,24,10.0,6.89,94.0,5.0,1.0,0.0
1577,0.749,81,0,100,19,10.0,7.49,95.0,1.0,2.0,2.0
1578,0.796,76,0,101,25,10.0,7.96,10.891089108910892,0.0,57.42574257425742,31.683168316831683
1579,0.825,73,0,100,27,10.0,8.25,95.0,1.0,4.0,0.0
1580,0.786,74,0,100,26,10.0,7.86,92.0,4.0,4.0,0.0
1581,0.848,78,0,100,22,10.0,8.48,18.0,70.0,0.0,12.0
1582,0.769,69,0,100,31,10.0,7.69,87.0,12.0,0.0,1.0
1583,0.845,75,0,100,25,10.0,8.45,97.0,2.0,1.0,0.0
1584,0.845,80,0,100,20,10.0,8.45,89.0,1.0,4.0,6.0
1585,0.78,81,0,100,19,10.0,7.8,20.0,2.0,0.0,78.0
1586,0.783,77,0,100,23,10.0,7.83,16.0,36.0,0.0,48.0
1587,0.79,76,0,100,24,10.0,7.9,71.0,1.0,27.0,1.0
1588,0.761,75,0,100,25,10.0,7.61,11.0,43.0,0.0,46.0
1589,0.813,78,0,100,22,10.0,8.13,30.0,2.0,17.0,51.0
1590,0.764,79,0,100,21,10.0,7.64,84.0,8.0,4.0,4.0
1591,0.783,73,0,100,27,10.0,7.83,20.0,46.0,33.0,1.0
1592,0.708,75,0,100,25,10.0,7.08,65.0,35.0,0.0,0.0
1593,0.852,73,0,100,27,10.0,8.52,9.0,75.0,0.0,16.0
1594,0.807,80,0,100,20,10.0,8.07,43.0,53.0,1.0,3.0
1595,0.833,74,0,100,26,10.0,8.33,27.0,62.0,1.0,10.0
1596,0.775,84,0,100,16,10.0,7.75,18.0,82.0,0.0,0.0
1597,0.724,76,0,100,24,10.0,7.24,3.0,86.0,4.0,7.000000000000001
1598,0.841,75,0,100,25,10.0,8.41,2.0,46.0,4.0,48.0
1599,0.803,75,0,100,25,10.0,8.03,15.0,61.0,10.0,14.000000000000002
1600,0.743,78,0,100,22,10.0,7.43,97.0,0.0,2.0,1.0
1601,0.869,73,0,100,27,10.0,8.69,7.000000000000001,70.0,0.0,23.0
1602,0.832,72,0,100,28,10.0,8.32,5.0,69.0,10.0,16.0
1603,0.838,76,0,100,24,10.0,8.38,9.0,77.0,2.0,12.0
1604,0.796,77,0,100,23,10.0,7.96,54.0,36.0,6.0,4.0
1605,0.74,79,0,100,21,10.0,7.4,2.0,85.0,8.0,5.0
1606,0.805,78,0,100,22,10.0,8.05,92.0,2.0,4.0,2.0
1607,0.721,76,0,100,24,10.0,7.21,79.0,10.0,1.0,10.0
1608,0.797,75,0,100,25,10.0,7.97,60.0,1.0,35.0,4.0
1609,0.748,72,0,100,28,10.0,7.48,8.0,4.0,37.0,51.0
1610,0.807,77,0,100,23,10.0,8.07,15.0,83.0,1.0,1.0
1611,0.79,75,0,100,25,10.0,7.9,37.0,37.0,6.0,20.0
1612,0.745,83,0,100,17,10.0,7.45,89.0,10.0,1.0,0.0
1613,0.78,74,0,100,26,10.0,7.8,20.0,67.0,0.0,13.0
1614,0.745,72,0,100,28,10.0,7.45,81.0,18.0,0.0,1.0
1615,0.751,77,0,100,23,10.0,7.51,41.0,34.0,2.0,23.0
1616,0.856,70,0,100,30,10.0,8.56,7.000000000000001,37.0,23.0,33.0
1617,0.791,79,0,100,21,10.0,7.91,77.0,7.000000000000001,16.0,0.0
1618,0.771,76,0,100,24,10.0,7.71,13.0,85.0,2.0,0.0
1619,0.783,79,0,100,21,10.0,7.83,24.0,7.000000000000001,61.0,8.0
1620,0.83,76,0,100,24,10.0,8.3,7.000000000000001,84.0,7.000000000000001,2.0
1621,0.789,74,0,100,26,10.0,7.89,96.0,4.0,0.0,0.0
1622,0.862,77,0,100,23,10.0,8.62,3.0,65.0,23.0,9.0
1623,0.726,79,0,100,21,10.0,7.26,84.0,0.0,15.0,1.0
1624,0.76,77,0,100,23,10.0,7.6,30.0,3.0,67.0,0.0
1625,0.756,76,0,100,24,10.0,7.56,37.0,47.0,2.0,14.000000000000002
1626,0.828,75,0,100,25,10.0,8.28,84.0,0.0,14.000000000000002,2.0
1627,0.826,73,0,100,27,10.0,8.26,87.0,5.0,6.0,2.0
1628,0.802,75,0,100,25,10.0,8.02,26.0,55.00000000000001,19.0,0.0
1629,0.787,74,0,100,26,10.0,7.87,81.0,2.0,17.0,0.0
1630,0.814,76,0,100,24,10.0,8.14,10.0,86.0,4.0,0.0
1631,0.887,74,0,100,26,10.0,8.87,88.0,2.0,4.0,6.0
1632,0.766,81,0,100,19,10.0,7.66,62.0,33.0,0.0,5.0
1633,0.805,75,0,100,25,10.0,8.05,84.0,5.0,11.0,0.0
1634,0.734,72,0,100,28,10.0,7.34,75.0,1.0,21.0,3.0
1635,0.772,74,0,101,27,10.0,7.72,68.31683168316832,0.9900990099009901,30.693069306930692,0.0
1636,0.741,78,0,100,22,10.0,7.41,96.0,1.0,0.0,3.0
1637,0.781,75,0,100,25,10.0,7.81,30.0,46.0,2.0,22.0
1638,0.814,75,0,100,25,10.0,8.14,9.0,78.0,3.0,10.0
1639,0.627,79,0,100,21,10.0,6.27,9.0,87.0,1.0,3.0
1640,0.744,77,0,100,23,10.0,7.44,7.000000000000001,56.00000000000001,5.0,32.0
1641,0.77,81,0,100,19,10.0,7.7,85.0,7.000000000000001,2.0,6.0
1642,0.872,68,0,100,32,10.0,8.72,6.0,92.0,2.0,0.0
1643,0.853,75,0,100,25,10.0,8.53,31.0,23.0,4.0,42.0
1644,0.864,71,0,100,29,10.0,8.64,6.0,49.0,20.0,25.0
1645,0.743,73,0,100,27,10.0,7.43,5.0,5.0,0.0,90.0
1646,0.763,80,0,100,20,10.0,7.63,98.0,0.0,0.0,2.0
1647,0.806,76,0,100,24,10.0,8.06,85.0,6.0,4.0,5.0
1648,0.851,72,0,100,28,10.0,8.51,14.000000000000002,65.0,19.0,2.0
1649,0.748,81,0,100,19,10.0,7.48,3.0,46.0,48.0,3.0
1650,0.774,79,0,100,21,10.0,7.74,94.0,6.0,0.0,0.0
1651,0.812,74,0,100,26,10.0,8.12,50.0,0.0,45.0,5.0
1652,0.731,79,0,100,21,10.0,7.31,36.0,26.0,16.0,22.0
1653,0.82,73,0,100,27,10.0,8.2,18.0,64.0,7.000000000000001,11.0
1654,0.81,71,0,100,29,10.0,8.1,23.0,77.0,0.0,0.0
1655,0.738,76,0,100,24,10.0,7.38,5.0,41.0,43.0,11.0
1656,0.831,74,0,101,27,10.0,8.31,29.7029702970297,37.62376237623762,11.881188118811881,20.792079207920793
1657,0.779,76,0,100,24,10.0,7.79,99.0,1.0,0.0,0.0
1658,0.768,73,0,100,27,10.0,7.68,13.0,66.0,15.0,6.0
1659,0.865,76,0,100,24,10.0,8.65,3.0,33.0,25.0,39.0
1660,0.686,77,0,100,23,10.0,6.86,89.0,3.0,7.000000000000001,1.0
1661,0.803,77,0,100,23,10.0,8.03,91.0,4.0,5.0,0.0
1662,0.815,75,0,100,25,10.0,8.15,43.0,24.0,28.999999999999996,4.0
1663,0.755,79,0,100,21,10.0,7.55,76.0,20.0,2.0,2.0
1664,0.821,75,0,100,25,10.0,8.21,16.0,66.0,1.0,17.0
1665,0.757,74,0,100,26,10.0,7.57,98.0,1.0,1.0,0.0
1666,0.745,78,0,100,22,10.0,7.45,43.0,1.0,53.0,3.0
1667,0.761,75,0,100,25,10.0,7.61,68.0,1.0,27.0,4.0
1668,0.827,74,0,100,26,10.0,8.27,4.0,81.0,0.0,15.0
1669,0.783,72,0,100,28,10.0,7.83,62.0,36.0,1.0,1.0
1670,0.659,80,0,100,20,10.0,6.59,84.0,2.0,8.0,6.0
1671,0.813,75,0,100,25,10.0,8.13,33.0,64.0,3.0,0.0
1672,0.854,73,0,100,27,10.0,8.54,8.0,54.0,24.0,14.000000000000002
1673,0.862,71,0,100,29,10.0,8.62,33.0,65.0,1.0,1.0
1674,0.761,75,0,100,25,10.0,7.61,28.999999999999996,63.0,6.0,2.0
1675,0.757,80,0,100,20,10.0,7.57,70.0,25.0,2.0,3.0
1676,0.872,73,0,100,27,10.0,8.72,43.0,48.0,8.0,1.0
1677,0.685,75,0,100,25,10.0,6.85,95.0,1.0,4.0,0.0
1678,0.805,79,0,100,21,10.0,8.05,11.0,39.0,0.0,50.0
1679,0.759,81,0,100,19,10.0,7.59,13.0,1.0,12.0,74.0
1680,0.79,73,0,100,27,10.0,7.9,5.0,7.000000000000001,65.0,23.0
1681,0.791,77,0,100,23,10.0,7.91,75.0,6.0,12.0,7.000000000000001
1682,0.728,78,0,100,22,10.0,7.28,96.0,2.0,2.0,0.0
1683,0.666,78,0,100,22,10.0,6.66,96.0,3.0,1.0,0.0
1684,0.795,75,0,100,25,10.0,7.95,95.0,3.0,1.0,1.0
1685,0.707,76,0,100,24,10.0,7.07,65.0,9.0,26.0,0.0
1686,0.775,75,0,100,25,10.0,7.75,27.0,55.00000000000001,3.0,15.0
1687,0.79,75,0,100,25,10.0,7.9,51.0,2.0,32.0,15.0
1688,0.78,73,0,100,27,10.0,7.8,40.0,59.0,1.0,0.0
1689,0.8,73,0,100,27,10.0,8.0,19.0,7.000000000000001,0.0,74.0
1690,0.827,70,0,100,30,10.0,8.27,7.000000000000001,70.0,0.0,23.0
1691,0.693,78,0,100,22,10.0,6.93,17.0,76.0,7.000000000000001,0.0
1692,0.774,73,0,100,27,10.0,7.74,56.00000000000001,6.0,0.0,38.0
1693,0.876,70,0,100,30,10.0,8.76,6.0,27.0,0.0,67.0
1694,0.797,74,0,100,26,10.0,7.97,61.0,25.0,4.0,10.0
1695,0.824,80,0,100,20,10.0,8.24,7.000000000000001,77.0,4.0,12.0
1696,0.775,79,0,100,21,10.0,7.75,89.0,1.0,9.0,1.0
1697,0.801,69,0,100,31,10.0,8.01,23.0,2.0,10.0,65.0
1698,0.716,77,0,100,23,10.0,7.16,82.0,7.000000000000001,8.0,3.0
1699,0.741,82,0,100,18,10.0,7.41,86.0,1.0,5.0,8.0
1700,0.77,78,0,100,22,10.0,7.7,9.0,83.0,6.0,2.0
1701,0.917,70,0,100,30,10.0,9.17,51.0,6.0,40.0,3.0
1702,0.813,79,0,100,21,10.0,8.13,56.99999999999999,25.0,0.0,18.0
1703,0.74,80,0,100,20,10.0,7.4,28.999999999999996,67.0,3.0,1.0
1704,0.841,73,0,100,27,10.0,8.41,72.0,1.0,1.0,26.0
1705,0.755,75,0,100,25,10.0,7.55,66.0,28.000000000000004,5.0,1.0
1706,0.882,71,0,100,29,10.0,8.82,95.0,3.0,0.0,2.0
1707,0.789,75,0,100,25,10.0,7.89,41.0,2.0,54.0,3.0
1708,0.801,70,0,100,30,10.0,8.01,22.0,42.0,14.000000000000002,22.0
1709,0.803,76,0,100,24,10.0,8.03,3.0,95.0,2.0,0.0
1710,0.816,80,0,100,20,10.0,8.16,56.00000000000001,19.0,9.0,16.0
1711,0.916,77,0,100,23,10.0,9.16,2.0,83.0,1.0,14.000000000000002
1712,0.735,78,0,100,22,10.0,7.35,56.99999999999999,34.0,0.0,9.0
1713,0.808,66,0,100,34,10.0,8.08,63.0,25.0,1.0,11.0
1714,0.851,69,0,100,31,10.0,8.51,31.0,66.0,3.0,0.0
1715,0.838,78,0,100,22,10.0,8.38,28.000000000000004,71.0,1.0,0.0
1716,0.802,73,0,100,27,10.0,8.02,61.0,31.0,8.0,0.0
1717,0.776,75,0,100,25,10.0,7.76,20.0,69.0,0.0,11.0
1718,0.865,70,0,100,30,10.0,8.65,63.0,7.000000000000001,8.0,22.0
1719,0.723,74,0,100,26,10.0,7.23,98.0,1.0,1.0,0.0
1720,0.826,76,0,100,24,10.0,8.26,49.0,4.0,33.0,14.000000000000002
1721,0.73,70,0,100,30,10.0,7.3,4.0,81.0,0.0,15.0
1722,0.734,70,0,100,30,10.0,7.34,94.0,3.0,3.0,0.0
1723,0.727,79,0,100,21,10.0,7.27,80.0,2.0,9.0,9.0
1724,0.749,76,0,100,24,10.0,7.49,28.000000000000004,72.0,0.0,0.0
1725,0.824,73,0,100,27,10.0,8.24,79.0,17.0,0.0,4.0
1726,0.758,71,0,100,29,10.0,7.58,21.0,74.0,5.0,0.0
1727,0.748,74,0,100,26,10.0,7.48,51.0,2.0,0.0,47.0
1728,0.856,74,0,100,26,10.0,8.56,28.000000000000004,44.0,16.0,12.0
1729,0.747,73,0,100,27,10.0,7.47,51.0,19.0,28.999999999999996,1.0
1730,0.781,73,0,100,27,10.0,7.81,19.0,4.0,63.0,14.000000000000002
1731,0.818,73,0,100,27,10.0,8.18,16.0,70.0,12.0,2.0
1732,0.733,80,0,100,20,10.0,7.33,16.0,20.0,1.0,63.0
1733,0.738,79,0,100,21,10.0,7.38,3.0,73.0,14.000000000000002,10.0
1734,0.732,75,0,100,25,10.0,7.32,10.0,86.0,2.0,2.0
1735,0.805,71,0,100,29,10.0,8.05,5.0,48.0,7.000000000000001,40.0
1736,0.771,71,0,100,29,10.0,7.71,34.0,2.0,59.0,5.0
1737,0.717,78,0,100,22,10.0,7.17,70.0,17.0,3.0,10.0
1738,0.782,72,0,100,28,10.0,7.82,6.0,67.0,2.0,25.0
1739,0.817,73,0,100,27,10.0,8.17,66.0,11.0,17.0,6.0
1740,0.702,75,0,100,25,10.0,7.02,84.0,10.0,0.0,6.0
1741,0.672,78,0,100,22,10.0,6.72,90.0,5.0,2.0,3.0
1742,0.806,73,0,100,27,10.0,8.06,48.0,4.0,21.0,27.0
1743,0.76,78,0,100,22,10.0,7.6,5.0,80.0,7.000000000000001,8.0
1744,0.781,73,0,100,27,10.0,7.81,52.0,8.0,25.0,15.0
1745,0.743,74,0,100,26,10.0,7.43,93.0,4.0,3.0,0.0
1746,0.693,78,0,100,22,10.0,6.93,41.0,44.0,11.0,4.0
1747,0.697,74,0,100,26,10.0,6.97,93.0,2.0,5.0,0.0
1748,0.748,72,0,100,28,10.0,7.48,88.0,9.0,1.0,2.0
1749,0.718,78,0,100,22,10.0,7.18,81.0,5.0,10.0,4.0
1750,0.767,81,0,100,19,10.0,7.67,98.0,2.0,0.0,0.0
1751,0.866,78,0,100,22,10.0,8.66,14.000000000000002,71.0,9.0,6.0
1752,0.779,73,0,100,27,10.0,7.79,10.0,26.0,0.0,64.0
1753,0.678,77,0,100,23,10.0,6.78,37.0,53.0,10.0,0.0
1754,0.793,71,0,100,29,10.0,7.93,34.0,47.0,0.0,19.0
1755,0.837,69,0,100,31,10.0,8.37,16.0,68.0,16.0,0.0
1756,0.801,80,0,100,20,10.0,8.01,59.0,40.0,0.0,1.0
1757,0.707,80,0,100,20,10.0,7.07,98.0,0.0,2.0,0.0
1758,0.766,75,0,100,25,10.0,7.66,10.0,39.0,33.0,18.0
1759,0.718,76,0,100,24,10.0,7.18,11.0,78.0,11.0,0.0
1760,0.79,74,0,100,26,10.0,7.9,60.0,38.0,2.0,0.0
1761,0.762,73,0,100,27,10.0,7.62,20.0,19.0,61.0,0.0
1762,0.872,73,0,100,27,10.0,8.72,15.0,75.0,9.0,1.0
1763,0.845,74,0,100,26,10.0,8.45,24.0,70.0,4.0,2.0
1764,0.803,72,0,100,28,10.0,8.03,3.0,78.0,2.0,17.0
1765,0.705,74,0,100,26,10.0,7.05,48.0,41.0,0.0,11.0
1766,0.768,77,0,100,23,10.0,7.68,61.0,0.0,0.0,39.0
1767,0.76,70,0,100,30,10.0,7.6,48.0,30.0,8.0,14.000000000000002
1768,0.851,72,0,100,28,10.0,8.51,12.0,3.0,65.0,20.0
1769,0.778,78,0,100,22,10.0,7.78,7.000000000000001,90.0,2.0,1.0
1770,0.745,75,0,100,25,10.0,7.45,97.0,3.0,0.0,0.0
1771,0.89,73,0,100,27,10.0,8.9,7.000000000000001,87.0,0.0,6.0
1772,0.859,74,0,101,27,10.0,8.59,63.366336633663366,0.0,35.64356435643564,0.9900990099009901
1773,0.74,69,0,100,31,10.0,7.4,72.0,0.0,24.0,4.0
1774,0.692,77,0,100,23,10.0,6.92,89.0,1.0,6.0,4.0
1775,0.739,76,0,100,24,10.0,7.39,10.0,31.0,51.0,8.0
1776,0.859,74,0,100,26,10.0,8.59,18.0,6.0,76.0,0.0
1777,0.84,74,0,100,26,10.0,8.4,5.0,74.0,4.0,17.0
1778,0.76,71,0,100,29,10.0,7.6,73.0,5.0,20.0,2.0
1779,0.812,75,0,100,25,10.0,8.12,15.0,49.0,24.0,12.0
1780,0.718,81,0,100,19,10.0,7.18,78.0,6.0,15.0,1.0
1781,0.793,70,0,100,30,10.0,7.93,5.0,85.0,9.0,1.0
1782,0.789,74,0,100,26,10.0,7.89,27.0,71.0,2.0,0.0
1783,0.738,76,0,100,24,10.0,7.38,95.0,5.0,0.0,0.0
1784,0.836,78,0,100,22,10.0,8.36,8.0,78.0,14.000000000000002,0.0
1785,0.796,78,0,100,22,10.0,7.96,22.0,76.0,1.0,1.0
1786,0.786,75,0,100,25,10.0,7.86,41.0,55.00000000000001,0.0,4.0
1787,0.768,78,0,100,22,10.0,7.68,31.0,65.0,1.0,3.0
1788,0.749,80,0,100,20,10.0,7.49,9.0,82.0,7.000000000000001,2.0
1789,0.816,75,0,100,25,10.0,8.16,6.0,26.0,3.0,65.0
1790,0.817,76,0,100,24,10.0,8.17,66.0,3.0,4.0,27.0
1791,0.808,77,0,100,23,10.0,8.08,32.0,67.0,1.0,0.0
1792,0.758,79,0,100,21,10.0,7.58,25.0,73.0,0.0,2.0
1793,0.774,81,0,100,19,10.0,7.74,44.0,3.0,48.0,5.0
1794,0.846,77,0,100,23,10.0,8.46,35.0,54.0,7.000000000000001,4.0
1795,0.801,73,0,100,27,10.0,8.01,87.0,5.0,4.0,4.0
1796,0.747,78,0,100,22,10.0,7.47,80.0,5.0,1.0,14.000000000000002
1797,0.823,75,0,100,25,10.0,8.23,82.0,2.0,9.0,7.000000000000001
1798,0.852,70,0,100,30,10.0,8.52,62.0,4.0,33.0,1.0
1799,0.744,75,0,100,25,10.0,7.44,87.0,8.0,1.0,4.0
1800,0.831,73,0,100,27,10.0,8.31,6.0,78.0,16.0,0.0
1801,0.822,67,0,100,33,10.0,8.22,36.0,52.0,4.0,8.0
1802,0.792,78,0,100,22,10.0,7.92,74.0,13.0,0.0,13.0
1803,0.688,81,0,100,19,10.0,6.88,44.0,10.0,41.0,5.0
1804,0.755,72,0,100,28,10.0,7.55,22.0,64.0,2.0,12.0
1805,0.851,77,0,100,23,10.0,8.51,53.0,30.0,5.0,12.0
1806,0.796,73,0,100,27,10.0,7.96,5.0,86.0,8.0,1.0
1807,0.74,74,0,100,26,10.0,7.4,98.0,2.0,0.0,0.0
1808,0.819,74,0,100,26,10.0,8.19,13.0,77.0,0.0,10.0
1809,0.728,79,0,100,21,10.0,7.28,3.0,83.0,2.0,12.0
1810,0.802,77,0,100,23,10.0,8.02,89.0,3.0,0.0,8.0
1811,0.758,78,0,100,22,10.0,7.58,74.0,13.0,0.0,13.0
1812,0.768,75,0,100,25,10.0,7.68,82.0,12.0,4.0,2.0
1813,0.869,73,0,100,27,10.0,8.69,35.0,63.0,0.0,2.0
1814,0.731,78,0,100,22,10.0,7.31,26.0,63.0,2.0,9.0
1815,0.786,79,0,100,21,10.0,7.86,75.0,18.0,0.0,7.000000000000001
1816,0.859,68,0,100,32,10.0,8.59,8.0,54.0,8.0,30.0
1817,0.707,76,0,100,24,10.0,7.07,96.0,0.0,4.0,0.0
1818,0.81,69,0,100,31,10.0,8.1,42.0,1.0,34.0,23.0
1819,0.801,77,0,100,23,10.0,8.01,41.0,3.0,56.00000000000001,0.0
1820,0.859,73,0,100,27,10.0,8.59,3.0,67.0,0.0,30.0
1821,0.861,75,0,100,25,10.0,8.61,98.0,2.0,0.0,0.0
1822,0.765,76,0,100,24,10.0,7.65,38.0,53.0,7.000000000000001,2.0
1823,0.804,73,0,100,27,10.0,8.04,48.0,3.0,49.0,0.0
1824,0.75,79,0,100,21,10.0,7.5,77.0,7.000000000000001,7.000000000000001,9.0
1825,0.867,71,0,100,29,10.0,8.67,47.0,27.0,26.0,0.0
1826,0.888,70,0,100,30,10.0,8.88,34.0,66.0,0.0,0.0
1827,0.822,74,0,100,26,10.0,8.22,35.0,62.0,1.0,2.0
1828,0.838,74,0,100,26,10.0,8.38,15.0,52.0,23.0,10.0
1829,0.829,76,0,100,24,10.0,8.29,7.000000000000001,4.0,66.0,23.0
1830,0.761,77,0,100,23,10.0,7.61,6.0,81.0,0.0,13.0
1831,0.846,75,0,100,25,10.0,8.46,3.0,57.99999999999999,26.0,13.0
1832,0.809,82,0,100,18,10.0,8.09,90.0,2.0,4.0,4.0
1833,0.843,76,0,100,24,10.0,8.43,9.0,79.0,0.0,12.0
1834,0.785,78,0,100,22,10.0,7.85,2.0,80.0,1.0,17.0
1835,0.69,75,0,100,25,10.0,6.9,82.0,13.0,0.0,5.0
1836,0.781,73,0,100,27,10.0,7.81,19.0,57.99999999999999,23.0,0.0
1837,0.753,77,0,100,23,10.0,7.53,77.0,9.0,10.0,4.0
1838,0.757,75,0,100,25,10.0,7.57,4.0,49.0,32.0,15.0
1839,0.801,76,0,100,24,10.0,8.01,20.0,79.0,1.0,0.0
1840,0.825,72,0,100,28,10.0,8.25,13.0,86.0,1.0,0.0
1841,0.851,75,0,100,25,10.0,8.51,4.0,77.0,1.0,18.0
1842,0.678,82,0,100,18,10.0,6.78,2.0,89.0,7.000000000000001,2.0
1843,0.801,77,0,100,23,10.0,8.01,7.000000000000001,48.0,32.0,13.0
1844,0.768,78,0,100,22,10.0,7.68,71.0,15.0,0.0,14.000000000000002
1845,0.661,82,0,100,18,10.0,6.61,95.0,2.0,1.0,2.0
1846,0.783,79,0,100,21,10.0,7.83,76.0,7.000000000000001,5.0,12.0
1847,0.701,78,0,100,22,10.0,7.01,97.0,2.0,1.0,0.0
1848,0.701,76,0,100,24,10.0,7.01,31.0,65.0,1.0,3.0
1849,0.708,72,0,100,28,10.0,7.08,5.0,82.0,9.0,4.0
1850,0.793,81,0,100,19,10.0,7.93,30.0,67.0,3.0,0.0
1851,0.789,75,0,100,25,10.0,7.89,81.0,4.0,6.0,9.0
1852,0.753,77,0,100,23,10.0,7.53,77.0,8.0,9.0,6.0
1853,0.759,78,0,100,22,10.0,7.59,84.0,7.000000000000001,2.0,7.000000000000001
1854,0.825,69,0,100,31,10.0,8.25,88.0,4.0,3.0,5.0
1855,0.692,80,0,100,20,10.0,6.92,95.0,4.0,0.0,1.0
1856,0.833,79,0,100,21,10.0,8.33,37.0,2.0,46.0,15.0
1857,0.793,74,0,100,26,10.0,7.93,90.0,5.0,1.0,4.0
1858,0.823,75,0,100,25,10.0,8.23,24.0,71.0,3.0,2.0
1859,0.785,81,0,100,19,10.0,7.85,2.0,10.0,82.0,6.0
1860,0.726,76,0,100,24,10.0,7.26,80.0,3.0,13.0,4.0
1861,0.767,72,0,100,28,10.0,7.67,30.0,45.0,3.0,22.0
1862,0.765,76,0,100,24,10.0,7.65,7.000000000000001,6.0,2.0,85.0
1863,0.852,78,0,100,22,10.0,8.52,89.0,11.0,0.0,0.0
1864,0.831,73,0,100,27,10.0,8.31,13.0,81.0,4.0,2.0
1865,0.807,73,0,100,27,10.0,8.07,97.0,0.0,2.0,1.0
1866,0.737,72,0,100,28,10.0,7.37,91.0,7.000000000000001,1.0,1.0
1867,0.662,81,0,100,19,10.0,6.62,84.0,8.0,4.0,4.0
1868,0.809,79,0,100,21,10.0,8.09,17.0,1.0,3.0,79.0
1869,0.734,72,0,100,28,10.0,7.34,73.0,22.0,3.0,2.0
1870,0.836,74,0,100,26,10.0,8.36,21.0,65.0,14.000000000000002,0.0
1871,0.834,75,0,100,25,10.0,8.34,12.0,42.0,7.000000000000001,39.0
1872,0.784,75,0,100,25,10.0,7.84,6.0,20.0,25.0,49.0
1873,0.829,75,0,100,25,10.0,8.29,93.0,6.0,1.0,0.0
1874,0.735,74,0,100,26,10.0,7.35,9.0,74.0,17.0,0.0
1875,0.665,74,0,100,26,10.0,6.65,4.0,62.0,0.0,34.0
1876,0.776,75,0,100,25,10.0,7.76,97.0,0.0,3.0,0.0
1877,0.815,71,0,100,29,10.0,8.15,5.0,94.0,1.0,0.0
1878,0.916,72,0,100,28,10.0,9.16,11.0,54.0,33.0,2.0
1879,0.689,76,0,100,24,10.0,6.89,9.0,59.0,9.0,23.0
1880,0.8,78,0,100,22,10.0,8.0,12.0,82.0,6.0,0.0
1881,0.801,74,0,100,26,10.0,8.01,35.0,50.0,9.0,6.0
1882,0.797,78,0,100,22,10.0,7.97,97.0,1.0,1.0,1.0
1883,0.766,79,0,100,21,10.0,7.66,95.0,4.0,0.0,1.0
1884,0.82,72,0,100,28,10.0,8.2,2.0,5.0,0.0,93.0
1885,0.792,77,0,100,23,10.0,7.92,81.0,5.0,2.0,12.0
1886,0.738,71,0,100,29,10.0,7.38,89.0,4.0,0.0,7.000000000000001
1887,0.868,79,0,100,21,10.0,8.68,2.0,36.0,54.0,8.0
1888,0.746,72,0,100,28,10.0,7.46,61.0,24.0,0.0,15.0
1889,0.817,82,0,100,18,10.0,8.17,80.0,3.0,13.0,4.0
1890,0.749,77,0,100,23,10.0,7.49,61.0,35.0,4.0,0.0
1891,0.788,70,0,100,30,10.0,7.88,44.0,49.0,6.0,1.0
1892,0.736,74,0,100,26,10.0,7.36,89.0,4.0,4.0,3.0
1893,0.741,71,0,100,29,10.0,7.41,18.0,4.0,76.0,2.0
1894,0.789,79,0,100,21,10.0,7.89,5.0,2.0,92.0,1.0
1895,0.764,75,0,100,25,10.0,7.64,94.0,0.0,5.0,1.0
1896,0.783,78,0,100,22,10.0,7.83,80.0,11.0,0.0,9.0
1897,0.794,73,0,100,27,10.0,7.94,25.0,46.0,22.0,7.000000000000001
1898,0.778,73,0,100,27,10.0,7.78,40.0,59.0,1.0,0.0
1899,0.726,77,0,100,23,10.0,7.26,15.0,46.0,39.0,0.0
1900,0.842,75,0,100,25,10.0,8.42,11.0,2.0,77.0,10.0
1901,0.838,74,0,100,26,10.0,8.38,3.0,64.0,0.0,33.0
1902,0.831,73,0,100,27,10.0,8.31,83.0,9.0,3.0,5.0
1903,0.733,76,0,100,24,10.0,7.33,40.0,43.0,7.000000000000001,10.0
1904,0.832,71,0,100,29,10.0,8.32,56.00000000000001,38.0,5.0,1.0
1905,0.805,74,0,100,26,10.0,8.05,6.0,75.0,6.0,13.0
1906,0.828,73,0,100,27,10.0,8.28,15.0,76.0,2.0,7.000000000000001
1907,0.779,77,0,100,23,10.0,7.79,14.000000000000002,85.0,1.0,0.0
1908,0.746,79,0,100,21,10.0,7.46,94.0,5.0,0.0,1.0
1909,0.816,75,0,100,25,10.0,8.16,81.0,0.0,4.0,15.0
1910,0.787,78,0,100,22,10.0,7.87,5.0,81.0,5.0,9.0
1911,0.768,77,0,100,23,10.0,7.68,81.0,8.0,2.0,9.0
1912,0.769,82,0,100,18,10.0,7.69,2.0,91.0,7.000000000000001,0.0
1913,0.756,71,0,100,29,10.0,7.56,94.0,6.0,0.0,0.0
1914,0.801,74,0,100,26,10.0,8.01,92.0,6.0,2.0,0.0
1915,0.889,73,0,100,27,10.0,8.89,3.0,87.0,2.0,8.0
1916,0.852,76,0,100,24,10.0,8.52,18.0,27.0,1.0,54.0
1917,0.764,78,0,100,22,10.0,7.64,18.0,18.0,1.0,63.0
1918,0.834,70,0,100,30,10.0,8.34,45.0,54.0,1.0,0.0
1919,0.708,79,0,100,21,10.0,7.08,21.0,51.0,28.000000000000004,0.0
1920,0.843,73,0,100,27,10.0,8.43,64.0,5.0,14.000000000000002,17.0
1921,0.843,71,0,100,29,10.0,8.43,98.0,2.0,0.0,0.0
1922,0.716,80,0,100,20,10.0,7.16,2.0,84.0,4.0,10.0
1923,0.792,77,0,100,23,10.0,7.92,90.0,3.0,1.0,6.0
1924,0.797,79,0,100,21,10.0,7.97,56.00000000000001,5.0,36.0,3.0
1925,0.841,70,0,100,30,10.0,8.41,3.0,47.0,8.0,42.0
1926,0.791,76,0,100,24,10.0,7.91,82.0,4.0,10.0,4.0
1927,0.77,75,0,100,25,10.0,7.7,69.0,28.999999999999996,2.0,0.0
1928,0.86,78,0,100,22,10.0,8.6,88.0,2.0,2.0,8.0
1929,0.785,74,0,100,26,10.0,7.85,42.0,0.0,3.0,55.00000000000001
1930,0.822,76,0,100,24,10.0,8.22,26.0,41.0,28.999999999999996,4.0
1931,0.731,84,0,100,16,10.0,7.31,90.0,1.0,9.0,0.0
1932,0.741,75,0,100,25,10.0,7.41,36.0,63.0,1.0,0.0
1933,0.814,78,0,100,22,10.0,8.14,8.0,90.0,0.0,2.0
1934,0.813,76,0,100,24,10.0,8.13,93.0,3.0,3.0,1.0
1935,0.719,78,0,100,22,10.0,7.19,96.0,1.0,3.0,0.0
1936,0.811,69,0,100,31,10.0,8.11,4.0,79.0,3.0,14.000000000000002
1937,0.82,77,0,100,23,10.0,8.2,8.0,79.0,5.0,8.0
1938,0.911,76,0,101,25,10.0,9.11,11.881188118811881,43.56435643564357,0.9900990099009901,43.56435643564357
1939,0.679,82,0,100,18,10.0,6.79,3.0,82.0,1.0,14.000000000000002
1940,0.762,77,0,100,23,10.0,7.62,25.0,3.0,72.0,0.0
1941,0.745,74,0,100,26,10.0,7.45,90.0,0.0,1.0,9.0
1942,0.748,73,0,100,27,10.0,7.48,13.0,60.0,7.000000000000001,20.0
1943,0.781,74,0,100,26,10.0,7.81,4.0,75.0,6.0,15.0
1944,0.804,71,0,100,29,10.0,8.04,20.0,77.0,3.0,0.0
1945,0.767,74,0,100,26,10.0,7.67,45.0,6.0,1.0,48.0
1946,0.744,80,0,100,20,10.0,7.44,20.0,50.0,11.0,19.0
1947,0.807,78,0,100,22,10.0,8.07,77.0,14.000000000000002,4.0,5.0
1948,0.769,76,0,100,24,10.0,7.69,51.0,47.0,1.0,1.0
1949,0.752,79,0,100,21,10.0,7.52,6.0,89.0,0.0,5.0
1950,0.822,74,0,100,26,10.0,8.22,5.0,84.0,0.0,11.0
1951,0.792,74,0,100,26,10.0,7.92,31.0,2.0,59.0,8.0
1952,0.827,70,0,100,30,10.0,8.27,46.0,4.0,18.0,32.0
1953,0.84,74,0,100,26,10.0,8.4,52.0,40.0,8.0,0.0
1954,0.86,75,0,100,25,10.0,8.6,14.000000000000002,57.99999999999999,1.0,27.0
1955,0.833,72,0,100,28,10.0,8.33,30.0,55.00000000000001,10.0,5.0
1956,0.781,75,0,100,25,10.0,7.81,4.0,4.0,72.0,20.0
1957,0.839,77,0,100,23,10.0,8.39,17.0,44.0,39.0,0.0
1958,0.779,70,0,100,30,10.0,7.79,83.0,0.0,17.0,0.0
1959,0.763,75,0,100,25,10.0,7.63,64.0,19.0,0.0,17.0
1960,0.774,75,0,100,25,10.0,7.74,89.0,2.0,4.0,5.0
1961,0.721,71,0,100,29,10.0,7.21,47.0,1.0,51.0,1.0
1962,0.851,71,0,100,29,10.0,8.51,10.0,74.0,4.0,12.0
1963,0.779,73,0,100,27,10.0,7.79,38.0,0.0,11.0,51.0
1964,0.819,72,0,100,28,10.0,8.19,6.0,81.0,6.0,7.000000000000001
1965,0.85,72,0,100,28,10.0,8.5,3.0,61.0,6.0,30.0
1966,0.759,77,0,100,23,10.0,7.59,41.0,0.0,57.99999999999999,1.0
1967,0.814,71,0,100,29,10.0,8.14,4.0,66.0,1.0,28.999999999999996
1968,0.732,76,0,100,24,10.0,7.32,12.0,53.0,20.0,15.0
1969,0.779,76,0,100,24,10.0,7.79,19.0,24.0,43.0,14.000000000000002
1970,0.819,76,0,100,24,10.0,8.19,2.0,84.0,2.0,12.0
1971,0.848,71,0,100,29,10.0,8.48,65.0,3.0,28.000000000000004,4.0
1972,0.679,83,0,100,17,10.0,6.79,96.0,4.0,0.0,0.0
1973,0.852,73,0,100,27,10.0,8.52,62.0,28.999999999999996,8.0,1.0
1974,0.773,68,0,100,32,10.0,7.73,84.0,1.0,1.0,14.000000000000002
1975,0.824,77,0,100,23,10.0,8.24,19.0,13.0,19.0,49.0
1976,0.844,76,0,100,24,10.0,8.44,26.0,1.0,30.0,43.0
1977,0.774,74,0,100,26,10.0,7.74,78.0,8.0,0.0,14.000000000000002
1978,0.768,73,0,100,27,10.0,7.68,45.0,41.0,3.0,11.0
1979,0.762,75,0,100,25,10.0,7.62,2.0,92.0,1.0,5.0
1980,0.731,78,0,100,22,10.0,7.31,3.0,40.0,0.0,56.99999999999999
1981,0.873,73,0,100,27,10.0,8.73,5.0,61.0,3.0,31.0
1982,0.67,78,0,100,22,10.0,6.7,97.0,2.0,0.0,1.0
1983,0.784,76,0,100,24,10.0,7.84,32.0,57.99999999999999,4.0,6.0
1984,0.863,73,0,100,27,10.0,8.63,76.0,2.0,16.0,6.0
1985,0.756,78,0,100,22,10.0,7.56,95.0,1.0,4.0,0.0
1986,0.825,75,0,100,25,10.0,8.25,3.0,55.00000000000001,1.0,41.0
1987,0.691,80,0,100,20,10.0,6.91,84.0,8.0,6.0,2.0
1988,0.777,76,0,100,24,10.0,7.77,90.0,4.0,2.0,4.0
1989,0.863,71,0,100,29,10.0,8.63,6.0,7.000000000000001,69.0,18.0
1990,0.801,74,0,100,26,10.0,8.01,89.0,8.0,3.0,0.0
1991,0.771,77,0,100,23,10.0,7.71,86.0,3.0,8.0,3.0
1992,0.836,80,0,100,20,10.0,8.36,2.0,21.0,2.0,75.0
1993,0.777,82,0,100,18,10.0,7.77,96.0,3.0,0.0,1.0
1994,0.816,74,0,100,26,10.0,8.16,12.0,68.0,2.0,18.0
1995,0.691,77,0,100,23,10.0,6.91,5.0,87.0,7.000000000000001,1.0
1996,0.729,76,0,100,24,10.0,7.29,85.0,6.0,4.0,5.0
1997,0.792,75,0,100,25,10.0,7.92,4.0,87.0,0.0,9.0
1998,0.863,69,0,100,31,10.0,8.63,17.0,68.0,3.0,12.0
1999,0.779,71,0,100,29,10.0,7.79,91.0,6.0,3.0,0.0
2000,0.826,76,0,100,24,10.0,8.26,83.0,4.0,5.0,8.0
2001,0.837,77,0,100,23,10.0,8.37,45.0,45.0,4.0,6.0
2002,0.784,75,0,100,25,10.0,7.84,43.0,40.0,12.0,5.0
2003,0.808,71,0,100,29,10.0,8.08,2.0,60.0,17.0,21.0
2004,0.827,69,0,100,31,10.0,8.27,5.0,51.0,0.0,44.0
2005,0.762,77,0,100,23,10.0,7.62,78.0,6.0,15.0,1.0
2006,0.752,75,0,100,25,10.0,7.52,27.0,11.0,56.00000000000001,6.0
2007,0.743,75,0,100,25,10.0,7.43,82.0,3.0,14.000000000000002,1.0
2008,0.836,76,0,100,24,10.0,8.36,26.0,69.0,3.0,2.0
2009,0.818,74,0,100,26,10.0,8.18,9.0,62.0,23.0,6.0
2010,0.825,78,0,100,22,10.0,8.25,2.0,3.0,1.0,94.0
2011,0.772,75,0,100,25,10.0,7.72,14.000000000000002,85.0,1.0,0.0
2012,0.872,70,0,100,30,10.0,8.72,26.0,65.0,3.0,6.0
2013,0.801,74,0,100,26,10.0,8.01,9.0,79.0,11.0,1.0
2014,0.722,75,0,100,25,10.0,7.22,17.0,77.0,1.0,5.0
2015,0.754,75,0,100,25,10.0,7.54,28.000000000000004,56.99999999999999,7.000000000000001,8.0
2016,0.825,76,0,100,24,10.0,8.25,49.0,46.0,5.0,0.0
2017,0.783,76,0,100,24,10.0,7.83,76.0,0.0,16.0,8.0
2018,0.801,73,0,100,27,10.0,8.01,17.0,4.0,37.0,42.0
2019,0.778,74,0,100,26,10.0,7.78,14.000000000000002,3.0,8.0,75.0
2020,0.801,68,0,100,32,10.0,8.01,39.0,49.0,11.0,1.0
2021,0.808,74,0,100,26,10.0,8.08,81.0,4.0,0.0,15.0
2022,0.753,71,0,100,29,10.0,7.53,79.0,15.0,6.0,0.0
2023,0.76,76,0,100,24,10.0,7.6,6.0,78.0,8.0,8.0
2024,0.843,74,0,100,26,10.0,8.43,6.0,6.0,1.0,87.0
2025,0.746,75,0,100,25,10.0,7.46,83.0,8.0,2.0,7.000000000000001
2026,0.728,76,0,100,24,10.0,7.28,83.0,5.0,2.0,10.0
2027,0.787,79,0,100,21,10.0,7.87,19.0,78.0,1.0,2.0
2028,0.824,79,0,100,21,10.0,8.24,83.0,11.0,5.0,1.0
2029,0.697,75,0,100,25,10.0,6.97,48.0,8.0,5.0,39.0
2030,0.785,72,0,100,28,10.0,7.85,56.99999999999999,42.0,1.0,0.0
2031,0.812,76,0,100,24,10.0,8.12,14.000000000000002,81.0,0.0,5.0
2032,0.83,78,0,100,22,10.0,8.3,3.0,75.0,0.0,22.0
2033,0.734,74,0,100,26,10.0,7.34,6.0,89.0,0.0,5.0
2034,0.752,74,0,100,26,10.0,7.52,17.0,67.0,12.0,4.0
2035,0.751,79,0,100,21,10.0,7.51,6.0,1.0,82.0,11.0
2036,0.732,79,0,100,21,10.0,7.32,85.0,0.0,10.0,5.0
2037,0.839,68,0,100,32,10.0,8.39,55.00000000000001,41.0,4.0,0.0
2038,0.802,77,0,100,23,10.0,8.02,80.0,5.0,9.0,6.0
2039,0.839,70,0,100,30,10.0,8.39,61.0,3.0,36.0,0.0
2040,0.823,77,0,100,23,10.0,8.23,2.0,1.0,77.0,20.0
2041,0.904,70,0,100,30,10.0,9.04,67.0,7.000000000000001,5.0,21.0
2042,0.797,73,0,100,27,10.0,7.97,3.0,4.0,74.0,19.0
2043,0.819,75,0,100,25,10.0,8.19,10.0,1.0,76.0,13.0
2044,0.79,76,0,100,24,10.0,7.9,54.0,40.0,3.0,3.0
2045,0.764,75,0,100,25,10.0,7.64,81.0,10.0,9.0,0.0
2046,0.849,76,0,100,24,10.0,8.49,76.0,17.0,4.0,3.0
2047,0.7,77,0,100,23,10.0,7.0,88.0,0.0,5.0,7.000000000000001
2048,0.831,71,0,100,29,10.0,8.31,33.0,47.0,1.0,19.0
2049,0.76,74,0,100,26,10.0,7.6,26.0,59.0,13.0,2.0
2050,0.878,72,0,100,28,10.0,8.78,93.0,5.0,1.0,1.0
2051,0.716,79,0,100,21,10.0,7.16,74.0,25.0,1.0,0.0
2052,0.75,79,0,100,21,10.0,7.5,78.0,21.0,0.0,1.0
2053,0.773,76,0,100,24,10.0,7.73,70.0,8.0,8.0,14.000000000000002
2054,0.749,75,0,100,25,10.0,7.49,83.0,3.0,0.0,14.000000000000002
2055,0.771,83,0,100,17,10.0,7.71,85.0,6.0,4.0,5.0
2056,0.8,76,0,100,24,10.0,8.0,21.0,77.0,1.0,1.0
2057,0.722,77,0,100,23,10.0,7.22,8.0,88.0,3.0,1.0
2058,0.72,72,0,100,28,10.0,7.2,23.0,12.0,1.0,64.0
2059,0.768,76,0,100,24,10.0,7.68,82.0,0.0,12.0,6.0
2060,0.781,75,0,100,25,10.0,7.81,14.000000000000002,78.0,1.0,7.000000000000001
2061,0.817,71,0,100,29,10.0,8.17,9.0,74.0,3.0,14.000000000000002
2062,0.759,76,0,100,24,10.0,7.59,11.0,64.0,18.0,7.000000000000001
2063,0.733,75,0,100,25,10.0,7.33,90.0,7.000000000000001,3.0,0.0
2064,0.786,78,0,100,22,10.0,7.86,57.99999999999999,23.0,18.0,1.0
2065,0.818,73,0,100,27,10.0,8.18,18.0,63.0,5.0,14.000000000000002
2066,0.722,73,0,100,27,10.0,7.22,46.0,34.0,3.0,17.0
2067,0.828,70,0,100,30,10.0,8.28,5.0,6.0,0.0,89.0
2068,0.741,78,0,100,22,10.0,7.41,8.0,54.0,30.0,8.0
2069,0.773,79,0,100,21,10.0,7.73,98.0,1.0,1.0,0.0
2070,0.699,81,0,100,19,10.0,6.99,98.0,2.0,0.0,0.0
2071,0.854,73,0,100,27,10.0,8.54,92.0,1.0,1.0,6.0
2072,0.806,77,0,100,23,10.0,8.06,5.0,1.0,83.0,11.0
2073,0.768,75,0,100,25,10.0,7.68,77.0,6.0,0.0,17.0
2074,0.601,80,0,100,20,10.0,6.01,18.0,78.0,2.0,2.0
2075,0.674,74,0,100,26,10.0,6.74,23.0,9.0,1.0,67.0
2076,0.754,74,0,100,26,10.0,7.54,73.0,3.0,19.0,5.0
2077,0.851,67,0,100,33,10.0,8.51,14.000000000000002,3.0,60.0,23.0
2078,0.832,74,0,100,26,10.0,8.32,16.0,71.0,8.0,5.0
2079,0.816,71,0,100,29,10.0,8.16,68.0,14.000000000000002,4.0,14.000000000000002
2080,0.747,80,0,100,20,10.0,7.47,66.0,25.0,8.0,1.0
2081,0.874,75,0,100,25,10.0,8.74,15.0,68.0,1.0,16.0
2082,0.818,72,0,100,28,10.0,8.18,34.0,26.0,38.0,2.0
2083,0.851,71,0,100,29,10.0,8.51,7.000000000000001,19.0,1.0,73.0
2084,0.841,77,0,100,23,10.0,8.41,3.0,1.0,5.0,91.0
2085,0.789,73,0,100,27,10.0,7.89,77.0,2.0,15.0,6.0
2086,0.818,69,0,100,31,10.0,8.18,12.0,65.0,1.0,22.0
2087,0.778,74,0,100,26,10.0,7.78,86.0,0.0,14.000000000000002,0.0
2088,0.713,80,0,100,20,10.0,7.13,5.0,53.0,31.0,11.0
2089,0.717,76,0,100,24,10.0,7.17,90.0,4.0,2.0,4.0
2090,0.835,76,0,101,25,10.0,8.35,81.1881188118812,9.900990099009901,6.9306930693069315,1.9801980198019802
2091,0.87,75,0,100,25,10.0,8.7,74.0,9.0,17.0,0.0
2092,0.808,72,0,100,28,10.0,8.08,66.0,12.0,9.0,13.0
2093,0.89,69,0,100,31,10.0,8.9,15.0,19.0,51.0,15.0
2094,0.8,72,0,100,28,10.0,8.0,55.00000000000001,3.0,28.999999999999996,13.0
2095,0.786,80,0,100,20,10.0,7.86,11.0,70.0,7.000000000000001,12.0
2096,0.869,74,0,100,26,10.0,8.69,71.0,4.0,1.0,24.0
2097,0.75,74,0,100,26,10.0,7.5,100.0,0.0,0.0,0.0
2098,0.822,78,0,100,22,10.0,8.22,9.0,89.0,1.0,1.0
2099,0.778,71,0,100,29,10.0,7.78,87.0,5.0,3.0,5.0
2100,0.795,77,0,100,23,10.0,7.95,84.0,1.0,5.0,10.0
SUMMARY,0.7809904761904753,158380,0,,,,,40.73829381257453,32.19920376071221,14.416261197548325,12.646241229164932
