episode,utilization,invalid_learned,invalid_attempted,boxes_attempted,placed_boxes,max_height,avg_height,perc_stacking,perc_best_fit,perc_semi_perfect_fit,perc_random_fit
1,0.67,1,0,13,12,10.0,6.7,38.46153846153847,30.76923076923077,7.6923076923076925,23.076923076923077
2,0.672,1,0,22,21,10.0,6.72,13.636363636363635,36.36363636363637,27.27272727272727,22.727272727272727
3,0.529,1,0,16,15,10.0,5.29,18.75,31.25,18.75,31.25
4,0.562,1,0,17,16,10.0,5.62,23.52941176470588,29.411764705882355,17.647058823529413,29.411764705882355
5,0.63,1,0,18,17,10.0,6.3,16.666666666666664,22.22222222222222,33.33333333333333,27.77777777777778
6,0.604,1,0,21,20,10.0,6.04,23.809523809523807,23.809523809523807,38.095238095238095,14.285714285714285
7,0.745,1,0,19,18,10.0,7.45,31.57894736842105,21.052631578947366,21.052631578947366,26.31578947368421
8,0.62,1,0,15,14,10.0,6.2,13.333333333333334,53.333333333333336,6.666666666666667,26.666666666666668
9,0.55,1,0,11,10,10.0,5.5,0.0,27.27272727272727,36.36363636363637,36.36363636363637
10,0.676,1,0,25,24,10.0,6.76,28.000000000000004,24.0,16.0,32.0
11,0.55,1,0,13,12,10.0,5.5,15.384615384615385,30.76923076923077,23.076923076923077,30.76923076923077
12,0.83,1,0,11,10,10.0,8.3,27.27272727272727,9.090909090909092,27.27272727272727,36.36363636363637
13,0.7,1,0,13,12,10.0,7.0,30.76923076923077,15.384615384615385,23.076923076923077,30.76923076923077
14,0.698,1,0,20,19,10.0,6.98,20.0,40.0,20.0,20.0
15,0.623,1,0,20,19,10.0,6.23,15.0,35.0,25.0,25.0
16,0.598,1,0,18,17,10.0,5.98,22.22222222222222,27.77777777777778,22.22222222222222,27.77777777777778
17,0.598,1,0,18,17,10.0,5.98,27.77777777777778,22.22222222222222,33.33333333333333,16.666666666666664
18,0.721,1,0,21,20,10.0,7.21,19.047619047619047,19.047619047619047,33.33333333333333,28.57142857142857
19,0.39,1,0,21,20,10.0,3.9,33.33333333333333,19.047619047619047,19.047619047619047,28.57142857142857
20,0.422,1,0,11,10,10.0,4.22,9.090909090909092,9.090909090909092,36.36363636363637,45.45454545454545
21,0.78,1,0,15,14,10.0,7.8,40.0,33.33333333333333,20.0,6.666666666666667
22,0.453,1,0,13,12,10.0,4.53,30.76923076923077,23.076923076923077,23.076923076923077,23.076923076923077
23,0.586,1,0,21,20,10.0,5.86,23.809523809523807,19.047619047619047,33.33333333333333,23.809523809523807
24,0.487,1,0,12,11,10.0,4.87,41.66666666666667,16.666666666666664,41.66666666666667,0.0
25,0.74,1,0,17,16,10.0,7.4,11.76470588235294,47.05882352941176,23.52941176470588,17.647058823529413
26,0.47,1,0,14,13,10.0,4.7,35.714285714285715,7.142857142857142,42.857142857142854,14.285714285714285
27,0.75,1,0,14,13,10.0,7.5,0.0,14.285714285714285,42.857142857142854,42.857142857142854
28,0.6,1,0,20,19,10.0,6.0,35.0,30.0,25.0,10.0
29,0.63,1,0,23,22,10.0,6.3,17.391304347826086,30.434782608695656,26.08695652173913,26.08695652173913
30,0.81,1,0,19,18,10.0,8.1,10.526315789473683,21.052631578947366,36.84210526315789,31.57894736842105
31,0.72,1,0,24,23,10.0,7.2,29.166666666666668,20.833333333333336,25.0,25.0
32,0.6,1,0,20,19,10.0,6.0,30.0,25.0,15.0,30.0
33,0.48,1,0,12,11,10.0,4.8,8.333333333333332,25.0,25.0,41.66666666666667
34,0.618,1,0,17,16,10.0,6.18,41.17647058823529,11.76470588235294,23.52941176470588,23.52941176470588
35,0.6,1,0,16,15,10.0,6.0,31.25,31.25,18.75,18.75
36,0.513,1,0,15,14,10.0,5.13,26.666666666666668,20.0,33.33333333333333,20.0
37,0.552,1,0,21,20,10.0,5.52,38.095238095238095,23.809523809523807,14.285714285714285,23.809523809523807
38,0.6,1,0,19,18,10.0,6.0,31.57894736842105,10.526315789473683,21.052631578947366,36.84210526315789
39,0.456,1,0,12,11,10.0,4.56,16.666666666666664,41.66666666666667,8.333333333333332,33.33333333333333
40,0.6,1,0,17,16,10.0,6.0,17.647058823529413,35.294117647058826,23.52941176470588,23.52941176470588
41,0.49,1,0,10,9,10.0,4.9,40.0,20.0,20.0,20.0
42,0.353,1,0,10,9,10.0,3.53,30.0,30.0,10.0,30.0
43,0.631,1,0,15,14,10.0,6.31,20.0,40.0,13.333333333333334,26.666666666666668
44,0.718,1,0,24,23,10.0,7.18,25.0,4.166666666666666,37.5,33.33333333333333
45,0.47,1,0,16,15,10.0,4.7,25.0,31.25,12.5,31.25
46,0.65,1,0,24,23,10.0,6.5,29.166666666666668,25.0,8.333333333333332,37.5
47,0.656,1,0,16,15,10.0,6.56,12.5,25.0,31.25,31.25
48,0.612,1,0,21,20,10.0,6.12,38.095238095238095,0.0,23.809523809523807,38.095238095238095
49,0.6,1,0,14,13,10.0,6.0,35.714285714285715,21.428571428571427,14.285714285714285,28.57142857142857
50,0.64,1,0,24,23,10.0,6.4,12.5,29.166666666666668,16.666666666666664,41.66666666666667
51,0.458,1,0,15,14,10.0,4.58,6.666666666666667,46.666666666666664,26.666666666666668,20.0
52,0.876,1,0,24,23,10.0,8.76,25.0,8.333333333333332,37.5,29.166666666666668
53,0.652,1,0,16,15,10.0,6.52,25.0,18.75,18.75,37.5
54,0.54,1,0,13,12,10.0,5.4,23.076923076923077,38.46153846153847,15.384615384615385,23.076923076923077
55,0.606,1,0,15,14,10.0,6.06,20.0,26.666666666666668,20.0,33.33333333333333
56,0.545,1,0,19,18,10.0,5.45,26.31578947368421,21.052631578947366,15.789473684210526,36.84210526315789
57,0.668,1,0,15,14,10.0,6.68,20.0,33.33333333333333,13.333333333333334,33.33333333333333
58,0.48,1,0,14,13,10.0,4.8,42.857142857142854,21.428571428571427,14.285714285714285,21.428571428571427
59,0.596,1,0,19,18,10.0,5.96,26.31578947368421,31.57894736842105,10.526315789473683,31.57894736842105
60,0.71,1,0,17,16,10.0,7.1,23.52941176470588,29.411764705882355,17.647058823529413,29.411764705882355
61,0.68,1,0,21,20,10.0,6.8,23.809523809523807,23.809523809523807,23.809523809523807,28.57142857142857
62,0.546,1,0,15,14,10.0,5.46,40.0,33.33333333333333,20.0,6.666666666666667
63,0.6,1,0,15,14,10.0,6.0,6.666666666666667,73.33333333333333,13.333333333333334,6.666666666666667
64,0.62,1,0,12,11,9.0,6.2,50.0,8.333333333333332,16.666666666666664,25.0
65,0.442,1,0,15,14,10.0,4.42,13.333333333333334,46.666666666666664,20.0,20.0
66,0.785,1,0,15,14,10.0,7.85,26.666666666666668,26.666666666666668,13.333333333333334,33.33333333333333
67,0.814,1,0,19,18,10.0,8.14,42.10526315789473,5.263157894736842,10.526315789473683,42.10526315789473
68,0.632,1,0,17,16,10.0,6.32,17.647058823529413,35.294117647058826,23.52941176470588,23.52941176470588
69,0.73,1,0,14,13,10.0,7.3,14.285714285714285,21.428571428571427,21.428571428571427,42.857142857142854
70,0.592,1,0,15,14,10.0,5.92,20.0,40.0,26.666666666666668,13.333333333333334
71,0.657,1,0,20,19,10.0,6.57,30.0,30.0,30.0,10.0
72,0.61,1,0,16,15,10.0,6.1,31.25,18.75,12.5,37.5
73,0.778,1,0,21,20,10.0,7.78,28.57142857142857,28.57142857142857,23.809523809523807,19.047619047619047
74,0.68,1,0,16,15,10.0,6.8,25.0,18.75,12.5,43.75
75,0.65,1,0,12,11,10.0,6.5,41.66666666666667,25.0,16.666666666666664,16.666666666666664
76,0.516,1,0,19,18,10.0,5.16,21.052631578947366,47.368421052631575,15.789473684210526,15.789473684210526
77,0.73,1,0,14,13,10.0,7.3,7.142857142857142,42.857142857142854,21.428571428571427,28.57142857142857
78,0.529,1,0,13,12,10.0,5.29,23.076923076923077,53.84615384615385,7.6923076923076925,15.384615384615385
79,0.656,1,0,26,25,10.0,6.56,46.15384615384615,30.76923076923077,11.538461538461538,11.538461538461538
80,0.42,1,0,14,13,10.0,4.2,21.428571428571427,50.0,14.285714285714285,14.285714285714285
81,0.76,1,0,16,15,10.0,7.6,50.0,25.0,18.75,6.25
82,0.57,1,0,13,12,10.0,5.7,30.76923076923077,53.84615384615385,7.6923076923076925,7.6923076923076925
83,0.576,1,0,16,15,10.0,5.76,25.0,37.5,25.0,12.5
84,0.694,1,0,20,19,10.0,6.94,25.0,25.0,35.0,15.0
85,0.676,1,0,17,16,10.0,6.76,11.76470588235294,35.294117647058826,23.52941176470588,29.411764705882355
86,0.594,1,0,18,17,10.0,5.94,33.33333333333333,11.11111111111111,27.77777777777778,27.77777777777778
87,0.755,1,0,12,11,10.0,7.55,8.333333333333332,50.0,8.333333333333332,33.33333333333333
88,0.624,1,0,20,19,10.0,6.24,25.0,25.0,15.0,35.0
89,0.384,1,0,11,10,10.0,3.84,27.27272727272727,27.27272727272727,9.090909090909092,36.36363636363637
90,0.4,1,0,7,6,10.0,4.0,28.57142857142857,57.14285714285714,14.285714285714285,0.0
91,0.46,1,0,15,14,10.0,4.6,33.33333333333333,40.0,0.0,26.666666666666668
92,0.683,1,0,17,16,10.0,6.83,11.76470588235294,35.294117647058826,23.52941176470588,29.411764705882355
93,0.592,1,0,19,18,10.0,5.92,21.052631578947366,47.368421052631575,10.526315789473683,21.052631578947366
94,0.481,1,0,19,18,10.0,4.81,26.31578947368421,26.31578947368421,36.84210526315789,10.526315789473683
95,0.568,1,0,18,17,10.0,5.68,22.22222222222222,27.77777777777778,22.22222222222222,27.77777777777778
96,0.575,1,0,10,9,9.0,5.75,50.0,20.0,10.0,20.0
97,0.756,1,0,19,18,10.0,7.56,26.31578947368421,31.57894736842105,10.526315789473683,31.57894736842105
98,0.532,1,0,13,12,10.0,5.32,38.46153846153847,15.384615384615385,15.384615384615385,30.76923076923077
99,0.624,1,0,22,21,10.0,6.24,18.181818181818183,22.727272727272727,36.36363636363637,22.727272727272727
100,0.556,1,0,14,13,10.0,5.56,21.428571428571427,21.428571428571427,14.285714285714285,42.857142857142854
101,0.552,1,0,18,17,10.0,5.52,22.22222222222222,38.88888888888889,22.22222222222222,16.666666666666664
102,0.488,1,0,19,18,10.0,4.88,36.84210526315789,26.31578947368421,15.789473684210526,21.052631578947366
103,0.466,1,0,20,19,10.0,4.66,45.0,30.0,15.0,10.0
104,0.384,1,0,9,8,9.0,3.84,33.33333333333333,55.55555555555556,11.11111111111111,0.0
105,0.534,1,0,19,18,10.0,5.34,42.10526315789473,5.263157894736842,26.31578947368421,26.31578947368421
106,0.52,1,0,26,25,10.0,5.2,50.0,11.538461538461538,11.538461538461538,26.923076923076923
107,0.442,1,0,13,12,10.0,4.42,30.76923076923077,30.76923076923077,7.6923076923076925,30.76923076923077
108,0.6,1,0,18,17,10.0,6.0,38.88888888888889,22.22222222222222,33.33333333333333,5.555555555555555
109,0.52,1,0,12,11,10.0,5.2,25.0,41.66666666666667,33.33333333333333,0.0
110,0.705,1,0,12,11,10.0,7.05,58.333333333333336,25.0,8.333333333333332,8.333333333333332
111,0.664,1,0,18,17,10.0,6.64,44.44444444444444,16.666666666666664,27.77777777777778,11.11111111111111
112,0.522,1,0,17,16,10.0,5.22,35.294117647058826,29.411764705882355,17.647058823529413,17.647058823529413
113,0.522,1,0,16,15,10.0,5.22,25.0,43.75,18.75,12.5
114,0.76,1,0,28,27,10.0,7.6,46.42857142857143,21.428571428571427,14.285714285714285,17.857142857142858
115,0.676,1,0,22,21,10.0,6.76,9.090909090909092,36.36363636363637,9.090909090909092,45.45454545454545
116,0.55,1,0,18,17,10.0,5.5,22.22222222222222,38.88888888888889,16.666666666666664,22.22222222222222
117,0.61,1,0,13,12,10.0,6.1,15.384615384615385,46.15384615384615,7.6923076923076925,30.76923076923077
118,0.385,1,0,12,11,10.0,3.85,58.333333333333336,25.0,8.333333333333332,8.333333333333332
119,0.456,1,0,13,12,10.0,4.56,7.6923076923076925,61.53846153846154,15.384615384615385,15.384615384615385
120,0.464,1,0,15,14,8.0,4.64,20.0,33.33333333333333,26.666666666666668,20.0
121,0.624,1,0,16,15,10.0,6.24,37.5,18.75,18.75,25.0
122,0.608,1,0,20,19,10.0,6.08,20.0,65.0,5.0,10.0
123,0.496,1,0,13,12,10.0,4.96,23.076923076923077,23.076923076923077,30.76923076923077,23.076923076923077
124,0.65,1,0,16,15,10.0,6.5,43.75,31.25,6.25,18.75
125,0.375,1,0,14,13,10.0,3.75,14.285714285714285,57.14285714285714,21.428571428571427,7.142857142857142
126,0.746,1,0,20,19,10.0,7.46,20.0,35.0,15.0,30.0
127,0.636,1,0,13,12,10.0,6.36,30.76923076923077,0.0,53.84615384615385,15.384615384615385
128,0.736,1,0,18,17,10.0,7.36,38.88888888888889,22.22222222222222,0.0,38.88888888888889
129,0.348,1,0,9,8,10.0,3.48,11.11111111111111,44.44444444444444,33.33333333333333,11.11111111111111
130,0.42,1,0,13,12,10.0,4.2,23.076923076923077,30.76923076923077,15.384615384615385,30.76923076923077
131,0.455,1,0,10,9,10.0,4.55,20.0,30.0,20.0,30.0
132,0.454,1,0,14,13,10.0,4.54,35.714285714285715,28.57142857142857,7.142857142857142,28.57142857142857
133,0.6,1,0,13,12,10.0,6.0,38.46153846153847,30.76923076923077,30.76923076923077,0.0
134,0.712,1,0,23,22,10.0,7.12,34.78260869565217,34.78260869565217,17.391304347826086,13.043478260869565
135,0.537,1,0,14,13,10.0,5.37,7.142857142857142,50.0,21.428571428571427,21.428571428571427
136,0.62,1,0,18,17,10.0,6.2,38.88888888888889,5.555555555555555,16.666666666666664,38.88888888888889
137,0.54,1,0,10,9,10.0,5.4,80.0,10.0,0.0,10.0
138,0.602,1,0,22,21,10.0,6.02,54.54545454545454,22.727272727272727,4.545454545454546,18.181818181818183
139,0.585,1,0,16,15,10.0,5.85,6.25,62.5,12.5,18.75
140,0.65,1,0,13,12,10.0,6.5,23.076923076923077,23.076923076923077,15.384615384615385,38.46153846153847
141,0.76,1,0,20,19,10.0,7.6,25.0,30.0,5.0,40.0
142,0.592,1,0,18,17,10.0,5.92,50.0,27.77777777777778,16.666666666666664,5.555555555555555
143,0.64,1,0,30,29,10.0,6.4,13.333333333333334,36.666666666666664,23.333333333333332,26.666666666666668
144,0.492,1,0,14,13,10.0,4.92,28.57142857142857,28.57142857142857,35.714285714285715,7.142857142857142
145,0.53,1,0,12,11,10.0,5.3,41.66666666666667,41.66666666666667,0.0,16.666666666666664
146,0.544,1,0,14,13,10.0,5.44,21.428571428571427,35.714285714285715,21.428571428571427,21.428571428571427
147,0.55,1,0,11,10,10.0,5.5,9.090909090909092,72.72727272727273,9.090909090909092,9.090909090909092
148,0.497,1,0,14,13,10.0,4.97,64.28571428571429,28.57142857142857,7.142857142857142,0.0
149,0.555,1,0,19,18,10.0,5.55,42.10526315789473,47.368421052631575,5.263157894736842,5.263157894736842
150,0.598,1,0,20,19,10.0,5.98,25.0,35.0,5.0,35.0
151,0.58,1,0,18,17,10.0,5.8,44.44444444444444,16.666666666666664,11.11111111111111,27.77777777777778
152,0.55,1,0,12,11,10.0,5.5,0.0,33.33333333333333,33.33333333333333,33.33333333333333
153,0.414,1,0,16,15,10.0,4.14,31.25,50.0,6.25,12.5
154,0.77,1,0,13,12,10.0,7.7,46.15384615384615,30.76923076923077,7.6923076923076925,15.384615384615385
155,0.571,1,0,20,19,10.0,5.71,55.00000000000001,30.0,5.0,10.0
156,0.73,1,0,12,11,10.0,7.3,16.666666666666664,83.33333333333334,0.0,0.0
157,0.4,1,0,12,11,9.0,4.0,41.66666666666667,33.33333333333333,8.333333333333332,16.666666666666664
158,0.507,1,0,14,13,10.0,5.07,35.714285714285715,42.857142857142854,0.0,21.428571428571427
159,0.551,1,0,16,15,10.0,5.51,37.5,31.25,18.75,12.5
160,0.407,1,0,9,8,10.0,4.07,44.44444444444444,55.55555555555556,0.0,0.0
161,0.58,1,0,12,11,10.0,5.8,75.0,8.333333333333332,8.333333333333332,8.333333333333332
162,0.766,1,0,20,19,10.0,7.66,65.0,15.0,15.0,5.0
163,0.525,1,0,15,14,10.0,5.25,40.0,26.666666666666668,20.0,13.333333333333334
164,0.776,1,0,22,21,10.0,7.76,54.54545454545454,18.181818181818183,9.090909090909092,18.181818181818183
165,0.682,1,0,15,14,10.0,6.82,26.666666666666668,20.0,13.333333333333334,40.0
166,0.502,1,0,11,10,10.0,5.02,45.45454545454545,18.181818181818183,27.27272727272727,9.090909090909092
167,0.455,1,0,13,12,10.0,4.55,53.84615384615385,23.076923076923077,7.6923076923076925,15.384615384615385
168,0.684,1,0,17,16,10.0,6.84,23.52941176470588,47.05882352941176,5.88235294117647,23.52941176470588
169,0.52,1,0,15,14,10.0,5.2,13.333333333333334,26.666666666666668,33.33333333333333,26.666666666666668
170,0.665,1,0,15,14,10.0,6.65,6.666666666666667,26.666666666666668,53.333333333333336,13.333333333333334
171,0.68,1,0,13,12,10.0,6.8,15.384615384615385,46.15384615384615,30.76923076923077,7.6923076923076925
172,0.55,1,0,14,13,10.0,5.5,21.428571428571427,50.0,21.428571428571427,7.142857142857142
173,0.536,1,0,18,17,10.0,5.36,27.77777777777778,38.88888888888889,22.22222222222222,11.11111111111111
174,0.428,1,0,11,10,10.0,4.28,36.36363636363637,9.090909090909092,0.0,54.54545454545454
175,0.514,1,0,16,15,10.0,5.14,6.25,18.75,68.75,6.25
176,0.698,1,0,15,14,10.0,6.98,26.666666666666668,26.666666666666668,26.666666666666668,20.0
177,0.572,1,0,16,15,10.0,5.72,0.0,18.75,18.75,62.5
178,0.522,1,0,14,13,10.0,5.22,28.57142857142857,50.0,14.285714285714285,7.142857142857142
179,0.7,1,0,24,23,10.0,7.0,25.0,29.166666666666668,25.0,20.833333333333336
180,0.56,1,0,23,22,10.0,5.6,17.391304347826086,26.08695652173913,26.08695652173913,30.434782608695656
181,0.672,1,0,23,22,10.0,6.72,21.73913043478261,30.434782608695656,13.043478260869565,34.78260869565217
182,0.588,1,0,20,19,10.0,5.88,25.0,20.0,20.0,35.0
183,0.52,1,0,17,16,10.0,5.2,35.294117647058826,23.52941176470588,29.411764705882355,11.76470588235294
184,0.425,1,0,15,14,10.0,4.25,46.666666666666664,26.666666666666668,6.666666666666667,20.0
185,0.6,1,0,16,15,10.0,6.0,37.5,18.75,6.25,37.5
186,0.535,1,0,9,8,10.0,5.35,33.33333333333333,33.33333333333333,0.0,33.33333333333333
187,0.574,1,0,12,11,10.0,5.74,16.666666666666664,33.33333333333333,16.666666666666664,33.33333333333333
188,0.68,1,0,17,16,10.0,6.8,17.647058823529413,58.82352941176471,0.0,23.52941176470588
189,0.752,1,0,23,22,10.0,7.52,43.47826086956522,30.434782608695656,4.3478260869565215,21.73913043478261
190,0.48,1,0,12,11,10.0,4.8,33.33333333333333,41.66666666666667,8.333333333333332,16.666666666666664
191,0.458,1,0,12,11,10.0,4.58,33.33333333333333,25.0,16.666666666666664,25.0
192,0.512,1,0,14,13,10.0,5.12,78.57142857142857,7.142857142857142,7.142857142857142,7.142857142857142
193,0.588,1,0,16,15,10.0,5.88,43.75,31.25,18.75,6.25
194,0.504,1,0,14,13,10.0,5.04,21.428571428571427,42.857142857142854,14.285714285714285,21.428571428571427
195,0.52,1,0,16,15,10.0,5.2,50.0,18.75,12.5,18.75
196,0.538,1,0,21,20,10.0,5.38,47.61904761904761,38.095238095238095,14.285714285714285,0.0
197,0.67,1,0,22,21,10.0,6.7,45.45454545454545,18.181818181818183,9.090909090909092,27.27272727272727
198,0.737,1,0,16,15,10.0,7.37,50.0,18.75,12.5,18.75
199,0.375,1,0,11,10,10.0,3.75,54.54545454545454,36.36363636363637,9.090909090909092,0.0
200,0.68,1,0,21,20,10.0,6.8,23.809523809523807,28.57142857142857,33.33333333333333,14.285714285714285
201,0.562,1,0,16,15,10.0,5.62,12.5,68.75,18.75,0.0
202,0.65,1,0,12,11,10.0,6.5,41.66666666666667,50.0,8.333333333333332,0.0
203,0.596,1,0,16,15,10.0,5.96,25.0,31.25,6.25,37.5
204,0.689,1,0,16,15,10.0,6.89,37.5,25.0,12.5,25.0
205,0.567,1,0,15,14,10.0,5.67,0.0,26.666666666666668,0.0,73.33333333333333
206,0.696,1,0,16,15,10.0,6.96,25.0,18.75,31.25,25.0
207,0.579,1,0,18,17,10.0,5.79,11.11111111111111,66.66666666666666,16.666666666666664,5.555555555555555
208,0.6,1,0,15,14,10.0,6.0,60.0,26.666666666666668,6.666666666666667,6.666666666666667
209,0.74,1,0,16,15,10.0,7.4,43.75,25.0,25.0,6.25
210,0.855,1,0,13,12,10.0,8.55,53.84615384615385,46.15384615384615,0.0,0.0
211,0.68,1,0,10,9,10.0,6.8,40.0,10.0,40.0,10.0
212,0.484,1,0,18,17,10.0,4.84,72.22222222222221,5.555555555555555,11.11111111111111,11.11111111111111
213,0.412,1,0,13,12,10.0,4.12,23.076923076923077,23.076923076923077,30.76923076923077,23.076923076923077
214,0.375,1,0,10,9,10.0,3.75,0.0,80.0,20.0,0.0
215,0.51,1,0,17,16,10.0,5.1,29.411764705882355,41.17647058823529,17.647058823529413,11.76470588235294
216,0.84,1,0,20,19,10.0,8.4,55.00000000000001,20.0,25.0,0.0
217,0.66,1,0,22,21,10.0,6.6,36.36363636363637,22.727272727272727,31.818181818181817,9.090909090909092
218,0.602,1,0,19,18,10.0,6.02,26.31578947368421,21.052631578947366,21.052631578947366,31.57894736842105
219,0.8,1,0,21,20,10.0,8.0,47.61904761904761,33.33333333333333,19.047619047619047,0.0
220,0.562,1,0,17,16,10.0,5.62,29.411764705882355,35.294117647058826,17.647058823529413,17.647058823529413
221,0.41,1,0,8,7,10.0,4.1,12.5,50.0,25.0,12.5
222,0.618,1,0,16,15,10.0,6.18,18.75,68.75,12.5,0.0
223,0.572,1,0,16,15,10.0,5.72,12.5,37.5,12.5,37.5
224,0.447,1,0,12,11,10.0,4.47,8.333333333333332,25.0,16.666666666666664,50.0
225,0.764,1,0,23,22,10.0,7.64,43.47826086956522,21.73913043478261,13.043478260869565,21.73913043478261
226,0.56,1,0,23,22,10.0,5.6,13.043478260869565,43.47826086956522,8.695652173913043,34.78260869565217
227,0.795,1,0,18,17,10.0,7.95,16.666666666666664,27.77777777777778,38.88888888888889,16.666666666666664
228,0.664,1,0,18,17,10.0,6.64,22.22222222222222,33.33333333333333,16.666666666666664,27.77777777777778
229,0.502,1,0,15,14,10.0,5.02,46.666666666666664,53.333333333333336,0.0,0.0
230,0.827,1,0,23,22,10.0,8.27,39.130434782608695,21.73913043478261,4.3478260869565215,34.78260869565217
231,0.672,1,0,25,24,10.0,6.72,16.0,16.0,4.0,64.0
232,0.645,1,0,11,10,10.0,6.45,45.45454545454545,9.090909090909092,18.181818181818183,27.27272727272727
233,0.532,1,0,15,14,10.0,5.32,20.0,20.0,6.666666666666667,53.333333333333336
234,0.46,1,0,13,12,9.0,4.6,23.076923076923077,38.46153846153847,15.384615384615385,23.076923076923077
235,0.483,1,0,13,12,10.0,4.83,30.76923076923077,38.46153846153847,15.384615384615385,15.384615384615385
236,0.57,1,0,17,16,10.0,5.7,58.82352941176471,17.647058823529413,11.76470588235294,11.76470588235294
237,0.548,1,0,15,14,10.0,5.48,33.33333333333333,26.666666666666668,0.0,40.0
238,0.578,1,0,16,15,10.0,5.78,50.0,18.75,6.25,25.0
239,0.422,1,0,14,13,10.0,4.22,28.57142857142857,35.714285714285715,21.428571428571427,14.285714285714285
240,0.52,1,0,16,15,10.0,5.2,12.5,12.5,6.25,68.75
241,0.66,1,0,17,16,10.0,6.6,17.647058823529413,11.76470588235294,23.52941176470588,47.05882352941176
242,0.646,1,0,18,17,10.0,6.46,22.22222222222222,16.666666666666664,11.11111111111111,50.0
243,0.644,1,0,12,11,10.0,6.44,41.66666666666667,8.333333333333332,8.333333333333332,41.66666666666667
244,0.352,1,0,14,13,10.0,3.52,7.142857142857142,42.857142857142854,7.142857142857142,42.857142857142854
245,0.586,1,0,17,16,10.0,5.86,29.411764705882355,23.52941176470588,11.76470588235294,35.294117647058826
246,0.652,1,0,23,22,10.0,6.52,26.08695652173913,4.3478260869565215,56.52173913043478,13.043478260869565
247,0.8,1,0,16,15,10.0,8.0,18.75,18.75,37.5,25.0
248,0.65,1,0,17,16,10.0,6.5,0.0,17.647058823529413,23.52941176470588,58.82352941176471
249,0.477,1,0,15,14,10.0,4.77,6.666666666666667,53.333333333333336,13.333333333333334,26.666666666666668
250,0.597,1,0,17,16,10.0,5.97,0.0,17.647058823529413,17.647058823529413,64.70588235294117
251,0.553,1,0,23,22,10.0,5.53,17.391304347826086,21.73913043478261,17.391304347826086,43.47826086956522
252,0.62,1,0,17,16,10.0,6.2,0.0,23.52941176470588,47.05882352941176,29.411764705882355
253,0.469,1,0,16,15,10.0,4.69,6.25,31.25,25.0,37.5
254,0.71,1,0,13,12,10.0,7.1,7.6923076923076925,53.84615384615385,15.384615384615385,23.076923076923077
255,0.656,1,0,23,22,10.0,6.56,8.695652173913043,65.21739130434783,8.695652173913043,17.391304347826086
256,0.552,1,0,15,14,10.0,5.52,13.333333333333334,26.666666666666668,6.666666666666667,53.333333333333336
257,0.622,1,0,19,18,10.0,6.22,10.526315789473683,5.263157894736842,31.57894736842105,52.63157894736842
258,0.532,1,0,14,13,10.0,5.32,7.142857142857142,14.285714285714285,7.142857142857142,71.42857142857143
259,0.57,1,0,12,11,10.0,5.7,8.333333333333332,33.33333333333333,25.0,33.33333333333333
260,0.56,1,0,15,14,10.0,5.6,6.666666666666667,6.666666666666667,26.666666666666668,60.0
261,0.816,1,0,24,23,10.0,8.16,29.166666666666668,16.666666666666664,12.5,41.66666666666667
262,0.656,1,0,24,23,10.0,6.56,20.833333333333336,16.666666666666664,12.5,50.0
263,0.632,1,0,17,16,10.0,6.32,47.05882352941176,29.411764705882355,5.88235294117647,17.647058823529413
264,0.492,1,0,15,14,9.0,4.92,6.666666666666667,60.0,0.0,33.33333333333333
265,0.74,1,0,15,14,10.0,7.4,40.0,20.0,13.333333333333334,26.666666666666668
266,0.528,1,0,15,14,10.0,5.28,0.0,40.0,13.333333333333334,46.666666666666664
267,0.36,1,0,11,10,10.0,3.6,0.0,54.54545454545454,0.0,45.45454545454545
268,0.609,1,0,19,18,10.0,6.09,21.052631578947366,47.368421052631575,21.052631578947366,10.526315789473683
269,0.7,1,0,20,19,10.0,7.0,55.00000000000001,20.0,20.0,5.0
270,0.488,1,0,15,14,10.0,4.88,33.33333333333333,40.0,6.666666666666667,20.0
271,0.504,1,0,13,12,10.0,5.04,15.384615384615385,23.076923076923077,30.76923076923077,30.76923076923077
272,0.563,1,0,15,14,10.0,5.63,20.0,26.666666666666668,26.666666666666668,26.666666666666668
273,0.597,1,0,17,16,10.0,5.97,23.52941176470588,58.82352941176471,5.88235294117647,11.76470588235294
274,0.645,1,0,18,17,10.0,6.45,5.555555555555555,50.0,27.77777777777778,16.666666666666664
275,0.57,1,0,17,16,10.0,5.7,0.0,11.76470588235294,70.58823529411765,17.647058823529413
276,0.696,1,0,25,24,10.0,6.96,36.0,16.0,28.000000000000004,20.0
277,0.66,1,0,15,14,10.0,6.6,46.666666666666664,13.333333333333334,33.33333333333333,6.666666666666667
278,0.506,1,0,15,14,10.0,5.06,46.666666666666664,33.33333333333333,13.333333333333334,6.666666666666667
279,0.8,1,0,18,17,10.0,8.0,38.88888888888889,27.77777777777778,22.22222222222222,11.11111111111111
280,0.324,1,0,7,6,9.0,3.24,42.857142857142854,42.857142857142854,0.0,14.285714285714285
281,0.8,1,0,27,26,10.0,8.0,33.33333333333333,7.4074074074074066,25.925925925925924,33.33333333333333
282,0.474,1,0,15,14,10.0,4.74,53.333333333333336,33.33333333333333,6.666666666666667,6.666666666666667
283,0.52,1,0,16,15,10.0,5.2,18.75,43.75,6.25,31.25
284,0.384,1,0,10,9,8.0,3.84,40.0,40.0,20.0,0.0
285,0.79,1,0,14,13,10.0,7.9,35.714285714285715,35.714285714285715,7.142857142857142,21.428571428571427
286,0.703,1,0,20,19,10.0,7.03,15.0,30.0,35.0,20.0
287,0.534,1,0,19,18,10.0,5.34,31.57894736842105,26.31578947368421,5.263157894736842,36.84210526315789
288,0.499,1,0,16,15,10.0,4.99,18.75,43.75,12.5,25.0
289,0.645,1,0,13,12,10.0,6.45,7.6923076923076925,23.076923076923077,15.384615384615385,53.84615384615385
290,0.81,1,0,16,15,10.0,8.1,37.5,31.25,31.25,0.0
291,0.71,1,0,15,14,10.0,7.1,20.0,6.666666666666667,73.33333333333333,0.0
292,0.46,1,0,15,14,10.0,4.6,13.333333333333334,13.333333333333334,40.0,33.33333333333333
293,0.584,1,0,15,14,10.0,5.84,20.0,40.0,33.33333333333333,6.666666666666667
294,0.74,1,0,16,15,10.0,7.4,12.5,25.0,43.75,18.75
295,0.648,1,0,17,16,10.0,6.48,23.52941176470588,35.294117647058826,35.294117647058826,5.88235294117647
296,0.658,1,0,19,18,10.0,6.58,36.84210526315789,10.526315789473683,26.31578947368421,26.31578947368421
297,0.495,1,0,11,10,10.0,4.95,0.0,81.81818181818183,0.0,18.181818181818183
298,0.6,1,0,14,13,10.0,6.0,28.57142857142857,7.142857142857142,35.714285714285715,28.57142857142857
299,0.592,1,0,19,18,10.0,5.92,36.84210526315789,21.052631578947366,21.052631578947366,21.052631578947366
300,0.306,1,0,9,8,10.0,3.06,55.55555555555556,44.44444444444444,0.0,0.0
301,0.572,1,0,18,17,10.0,5.72,27.77777777777778,38.88888888888889,27.77777777777778,5.555555555555555
302,0.526,1,0,12,11,9.0,5.26,33.33333333333333,25.0,33.33333333333333,8.333333333333332
303,0.7,1,0,18,17,10.0,7.0,16.666666666666664,16.666666666666664,55.55555555555556,11.11111111111111
304,0.512,1,0,16,15,10.0,5.12,12.5,18.75,56.25,12.5
305,0.8,1,0,14,13,10.0,8.0,21.428571428571427,28.57142857142857,14.285714285714285,35.714285714285715
306,0.475,1,0,13,12,8.0,4.75,0.0,61.53846153846154,7.6923076923076925,30.76923076923077
307,0.55,1,0,12,11,10.0,5.5,0.0,91.66666666666666,0.0,8.333333333333332
308,0.602,1,0,17,16,10.0,6.02,17.647058823529413,58.82352941176471,0.0,23.52941176470588
309,0.392,1,0,11,10,9.0,3.92,18.181818181818183,63.63636363636363,0.0,18.181818181818183
310,0.445,1,0,13,12,10.0,4.45,23.076923076923077,30.76923076923077,30.76923076923077,15.384615384615385
311,0.543,1,0,15,14,10.0,5.43,0.0,33.33333333333333,0.0,66.66666666666666
312,0.6,1,0,21,20,10.0,6.0,0.0,23.809523809523807,4.761904761904762,71.42857142857143
313,0.744,1,0,18,17,10.0,7.44,27.77777777777778,50.0,5.555555555555555,16.666666666666664
314,0.508,1,0,15,14,10.0,5.08,26.666666666666668,20.0,46.666666666666664,6.666666666666667
315,0.764,1,0,21,20,10.0,7.64,4.761904761904762,9.523809523809524,14.285714285714285,71.42857142857143
316,0.52,1,0,17,16,10.0,5.2,5.88235294117647,35.294117647058826,11.76470588235294,47.05882352941176
317,0.84,1,0,18,17,10.0,8.4,22.22222222222222,27.77777777777778,22.22222222222222,27.77777777777778
318,0.797,1,0,15,14,10.0,7.97,26.666666666666668,40.0,20.0,13.333333333333334
319,0.5,1,0,10,9,10.0,5.0,10.0,40.0,50.0,0.0
320,0.62,1,0,21,20,10.0,6.2,19.047619047619047,19.047619047619047,57.14285714285714,4.761904761904762
321,0.51,1,0,15,14,9.0,5.1,46.666666666666664,40.0,0.0,13.333333333333334
322,0.524,1,0,17,16,10.0,5.24,41.17647058823529,29.411764705882355,29.411764705882355,0.0
323,0.602,1,0,16,15,10.0,6.02,50.0,12.5,37.5,0.0
324,0.672,1,0,23,22,10.0,6.72,43.47826086956522,13.043478260869565,30.434782608695656,13.043478260869565
325,0.42,1,0,11,10,10.0,4.2,9.090909090909092,63.63636363636363,0.0,27.27272727272727
326,0.679,1,0,19,18,10.0,6.79,15.789473684210526,31.57894736842105,5.263157894736842,47.368421052631575
327,0.472,1,0,16,15,10.0,4.72,12.5,62.5,12.5,12.5
328,0.548,1,0,15,14,10.0,5.48,20.0,53.333333333333336,0.0,26.666666666666668
329,0.564,1,0,18,17,10.0,5.64,44.44444444444444,33.33333333333333,0.0,22.22222222222222
330,0.716,1,0,25,24,10.0,7.16,4.0,80.0,0.0,16.0
331,0.726,1,0,17,16,10.0,7.26,35.294117647058826,35.294117647058826,5.88235294117647,23.52941176470588
332,0.764,1,0,16,15,10.0,7.64,68.75,31.25,0.0,0.0
333,0.67,1,0,19,18,10.0,6.7,26.31578947368421,26.31578947368421,47.368421052631575,0.0
334,0.68,1,0,17,16,10.0,6.8,29.411764705882355,35.294117647058826,29.411764705882355,5.88235294117647
335,0.676,1,0,19,18,10.0,6.76,63.1578947368421,10.526315789473683,21.052631578947366,5.263157894736842
336,0.506,1,0,18,17,10.0,5.06,16.666666666666664,66.66666666666666,0.0,16.666666666666664
337,0.56,1,0,11,10,10.0,5.6,0.0,18.181818181818183,81.81818181818183,0.0
338,0.624,1,0,21,20,9.0,6.24,42.857142857142854,47.61904761904761,9.523809523809524,0.0
339,0.602,1,0,20,19,10.0,6.02,10.0,20.0,70.0,0.0
340,0.537,1,0,15,14,10.0,5.37,46.666666666666664,13.333333333333334,33.33333333333333,6.666666666666667
341,0.588,1,0,18,17,10.0,5.88,16.666666666666664,61.111111111111114,16.666666666666664,5.555555555555555
342,0.73,1,0,14,13,10.0,7.3,35.714285714285715,28.57142857142857,21.428571428571427,14.285714285714285
343,0.629,1,0,17,16,10.0,6.29,5.88235294117647,17.647058823529413,52.94117647058824,23.52941176470588
344,0.468,1,0,15,14,9.0,4.68,46.666666666666664,33.33333333333333,20.0,0.0
345,0.508,1,0,14,13,10.0,5.08,7.142857142857142,21.428571428571427,71.42857142857143,0.0
346,0.7,1,0,15,14,10.0,7.0,26.666666666666668,40.0,6.666666666666667,26.666666666666668
347,0.734,1,0,21,20,10.0,7.34,9.523809523809524,19.047619047619047,38.095238095238095,33.33333333333333
348,0.676,1,0,21,20,10.0,6.76,23.809523809523807,23.809523809523807,42.857142857142854,9.523809523809524
349,0.425,1,0,14,13,10.0,4.25,14.285714285714285,42.857142857142854,28.57142857142857,14.285714285714285
350,0.42,1,0,10,9,10.0,4.2,40.0,40.0,0.0,20.0
351,0.668,1,0,22,21,10.0,6.68,31.818181818181817,13.636363636363635,31.818181818181817,22.727272727272727
352,0.536,1,0,16,15,10.0,5.36,43.75,25.0,31.25,0.0
353,0.48,1,0,13,12,9.0,4.8,30.76923076923077,23.076923076923077,23.076923076923077,23.076923076923077
354,0.646,1,0,18,17,10.0,6.46,55.55555555555556,11.11111111111111,27.77777777777778,5.555555555555555
355,0.597,1,0,17,16,10.0,5.97,23.52941176470588,23.52941176470588,41.17647058823529,11.76470588235294
356,0.85,1,0,16,15,10.0,8.5,37.5,12.5,25.0,25.0
357,0.6,1,0,13,12,10.0,6.0,7.6923076923076925,23.076923076923077,30.76923076923077,38.46153846153847
358,0.458,1,0,11,10,10.0,4.58,45.45454545454545,36.36363636363637,9.090909090909092,9.090909090909092
359,0.56,1,0,14,13,10.0,5.6,35.714285714285715,7.142857142857142,35.714285714285715,21.428571428571427
360,0.632,1,0,25,24,10.0,6.32,56.00000000000001,20.0,12.0,12.0
361,0.69,1,0,18,17,10.0,6.9,11.11111111111111,16.666666666666664,50.0,22.22222222222222
362,0.5,1,0,17,16,10.0,5.0,0.0,100.0,0.0,0.0
363,0.531,1,0,11,10,10.0,5.31,36.36363636363637,54.54545454545454,9.090909090909092,0.0
364,0.468,1,0,11,10,10.0,4.68,18.181818181818183,63.63636363636363,9.090909090909092,9.090909090909092
365,0.44,1,0,14,13,9.0,4.4,21.428571428571427,28.57142857142857,35.714285714285715,14.285714285714285
366,0.528,1,0,17,16,8.0,5.28,23.52941176470588,17.647058823529413,17.647058823529413,41.17647058823529
367,0.58,1,0,12,11,10.0,5.8,25.0,25.0,41.66666666666667,8.333333333333332
368,0.658,1,0,18,17,10.0,6.58,27.77777777777778,27.77777777777778,16.666666666666664,27.77777777777778
369,0.602,1,0,18,17,10.0,6.02,50.0,27.77777777777778,5.555555555555555,16.666666666666664
370,0.62,1,0,18,17,10.0,6.2,0.0,16.666666666666664,0.0,83.33333333333334
371,0.544,1,0,15,14,10.0,5.44,20.0,20.0,33.33333333333333,26.666666666666668
372,0.432,1,0,14,13,10.0,4.32,7.142857142857142,42.857142857142854,0.0,50.0
373,0.558,1,0,17,16,10.0,5.58,11.76470588235294,29.411764705882355,29.411764705882355,29.411764705882355
374,0.58,1,0,21,20,10.0,5.8,33.33333333333333,19.047619047619047,19.047619047619047,28.57142857142857
375,0.816,1,0,21,20,10.0,8.16,4.761904761904762,19.047619047619047,9.523809523809524,66.66666666666666
376,0.522,1,0,14,13,10.0,5.22,7.142857142857142,28.57142857142857,35.714285714285715,28.57142857142857
377,0.8,1,0,19,18,10.0,8.0,26.31578947368421,26.31578947368421,5.263157894736842,42.10526315789473
378,0.6,1,0,16,15,10.0,6.0,12.5,18.75,6.25,62.5
379,0.412,1,0,12,11,10.0,4.12,25.0,8.333333333333332,50.0,16.666666666666664
380,0.73,1,0,20,19,10.0,7.3,10.0,15.0,25.0,50.0
381,0.66,1,0,12,11,10.0,6.6,33.33333333333333,16.666666666666664,33.33333333333333,16.666666666666664
382,0.468,1,0,20,19,10.0,4.68,30.0,35.0,5.0,30.0
383,0.53,1,0,16,15,10.0,5.3,18.75,25.0,43.75,12.5
384,0.68,1,0,16,15,10.0,6.8,18.75,18.75,12.5,50.0
385,0.54,1,0,11,10,10.0,5.4,9.090909090909092,18.181818181818183,27.27272727272727,45.45454545454545
386,0.696,1,0,18,17,9.0,6.96,33.33333333333333,50.0,5.555555555555555,11.11111111111111
387,0.56,1,0,14,13,10.0,5.6,7.142857142857142,57.14285714285714,7.142857142857142,28.57142857142857
388,0.85,1,0,15,14,10.0,8.5,46.666666666666664,26.666666666666668,13.333333333333334,13.333333333333334
389,0.84,1,0,19,18,10.0,8.4,42.10526315789473,21.052631578947366,36.84210526315789,0.0
390,0.601,1,0,20,19,10.0,6.01,35.0,40.0,15.0,10.0
391,0.484,1,0,14,13,10.0,4.84,35.714285714285715,21.428571428571427,21.428571428571427,21.428571428571427
392,0.44,1,0,10,9,10.0,4.4,20.0,20.0,50.0,10.0
393,0.44,1,0,13,12,10.0,4.4,7.6923076923076925,23.076923076923077,46.15384615384615,23.076923076923077
394,0.724,1,0,20,19,10.0,7.24,25.0,10.0,50.0,15.0
395,0.452,1,0,16,15,10.0,4.52,18.75,31.25,0.0,50.0
396,0.525,1,0,17,16,10.0,5.25,17.647058823529413,23.52941176470588,5.88235294117647,52.94117647058824
397,0.575,1,0,9,8,10.0,5.75,11.11111111111111,55.55555555555556,11.11111111111111,22.22222222222222
398,0.65,1,0,22,21,10.0,6.5,9.090909090909092,18.181818181818183,50.0,22.727272727272727
399,0.48,1,0,12,11,10.0,4.8,16.666666666666664,33.33333333333333,25.0,25.0
400,0.72,1,0,14,13,10.0,7.2,50.0,14.285714285714285,35.714285714285715,0.0
401,0.56,1,0,17,16,10.0,5.6,5.88235294117647,23.52941176470588,17.647058823529413,52.94117647058824
402,0.62,1,0,16,15,10.0,6.2,31.25,18.75,25.0,25.0
403,0.638,1,0,22,21,10.0,6.38,4.545454545454546,59.09090909090909,13.636363636363635,22.727272727272727
404,0.54,1,0,15,14,10.0,5.4,6.666666666666667,13.333333333333334,26.666666666666668,53.333333333333336
405,0.715,1,0,17,16,10.0,7.15,5.88235294117647,35.294117647058826,41.17647058823529,17.647058823529413
406,0.83,1,0,12,11,10.0,8.3,25.0,25.0,25.0,25.0
407,0.645,1,0,18,17,10.0,6.45,38.88888888888889,11.11111111111111,50.0,0.0
408,0.78,1,0,26,25,10.0,7.8,7.6923076923076925,7.6923076923076925,61.53846153846154,23.076923076923077
409,0.67,1,0,23,22,10.0,6.7,8.695652173913043,30.434782608695656,47.82608695652174,13.043478260869565
410,0.476,1,0,14,13,10.0,4.76,42.857142857142854,14.285714285714285,42.857142857142854,0.0
411,0.736,1,0,17,16,10.0,7.36,23.52941176470588,11.76470588235294,58.82352941176471,5.88235294117647
412,0.291,1,0,9,8,10.0,2.91,22.22222222222222,55.55555555555556,0.0,22.22222222222222
413,0.456,1,0,11,10,9.0,4.56,27.27272727272727,36.36363636363637,36.36363636363637,0.0
414,0.818,1,0,19,18,10.0,8.18,5.263157894736842,26.31578947368421,47.368421052631575,21.052631578947366
415,0.455,1,0,14,13,10.0,4.55,0.0,64.28571428571429,14.285714285714285,21.428571428571427
416,0.548,1,0,15,14,10.0,5.48,13.333333333333334,13.333333333333334,60.0,13.333333333333334
417,0.58,1,0,11,10,10.0,5.8,45.45454545454545,9.090909090909092,45.45454545454545,0.0
418,0.57,1,0,18,17,9.0,5.7,38.88888888888889,22.22222222222222,33.33333333333333,5.555555555555555
419,0.73,1,0,20,19,10.0,7.3,35.0,10.0,50.0,5.0
420,0.55,1,0,22,21,10.0,5.5,13.636363636363635,18.181818181818183,40.909090909090914,27.27272727272727
421,0.596,1,0,21,20,10.0,5.96,9.523809523809524,14.285714285714285,57.14285714285714,19.047619047619047
422,0.62,1,0,28,27,10.0,6.2,28.57142857142857,42.857142857142854,25.0,3.571428571428571
423,0.564,1,0,23,22,10.0,5.64,13.043478260869565,65.21739130434783,21.73913043478261,0.0
424,0.744,1,0,24,23,10.0,7.44,0.0,12.5,83.33333333333334,4.166666666666666
425,0.6,1,0,11,10,10.0,6.0,9.090909090909092,27.27272727272727,54.54545454545454,9.090909090909092
426,0.56,1,0,14,13,10.0,5.6,7.142857142857142,28.57142857142857,0.0,64.28571428571429
427,0.644,1,0,17,16,10.0,6.44,11.76470588235294,47.05882352941176,35.294117647058826,5.88235294117647
428,0.52,1,0,15,14,10.0,5.2,33.33333333333333,13.333333333333334,53.333333333333336,0.0
429,0.785,1,0,10,9,10.0,7.85,20.0,30.0,50.0,0.0
430,0.42,1,0,18,17,9.0,4.2,0.0,61.111111111111114,5.555555555555555,33.33333333333333
431,0.497,1,0,12,11,10.0,4.97,33.33333333333333,50.0,16.666666666666664,0.0
432,0.64,1,0,20,19,10.0,6.4,35.0,15.0,40.0,10.0
433,0.652,1,0,18,17,10.0,6.52,16.666666666666664,16.666666666666664,38.88888888888889,27.77777777777778
434,0.735,1,0,14,13,10.0,7.35,7.142857142857142,28.57142857142857,21.428571428571427,42.857142857142854
435,0.512,1,0,26,25,10.0,5.12,30.76923076923077,23.076923076923077,46.15384615384615,0.0
436,0.65,1,0,14,13,10.0,6.5,7.142857142857142,14.285714285714285,78.57142857142857,0.0
437,0.568,1,0,18,17,10.0,5.68,27.77777777777778,22.22222222222222,27.77777777777778,22.22222222222222
438,0.72,1,0,13,12,10.0,7.2,30.76923076923077,7.6923076923076925,61.53846153846154,0.0
439,0.553,1,0,14,13,10.0,5.53,21.428571428571427,35.714285714285715,42.857142857142854,0.0
440,0.632,1,0,22,21,10.0,6.32,27.27272727272727,31.818181818181817,31.818181818181817,9.090909090909092
441,0.37,1,0,12,11,10.0,3.7,33.33333333333333,33.33333333333333,25.0,8.333333333333332
442,0.439,1,0,11,10,10.0,4.39,36.36363636363637,36.36363636363637,9.090909090909092,18.181818181818183
443,0.656,1,0,18,17,10.0,6.56,11.11111111111111,27.77777777777778,44.44444444444444,16.666666666666664
444,0.65,1,0,12,11,10.0,6.5,58.333333333333336,33.33333333333333,0.0,8.333333333333332
445,0.555,1,0,15,14,10.0,5.55,26.666666666666668,20.0,33.33333333333333,20.0
446,0.528,1,0,16,15,10.0,5.28,12.5,18.75,56.25,12.5
447,0.608,1,0,17,16,10.0,6.08,41.17647058823529,11.76470588235294,47.05882352941176,0.0
448,0.691,1,0,15,14,10.0,6.91,6.666666666666667,53.333333333333336,33.33333333333333,6.666666666666667
449,0.6,1,0,17,16,10.0,6.0,35.294117647058826,11.76470588235294,23.52941176470588,29.411764705882355
450,0.64,1,0,16,15,10.0,6.4,31.25,25.0,43.75,0.0
451,0.73,1,0,26,25,10.0,7.3,23.076923076923077,7.6923076923076925,69.23076923076923,0.0
452,0.648,1,0,22,21,10.0,6.48,18.181818181818183,31.818181818181817,31.818181818181817,18.181818181818183
453,0.592,1,0,21,20,10.0,5.92,14.285714285714285,14.285714285714285,52.38095238095239,19.047619047619047
454,0.464,1,0,15,14,10.0,4.64,0.0,20.0,80.0,0.0
455,0.332,1,0,13,12,9.0,3.32,15.384615384615385,30.76923076923077,46.15384615384615,7.6923076923076925
456,0.592,1,0,25,24,10.0,5.92,16.0,20.0,40.0,24.0
457,0.625,1,0,12,11,10.0,6.25,50.0,16.666666666666664,25.0,8.333333333333332
458,0.64,1,0,24,23,10.0,6.4,16.666666666666664,16.666666666666664,62.5,4.166666666666666
459,0.654,1,0,24,23,10.0,6.54,29.166666666666668,16.666666666666664,20.833333333333336,33.33333333333333
460,0.512,1,0,13,12,10.0,5.12,7.6923076923076925,15.384615384615385,23.076923076923077,53.84615384615385
461,0.544,1,0,13,12,10.0,5.44,30.76923076923077,46.15384615384615,15.384615384615385,7.6923076923076925
462,0.542,1,0,20,19,10.0,5.42,10.0,30.0,0.0,60.0
463,0.554,1,0,18,17,10.0,5.54,33.33333333333333,16.666666666666664,44.44444444444444,5.555555555555555
464,0.379,1,0,12,11,10.0,3.79,41.66666666666667,41.66666666666667,16.666666666666664,0.0
465,0.62,1,0,19,18,10.0,6.2,15.789473684210526,52.63157894736842,21.052631578947366,10.526315789473683
466,0.668,1,0,16,15,10.0,6.68,12.5,12.5,12.5,62.5
467,0.788,1,0,21,20,10.0,7.88,33.33333333333333,14.285714285714285,42.857142857142854,9.523809523809524
468,0.576,1,0,23,22,10.0,5.76,60.86956521739131,8.695652173913043,30.434782608695656,0.0
469,0.378,1,0,11,10,10.0,3.78,0.0,54.54545454545454,0.0,45.45454545454545
470,0.728,1,0,18,17,10.0,7.28,0.0,16.666666666666664,61.111111111111114,22.22222222222222
471,0.425,1,0,13,12,10.0,4.25,0.0,84.61538461538461,15.384615384615385,0.0
472,0.73,1,0,16,15,10.0,7.3,31.25,12.5,50.0,6.25
473,0.713,1,0,12,11,10.0,7.13,8.333333333333332,25.0,41.66666666666667,25.0
474,0.601,1,0,20,19,10.0,6.01,50.0,30.0,20.0,0.0
475,0.684,1,0,17,16,10.0,6.84,35.294117647058826,52.94117647058824,11.76470588235294,0.0
476,0.6,1,0,13,12,10.0,6.0,7.6923076923076925,69.23076923076923,23.076923076923077,0.0
477,0.772,1,0,22,21,10.0,7.72,0.0,18.181818181818183,50.0,31.818181818181817
478,0.336,1,0,11,10,10.0,3.36,0.0,63.63636363636363,0.0,36.36363636363637
479,0.446,1,0,17,16,10.0,4.46,5.88235294117647,52.94117647058824,41.17647058823529,0.0
480,0.356,1,0,18,17,10.0,3.56,33.33333333333333,38.88888888888889,27.77777777777778,0.0
481,0.44,1,0,12,11,9.0,4.4,0.0,91.66666666666666,8.333333333333332,0.0
482,0.524,1,0,14,13,10.0,5.24,7.142857142857142,42.857142857142854,14.285714285714285,35.714285714285715
483,0.572,1,0,14,13,9.0,5.72,7.142857142857142,57.14285714285714,28.57142857142857,7.142857142857142
484,0.568,1,0,20,19,10.0,5.68,5.0,15.0,35.0,45.0
485,0.68,1,0,14,13,10.0,6.8,21.428571428571427,21.428571428571427,42.857142857142854,14.285714285714285
486,0.513,1,0,11,10,10.0,5.13,9.090909090909092,36.36363636363637,27.27272727272727,27.27272727272727
487,0.62,1,0,18,17,10.0,6.2,33.33333333333333,33.33333333333333,22.22222222222222,11.11111111111111
488,0.484,1,0,14,13,10.0,4.84,42.857142857142854,7.142857142857142,42.857142857142854,7.142857142857142
489,0.528,1,0,14,13,10.0,5.28,42.857142857142854,21.428571428571427,28.57142857142857,7.142857142857142
490,0.4,1,0,12,11,10.0,4.0,8.333333333333332,16.666666666666664,16.666666666666664,58.333333333333336
491,0.54,1,0,14,13,10.0,5.4,0.0,21.428571428571427,7.142857142857142,71.42857142857143
492,0.772,1,0,20,19,10.0,7.72,10.0,55.00000000000001,25.0,10.0
493,0.542,1,0,12,11,9.0,5.42,58.333333333333336,33.33333333333333,8.333333333333332,0.0
494,0.426,1,0,19,18,10.0,4.26,26.31578947368421,42.10526315789473,5.263157894736842,26.31578947368421
495,0.534,1,0,15,14,9.0,5.34,26.666666666666668,33.33333333333333,26.666666666666668,13.333333333333334
496,0.517,1,0,15,14,10.0,5.17,13.333333333333334,60.0,13.333333333333334,13.333333333333334
497,0.764,1,0,16,15,10.0,7.64,25.0,18.75,50.0,6.25
498,0.54,1,0,13,12,9.0,5.4,23.076923076923077,38.46153846153847,7.6923076923076925,30.76923076923077
499,0.496,1,0,20,19,10.0,4.96,25.0,25.0,50.0,0.0
500,0.64,1,0,12,11,10.0,6.4,33.33333333333333,16.666666666666664,41.66666666666667,8.333333333333332
501,0.478,1,0,11,10,9.0,4.78,54.54545454545454,18.181818181818183,27.27272727272727,0.0
502,0.636,1,0,17,16,10.0,6.36,41.17647058823529,35.294117647058826,11.76470588235294,11.76470588235294
503,0.727,1,0,23,22,10.0,7.27,13.043478260869565,8.695652173913043,73.91304347826086,4.3478260869565215
504,0.388,1,0,13,12,10.0,3.88,38.46153846153847,38.46153846153847,23.076923076923077,0.0
505,0.64,1,0,19,18,10.0,6.4,5.263157894736842,89.47368421052632,5.263157894736842,0.0
506,0.548,1,0,14,13,10.0,5.48,14.285714285714285,42.857142857142854,35.714285714285715,7.142857142857142
507,0.456,1,0,11,10,10.0,4.56,36.36363636363637,45.45454545454545,9.090909090909092,9.090909090909092
508,0.576,1,0,17,16,9.0,5.76,17.647058823529413,23.52941176470588,52.94117647058824,5.88235294117647
509,0.516,1,0,17,16,10.0,5.16,35.294117647058826,17.647058823529413,35.294117647058826,11.76470588235294
510,0.555,1,0,11,10,10.0,5.55,9.090909090909092,63.63636363636363,9.090909090909092,18.181818181818183
511,0.558,1,0,15,14,10.0,5.58,26.666666666666668,13.333333333333334,33.33333333333333,26.666666666666668
512,0.63,1,0,18,17,10.0,6.3,11.11111111111111,11.11111111111111,50.0,27.77777777777778
513,0.681,1,0,19,18,10.0,6.81,0.0,21.052631578947366,5.263157894736842,73.68421052631578
514,0.57,1,0,23,22,10.0,5.7,26.08695652173913,21.73913043478261,34.78260869565217,17.391304347826086
515,0.63,1,0,15,14,10.0,6.3,6.666666666666667,33.33333333333333,53.333333333333336,6.666666666666667
516,0.648,1,0,19,18,10.0,6.48,0.0,21.052631578947366,10.526315789473683,68.42105263157895
517,0.484,1,0,16,15,10.0,4.84,37.5,18.75,43.75,0.0
518,0.614,1,0,15,14,10.0,6.14,6.666666666666667,46.666666666666664,33.33333333333333,13.333333333333334
519,0.5,1,0,13,12,10.0,5.0,15.384615384615385,23.076923076923077,46.15384615384615,15.384615384615385
520,0.78,1,0,14,13,10.0,7.8,7.142857142857142,21.428571428571427,7.142857142857142,64.28571428571429
521,0.388,1,0,11,10,10.0,3.88,18.181818181818183,36.36363636363637,18.181818181818183,27.27272727272727
522,0.551,1,0,22,21,10.0,5.51,22.727272727272727,13.636363636363635,63.63636363636363,0.0
523,0.39,1,0,14,13,9.0,3.9,0.0,35.714285714285715,0.0,64.28571428571429
524,0.473,1,0,16,15,10.0,4.73,56.25,12.5,31.25,0.0
525,0.63,1,0,14,13,10.0,6.3,21.428571428571427,14.285714285714285,57.14285714285714,7.142857142857142
526,0.5,1,0,10,9,10.0,5.0,30.0,30.0,10.0,30.0
527,0.584,1,0,19,18,10.0,5.84,31.57894736842105,31.57894736842105,36.84210526315789,0.0
528,0.508,1,0,15,14,10.0,5.08,60.0,40.0,0.0,0.0
529,0.528,1,0,19,18,10.0,5.28,52.63157894736842,21.052631578947366,26.31578947368421,0.0
530,0.6,1,0,20,19,10.0,6.0,50.0,15.0,20.0,15.0
531,0.689,1,0,22,21,10.0,6.89,36.36363636363637,9.090909090909092,40.909090909090914,13.636363636363635
532,0.704,1,0,19,18,10.0,7.04,21.052631578947366,21.052631578947366,21.052631578947366,36.84210526315789
533,0.624,1,0,18,17,10.0,6.24,5.555555555555555,22.22222222222222,27.77777777777778,44.44444444444444
534,0.578,1,0,15,14,10.0,5.78,53.333333333333336,33.33333333333333,0.0,13.333333333333334
535,0.6,1,0,13,12,10.0,6.0,15.384615384615385,15.384615384615385,53.84615384615385,15.384615384615385
536,0.41,1,0,8,7,10.0,4.1,37.5,25.0,12.5,25.0
537,0.468,1,0,15,14,10.0,4.68,33.33333333333333,20.0,46.666666666666664,0.0
538,0.52,1,0,17,16,10.0,5.2,35.294117647058826,41.17647058823529,5.88235294117647,17.647058823529413
539,0.5,1,0,14,13,10.0,5.0,21.428571428571427,57.14285714285714,14.285714285714285,7.142857142857142
540,0.645,1,0,13,12,10.0,6.45,23.076923076923077,15.384615384615385,53.84615384615385,7.6923076923076925
541,0.704,1,0,25,24,10.0,7.04,8.0,16.0,72.0,4.0
542,0.595,1,0,12,11,10.0,5.95,25.0,8.333333333333332,41.66666666666667,25.0
543,0.632,1,0,23,22,10.0,6.32,39.130434782608695,26.08695652173913,34.78260869565217,0.0
544,0.66,1,0,26,25,10.0,6.6,11.538461538461538,23.076923076923077,19.230769230769234,46.15384615384615
545,0.644,1,0,20,19,10.0,6.44,10.0,15.0,10.0,65.0
546,0.345,1,0,10,9,10.0,3.45,0.0,40.0,30.0,30.0
547,0.555,1,0,10,9,10.0,5.55,20.0,40.0,10.0,30.0
548,0.623,1,0,14,13,10.0,6.23,28.57142857142857,28.57142857142857,0.0,42.857142857142854
549,0.622,1,0,16,15,10.0,6.22,6.25,25.0,25.0,43.75
550,0.762,1,0,29,28,10.0,7.62,37.93103448275862,27.586206896551722,34.48275862068966,0.0
551,0.515,1,0,16,15,10.0,5.15,43.75,12.5,31.25,12.5
552,0.5,1,0,16,15,10.0,5.0,6.25,68.75,12.5,12.5
553,0.719,1,0,17,16,10.0,7.19,5.88235294117647,41.17647058823529,35.294117647058826,17.647058823529413
554,0.434,1,0,11,10,10.0,4.34,9.090909090909092,27.27272727272727,9.090909090909092,54.54545454545454
555,0.5,1,0,10,9,10.0,5.0,20.0,50.0,0.0,30.0
556,0.525,1,0,9,8,10.0,5.25,44.44444444444444,44.44444444444444,0.0,11.11111111111111
557,0.47,1,0,16,15,10.0,4.7,18.75,18.75,56.25,6.25
558,0.784,1,0,20,19,10.0,7.84,25.0,30.0,20.0,25.0
559,0.374,1,0,14,13,10.0,3.74,14.285714285714285,71.42857142857143,7.142857142857142,7.142857142857142
560,0.596,1,0,18,17,10.0,5.96,38.88888888888889,22.22222222222222,38.88888888888889,0.0
561,0.684,1,0,14,13,10.0,6.84,14.285714285714285,50.0,28.57142857142857,7.142857142857142
562,0.564,1,0,18,17,10.0,5.64,44.44444444444444,27.77777777777778,5.555555555555555,22.22222222222222
563,0.675,1,0,22,21,10.0,6.75,54.54545454545454,22.727272727272727,13.636363636363635,9.090909090909092
564,0.55,1,0,19,18,10.0,5.5,26.31578947368421,26.31578947368421,42.10526315789473,5.263157894736842
565,0.596,1,0,19,18,10.0,5.96,36.84210526315789,21.052631578947366,36.84210526315789,5.263157894736842
566,0.7,1,0,17,16,10.0,7.0,11.76470588235294,23.52941176470588,5.88235294117647,58.82352941176471
567,0.485,1,0,13,12,10.0,4.85,38.46153846153847,30.76923076923077,0.0,30.76923076923077
568,0.616,1,0,19,18,10.0,6.16,0.0,15.789473684210526,26.31578947368421,57.89473684210527
569,0.6,1,0,14,13,10.0,6.0,64.28571428571429,14.285714285714285,7.142857142857142,14.285714285714285
570,0.55,1,0,16,15,10.0,5.5,18.75,75.0,6.25,0.0
571,0.621,1,0,19,18,10.0,6.21,15.789473684210526,21.052631578947366,26.31578947368421,36.84210526315789
572,0.678,1,0,21,20,10.0,6.78,42.857142857142854,14.285714285714285,42.857142857142854,0.0
573,0.657,1,0,20,19,10.0,6.57,10.0,35.0,45.0,10.0
574,0.628,1,0,21,20,10.0,6.28,4.761904761904762,19.047619047619047,42.857142857142854,33.33333333333333
575,0.613,1,0,14,13,10.0,6.13,0.0,14.285714285714285,42.857142857142854,42.857142857142854
576,0.264,1,0,7,6,10.0,2.64,0.0,42.857142857142854,14.285714285714285,42.857142857142854
577,0.602,1,0,18,17,10.0,6.02,38.88888888888889,22.22222222222222,33.33333333333333,5.555555555555555
578,0.72,1,0,20,19,10.0,7.2,0.0,10.0,45.0,45.0
579,0.457,1,0,17,16,10.0,4.57,11.76470588235294,47.05882352941176,5.88235294117647,35.294117647058826
580,0.503,1,0,15,14,10.0,5.03,0.0,26.666666666666668,0.0,73.33333333333333
581,0.74,1,0,18,17,10.0,7.4,11.11111111111111,50.0,38.88888888888889,0.0
582,0.485,1,0,10,9,10.0,4.85,30.0,20.0,50.0,0.0
583,0.641,1,0,17,16,10.0,6.41,17.647058823529413,52.94117647058824,23.52941176470588,5.88235294117647
584,0.584,1,0,20,19,10.0,5.84,45.0,15.0,20.0,20.0
585,0.41,1,0,9,8,10.0,4.1,33.33333333333333,33.33333333333333,33.33333333333333,0.0
586,0.556,1,0,15,14,10.0,5.56,26.666666666666668,20.0,53.333333333333336,0.0
587,0.728,1,0,23,22,10.0,7.28,8.695652173913043,30.434782608695656,4.3478260869565215,56.52173913043478
588,0.665,1,0,9,8,10.0,6.65,44.44444444444444,44.44444444444444,11.11111111111111,0.0
589,0.59,1,0,16,15,10.0,5.9,0.0,25.0,31.25,43.75
590,0.614,1,0,15,14,10.0,6.14,40.0,26.666666666666668,13.333333333333334,20.0
591,0.428,1,0,14,13,10.0,4.28,28.57142857142857,71.42857142857143,0.0,0.0
592,0.41,1,0,13,12,10.0,4.1,7.6923076923076925,46.15384615384615,30.76923076923077,15.384615384615385
593,0.464,1,0,20,19,10.0,4.64,35.0,15.0,50.0,0.0
594,0.528,1,0,18,17,10.0,5.28,5.555555555555555,77.77777777777779,0.0,16.666666666666664
595,0.952,1,0,17,16,10.0,9.52,64.70588235294117,17.647058823529413,17.647058823529413,0.0
596,0.607,1,0,15,14,10.0,6.07,20.0,33.33333333333333,26.666666666666668,20.0
597,0.744,1,0,20,19,10.0,7.44,35.0,35.0,20.0,10.0
598,0.71,1,0,14,13,10.0,7.1,35.714285714285715,28.57142857142857,28.57142857142857,7.142857142857142
599,0.88,1,0,16,15,10.0,8.8,18.75,12.5,62.5,6.25
600,0.714,1,0,25,24,10.0,7.14,28.000000000000004,20.0,28.000000000000004,24.0
601,0.444,1,0,15,14,10.0,4.44,6.666666666666667,20.0,26.666666666666668,46.666666666666664
602,0.769,1,0,23,22,10.0,7.69,13.043478260869565,34.78260869565217,34.78260869565217,17.391304347826086
603,0.665,1,0,17,16,10.0,6.65,35.294117647058826,11.76470588235294,17.647058823529413,35.294117647058826
604,0.716,1,0,27,26,10.0,7.16,3.7037037037037033,18.51851851851852,70.37037037037037,7.4074074074074066
605,0.56,1,0,18,17,10.0,5.6,16.666666666666664,55.55555555555556,0.0,27.77777777777778
606,0.505,1,0,16,15,10.0,5.05,6.25,37.5,6.25,50.0
607,0.76,1,0,18,17,10.0,7.6,33.33333333333333,16.666666666666664,27.77777777777778,22.22222222222222
608,0.37,1,0,10,9,10.0,3.7,40.0,50.0,10.0,0.0
609,0.427,1,0,10,9,10.0,4.27,40.0,40.0,0.0,20.0
610,0.364,1,0,19,18,10.0,3.64,26.31578947368421,47.368421052631575,26.31578947368421,0.0
611,0.56,1,0,15,14,10.0,5.6,0.0,80.0,13.333333333333334,6.666666666666667
612,0.592,1,0,24,23,10.0,5.92,8.333333333333332,12.5,58.333333333333336,20.833333333333336
613,0.51,1,0,15,14,10.0,5.1,20.0,20.0,20.0,40.0
614,0.514,1,0,16,15,10.0,5.14,12.5,56.25,0.0,31.25
615,0.57,1,0,14,13,10.0,5.7,14.285714285714285,42.857142857142854,14.285714285714285,28.57142857142857
616,0.64,1,0,14,13,10.0,6.4,7.142857142857142,21.428571428571427,28.57142857142857,42.857142857142854
617,0.7,1,0,12,11,10.0,7.0,41.66666666666667,25.0,33.33333333333333,0.0
618,0.285,1,0,7,6,10.0,2.85,28.57142857142857,28.57142857142857,42.857142857142854,0.0
619,0.875,1,0,12,11,10.0,8.75,33.33333333333333,25.0,33.33333333333333,8.333333333333332
620,0.615,1,0,13,12,10.0,6.15,38.46153846153847,53.84615384615385,0.0,7.6923076923076925
621,0.63,1,0,11,10,10.0,6.3,27.27272727272727,36.36363636363637,27.27272727272727,9.090909090909092
622,0.55,1,0,15,14,10.0,5.5,33.33333333333333,13.333333333333334,46.666666666666664,6.666666666666667
623,0.64,1,0,19,18,10.0,6.4,31.57894736842105,15.789473684210526,5.263157894736842,47.368421052631575
624,0.79,1,0,15,14,10.0,7.9,13.333333333333334,13.333333333333334,26.666666666666668,46.666666666666664
625,0.684,1,0,19,18,10.0,6.84,15.789473684210526,5.263157894736842,57.89473684210527,21.052631578947366
626,0.768,1,0,25,24,10.0,7.68,8.0,20.0,28.000000000000004,44.0
627,0.555,1,0,17,16,10.0,5.55,11.76470588235294,23.52941176470588,35.294117647058826,29.411764705882355
628,0.57,1,0,20,19,10.0,5.7,0.0,25.0,0.0,75.0
629,0.592,1,0,17,16,10.0,5.92,29.411764705882355,64.70588235294117,0.0,5.88235294117647
630,0.648,1,0,18,17,10.0,6.48,33.33333333333333,44.44444444444444,0.0,22.22222222222222
631,0.634,1,0,19,18,10.0,6.34,57.89473684210527,15.789473684210526,21.052631578947366,5.263157894736842
632,0.582,1,0,15,14,10.0,5.82,73.33333333333333,20.0,0.0,6.666666666666667
633,0.589,1,0,17,16,10.0,5.89,0.0,11.76470588235294,35.294117647058826,52.94117647058824
634,0.476,1,0,15,14,10.0,4.76,26.666666666666668,20.0,13.333333333333334,40.0
635,0.664,1,0,21,20,10.0,6.64,38.095238095238095,14.285714285714285,42.857142857142854,4.761904761904762
636,0.7,1,0,18,17,10.0,7.0,33.33333333333333,16.666666666666664,44.44444444444444,5.555555555555555
637,0.76,1,0,18,17,10.0,7.6,11.11111111111111,11.11111111111111,66.66666666666666,11.11111111111111
638,0.485,1,0,13,12,10.0,4.85,23.076923076923077,38.46153846153847,7.6923076923076925,30.76923076923077
639,0.6,1,0,17,16,10.0,6.0,5.88235294117647,29.411764705882355,17.647058823529413,47.05882352941176
640,0.624,1,0,19,18,10.0,6.24,31.57894736842105,26.31578947368421,10.526315789473683,31.57894736842105
641,0.475,1,0,13,12,10.0,4.75,0.0,46.15384615384615,30.76923076923077,23.076923076923077
642,0.7,1,0,27,26,10.0,7.0,22.22222222222222,14.814814814814813,51.85185185185185,11.11111111111111
643,0.612,1,0,24,23,10.0,6.12,62.5,16.666666666666664,20.833333333333336,0.0
644,0.785,1,0,21,20,10.0,7.85,9.523809523809524,14.285714285714285,76.19047619047619,0.0
645,0.614,1,0,18,17,10.0,6.14,55.55555555555556,33.33333333333333,11.11111111111111,0.0
646,0.644,1,0,22,21,10.0,6.44,22.727272727272727,22.727272727272727,40.909090909090914,13.636363636363635
647,0.63,1,0,17,16,10.0,6.3,11.76470588235294,17.647058823529413,52.94117647058824,17.647058823529413
648,0.574,1,0,20,19,10.0,5.74,50.0,25.0,20.0,5.0
649,0.645,1,0,15,14,10.0,6.45,20.0,13.333333333333334,53.333333333333336,13.333333333333334
650,0.436,1,0,12,11,10.0,4.36,0.0,58.333333333333336,8.333333333333332,33.33333333333333
651,0.616,1,0,19,18,10.0,6.16,0.0,26.31578947368421,0.0,73.68421052631578
652,0.724,1,0,20,19,10.0,7.24,0.0,40.0,60.0,0.0
653,0.488,1,0,19,18,10.0,4.88,36.84210526315789,21.052631578947366,36.84210526315789,5.263157894736842
654,0.504,1,0,15,14,10.0,5.04,26.666666666666668,40.0,20.0,13.333333333333334
655,0.68,1,0,18,17,10.0,6.8,27.77777777777778,16.666666666666664,38.88888888888889,16.666666666666664
656,0.656,1,0,16,15,10.0,6.56,18.75,18.75,62.5,0.0
657,0.598,1,0,18,17,10.0,5.98,61.111111111111114,11.11111111111111,27.77777777777778,0.0
658,0.692,1,0,15,14,10.0,6.92,66.66666666666666,20.0,6.666666666666667,6.666666666666667
659,0.448,1,0,14,13,10.0,4.48,21.428571428571427,35.714285714285715,7.142857142857142,35.714285714285715
660,0.479,1,0,15,14,10.0,4.79,40.0,20.0,33.33333333333333,6.666666666666667
661,0.492,1,0,15,14,10.0,4.92,33.33333333333333,20.0,20.0,26.666666666666668
662,0.456,1,0,17,16,10.0,4.56,5.88235294117647,17.647058823529413,11.76470588235294,64.70588235294117
663,0.518,1,0,13,12,10.0,5.18,46.15384615384615,30.76923076923077,23.076923076923077,0.0
664,0.528,1,0,18,17,10.0,5.28,11.11111111111111,16.666666666666664,33.33333333333333,38.88888888888889
665,0.55,1,0,14,13,10.0,5.5,7.142857142857142,21.428571428571427,71.42857142857143,0.0
666,0.51,1,0,13,12,10.0,5.1,23.076923076923077,23.076923076923077,30.76923076923077,23.076923076923077
667,0.76,1,0,19,18,10.0,7.6,21.052631578947366,52.63157894736842,15.789473684210526,10.526315789473683
668,0.408,1,0,19,18,10.0,4.08,36.84210526315789,31.57894736842105,5.263157894736842,26.31578947368421
669,0.9,1,0,14,13,10.0,9.0,28.57142857142857,21.428571428571427,21.428571428571427,28.57142857142857
670,0.472,1,0,11,10,10.0,4.72,27.27272727272727,18.181818181818183,36.36363636363637,18.181818181818183
671,0.84,1,0,14,13,10.0,8.4,21.428571428571427,21.428571428571427,50.0,7.142857142857142
672,0.575,1,0,14,13,10.0,5.75,21.428571428571427,28.57142857142857,35.714285714285715,14.285714285714285
673,0.62,1,0,12,11,10.0,6.2,33.33333333333333,33.33333333333333,8.333333333333332,25.0
674,0.602,1,0,25,24,10.0,6.02,20.0,12.0,64.0,4.0
675,0.76,1,0,24,23,10.0,7.6,33.33333333333333,33.33333333333333,29.166666666666668,4.166666666666666
676,0.612,1,0,20,19,10.0,6.12,20.0,15.0,65.0,0.0
677,0.443,1,0,13,12,10.0,4.43,23.076923076923077,46.15384615384615,15.384615384615385,15.384615384615385
678,0.438,1,0,15,14,10.0,4.38,20.0,33.33333333333333,46.666666666666664,0.0
679,0.676,1,0,25,24,10.0,6.76,32.0,20.0,24.0,24.0
680,0.717,1,0,19,18,10.0,7.17,15.789473684210526,26.31578947368421,57.89473684210527,0.0
681,0.798,1,0,23,22,10.0,7.98,47.82608695652174,17.391304347826086,30.434782608695656,4.3478260869565215
682,0.628,1,0,19,18,10.0,6.28,5.263157894736842,10.526315789473683,26.31578947368421,57.89473684210527
683,0.624,1,0,19,18,10.0,6.24,5.263157894736842,15.789473684210526,15.789473684210526,63.1578947368421
684,0.536,1,0,24,23,10.0,5.36,41.66666666666667,16.666666666666664,0.0,41.66666666666667
685,0.45,1,0,9,8,10.0,4.5,11.11111111111111,33.33333333333333,55.55555555555556,0.0
686,0.632,1,0,20,19,10.0,6.32,35.0,10.0,25.0,30.0
687,0.504,1,0,17,16,10.0,5.04,23.52941176470588,29.411764705882355,41.17647058823529,5.88235294117647
688,0.728,1,0,24,23,10.0,7.28,29.166666666666668,29.166666666666668,41.66666666666667,0.0
689,0.575,1,0,12,11,10.0,5.75,0.0,16.666666666666664,0.0,83.33333333333334
690,0.656,1,0,24,23,10.0,6.56,4.166666666666666,62.5,33.33333333333333,0.0
691,0.476,1,0,11,10,10.0,4.76,36.36363636363637,18.181818181818183,18.181818181818183,27.27272727272727
692,0.603,1,0,17,16,10.0,6.03,41.17647058823529,11.76470588235294,35.294117647058826,11.76470588235294
693,0.706,1,0,22,21,10.0,7.06,22.727272727272727,18.181818181818183,59.09090909090909,0.0
694,0.731,1,0,14,13,10.0,7.31,0.0,14.285714285714285,42.857142857142854,42.857142857142854
695,0.472,1,0,17,16,10.0,4.72,11.76470588235294,17.647058823529413,52.94117647058824,17.647058823529413
696,0.525,1,0,11,10,10.0,5.25,9.090909090909092,27.27272727272727,45.45454545454545,18.181818181818183
697,0.45,1,0,16,15,10.0,4.5,0.0,31.25,25.0,43.75
698,0.684,1,0,31,30,10.0,6.84,6.451612903225806,16.129032258064516,74.19354838709677,3.225806451612903
699,0.54,1,0,19,18,10.0,5.4,68.42105263157895,21.052631578947366,0.0,10.526315789473683
700,0.55,1,0,11,10,10.0,5.5,18.181818181818183,54.54545454545454,0.0,27.27272727272727
701,0.704,1,0,20,19,10.0,7.04,40.0,15.0,0.0,45.0
702,0.606,1,0,15,14,10.0,6.06,13.333333333333334,26.666666666666668,46.666666666666664,13.333333333333334
703,0.66,1,0,19,18,10.0,6.6,0.0,42.10526315789473,36.84210526315789,21.052631578947366
704,0.72,1,0,20,19,10.0,7.2,20.0,15.0,65.0,0.0
705,0.556,1,0,17,16,10.0,5.56,17.647058823529413,17.647058823529413,64.70588235294117,0.0
706,0.62,1,0,21,20,10.0,6.2,23.809523809523807,23.809523809523807,47.61904761904761,4.761904761904762
707,0.76,1,0,19,18,10.0,7.6,15.789473684210526,31.57894736842105,10.526315789473683,42.10526315789473
708,0.7,1,0,28,27,10.0,7.0,21.428571428571427,17.857142857142858,39.285714285714285,21.428571428571427
709,0.724,1,0,19,18,10.0,7.24,21.052631578947366,10.526315789473683,68.42105263157895,0.0
710,0.65,1,0,14,13,10.0,6.5,21.428571428571427,14.285714285714285,50.0,14.285714285714285
711,0.63,1,0,20,19,10.0,6.3,20.0,5.0,70.0,5.0
712,0.596,1,0,18,17,10.0,5.96,16.666666666666664,27.77777777777778,16.666666666666664,38.88888888888889
713,0.785,1,0,16,15,10.0,7.85,18.75,12.5,68.75,0.0
714,0.611,1,0,17,16,10.0,6.11,17.647058823529413,11.76470588235294,64.70588235294117,5.88235294117647
715,0.76,1,0,28,27,10.0,7.6,39.285714285714285,21.428571428571427,39.285714285714285,0.0
716,0.615,1,0,13,12,10.0,6.15,23.076923076923077,23.076923076923077,46.15384615384615,7.6923076923076925
717,0.44,1,0,17,16,10.0,4.4,0.0,17.647058823529413,64.70588235294117,17.647058823529413
718,0.62,1,0,19,18,10.0,6.2,0.0,42.10526315789473,26.31578947368421,31.57894736842105
719,0.636,1,0,19,18,10.0,6.36,26.31578947368421,10.526315789473683,63.1578947368421,0.0
720,0.645,1,0,13,12,10.0,6.45,38.46153846153847,23.076923076923077,23.076923076923077,15.384615384615385
721,0.785,1,0,13,12,10.0,7.85,23.076923076923077,15.384615384615385,61.53846153846154,0.0
722,0.552,1,0,23,22,10.0,5.52,30.434782608695656,21.73913043478261,47.82608695652174,0.0
723,0.68,1,0,12,11,10.0,6.8,50.0,16.666666666666664,25.0,8.333333333333332
724,0.773,1,0,18,17,10.0,7.73,5.555555555555555,11.11111111111111,33.33333333333333,50.0
725,0.486,1,0,14,13,10.0,4.86,0.0,21.428571428571427,14.285714285714285,64.28571428571429
726,0.476,1,0,14,13,10.0,4.76,0.0,35.714285714285715,14.285714285714285,50.0
727,0.527,1,0,11,10,10.0,5.27,63.63636363636363,27.27272727272727,0.0,9.090909090909092
728,0.661,1,0,20,19,10.0,6.61,10.0,45.0,5.0,40.0
729,0.536,1,0,18,17,10.0,5.36,22.22222222222222,33.33333333333333,33.33333333333333,11.11111111111111
730,0.644,1,0,19,18,10.0,6.44,15.789473684210526,31.57894736842105,52.63157894736842,0.0
731,0.72,1,0,25,24,10.0,7.2,12.0,20.0,64.0,4.0
732,0.6,1,0,25,24,10.0,6.0,12.0,16.0,68.0,4.0
733,0.645,1,0,18,17,10.0,6.45,0.0,22.22222222222222,16.666666666666664,61.111111111111114
734,0.748,1,0,22,21,10.0,7.48,9.090909090909092,36.36363636363637,50.0,4.545454545454546
735,0.67,1,0,19,18,10.0,6.7,0.0,10.526315789473683,78.94736842105263,10.526315789473683
736,0.744,1,0,30,29,10.0,7.44,6.666666666666667,23.333333333333332,16.666666666666664,53.333333333333336
737,0.428,1,0,14,13,9.0,4.28,14.285714285714285,21.428571428571427,0.0,64.28571428571429
738,0.647,1,0,18,17,10.0,6.47,5.555555555555555,50.0,44.44444444444444,0.0
739,0.635,1,0,13,12,9.0,6.35,7.6923076923076925,15.384615384615385,46.15384615384615,30.76923076923077
740,0.564,1,0,17,16,10.0,5.64,17.647058823529413,11.76470588235294,64.70588235294117,5.88235294117647
741,0.614,1,0,15,14,10.0,6.14,0.0,20.0,53.333333333333336,26.666666666666668
742,0.477,1,0,12,11,10.0,4.77,33.33333333333333,16.666666666666664,41.66666666666667,8.333333333333332
743,0.43,1,0,17,16,10.0,4.3,29.411764705882355,29.411764705882355,35.294117647058826,5.88235294117647
744,0.468,1,0,12,11,10.0,4.68,8.333333333333332,33.33333333333333,8.333333333333332,50.0
745,0.637,1,0,17,16,10.0,6.37,29.411764705882355,17.647058823529413,52.94117647058824,0.0
746,0.48,1,0,12,11,10.0,4.8,8.333333333333332,33.33333333333333,0.0,58.333333333333336
747,0.55,1,0,14,13,10.0,5.5,14.285714285714285,35.714285714285715,21.428571428571427,28.57142857142857
748,0.684,1,0,27,26,10.0,6.84,40.74074074074074,33.33333333333333,22.22222222222222,3.7037037037037033
749,0.604,1,0,22,21,10.0,6.04,31.818181818181817,9.090909090909092,50.0,9.090909090909092
750,0.54,1,0,11,10,10.0,5.4,27.27272727272727,27.27272727272727,27.27272727272727,18.181818181818183
751,0.466,1,0,16,15,10.0,4.66,37.5,25.0,37.5,0.0
752,0.5,1,0,10,9,10.0,5.0,20.0,30.0,40.0,10.0
753,0.735,1,0,13,12,10.0,7.35,7.6923076923076925,15.384615384615385,53.84615384615385,23.076923076923077
754,0.7,1,0,16,15,10.0,7.0,0.0,12.5,68.75,18.75
755,0.66,1,0,23,22,10.0,6.6,0.0,17.391304347826086,78.26086956521739,4.3478260869565215
756,0.76,1,0,13,12,10.0,7.6,38.46153846153847,15.384615384615385,38.46153846153847,7.6923076923076925
757,0.724,1,0,19,18,10.0,7.24,36.84210526315789,10.526315789473683,52.63157894736842,0.0
758,0.5,1,0,10,9,10.0,5.0,30.0,10.0,60.0,0.0
759,0.562,1,0,26,25,10.0,5.62,11.538461538461538,50.0,38.46153846153847,0.0
760,0.58,1,0,15,14,10.0,5.8,33.33333333333333,33.33333333333333,33.33333333333333,0.0
761,0.518,1,0,15,14,10.0,5.18,6.666666666666667,20.0,73.33333333333333,0.0
762,0.57,1,0,19,18,10.0,5.7,15.789473684210526,26.31578947368421,47.368421052631575,10.526315789473683
763,0.736,1,0,27,26,10.0,7.36,14.814814814814813,18.51851851851852,40.74074074074074,25.925925925925924
764,0.571,1,0,15,14,10.0,5.71,6.666666666666667,33.33333333333333,6.666666666666667,53.333333333333336
765,0.55,1,0,16,15,10.0,5.5,18.75,37.5,43.75,0.0
766,0.76,1,0,19,18,10.0,7.6,15.789473684210526,10.526315789473683,73.68421052631578,0.0
767,0.384,1,0,11,10,10.0,3.84,9.090909090909092,27.27272727272727,0.0,63.63636363636363
768,0.4,1,0,13,12,10.0,4.0,38.46153846153847,53.84615384615385,7.6923076923076925,0.0
769,0.69,1,0,14,13,10.0,6.9,28.57142857142857,14.285714285714285,57.14285714285714,0.0
770,0.568,1,0,13,12,10.0,5.68,7.6923076923076925,38.46153846153847,23.076923076923077,30.76923076923077
771,0.42,1,0,12,11,10.0,4.2,0.0,41.66666666666667,8.333333333333332,50.0
772,0.62,1,0,13,12,10.0,6.2,7.6923076923076925,15.384615384615385,46.15384615384615,30.76923076923077
773,0.7,1,0,16,15,10.0,7.0,12.5,43.75,37.5,6.25
774,0.528,1,0,14,13,10.0,5.28,7.142857142857142,64.28571428571429,21.428571428571427,7.142857142857142
775,0.606,1,0,14,13,10.0,6.06,14.285714285714285,57.14285714285714,14.285714285714285,14.285714285714285
776,0.358,1,0,12,11,10.0,3.58,8.333333333333332,91.66666666666666,0.0,0.0
777,0.576,1,0,20,19,10.0,5.76,55.00000000000001,25.0,20.0,0.0
778,0.7,1,0,23,22,10.0,7.0,0.0,13.043478260869565,52.17391304347826,34.78260869565217
779,0.59,1,0,18,17,10.0,5.9,16.666666666666664,27.77777777777778,55.55555555555556,0.0
780,0.759,1,0,21,20,10.0,7.59,19.047619047619047,33.33333333333333,42.857142857142854,4.761904761904762
781,0.515,1,0,16,15,10.0,5.15,6.25,43.75,50.0,0.0
782,0.616,1,0,17,16,10.0,6.16,5.88235294117647,17.647058823529413,58.82352941176471,17.647058823529413
783,0.508,1,0,16,15,10.0,5.08,12.5,18.75,68.75,0.0
784,0.302,1,0,8,7,10.0,3.02,25.0,62.5,0.0,12.5
785,0.371,1,0,10,9,10.0,3.71,10.0,50.0,40.0,0.0
786,0.7,1,0,21,20,10.0,7.0,14.285714285714285,23.809523809523807,52.38095238095239,9.523809523809524
787,0.519,1,0,12,11,10.0,5.19,8.333333333333332,66.66666666666666,25.0,0.0
788,0.586,1,0,18,17,10.0,5.86,22.22222222222222,16.666666666666664,27.77777777777778,33.33333333333333
789,0.69,1,0,20,19,10.0,6.9,25.0,35.0,40.0,0.0
790,0.55,1,0,18,17,10.0,5.5,11.11111111111111,33.33333333333333,22.22222222222222,33.33333333333333
791,0.56,1,0,9,8,10.0,5.6,22.22222222222222,44.44444444444444,11.11111111111111,22.22222222222222
792,0.423,1,0,14,13,10.0,4.23,35.714285714285715,14.285714285714285,50.0,0.0
793,0.628,1,0,21,20,10.0,6.28,4.761904761904762,19.047619047619047,71.42857142857143,4.761904761904762
794,0.682,1,0,24,23,10.0,6.82,12.5,16.666666666666664,12.5,58.333333333333336
795,0.596,1,0,18,17,10.0,5.96,38.88888888888889,16.666666666666664,22.22222222222222,22.22222222222222
796,0.568,1,0,19,18,10.0,5.68,31.57894736842105,15.789473684210526,15.789473684210526,36.84210526315789
797,0.592,1,0,20,19,10.0,5.92,15.0,20.0,45.0,20.0
798,0.388,1,0,12,11,10.0,3.88,25.0,33.33333333333333,41.66666666666667,0.0
799,0.552,1,0,16,15,10.0,5.52,37.5,50.0,12.5,0.0
800,0.512,1,0,17,16,10.0,5.12,17.647058823529413,41.17647058823529,17.647058823529413,23.52941176470588
801,0.58,1,0,12,11,10.0,5.8,8.333333333333332,16.666666666666664,58.333333333333336,16.666666666666664
802,0.708,1,0,26,25,10.0,7.08,30.76923076923077,11.538461538461538,57.692307692307686,0.0
803,0.6,1,0,23,22,10.0,6.0,4.3478260869565215,26.08695652173913,52.17391304347826,17.391304347826086
804,0.481,1,0,15,14,10.0,4.81,13.333333333333334,26.666666666666668,53.333333333333336,6.666666666666667
805,0.725,1,0,14,13,10.0,7.25,42.857142857142854,28.57142857142857,28.57142857142857,0.0
806,0.558,1,0,18,17,10.0,5.58,11.11111111111111,22.22222222222222,50.0,16.666666666666664
807,0.56,1,0,11,10,10.0,5.6,9.090909090909092,18.181818181818183,54.54545454545454,18.181818181818183
808,0.644,1,0,18,17,10.0,6.44,22.22222222222222,11.11111111111111,38.88888888888889,27.77777777777778
809,0.6,1,0,19,18,10.0,6.0,10.526315789473683,21.052631578947366,21.052631578947366,47.368421052631575
810,0.628,1,0,21,20,10.0,6.28,47.61904761904761,4.761904761904762,47.61904761904761,0.0
811,0.432,1,0,12,11,8.0,4.32,0.0,100.0,0.0,0.0
812,0.429,1,0,13,12,10.0,4.29,38.46153846153847,30.76923076923077,15.384615384615385,15.384615384615385
813,0.538,1,0,16,15,10.0,5.38,18.75,18.75,50.0,12.5
814,0.688,1,0,15,14,10.0,6.88,0.0,33.33333333333333,46.666666666666664,20.0
815,0.79,1,0,15,14,10.0,7.9,46.666666666666664,13.333333333333334,26.666666666666668,13.333333333333334
816,0.81,1,0,14,13,10.0,8.1,14.285714285714285,14.285714285714285,35.714285714285715,35.714285714285715
817,0.385,1,0,14,13,10.0,3.85,21.428571428571427,35.714285714285715,42.857142857142854,0.0
818,0.63,1,0,12,11,10.0,6.3,25.0,41.66666666666667,33.33333333333333,0.0
819,0.592,1,0,17,16,10.0,5.92,5.88235294117647,29.411764705882355,5.88235294117647,58.82352941176471
820,0.655,1,0,21,20,10.0,6.55,28.57142857142857,14.285714285714285,42.857142857142854,14.285714285714285
821,0.43,1,0,11,10,10.0,4.3,18.181818181818183,45.45454545454545,0.0,36.36363636363637
822,0.672,1,0,21,20,10.0,6.72,28.57142857142857,14.285714285714285,57.14285714285714,0.0
823,0.54,1,0,16,15,10.0,5.4,12.5,25.0,62.5,0.0
824,0.645,1,0,12,11,10.0,6.45,16.666666666666664,50.0,25.0,8.333333333333332
825,0.44,1,0,12,11,10.0,4.4,0.0,75.0,25.0,0.0
826,0.72,1,0,20,19,10.0,7.2,15.0,10.0,50.0,25.0
827,0.66,1,0,19,18,10.0,6.6,15.789473684210526,15.789473684210526,63.1578947368421,5.263157894736842
828,0.618,1,0,15,14,10.0,6.18,20.0,20.0,20.0,40.0
829,0.5,1,0,9,8,10.0,5.0,33.33333333333333,22.22222222222222,22.22222222222222,22.22222222222222
830,0.565,1,0,12,11,10.0,5.65,33.33333333333333,33.33333333333333,33.33333333333333,0.0
831,0.504,1,0,16,15,10.0,5.04,31.25,12.5,56.25,0.0
832,0.538,1,0,18,17,10.0,5.38,5.555555555555555,44.44444444444444,50.0,0.0
833,0.592,1,0,14,13,10.0,5.92,71.42857142857143,28.57142857142857,0.0,0.0
834,0.43,1,0,13,12,10.0,4.3,53.84615384615385,15.384615384615385,30.76923076923077,0.0
835,0.4,1,0,11,10,10.0,4.0,0.0,72.72727272727273,27.27272727272727,0.0
836,0.68,1,0,20,19,10.0,6.8,5.0,10.0,75.0,10.0
837,0.85,1,0,12,11,10.0,8.5,25.0,16.666666666666664,50.0,8.333333333333332
838,0.578,1,0,15,14,10.0,5.78,46.666666666666664,46.666666666666664,6.666666666666667,0.0
839,0.5,1,0,9,8,10.0,5.0,22.22222222222222,22.22222222222222,55.55555555555556,0.0
840,0.598,1,0,22,21,10.0,5.98,4.545454545454546,31.818181818181817,18.181818181818183,45.45454545454545
841,0.552,1,0,21,20,10.0,5.52,47.61904761904761,38.095238095238095,0.0,14.285714285714285
842,0.596,1,0,16,15,10.0,5.96,0.0,18.75,50.0,31.25
843,0.592,1,0,17,16,10.0,5.92,0.0,35.294117647058826,0.0,64.70588235294117
844,0.4,1,0,9,8,9.0,4.0,0.0,77.77777777777779,0.0,22.22222222222222
845,0.64,1,0,18,17,10.0,6.4,16.666666666666664,16.666666666666664,66.66666666666666,0.0
846,0.466,1,0,13,12,10.0,4.66,7.6923076923076925,76.92307692307693,7.6923076923076925,7.6923076923076925
847,0.668,1,0,21,20,10.0,6.68,0.0,19.047619047619047,28.57142857142857,52.38095238095239
848,0.406,1,0,17,16,10.0,4.06,23.52941176470588,41.17647058823529,35.294117647058826,0.0
849,0.528,1,0,14,13,10.0,5.28,0.0,28.57142857142857,7.142857142857142,64.28571428571429
850,0.567,1,0,16,15,10.0,5.67,18.75,37.5,0.0,43.75
851,0.644,1,0,15,14,10.0,6.44,13.333333333333334,20.0,13.333333333333334,53.333333333333336
852,0.7,1,0,19,18,10.0,7.0,0.0,10.526315789473683,42.10526315789473,47.368421052631575
853,0.513,1,0,15,14,10.0,5.13,13.333333333333334,46.666666666666664,6.666666666666667,33.33333333333333
854,0.632,1,0,18,17,10.0,6.32,5.555555555555555,33.33333333333333,27.77777777777778,33.33333333333333
855,0.73,1,0,17,16,10.0,7.3,23.52941176470588,11.76470588235294,64.70588235294117,0.0
856,0.59,1,0,18,17,10.0,5.9,33.33333333333333,16.666666666666664,50.0,0.0
857,0.67,1,0,21,20,10.0,6.7,14.285714285714285,28.57142857142857,38.095238095238095,19.047619047619047
858,0.57,1,0,21,20,10.0,5.7,23.809523809523807,38.095238095238095,23.809523809523807,14.285714285714285
859,0.76,1,0,14,13,10.0,7.6,0.0,64.28571428571429,35.714285714285715,0.0
860,0.559,1,0,19,18,10.0,5.59,15.789473684210526,47.368421052631575,36.84210526315789,0.0
861,0.56,1,0,15,14,9.0,5.6,33.33333333333333,13.333333333333334,46.666666666666664,6.666666666666667
862,0.884,1,0,24,23,10.0,8.84,8.333333333333332,16.666666666666664,58.333333333333336,16.666666666666664
863,0.51,1,0,12,11,10.0,5.1,25.0,41.66666666666667,33.33333333333333,0.0
864,0.65,1,0,14,13,10.0,6.5,57.14285714285714,21.428571428571427,21.428571428571427,0.0
865,0.547,1,0,16,15,10.0,5.47,25.0,31.25,37.5,6.25
866,0.616,1,0,17,16,10.0,6.16,17.647058823529413,11.76470588235294,47.05882352941176,23.52941176470588
867,0.633,1,0,16,15,10.0,6.33,6.25,81.25,12.5,0.0
868,0.54,1,0,11,10,10.0,5.4,54.54545454545454,18.181818181818183,27.27272727272727,0.0
869,0.67,1,0,13,12,10.0,6.7,23.076923076923077,23.076923076923077,53.84615384615385,0.0
870,0.508,1,0,14,13,10.0,5.08,28.57142857142857,21.428571428571427,42.857142857142854,7.142857142857142
871,0.5,1,0,13,12,10.0,5.0,23.076923076923077,46.15384615384615,23.076923076923077,7.6923076923076925
872,0.64,1,0,20,19,10.0,6.4,0.0,15.0,60.0,25.0
873,0.52,1,0,14,13,10.0,5.2,21.428571428571427,35.714285714285715,0.0,42.857142857142854
874,0.322,1,0,11,10,10.0,3.22,18.181818181818183,36.36363636363637,18.181818181818183,27.27272727272727
875,0.64,1,0,15,14,10.0,6.4,13.333333333333334,13.333333333333334,73.33333333333333,0.0
876,0.55,1,0,11,10,10.0,5.5,9.090909090909092,36.36363636363637,45.45454545454545,9.090909090909092
877,0.5,1,0,10,9,10.0,5.0,40.0,30.0,30.0,0.0
878,0.676,1,0,19,18,10.0,6.76,31.57894736842105,21.052631578947366,42.10526315789473,5.263157894736842
879,0.62,1,0,17,16,10.0,6.2,11.76470588235294,11.76470588235294,41.17647058823529,35.294117647058826
880,0.502,1,0,13,12,10.0,5.02,46.15384615384615,23.076923076923077,23.076923076923077,7.6923076923076925
881,0.506,1,0,17,16,10.0,5.06,5.88235294117647,35.294117647058826,11.76470588235294,47.05882352941176
882,0.712,1,0,16,15,10.0,7.12,6.25,25.0,50.0,18.75
883,0.442,1,0,14,13,10.0,4.42,7.142857142857142,21.428571428571427,28.57142857142857,42.857142857142854
884,0.5,1,0,11,10,10.0,5.0,9.090909090909092,27.27272727272727,54.54545454545454,9.090909090909092
885,0.422,1,0,13,12,10.0,4.22,38.46153846153847,15.384615384615385,46.15384615384615,0.0
886,0.64,1,0,21,20,10.0,6.4,28.57142857142857,19.047619047619047,28.57142857142857,23.809523809523807
887,0.7,1,0,20,19,10.0,7.0,5.0,10.0,85.0,0.0
888,0.476,1,0,16,15,10.0,4.76,31.25,25.0,31.25,12.5
889,0.575,1,0,12,11,10.0,5.75,16.666666666666664,25.0,50.0,8.333333333333332
890,0.632,1,0,14,13,10.0,6.32,21.428571428571427,21.428571428571427,21.428571428571427,35.714285714285715
891,0.638,1,0,18,17,10.0,6.38,16.666666666666664,22.22222222222222,27.77777777777778,33.33333333333333
892,0.748,1,0,14,13,10.0,7.48,0.0,21.428571428571427,78.57142857142857,0.0
893,0.54,1,0,23,22,10.0,5.4,13.043478260869565,13.043478260869565,34.78260869565217,39.130434782608695
894,0.58,1,0,19,18,10.0,5.8,0.0,21.052631578947366,47.368421052631575,31.57894736842105
895,0.5,1,0,15,14,10.0,5.0,20.0,26.666666666666668,33.33333333333333,20.0
896,0.4,1,0,10,9,10.0,4.0,50.0,30.0,20.0,0.0
897,0.614,1,0,17,16,10.0,6.14,35.294117647058826,17.647058823529413,29.411764705882355,17.647058823529413
898,0.462,1,0,15,14,10.0,4.62,13.333333333333334,46.666666666666664,33.33333333333333,6.666666666666667
899,0.643,1,0,17,16,10.0,6.43,17.647058823529413,17.647058823529413,64.70588235294117,0.0
900,0.794,1,0,24,23,10.0,7.94,37.5,12.5,45.83333333333333,4.166666666666666
901,0.532,1,0,15,14,10.0,5.32,46.666666666666664,26.666666666666668,6.666666666666667,20.0
902,0.411,1,0,14,13,10.0,4.11,35.714285714285715,57.14285714285714,0.0,7.142857142857142
903,0.6,1,0,18,17,10.0,6.0,44.44444444444444,11.11111111111111,22.22222222222222,22.22222222222222
904,0.583,1,0,17,16,10.0,5.83,29.411764705882355,35.294117647058826,11.76470588235294,23.52941176470588
905,0.71,1,0,12,11,10.0,7.1,25.0,16.666666666666664,58.333333333333336,0.0
906,0.638,1,0,19,18,10.0,6.38,31.57894736842105,15.789473684210526,21.052631578947366,31.57894736842105
907,0.661,1,0,17,16,10.0,6.61,17.647058823529413,23.52941176470588,41.17647058823529,17.647058823529413
908,0.39,1,0,11,10,10.0,3.9,0.0,45.45454545454545,0.0,54.54545454545454
909,0.536,1,0,17,16,10.0,5.36,0.0,52.94117647058824,41.17647058823529,5.88235294117647
910,0.604,1,0,19,18,10.0,6.04,15.789473684210526,10.526315789473683,73.68421052631578,0.0
911,0.5,1,0,15,14,10.0,5.0,0.0,40.0,40.0,20.0
912,0.448,1,0,13,12,10.0,4.48,7.6923076923076925,30.76923076923077,53.84615384615385,7.6923076923076925
913,0.72,1,0,17,16,10.0,7.2,17.647058823529413,11.76470588235294,35.294117647058826,35.294117647058826
914,0.552,1,0,19,18,10.0,5.52,36.84210526315789,21.052631578947366,26.31578947368421,15.789473684210526
915,0.636,1,0,22,21,10.0,6.36,31.818181818181817,4.545454545454546,63.63636363636363,0.0
916,0.598,1,0,29,28,10.0,5.98,10.344827586206897,31.03448275862069,58.620689655172406,0.0
917,0.596,1,0,15,14,10.0,5.96,6.666666666666667,26.666666666666668,33.33333333333333,33.33333333333333
918,0.373,1,0,14,13,10.0,3.73,21.428571428571427,42.857142857142854,35.714285714285715,0.0
919,0.587,1,0,18,17,10.0,5.87,16.666666666666664,33.33333333333333,50.0,0.0
920,0.544,1,0,14,13,10.0,5.44,28.57142857142857,28.57142857142857,28.57142857142857,14.285714285714285
921,0.624,1,0,19,18,10.0,6.24,10.526315789473683,15.789473684210526,5.263157894736842,68.42105263157895
922,0.486,1,0,12,11,9.0,4.86,41.66666666666667,25.0,25.0,8.333333333333332
923,0.82,1,0,27,26,10.0,8.2,3.7037037037037033,14.814814814814813,81.48148148148148,0.0
924,0.542,1,0,12,11,10.0,5.42,8.333333333333332,33.33333333333333,33.33333333333333,25.0
925,0.528,1,0,19,18,10.0,5.28,42.10526315789473,10.526315789473683,26.31578947368421,21.052631578947366
926,0.575,1,0,10,9,10.0,5.75,0.0,30.0,60.0,10.0
927,0.735,1,0,16,15,10.0,7.35,12.5,18.75,50.0,18.75
928,0.688,1,0,17,16,10.0,6.88,0.0,11.76470588235294,47.05882352941176,41.17647058823529
929,0.5,1,0,11,10,10.0,5.0,36.36363636363637,9.090909090909092,54.54545454545454,0.0
930,0.405,1,0,12,11,10.0,4.05,41.66666666666667,33.33333333333333,25.0,0.0
931,0.579,1,0,17,16,10.0,5.79,52.94117647058824,11.76470588235294,35.294117647058826,0.0
932,0.676,1,0,19,18,10.0,6.76,10.526315789473683,31.57894736842105,42.10526315789473,15.789473684210526
933,0.548,1,0,20,19,10.0,5.48,5.0,25.0,35.0,35.0
934,0.586,1,0,16,15,10.0,5.86,12.5,25.0,62.5,0.0
935,0.44,1,0,14,13,10.0,4.4,21.428571428571427,50.0,28.57142857142857,0.0
936,0.672,1,0,20,19,10.0,6.72,35.0,20.0,45.0,0.0
937,0.666,1,0,19,18,10.0,6.66,31.57894736842105,10.526315789473683,57.89473684210527,0.0
938,0.67,1,0,23,22,10.0,6.7,13.043478260869565,26.08695652173913,60.86956521739131,0.0
939,0.428,1,0,11,10,10.0,4.28,18.181818181818183,63.63636363636363,18.181818181818183,0.0
940,0.592,1,0,17,16,10.0,5.92,0.0,11.76470588235294,88.23529411764706,0.0
941,0.72,1,0,23,22,10.0,7.2,13.043478260869565,13.043478260869565,65.21739130434783,8.695652173913043
942,0.48,1,0,12,11,10.0,4.8,16.666666666666664,75.0,8.333333333333332,0.0
943,0.605,1,0,10,9,10.0,6.05,0.0,30.0,10.0,60.0
944,0.527,1,0,20,19,10.0,5.27,15.0,15.0,50.0,20.0
945,0.768,1,0,20,19,10.0,7.68,35.0,20.0,45.0,0.0
946,0.672,1,0,23,22,10.0,6.72,13.043478260869565,8.695652173913043,39.130434782608695,39.130434782608695
947,0.51,1,0,9,8,10.0,5.1,44.44444444444444,22.22222222222222,33.33333333333333,0.0
948,0.62,1,0,23,22,10.0,6.2,8.695652173913043,26.08695652173913,47.82608695652174,17.391304347826086
949,0.615,1,0,13,12,10.0,6.15,53.84615384615385,15.384615384615385,23.076923076923077,7.6923076923076925
950,0.492,1,0,15,14,10.0,4.92,13.333333333333334,66.66666666666666,0.0,20.0
951,0.4,1,0,10,9,10.0,4.0,10.0,50.0,0.0,40.0
952,0.71,1,0,22,21,10.0,7.1,0.0,22.727272727272727,22.727272727272727,54.54545454545454
953,0.526,1,0,19,18,10.0,5.26,26.31578947368421,31.57894736842105,26.31578947368421,15.789473684210526
954,0.503,1,0,14,13,10.0,5.03,35.714285714285715,28.57142857142857,28.57142857142857,7.142857142857142
955,0.601,1,0,19,18,10.0,6.01,21.052631578947366,21.052631578947366,42.10526315789473,15.789473684210526
956,0.469,1,0,13,12,10.0,4.69,15.384615384615385,23.076923076923077,61.53846153846154,0.0
957,0.601,1,0,15,14,10.0,6.01,6.666666666666667,13.333333333333334,53.333333333333336,26.666666666666668
958,0.58,1,0,25,24,10.0,5.8,40.0,24.0,28.000000000000004,8.0
959,0.618,1,0,25,24,10.0,6.18,20.0,28.000000000000004,52.0,0.0
960,0.46,1,0,12,11,8.0,4.6,8.333333333333332,16.666666666666664,33.33333333333333,41.66666666666667
961,0.368,1,0,14,13,10.0,3.68,28.57142857142857,35.714285714285715,7.142857142857142,28.57142857142857
962,0.632,1,0,18,17,10.0,6.32,16.666666666666664,11.11111111111111,50.0,22.22222222222222
963,0.524,1,0,16,15,10.0,5.24,18.75,12.5,37.5,31.25
964,0.706,1,0,26,25,10.0,7.06,26.923076923076923,30.76923076923077,38.46153846153847,3.8461538461538463
965,0.637,1,0,22,21,10.0,6.37,0.0,13.636363636363635,45.45454545454545,40.909090909090914
966,0.64,1,0,14,13,10.0,6.4,7.142857142857142,71.42857142857143,21.428571428571427,0.0
967,0.626,1,0,18,17,10.0,6.26,5.555555555555555,55.55555555555556,38.88888888888889,0.0
968,0.7,1,0,24,23,10.0,7.0,25.0,20.833333333333336,50.0,4.166666666666666
969,0.62,1,0,14,13,10.0,6.2,7.142857142857142,14.285714285714285,71.42857142857143,7.142857142857142
970,0.59,1,0,19,18,10.0,5.9,26.31578947368421,21.052631578947366,47.368421052631575,5.263157894736842
971,0.596,1,0,15,14,10.0,5.96,13.333333333333334,40.0,40.0,6.666666666666667
972,0.691,1,0,19,18,10.0,6.91,36.84210526315789,21.052631578947366,36.84210526315789,5.263157894736842
973,0.65,1,0,13,12,10.0,6.5,0.0,46.15384615384615,23.076923076923077,30.76923076923077
974,0.443,1,0,12,11,10.0,4.43,33.33333333333333,41.66666666666667,25.0,0.0
975,0.594,1,0,19,18,10.0,5.94,21.052631578947366,15.789473684210526,63.1578947368421,0.0
976,0.74,1,0,20,19,10.0,7.4,50.0,10.0,20.0,20.0
977,0.496,1,0,12,11,10.0,4.96,8.333333333333332,16.666666666666664,16.666666666666664,58.333333333333336
978,0.67,1,0,16,15,10.0,6.7,25.0,31.25,6.25,37.5
979,0.582,1,0,20,19,10.0,5.82,5.0,45.0,50.0,0.0
980,0.63,1,0,19,18,10.0,6.3,15.789473684210526,10.526315789473683,68.42105263157895,5.263157894736842
981,0.68,1,0,20,19,10.0,6.8,0.0,10.0,20.0,70.0
982,0.632,1,0,24,23,10.0,6.32,16.666666666666664,37.5,25.0,20.833333333333336
983,0.422,1,0,12,11,10.0,4.22,0.0,16.666666666666664,75.0,8.333333333333332
984,0.48,1,0,12,11,10.0,4.8,41.66666666666667,25.0,16.666666666666664,16.666666666666664
985,0.68,1,0,13,12,10.0,6.8,0.0,23.076923076923077,15.384615384615385,61.53846153846154
986,0.525,1,0,17,16,8.0,5.25,23.52941176470588,17.647058823529413,52.94117647058824,5.88235294117647
987,0.607,1,0,13,12,10.0,6.07,46.15384615384615,38.46153846153847,7.6923076923076925,7.6923076923076925
988,0.714,1,0,26,25,10.0,7.14,26.923076923076923,26.923076923076923,46.15384615384615,0.0
989,0.618,1,0,21,20,10.0,6.18,33.33333333333333,23.809523809523807,42.857142857142854,0.0
990,0.635,1,0,16,15,10.0,6.35,12.5,25.0,37.5,25.0
991,0.624,1,0,20,19,10.0,6.24,25.0,25.0,10.0,40.0
992,0.7,1,0,18,17,10.0,7.0,11.11111111111111,16.666666666666664,16.666666666666664,55.55555555555556
993,0.68,1,0,29,28,10.0,6.8,27.586206896551722,34.48275862068966,37.93103448275862,0.0
994,0.73,1,0,18,17,10.0,7.3,11.11111111111111,16.666666666666664,66.66666666666666,5.555555555555555
995,0.504,1,0,14,13,10.0,5.04,21.428571428571427,35.714285714285715,21.428571428571427,21.428571428571427
996,0.522,1,0,15,14,10.0,5.22,13.333333333333334,20.0,6.666666666666667,60.0
997,0.529,1,0,12,11,10.0,5.29,16.666666666666664,25.0,41.66666666666667,16.666666666666664
998,0.54,1,0,11,10,10.0,5.4,0.0,36.36363636363637,45.45454545454545,18.181818181818183
999,0.66,1,0,25,24,10.0,6.6,4.0,12.0,64.0,20.0
1000,0.56,1,0,14,13,10.0,5.6,50.0,28.57142857142857,21.428571428571427,0.0
1001,0.627,1,0,17,16,10.0,6.27,17.647058823529413,17.647058823529413,47.05882352941176,17.647058823529413
1002,0.68,1,0,20,19,10.0,6.8,50.0,10.0,30.0,10.0
1003,0.66,1,0,18,17,10.0,6.6,27.77777777777778,22.22222222222222,38.88888888888889,11.11111111111111
1004,0.39,1,0,7,6,10.0,3.9,14.285714285714285,28.57142857142857,14.285714285714285,42.857142857142854
1005,0.513,1,0,16,15,10.0,5.13,6.25,50.0,18.75,25.0
1006,0.576,1,0,15,14,10.0,5.76,26.666666666666668,66.66666666666666,0.0,6.666666666666667
1007,0.62,1,0,17,16,10.0,6.2,11.76470588235294,17.647058823529413,70.58823529411765,0.0
1008,0.553,1,0,15,14,10.0,5.53,13.333333333333334,33.33333333333333,40.0,13.333333333333334
1009,0.58,1,0,18,17,10.0,5.8,50.0,22.22222222222222,16.666666666666664,11.11111111111111
1010,0.566,1,0,12,11,10.0,5.66,8.333333333333332,41.66666666666667,50.0,0.0
1011,0.614,1,0,16,15,10.0,6.14,0.0,12.5,87.5,0.0
1012,0.56,1,0,21,20,10.0,5.6,38.095238095238095,42.857142857142854,4.761904761904762,14.285714285714285
1013,0.712,1,0,19,18,10.0,7.12,10.526315789473683,15.789473684210526,36.84210526315789,36.84210526315789
1014,0.516,1,0,16,15,10.0,5.16,0.0,37.5,31.25,31.25
1015,0.78,1,0,20,19,10.0,7.8,15.0,10.0,65.0,10.0
1016,0.696,1,0,19,18,10.0,6.96,5.263157894736842,10.526315789473683,84.21052631578947,0.0
1017,0.586,1,0,23,22,10.0,5.86,39.130434782608695,8.695652173913043,52.17391304347826,0.0
1018,0.624,1,0,14,13,10.0,6.24,14.285714285714285,14.285714285714285,71.42857142857143,0.0
1019,0.76,1,0,16,15,10.0,7.6,0.0,18.75,50.0,31.25
1020,0.487,1,0,13,12,10.0,4.87,7.6923076923076925,92.3076923076923,0.0,0.0
1021,0.742,1,0,17,16,10.0,7.42,11.76470588235294,17.647058823529413,47.05882352941176,23.52941176470588
1022,0.648,1,0,19,18,10.0,6.48,5.263157894736842,26.31578947368421,36.84210526315789,31.57894736842105
1023,0.559,1,0,18,17,10.0,5.59,44.44444444444444,16.666666666666664,33.33333333333333,5.555555555555555
1024,0.625,1,0,13,12,10.0,6.25,0.0,23.076923076923077,15.384615384615385,61.53846153846154
1025,0.71,1,0,16,15,10.0,7.1,31.25,12.5,50.0,6.25
1026,0.704,1,0,19,18,10.0,7.04,10.526315789473683,15.789473684210526,52.63157894736842,21.052631578947366
1027,0.512,1,0,14,13,10.0,5.12,14.285714285714285,28.57142857142857,35.714285714285715,21.428571428571427
1028,0.668,1,0,20,19,10.0,6.68,10.0,70.0,20.0,0.0
1029,0.34,1,0,12,11,10.0,3.4,8.333333333333332,25.0,66.66666666666666,0.0
1030,0.632,1,0,18,17,10.0,6.32,27.77777777777778,55.55555555555556,16.666666666666664,0.0
1031,0.6,1,0,19,18,10.0,6.0,21.052631578947366,21.052631578947366,26.31578947368421,31.57894736842105
1032,0.562,1,0,18,17,10.0,5.62,5.555555555555555,77.77777777777779,5.555555555555555,11.11111111111111
1033,0.532,1,0,10,9,10.0,5.32,30.0,20.0,50.0,0.0
1034,0.592,1,0,14,13,10.0,5.92,7.142857142857142,35.714285714285715,57.14285714285714,0.0
1035,0.74,1,0,14,13,10.0,7.4,14.285714285714285,21.428571428571427,57.14285714285714,7.142857142857142
1036,0.5,1,0,11,10,10.0,5.0,0.0,63.63636363636363,36.36363636363637,0.0
1037,0.86,1,0,12,11,10.0,8.6,8.333333333333332,33.33333333333333,33.33333333333333,25.0
1038,0.578,1,0,18,17,10.0,5.78,5.555555555555555,11.11111111111111,77.77777777777779,5.555555555555555
1039,0.617,1,0,15,14,10.0,6.17,0.0,26.666666666666668,66.66666666666666,6.666666666666667
1040,0.63,1,0,14,13,10.0,6.3,21.428571428571427,50.0,28.57142857142857,0.0
1041,0.52,1,0,15,14,10.0,5.2,13.333333333333334,13.333333333333334,60.0,13.333333333333334
1042,0.62,1,0,24,23,10.0,6.2,37.5,20.833333333333336,33.33333333333333,8.333333333333332
1043,0.512,1,0,14,13,9.0,5.12,21.428571428571427,14.285714285714285,28.57142857142857,35.714285714285715
1044,0.558,1,0,22,21,10.0,5.58,13.636363636363635,31.818181818181817,22.727272727272727,31.818181818181817
1045,0.82,1,0,17,16,10.0,8.2,0.0,17.647058823529413,58.82352941176471,23.52941176470588
1046,0.449,1,0,15,14,10.0,4.49,6.666666666666667,20.0,20.0,53.333333333333336
1047,0.522,1,0,16,15,10.0,5.22,6.25,25.0,31.25,37.5
1048,0.58,1,0,27,26,10.0,5.8,3.7037037037037033,44.44444444444444,51.85185185185185,0.0
1049,0.385,1,0,14,13,10.0,3.85,21.428571428571427,28.57142857142857,50.0,0.0
1050,0.7,1,0,14,13,10.0,7.0,14.285714285714285,21.428571428571427,64.28571428571429,0.0
1051,0.607,1,0,22,21,10.0,6.07,54.54545454545454,22.727272727272727,13.636363636363635,9.090909090909092
1052,0.564,1,0,20,19,10.0,5.64,30.0,15.0,25.0,30.0
1053,0.524,1,0,16,15,10.0,5.24,6.25,25.0,68.75,0.0
1054,0.62,1,0,18,17,10.0,6.2,11.11111111111111,61.111111111111114,16.666666666666664,11.11111111111111
1055,0.509,1,0,23,22,10.0,5.09,30.434782608695656,21.73913043478261,39.130434782608695,8.695652173913043
1056,0.615,1,0,12,11,10.0,6.15,50.0,16.666666666666664,25.0,8.333333333333332
1057,0.375,1,0,11,10,10.0,3.75,27.27272727272727,27.27272727272727,45.45454545454545,0.0
1058,0.496,1,0,11,10,10.0,4.96,18.181818181818183,18.181818181818183,45.45454545454545,18.181818181818183
1059,0.64,1,0,14,13,10.0,6.4,14.285714285714285,21.428571428571427,42.857142857142854,21.428571428571427
1060,0.588,1,0,24,23,10.0,5.88,37.5,29.166666666666668,12.5,20.833333333333336
1061,0.504,1,0,20,19,10.0,5.04,5.0,60.0,15.0,20.0
1062,0.482,1,0,14,13,10.0,4.82,14.285714285714285,21.428571428571427,50.0,14.285714285714285
1063,0.627,1,0,18,17,10.0,6.27,11.11111111111111,33.33333333333333,33.33333333333333,22.22222222222222
1064,0.65,1,0,18,17,10.0,6.5,5.555555555555555,16.666666666666664,77.77777777777779,0.0
1065,0.64,1,0,11,10,10.0,6.4,45.45454545454545,36.36363636363637,18.181818181818183,0.0
1066,0.568,1,0,16,15,10.0,5.68,0.0,31.25,68.75,0.0
1067,0.65,1,0,13,12,10.0,6.5,30.76923076923077,15.384615384615385,46.15384615384615,7.6923076923076925
1068,0.672,1,0,26,25,10.0,6.72,34.61538461538461,11.538461538461538,50.0,3.8461538461538463
1069,0.675,1,0,16,15,10.0,6.75,31.25,12.5,56.25,0.0
1070,0.54,1,0,11,10,10.0,5.4,27.27272727272727,54.54545454545454,9.090909090909092,9.090909090909092
1071,0.443,1,0,11,10,9.0,4.43,27.27272727272727,27.27272727272727,36.36363636363637,9.090909090909092
1072,0.706,1,0,19,18,10.0,7.06,15.789473684210526,5.263157894736842,52.63157894736842,26.31578947368421
1073,0.55,1,0,24,23,10.0,5.5,20.833333333333336,8.333333333333332,66.66666666666666,4.166666666666666
1074,0.73,1,0,16,15,10.0,7.3,0.0,12.5,37.5,50.0
1075,0.6,1,0,17,16,10.0,6.0,35.294117647058826,29.411764705882355,17.647058823529413,17.647058823529413
1076,0.56,1,0,20,19,10.0,5.6,15.0,30.0,50.0,5.0
1077,0.608,1,0,15,14,10.0,6.08,33.33333333333333,33.33333333333333,33.33333333333333,0.0
1078,0.572,1,0,20,19,10.0,5.72,15.0,15.0,40.0,30.0
1079,0.57,1,0,16,15,10.0,5.7,12.5,18.75,68.75,0.0
1080,0.68,1,0,14,13,10.0,6.8,64.28571428571429,14.285714285714285,21.428571428571427,0.0
1081,0.59,1,0,20,19,10.0,5.9,70.0,30.0,0.0,0.0
1082,0.872,1,0,29,28,10.0,8.72,0.0,13.793103448275861,37.93103448275862,48.275862068965516
1083,0.641,1,0,20,19,10.0,6.41,30.0,35.0,20.0,15.0
1084,0.598,1,0,17,16,10.0,5.98,35.294117647058826,11.76470588235294,52.94117647058824,0.0
1085,0.562,1,0,14,13,10.0,5.62,0.0,28.57142857142857,14.285714285714285,57.14285714285714
1086,0.572,1,0,16,15,10.0,5.72,31.25,12.5,18.75,37.5
1087,0.706,1,0,25,24,10.0,7.06,24.0,20.0,56.00000000000001,0.0
1088,0.524,1,0,18,17,10.0,5.24,16.666666666666664,16.666666666666664,61.111111111111114,5.555555555555555
1089,0.66,1,0,26,25,10.0,6.6,30.76923076923077,15.384615384615385,26.923076923076923,26.923076923076923
1090,0.58,1,0,19,18,10.0,5.8,26.31578947368421,15.789473684210526,31.57894736842105,26.31578947368421
1091,0.93,1,0,19,18,10.0,9.3,0.0,15.789473684210526,52.63157894736842,31.57894736842105
1092,0.5,1,0,20,19,10.0,5.0,20.0,25.0,40.0,15.0
1093,0.692,1,0,16,15,10.0,6.92,56.25,12.5,31.25,0.0
1094,0.6,1,0,23,22,10.0,6.0,13.043478260869565,21.73913043478261,65.21739130434783,0.0
1095,0.708,1,0,22,21,10.0,7.08,22.727272727272727,13.636363636363635,13.636363636363635,50.0
1096,0.756,1,0,22,21,10.0,7.56,0.0,13.636363636363635,68.18181818181817,18.181818181818183
1097,0.507,1,0,14,13,10.0,5.07,0.0,50.0,21.428571428571427,28.57142857142857
1098,0.605,1,0,22,21,10.0,6.05,22.727272727272727,18.181818181818183,59.09090909090909,0.0
1099,0.593,1,0,17,16,10.0,5.93,0.0,23.52941176470588,5.88235294117647,70.58823529411765
1100,0.479,1,0,17,16,10.0,4.79,0.0,29.411764705882355,0.0,70.58823529411765
1101,0.675,1,0,12,11,10.0,6.75,8.333333333333332,16.666666666666664,41.66666666666667,33.33333333333333
1102,0.466,1,0,14,13,10.0,4.66,50.0,35.714285714285715,7.142857142857142,7.142857142857142
1103,0.65,1,0,18,17,10.0,6.5,27.77777777777778,11.11111111111111,61.111111111111114,0.0
1104,0.925,1,0,12,11,10.0,9.25,25.0,25.0,50.0,0.0
1105,0.456,1,0,14,13,10.0,4.56,7.142857142857142,28.57142857142857,21.428571428571427,42.857142857142854
1106,0.662,1,0,16,15,10.0,6.62,18.75,12.5,62.5,6.25
1107,0.68,1,0,22,21,10.0,6.8,27.27272727272727,13.636363636363635,50.0,9.090909090909092
1108,0.54,1,0,15,14,10.0,5.4,13.333333333333334,26.666666666666668,46.666666666666664,13.333333333333334
1109,0.778,1,0,22,21,10.0,7.78,27.27272727272727,13.636363636363635,59.09090909090909,0.0
1110,0.461,1,0,12,11,10.0,4.61,25.0,50.0,16.666666666666664,8.333333333333332
1111,0.724,1,0,20,19,10.0,7.24,40.0,20.0,15.0,25.0
1112,0.668,1,0,21,20,10.0,6.68,28.57142857142857,38.095238095238095,4.761904761904762,28.57142857142857
1113,0.727,1,0,21,20,10.0,7.27,14.285714285714285,19.047619047619047,57.14285714285714,9.523809523809524
1114,0.63,1,0,10,9,10.0,6.3,10.0,30.0,40.0,20.0
1115,0.556,1,0,17,16,9.0,5.56,29.411764705882355,47.05882352941176,17.647058823529413,5.88235294117647
1116,0.825,1,0,11,10,10.0,8.25,18.181818181818183,18.181818181818183,63.63636363636363,0.0
1117,0.75,1,0,21,20,10.0,7.5,38.095238095238095,14.285714285714285,42.857142857142854,4.761904761904762
1118,0.664,1,0,22,21,10.0,6.64,9.090909090909092,13.636363636363635,31.818181818181817,45.45454545454545
1119,0.679,1,0,19,18,10.0,6.79,26.31578947368421,10.526315789473683,57.89473684210527,5.263157894736842
1120,0.556,1,0,17,16,10.0,5.56,47.05882352941176,17.647058823529413,11.76470588235294,23.52941176470588
1121,0.564,1,0,17,16,10.0,5.64,52.94117647058824,17.647058823529413,29.411764705882355,0.0
1122,0.65,1,0,17,16,10.0,6.5,47.05882352941176,11.76470588235294,41.17647058823529,0.0
1123,0.53,1,0,14,13,10.0,5.3,14.285714285714285,28.57142857142857,35.714285714285715,21.428571428571427
1124,0.8,1,0,16,15,10.0,8.0,6.25,18.75,50.0,25.0
1125,0.472,1,0,11,10,10.0,4.72,0.0,54.54545454545454,0.0,45.45454545454545
1126,0.652,1,0,20,19,10.0,6.52,5.0,15.0,55.00000000000001,25.0
1127,0.569,1,0,15,14,10.0,5.69,33.33333333333333,20.0,46.666666666666664,0.0
1128,0.684,1,0,25,24,10.0,6.84,52.0,24.0,4.0,20.0
1129,0.584,1,0,17,16,10.0,5.84,35.294117647058826,23.52941176470588,41.17647058823529,0.0
1130,0.577,1,0,21,20,10.0,5.77,28.57142857142857,19.047619047619047,0.0,52.38095238095239
1131,0.62,1,0,17,16,10.0,6.2,17.647058823529413,11.76470588235294,35.294117647058826,35.294117647058826
1132,0.68,1,0,15,14,10.0,6.8,13.333333333333334,20.0,33.33333333333333,33.33333333333333
1133,0.58,1,0,18,17,10.0,5.8,5.555555555555555,11.11111111111111,44.44444444444444,38.88888888888889
1134,0.536,1,0,16,15,10.0,5.36,25.0,18.75,50.0,6.25
1135,0.328,1,0,10,9,9.0,3.28,30.0,60.0,0.0,10.0
1136,0.635,1,0,11,10,10.0,6.35,9.090909090909092,36.36363636363637,54.54545454545454,0.0
1137,0.606,1,0,17,16,10.0,6.06,0.0,70.58823529411765,23.52941176470588,5.88235294117647
1138,0.66,1,0,16,15,10.0,6.6,18.75,31.25,25.0,25.0
1139,0.724,1,0,16,15,10.0,7.24,12.5,43.75,43.75,0.0
1140,0.666,1,0,21,20,10.0,6.66,14.285714285714285,14.285714285714285,66.66666666666666,4.761904761904762
1141,0.516,1,0,14,13,10.0,5.16,7.142857142857142,21.428571428571427,57.14285714285714,14.285714285714285
1142,0.532,1,0,16,15,10.0,5.32,43.75,37.5,0.0,18.75
1143,0.52,1,0,9,8,10.0,5.2,33.33333333333333,22.22222222222222,22.22222222222222,22.22222222222222
1144,0.648,1,0,23,22,10.0,6.48,8.695652173913043,13.043478260869565,21.73913043478261,56.52173913043478
1145,0.42,1,0,9,8,10.0,4.2,11.11111111111111,33.33333333333333,0.0,55.55555555555556
1146,0.535,1,0,16,15,10.0,5.35,25.0,12.5,50.0,12.5
1147,0.484,1,0,17,16,10.0,4.84,17.647058823529413,23.52941176470588,0.0,58.82352941176471
1148,0.73,1,0,15,14,10.0,7.3,46.666666666666664,20.0,26.666666666666668,6.666666666666667
1149,0.544,1,0,17,16,10.0,5.44,5.88235294117647,47.05882352941176,47.05882352941176,0.0
1150,0.728,1,0,27,26,10.0,7.28,14.814814814814813,11.11111111111111,66.66666666666666,7.4074074074074066
1151,0.634,1,0,16,15,10.0,6.34,12.5,25.0,37.5,25.0
1152,0.51,1,0,9,8,10.0,5.1,44.44444444444444,22.22222222222222,33.33333333333333,0.0
1153,0.493,1,0,12,11,10.0,4.93,8.333333333333332,16.666666666666664,75.0,0.0
1154,0.784,1,0,25,24,10.0,7.84,12.0,20.0,28.000000000000004,40.0
1155,0.62,1,0,13,12,10.0,6.2,0.0,15.384615384615385,84.61538461538461,0.0
1156,0.532,1,0,14,13,10.0,5.32,14.285714285714285,14.285714285714285,21.428571428571427,50.0
1157,0.684,1,0,18,17,10.0,6.84,0.0,16.666666666666664,77.77777777777779,5.555555555555555
1158,0.47,1,0,16,15,10.0,4.7,0.0,31.25,18.75,50.0
1159,0.617,1,0,13,12,10.0,6.17,0.0,23.076923076923077,30.76923076923077,46.15384615384615
1160,0.54,1,0,14,13,10.0,5.4,35.714285714285715,21.428571428571427,42.857142857142854,0.0
1161,0.728,1,0,19,18,10.0,7.28,0.0,15.789473684210526,31.57894736842105,52.63157894736842
1162,0.656,1,0,16,15,10.0,6.56,37.5,31.25,31.25,0.0
1163,0.82,1,0,22,21,10.0,8.2,36.36363636363637,9.090909090909092,45.45454545454545,9.090909090909092
1164,0.472,1,0,11,10,10.0,4.72,27.27272727272727,54.54545454545454,0.0,18.181818181818183
1165,0.424,1,0,13,12,10.0,4.24,0.0,15.384615384615385,46.15384615384615,38.46153846153847
1166,0.468,1,0,18,17,10.0,4.68,33.33333333333333,22.22222222222222,44.44444444444444,0.0
1167,0.504,1,0,11,10,10.0,5.04,54.54545454545454,18.181818181818183,27.27272727272727,0.0
1168,0.698,1,0,22,21,10.0,6.98,13.636363636363635,13.636363636363635,63.63636363636363,9.090909090909092
1169,0.516,1,0,16,15,10.0,5.16,6.25,25.0,50.0,18.75
1170,0.816,1,0,21,20,10.0,8.16,0.0,19.047619047619047,38.095238095238095,42.857142857142854
1171,0.56,1,0,16,15,10.0,5.6,25.0,31.25,25.0,18.75
1172,0.415,1,0,11,10,10.0,4.15,9.090909090909092,18.181818181818183,0.0,72.72727272727273
1173,0.56,1,0,15,14,10.0,5.6,0.0,40.0,20.0,40.0
1174,0.648,1,0,25,24,10.0,6.48,0.0,20.0,64.0,16.0
1175,0.452,1,0,16,15,10.0,4.52,12.5,62.5,25.0,0.0
1176,0.68,1,0,14,13,10.0,6.8,7.142857142857142,42.857142857142854,50.0,0.0
1177,0.52,1,0,19,18,10.0,5.2,21.052631578947366,57.89473684210527,15.789473684210526,5.263157894736842
1178,0.56,1,0,15,14,10.0,5.6,20.0,26.666666666666668,53.333333333333336,0.0
1179,0.523,1,0,12,11,9.0,5.23,33.33333333333333,50.0,8.333333333333332,8.333333333333332
1180,0.36,1,0,8,7,10.0,3.6,50.0,12.5,37.5,0.0
1181,0.648,1,0,21,20,10.0,6.48,42.857142857142854,9.523809523809524,47.61904761904761,0.0
1182,0.54,1,0,9,8,10.0,5.4,0.0,22.22222222222222,22.22222222222222,55.55555555555556
1183,0.576,1,0,17,16,10.0,5.76,52.94117647058824,17.647058823529413,29.411764705882355,0.0
1184,0.74,1,0,12,11,10.0,7.4,33.33333333333333,8.333333333333332,58.333333333333336,0.0
1185,0.622,1,0,17,16,10.0,6.22,17.647058823529413,11.76470588235294,41.17647058823529,29.411764705882355
1186,0.65,1,0,23,22,10.0,6.5,30.434782608695656,13.043478260869565,52.17391304347826,4.3478260869565215
1187,0.528,1,0,19,18,10.0,5.28,15.789473684210526,26.31578947368421,47.368421052631575,10.526315789473683
1188,0.56,1,0,18,17,10.0,5.6,0.0,16.666666666666664,16.666666666666664,66.66666666666666
1189,0.577,1,0,14,13,10.0,5.77,14.285714285714285,14.285714285714285,57.14285714285714,14.285714285714285
1190,0.448,1,0,17,16,10.0,4.48,17.647058823529413,35.294117647058826,47.05882352941176,0.0
1191,0.484,1,0,22,21,10.0,4.84,9.090909090909092,31.818181818181817,27.27272727272727,31.818181818181817
1192,0.514,1,0,19,18,10.0,5.14,10.526315789473683,21.052631578947366,31.57894736842105,36.84210526315789
1193,0.42,1,0,7,6,9.0,4.2,0.0,28.57142857142857,0.0,71.42857142857143
1194,0.624,1,0,19,18,10.0,6.24,0.0,42.10526315789473,36.84210526315789,21.052631578947366
1195,0.586,1,0,26,25,10.0,5.86,15.384615384615385,23.076923076923077,50.0,11.538461538461538
1196,0.49,1,0,14,13,9.0,4.9,21.428571428571427,21.428571428571427,28.57142857142857,28.57142857142857
1197,0.405,1,0,12,11,9.0,4.05,0.0,50.0,0.0,50.0
1198,0.553,1,0,17,16,10.0,5.53,29.411764705882355,29.411764705882355,23.52941176470588,17.647058823529413
1199,0.78,1,0,20,19,10.0,7.8,30.0,15.0,40.0,15.0
1200,0.488,1,0,19,18,10.0,4.88,47.368421052631575,15.789473684210526,15.789473684210526,21.052631578947366
1201,0.71,1,0,19,18,10.0,7.1,21.052631578947366,31.57894736842105,10.526315789473683,36.84210526315789
1202,0.85,1,0,20,19,10.0,8.5,20.0,25.0,40.0,15.0
1203,0.65,1,0,15,14,10.0,6.5,13.333333333333334,13.333333333333334,33.33333333333333,40.0
1204,0.446,1,0,15,14,10.0,4.46,20.0,26.666666666666668,53.333333333333336,0.0
1205,0.561,1,0,20,19,10.0,5.61,5.0,20.0,10.0,65.0
1206,0.768,1,0,23,22,10.0,7.68,17.391304347826086,26.08695652173913,52.17391304347826,4.3478260869565215
1207,0.653,1,0,18,17,10.0,6.53,22.22222222222222,11.11111111111111,61.111111111111114,5.555555555555555
1208,0.539,1,0,12,11,10.0,5.39,8.333333333333332,16.666666666666664,75.0,0.0
1209,0.81,1,0,14,13,10.0,8.1,14.285714285714285,14.285714285714285,50.0,21.428571428571427
1210,0.572,1,0,13,12,10.0,5.72,7.6923076923076925,46.15384615384615,15.384615384615385,30.76923076923077
1211,0.455,1,0,10,9,10.0,4.55,20.0,30.0,50.0,0.0
1212,0.68,1,0,22,21,10.0,6.8,59.09090909090909,13.636363636363635,22.727272727272727,4.545454545454546
1213,0.604,1,0,15,14,10.0,6.04,40.0,20.0,33.33333333333333,6.666666666666667
1214,0.609,1,0,16,15,10.0,6.09,18.75,12.5,62.5,6.25
1215,0.454,1,0,16,15,10.0,4.54,12.5,25.0,62.5,0.0
1216,0.6,1,0,20,19,10.0,6.0,15.0,10.0,30.0,45.0
1217,0.65,1,0,10,9,10.0,6.5,40.0,20.0,40.0,0.0
1218,0.416,1,0,10,9,10.0,4.16,0.0,60.0,40.0,0.0
1219,0.5,1,0,18,17,10.0,5.0,38.88888888888889,50.0,11.11111111111111,0.0
1220,0.72,1,0,15,14,10.0,7.2,20.0,13.333333333333334,60.0,6.666666666666667
1221,0.668,1,0,21,20,10.0,6.68,14.285714285714285,38.095238095238095,42.857142857142854,4.761904761904762
1222,0.554,1,0,17,16,10.0,5.54,35.294117647058826,23.52941176470588,41.17647058823529,0.0
1223,0.65,1,0,19,18,10.0,6.5,0.0,15.789473684210526,31.57894736842105,52.63157894736842
1224,0.662,1,0,30,29,10.0,6.62,23.333333333333332,16.666666666666664,50.0,10.0
1225,0.515,1,0,16,15,10.0,5.15,12.5,25.0,37.5,25.0
1226,0.515,1,0,16,15,10.0,5.15,12.5,25.0,37.5,25.0
1227,0.556,1,0,11,10,10.0,5.56,0.0,27.27272727272727,0.0,72.72727272727273
1228,0.43,1,0,10,9,10.0,4.3,20.0,50.0,30.0,0.0
1229,0.644,1,0,20,19,10.0,6.44,10.0,45.0,45.0,0.0
1230,0.5,1,0,8,7,10.0,5.0,25.0,37.5,0.0,37.5
1231,0.464,1,0,15,14,10.0,4.64,13.333333333333334,26.666666666666668,60.0,0.0
1232,0.636,1,0,17,16,10.0,6.36,0.0,17.647058823529413,58.82352941176471,23.52941176470588
1233,0.679,1,0,19,18,10.0,6.79,26.31578947368421,15.789473684210526,31.57894736842105,26.31578947368421
1234,0.8,1,0,23,22,10.0,8.0,34.78260869565217,21.73913043478261,43.47826086956522,0.0
1235,0.68,1,0,25,24,10.0,6.8,4.0,12.0,60.0,24.0
1236,0.642,1,0,18,17,10.0,6.42,0.0,33.33333333333333,50.0,16.666666666666664
1237,0.51,1,0,13,12,10.0,5.1,15.384615384615385,69.23076923076923,15.384615384615385,0.0
1238,0.72,1,0,24,23,10.0,7.2,16.666666666666664,16.666666666666664,58.333333333333336,8.333333333333332
1239,0.736,1,0,21,20,10.0,7.36,14.285714285714285,14.285714285714285,71.42857142857143,0.0
1240,0.606,1,0,17,16,10.0,6.06,0.0,82.35294117647058,17.647058823529413,0.0
1241,0.538,1,0,15,14,10.0,5.38,26.666666666666668,20.0,46.666666666666664,6.666666666666667
1242,0.695,1,0,16,15,10.0,6.95,6.25,12.5,75.0,6.25
1243,0.568,1,0,14,13,10.0,5.68,21.428571428571427,14.285714285714285,64.28571428571429,0.0
1244,0.508,1,0,21,20,10.0,5.08,0.0,47.61904761904761,52.38095238095239,0.0
1245,0.6,1,0,13,12,10.0,6.0,15.384615384615385,15.384615384615385,38.46153846153847,30.76923076923077
1246,0.59,1,0,19,18,10.0,5.9,5.263157894736842,89.47368421052632,5.263157894736842,0.0
1247,0.705,1,0,12,11,10.0,7.05,16.666666666666664,25.0,33.33333333333333,25.0
1248,0.85,1,0,10,9,10.0,8.5,50.0,20.0,30.0,0.0
1249,0.598,1,0,18,17,10.0,5.98,5.555555555555555,27.77777777777778,38.88888888888889,27.77777777777778
1250,0.64,1,0,11,10,10.0,6.4,18.181818181818183,18.181818181818183,36.36363636363637,27.27272727272727
1251,0.508,1,0,18,17,10.0,5.08,0.0,33.33333333333333,16.666666666666664,50.0
1252,0.559,1,0,14,13,10.0,5.59,28.57142857142857,21.428571428571427,50.0,0.0
1253,0.6,1,0,19,18,10.0,6.0,5.263157894736842,36.84210526315789,47.368421052631575,10.526315789473683
1254,0.589,1,0,16,15,10.0,5.89,25.0,18.75,56.25,0.0
1255,0.636,1,0,18,17,10.0,6.36,0.0,11.11111111111111,88.88888888888889,0.0
1256,0.446,1,0,14,13,10.0,4.46,14.285714285714285,14.285714285714285,71.42857142857143,0.0
1257,0.55,1,0,12,11,10.0,5.5,0.0,33.33333333333333,25.0,41.66666666666667
1258,0.48,1,0,16,15,10.0,4.8,0.0,12.5,43.75,43.75
1259,0.532,1,0,20,19,10.0,5.32,20.0,10.0,65.0,5.0
1260,0.724,1,0,29,28,10.0,7.24,10.344827586206897,24.137931034482758,24.137931034482758,41.37931034482759
1261,0.597,1,0,17,16,10.0,5.97,11.76470588235294,17.647058823529413,29.411764705882355,41.17647058823529
1262,0.704,1,0,22,21,10.0,7.04,18.181818181818183,22.727272727272727,0.0,59.09090909090909
1263,0.606,1,0,23,22,10.0,6.06,21.73913043478261,21.73913043478261,56.52173913043478,0.0
1264,0.432,1,0,13,12,10.0,4.32,38.46153846153847,15.384615384615385,38.46153846153847,7.6923076923076925
1265,0.592,1,0,29,28,10.0,5.92,0.0,13.793103448275861,72.41379310344827,13.793103448275861
1266,0.665,1,0,12,11,10.0,6.65,33.33333333333333,41.66666666666667,0.0,25.0
1267,0.616,1,0,21,20,10.0,6.16,14.285714285714285,28.57142857142857,19.047619047619047,38.095238095238095
1268,0.524,1,0,15,14,10.0,5.24,46.666666666666664,26.666666666666668,26.666666666666668,0.0
1269,0.64,1,0,18,17,10.0,6.4,33.33333333333333,16.666666666666664,33.33333333333333,16.666666666666664
1270,0.36,1,0,12,11,10.0,3.6,8.333333333333332,75.0,8.333333333333332,8.333333333333332
1271,0.434,1,0,13,12,10.0,4.34,0.0,76.92307692307693,23.076923076923077,0.0
1272,0.55,1,0,11,10,10.0,5.5,18.181818181818183,18.181818181818183,45.45454545454545,18.181818181818183
1273,0.525,1,0,9,8,10.0,5.25,11.11111111111111,33.33333333333333,55.55555555555556,0.0
1274,0.765,1,0,15,14,10.0,7.65,6.666666666666667,20.0,33.33333333333333,40.0
1275,0.728,1,0,22,21,10.0,7.28,27.27272727272727,13.636363636363635,59.09090909090909,0.0
1276,0.567,1,0,20,19,10.0,5.67,5.0,15.0,75.0,5.0
1277,0.548,1,0,16,15,10.0,5.48,12.5,43.75,43.75,0.0
1278,0.353,1,0,13,12,9.0,3.53,46.15384615384615,23.076923076923077,23.076923076923077,7.6923076923076925
1279,0.52,1,0,15,14,10.0,5.2,26.666666666666668,46.666666666666664,26.666666666666668,0.0
1280,0.62,1,0,11,10,9.0,6.2,0.0,18.181818181818183,36.36363636363637,45.45454545454545
1281,0.88,1,0,17,16,10.0,8.8,29.411764705882355,11.76470588235294,11.76470588235294,47.05882352941176
1282,0.403,1,0,10,9,10.0,4.03,30.0,20.0,50.0,0.0
1283,0.515,1,0,21,20,10.0,5.15,23.809523809523807,19.047619047619047,57.14285714285714,0.0
1284,0.65,1,0,10,9,10.0,6.5,20.0,20.0,60.0,0.0
1285,0.68,1,0,21,20,10.0,6.8,42.857142857142854,38.095238095238095,9.523809523809524,9.523809523809524
1286,0.436,1,0,13,12,10.0,4.36,15.384615384615385,23.076923076923077,46.15384615384615,15.384615384615385
1287,0.45,1,0,12,11,10.0,4.5,16.666666666666664,50.0,33.33333333333333,0.0
1288,0.63,1,0,25,24,10.0,6.3,12.0,24.0,56.00000000000001,8.0
1289,0.48,1,0,15,14,10.0,4.8,6.666666666666667,20.0,26.666666666666668,46.666666666666664
1290,0.563,1,0,16,15,10.0,5.63,43.75,18.75,37.5,0.0
1291,0.621,1,0,18,17,10.0,6.21,0.0,22.22222222222222,33.33333333333333,44.44444444444444
1292,0.52,1,0,16,15,10.0,5.2,37.5,18.75,43.75,0.0
1293,0.622,1,0,20,19,10.0,6.22,35.0,15.0,50.0,0.0
1294,0.6,1,0,17,16,10.0,6.0,23.52941176470588,11.76470588235294,58.82352941176471,5.88235294117647
1295,0.85,1,0,13,12,10.0,8.5,23.076923076923077,23.076923076923077,23.076923076923077,30.76923076923077
1296,0.594,1,0,16,15,10.0,5.94,18.75,18.75,62.5,0.0
1297,0.49,1,0,15,14,10.0,4.9,40.0,33.33333333333333,26.666666666666668,0.0
1298,0.625,1,0,10,9,10.0,6.25,0.0,60.0,40.0,0.0
1299,0.586,1,0,16,15,10.0,5.86,12.5,25.0,18.75,43.75
1300,0.707,1,0,17,16,10.0,7.07,5.88235294117647,23.52941176470588,47.05882352941176,23.52941176470588
1301,0.64,1,0,15,14,10.0,6.4,20.0,13.333333333333334,40.0,26.666666666666668
1302,0.615,1,0,12,11,10.0,6.15,16.666666666666664,83.33333333333334,0.0,0.0
1303,0.455,1,0,17,16,10.0,4.55,23.52941176470588,41.17647058823529,35.294117647058826,0.0
1304,0.568,1,0,17,16,10.0,5.68,5.88235294117647,11.76470588235294,82.35294117647058,0.0
1305,0.468,1,0,17,16,10.0,4.68,52.94117647058824,11.76470588235294,35.294117647058826,0.0
1306,0.58,1,0,14,13,10.0,5.8,7.142857142857142,14.285714285714285,78.57142857142857,0.0
1307,0.592,1,0,13,12,10.0,5.92,15.384615384615385,23.076923076923077,61.53846153846154,0.0
1308,0.635,1,0,15,14,10.0,6.35,0.0,20.0,80.0,0.0
1309,0.49,1,0,15,14,10.0,4.9,0.0,13.333333333333334,86.66666666666667,0.0
1310,0.373,1,0,11,10,10.0,3.73,18.181818181818183,54.54545454545454,0.0,27.27272727272727
1311,0.64,1,0,12,11,10.0,6.4,33.33333333333333,25.0,41.66666666666667,0.0
1312,0.672,1,0,23,22,10.0,6.72,17.391304347826086,8.695652173913043,39.130434782608695,34.78260869565217
1313,0.65,1,0,18,17,10.0,6.5,38.88888888888889,16.666666666666664,44.44444444444444,0.0
1314,0.734,1,0,16,15,10.0,7.34,25.0,18.75,31.25,25.0
1315,0.566,1,0,18,17,10.0,5.66,61.111111111111114,16.666666666666664,5.555555555555555,16.666666666666664
1316,0.432,1,0,19,18,10.0,4.32,31.57894736842105,31.57894736842105,36.84210526315789,0.0
1317,0.55,1,0,11,10,10.0,5.5,27.27272727272727,18.181818181818183,45.45454545454545,9.090909090909092
1318,0.65,1,0,10,9,10.0,6.5,10.0,20.0,40.0,30.0
1319,0.624,1,0,21,20,10.0,6.24,14.285714285714285,9.523809523809524,71.42857142857143,4.761904761904762
1320,0.53,1,0,11,10,10.0,5.3,45.45454545454545,27.27272727272727,9.090909090909092,18.181818181818183
1321,0.422,1,0,19,18,10.0,4.22,5.263157894736842,26.31578947368421,68.42105263157895,0.0
1322,0.681,1,0,22,21,10.0,6.81,27.27272727272727,22.727272727272727,18.181818181818183,31.818181818181817
1323,0.514,1,0,12,11,10.0,5.14,0.0,33.33333333333333,58.333333333333336,8.333333333333332
1324,0.517,1,0,14,13,10.0,5.17,0.0,28.57142857142857,7.142857142857142,64.28571428571429
1325,0.712,1,0,15,14,10.0,7.12,33.33333333333333,20.0,46.666666666666664,0.0
1326,0.717,1,0,19,18,10.0,7.17,0.0,15.789473684210526,47.368421052631575,36.84210526315789
1327,0.608,1,0,15,14,10.0,6.08,53.333333333333336,40.0,0.0,6.666666666666667
1328,0.708,1,0,26,25,10.0,7.08,26.923076923076923,34.61538461538461,26.923076923076923,11.538461538461538
1329,0.56,1,0,21,20,10.0,5.6,33.33333333333333,14.285714285714285,38.095238095238095,14.285714285714285
1330,0.35,1,0,10,9,10.0,3.5,10.0,20.0,70.0,0.0
1331,0.495,1,0,17,16,9.0,4.95,17.647058823529413,47.05882352941176,11.76470588235294,23.52941176470588
1332,0.62,1,0,18,17,10.0,6.2,11.11111111111111,16.666666666666664,61.111111111111114,11.11111111111111
1333,0.458,1,0,16,15,10.0,4.58,6.25,81.25,12.5,0.0
1334,0.623,1,0,22,21,10.0,6.23,13.636363636363635,36.36363636363637,50.0,0.0
1335,0.365,1,0,10,9,10.0,3.65,10.0,30.0,30.0,30.0
1336,0.55,1,0,11,10,10.0,5.5,27.27272727272727,18.181818181818183,54.54545454545454,0.0
1337,0.55,1,0,10,9,9.0,5.5,10.0,30.0,0.0,60.0
1338,0.71,1,0,24,23,10.0,7.1,0.0,20.833333333333336,41.66666666666667,37.5
1339,0.67,1,0,10,9,10.0,6.7,40.0,20.0,30.0,10.0
1340,0.78,1,0,20,19,10.0,7.8,10.0,10.0,60.0,20.0
1341,0.458,1,0,13,12,10.0,4.58,15.384615384615385,23.076923076923077,61.53846153846154,0.0
1342,0.45,1,0,14,13,10.0,4.5,0.0,57.14285714285714,42.857142857142854,0.0
1343,0.62,1,0,13,12,10.0,6.2,15.384615384615385,30.76923076923077,15.384615384615385,38.46153846153847
1344,0.395,1,0,11,10,10.0,3.95,27.27272727272727,27.27272727272727,18.181818181818183,27.27272727272727
1345,0.458,1,0,15,14,10.0,4.58,40.0,53.333333333333336,0.0,6.666666666666667
1346,0.485,1,0,14,13,10.0,4.85,28.57142857142857,35.714285714285715,0.0,35.714285714285715
1347,0.552,1,0,18,17,10.0,5.52,38.88888888888889,27.77777777777778,0.0,33.33333333333333
1348,0.7,1,0,12,11,10.0,7.0,8.333333333333332,16.666666666666664,58.333333333333336,16.666666666666664
1349,0.51,1,0,19,18,10.0,5.1,26.31578947368421,21.052631578947366,52.63157894736842,0.0
1350,0.471,1,0,18,17,10.0,4.71,16.666666666666664,33.33333333333333,50.0,0.0
1351,0.519,1,0,13,12,10.0,5.19,30.76923076923077,15.384615384615385,53.84615384615385,0.0
1352,0.67,1,0,21,20,10.0,6.7,23.809523809523807,23.809523809523807,52.38095238095239,0.0
1353,0.604,1,0,23,22,10.0,6.04,39.130434782608695,13.043478260869565,47.82608695652174,0.0
1354,0.6,1,0,20,19,10.0,6.0,45.0,15.0,15.0,25.0
1355,0.604,1,0,14,13,10.0,6.04,14.285714285714285,28.57142857142857,14.285714285714285,42.857142857142854
1356,0.604,1,0,26,25,10.0,6.04,38.46153846153847,11.538461538461538,50.0,0.0
1357,0.624,1,0,18,17,10.0,6.24,0.0,11.11111111111111,44.44444444444444,44.44444444444444
1358,0.53,1,0,13,12,10.0,5.3,7.6923076923076925,15.384615384615385,53.84615384615385,23.076923076923077
1359,0.678,1,0,25,24,10.0,6.78,0.0,20.0,52.0,28.000000000000004
1360,0.544,1,0,13,12,10.0,5.44,53.84615384615385,30.76923076923077,0.0,15.384615384615385
1361,0.56,1,0,23,22,10.0,5.6,39.130434782608695,43.47826086956522,13.043478260869565,4.3478260869565215
1362,0.576,1,0,18,17,10.0,5.76,5.555555555555555,22.22222222222222,72.22222222222221,0.0
1363,0.292,1,0,10,9,9.0,2.92,0.0,40.0,20.0,40.0
1364,0.536,1,0,15,14,10.0,5.36,40.0,20.0,13.333333333333334,26.666666666666668
1365,0.36,1,0,11,10,10.0,3.6,9.090909090909092,27.27272727272727,36.36363636363637,27.27272727272727
1366,0.482,1,0,16,15,10.0,4.82,62.5,25.0,0.0,12.5
1367,0.632,1,0,20,19,10.0,6.32,30.0,30.0,35.0,5.0
1368,0.702,1,0,21,20,10.0,7.02,33.33333333333333,33.33333333333333,9.523809523809524,23.809523809523807
1369,0.59,1,0,21,20,10.0,5.9,0.0,33.33333333333333,14.285714285714285,52.38095238095239
1370,0.63,1,0,19,18,10.0,6.3,0.0,10.526315789473683,63.1578947368421,26.31578947368421
1371,0.564,1,0,16,15,10.0,5.64,6.25,81.25,12.5,0.0
1372,0.514,1,0,15,14,10.0,5.14,0.0,26.666666666666668,6.666666666666667,66.66666666666666
1373,0.6,1,0,20,19,10.0,6.0,5.0,15.0,10.0,70.0
1374,0.468,1,0,15,14,10.0,4.68,20.0,20.0,26.666666666666668,33.33333333333333
1375,0.572,1,0,17,16,10.0,5.72,41.17647058823529,23.52941176470588,29.411764705882355,5.88235294117647
1376,0.525,1,0,17,16,10.0,5.25,23.52941176470588,17.647058823529413,41.17647058823529,17.647058823529413
1377,0.72,1,0,14,13,10.0,7.2,28.57142857142857,14.285714285714285,14.285714285714285,42.857142857142854
1378,0.712,1,0,24,23,10.0,7.12,29.166666666666668,45.83333333333333,12.5,12.5
1379,0.75,1,0,22,21,10.0,7.5,22.727272727272727,9.090909090909092,54.54545454545454,13.636363636363635
1380,0.6,1,0,20,19,10.0,6.0,15.0,25.0,60.0,0.0
1381,0.552,1,0,16,15,10.0,5.52,25.0,62.5,12.5,0.0
1382,0.792,1,0,31,30,10.0,7.92,29.03225806451613,35.483870967741936,16.129032258064516,19.35483870967742
1383,0.615,1,0,13,12,10.0,6.15,7.6923076923076925,15.384615384615385,76.92307692307693,0.0
1384,0.581,1,0,18,17,10.0,5.81,38.88888888888889,16.666666666666664,38.88888888888889,5.555555555555555
1385,0.7,1,0,13,12,10.0,7.0,46.15384615384615,15.384615384615385,38.46153846153847,0.0
1386,0.452,1,0,13,12,10.0,4.52,23.076923076923077,38.46153846153847,38.46153846153847,0.0
1387,0.62,1,0,20,19,10.0,6.2,45.0,20.0,30.0,5.0
1388,0.548,1,0,14,13,10.0,5.48,14.285714285714285,21.428571428571427,42.857142857142854,21.428571428571427
1389,0.76,1,0,14,13,10.0,7.6,14.285714285714285,21.428571428571427,42.857142857142854,21.428571428571427
1390,0.76,1,0,21,20,10.0,7.6,14.285714285714285,9.523809523809524,66.66666666666666,9.523809523809524
1391,0.47,1,0,15,14,10.0,4.7,13.333333333333334,13.333333333333334,66.66666666666666,6.666666666666667
1392,0.4,1,0,10,9,10.0,4.0,0.0,70.0,10.0,20.0
1393,0.73,1,0,18,17,10.0,7.3,0.0,11.11111111111111,83.33333333333334,5.555555555555555
1394,0.5,1,0,17,16,10.0,5.0,17.647058823529413,11.76470588235294,41.17647058823529,29.411764705882355
1395,0.488,1,0,16,15,10.0,4.88,68.75,25.0,6.25,0.0
1396,0.624,1,0,19,18,10.0,6.24,47.368421052631575,26.31578947368421,21.052631578947366,5.263157894736842
1397,0.516,1,0,16,15,10.0,5.16,18.75,31.25,50.0,0.0
1398,0.632,1,0,21,20,10.0,6.32,47.61904761904761,9.523809523809524,38.095238095238095,4.761904761904762
1399,0.5,1,0,14,13,10.0,5.0,14.285714285714285,50.0,35.714285714285715,0.0
1400,0.88,1,0,18,17,10.0,8.8,22.22222222222222,44.44444444444444,33.33333333333333,0.0
1401,0.676,1,0,22,21,10.0,6.76,59.09090909090909,22.727272727272727,9.090909090909092,9.090909090909092
1402,0.656,1,0,16,15,10.0,6.56,12.5,12.5,68.75,6.25
1403,0.572,1,0,14,13,10.0,5.72,28.57142857142857,14.285714285714285,57.14285714285714,0.0
1404,0.678,1,0,19,18,10.0,6.78,15.789473684210526,42.10526315789473,36.84210526315789,5.263157894736842
1405,0.628,1,0,19,18,10.0,6.28,31.57894736842105,21.052631578947366,10.526315789473683,36.84210526315789
1406,0.382,1,0,14,13,10.0,3.82,42.857142857142854,28.57142857142857,28.57142857142857,0.0
1407,0.588,1,0,21,20,10.0,5.88,33.33333333333333,19.047619047619047,38.095238095238095,9.523809523809524
1408,0.582,1,0,17,16,10.0,5.82,5.88235294117647,70.58823529411765,23.52941176470588,0.0
1409,0.438,1,0,15,14,10.0,4.38,40.0,33.33333333333333,20.0,6.666666666666667
1410,0.658,1,0,22,21,10.0,6.58,4.545454545454546,31.818181818181817,63.63636363636363,0.0
1411,0.536,1,0,11,10,10.0,5.36,63.63636363636363,18.181818181818183,18.181818181818183,0.0
1412,0.588,1,0,18,17,10.0,5.88,38.88888888888889,11.11111111111111,50.0,0.0
1413,0.7,1,0,19,18,10.0,7.0,26.31578947368421,21.052631578947366,52.63157894736842,0.0
1414,0.632,1,0,25,24,10.0,6.32,28.000000000000004,24.0,32.0,16.0
1415,0.678,1,0,17,16,10.0,6.78,35.294117647058826,23.52941176470588,17.647058823529413,23.52941176470588
1416,0.473,1,0,11,10,10.0,4.73,0.0,18.181818181818183,45.45454545454545,36.36363636363637
1417,0.415,1,0,9,8,9.0,4.15,22.22222222222222,22.22222222222222,22.22222222222222,33.33333333333333
1418,0.545,1,0,22,21,10.0,5.45,18.181818181818183,22.727272727272727,27.27272727272727,31.818181818181817
1419,0.69,1,0,15,14,10.0,6.9,6.666666666666667,13.333333333333334,80.0,0.0
1420,0.6,1,0,20,19,10.0,6.0,10.0,20.0,65.0,5.0
1421,0.616,1,0,19,18,10.0,6.16,21.052631578947366,10.526315789473683,68.42105263157895,0.0
1422,0.76,1,0,18,17,10.0,7.6,5.555555555555555,61.111111111111114,33.33333333333333,0.0
1423,0.51,1,0,15,14,10.0,5.1,33.33333333333333,33.33333333333333,33.33333333333333,0.0
1424,0.552,1,0,13,12,10.0,5.52,38.46153846153847,23.076923076923077,7.6923076923076925,30.76923076923077
1425,0.629,1,0,15,14,10.0,6.29,20.0,13.333333333333334,66.66666666666666,0.0
1426,0.635,1,0,14,13,10.0,6.35,14.285714285714285,28.57142857142857,21.428571428571427,35.714285714285715
1427,0.471,1,0,15,14,9.0,4.71,13.333333333333334,20.0,46.666666666666664,20.0
1428,0.556,1,0,16,15,10.0,5.56,62.5,12.5,25.0,0.0
1429,0.622,1,0,19,18,10.0,6.22,31.57894736842105,36.84210526315789,15.789473684210526,15.789473684210526
1430,0.672,1,0,21,20,10.0,6.72,23.809523809523807,14.285714285714285,47.61904761904761,14.285714285714285
1431,0.695,1,0,13,12,10.0,6.95,15.384615384615385,15.384615384615385,38.46153846153847,30.76923076923077
1432,0.632,1,0,21,20,10.0,6.32,19.047619047619047,28.57142857142857,42.857142857142854,9.523809523809524
1433,0.71,1,0,20,19,10.0,7.1,45.0,10.0,40.0,5.0
1434,0.616,1,0,16,15,10.0,6.16,18.75,25.0,43.75,12.5
1435,0.472,1,0,17,16,10.0,4.72,29.411764705882355,35.294117647058826,17.647058823529413,17.647058823529413
1436,0.542,1,0,22,21,10.0,5.42,50.0,13.636363636363635,27.27272727272727,9.090909090909092
1437,0.752,1,0,23,22,10.0,7.52,30.434782608695656,13.043478260869565,56.52173913043478,0.0
1438,0.624,1,0,21,20,10.0,6.24,14.285714285714285,23.809523809523807,61.904761904761905,0.0
1439,0.695,1,0,26,25,10.0,6.95,11.538461538461538,15.384615384615385,73.07692307692307,0.0
1440,0.842,1,0,36,35,10.0,8.42,16.666666666666664,22.22222222222222,36.11111111111111,25.0
1441,0.775,1,0,14,13,10.0,7.75,0.0,21.428571428571427,14.285714285714285,64.28571428571429
1442,0.7,1,0,15,14,9.0,7.0,40.0,13.333333333333334,33.33333333333333,13.333333333333334
1443,0.756,1,0,21,20,10.0,7.56,4.761904761904762,19.047619047619047,28.57142857142857,47.61904761904761
1444,0.668,1,0,19,18,10.0,6.68,10.526315789473683,15.789473684210526,73.68421052631578,0.0
1445,0.435,1,0,18,17,10.0,4.35,22.22222222222222,66.66666666666666,11.11111111111111,0.0
1446,0.69,1,0,13,12,10.0,6.9,0.0,23.076923076923077,15.384615384615385,61.53846153846154
1447,0.735,1,0,14,13,10.0,7.35,28.57142857142857,21.428571428571427,50.0,0.0
1448,0.454,1,0,12,11,10.0,4.54,0.0,58.333333333333336,8.333333333333332,33.33333333333333
1449,0.84,1,0,19,18,10.0,8.4,5.263157894736842,10.526315789473683,57.89473684210527,26.31578947368421
1450,0.624,1,0,23,22,10.0,6.24,34.78260869565217,39.130434782608695,26.08695652173913,0.0
1451,0.5,1,0,11,10,10.0,5.0,36.36363636363637,36.36363636363637,27.27272727272727,0.0
1452,0.701,1,0,22,21,10.0,7.01,18.181818181818183,31.818181818181817,50.0,0.0
1453,0.81,1,0,14,13,10.0,8.1,7.142857142857142,21.428571428571427,42.857142857142854,28.57142857142857
1454,0.716,1,0,24,23,10.0,7.16,0.0,12.5,58.333333333333336,29.166666666666668
1455,0.592,1,0,14,13,10.0,5.92,0.0,92.85714285714286,7.142857142857142,0.0
1456,0.614,1,0,16,15,10.0,6.14,25.0,18.75,56.25,0.0
1457,0.57,1,0,13,12,10.0,5.7,0.0,23.076923076923077,76.92307692307693,0.0
1458,0.63,1,0,19,18,10.0,6.3,0.0,26.31578947368421,15.789473684210526,57.89473684210527
1459,0.609,1,0,16,15,10.0,6.09,37.5,12.5,43.75,6.25
1460,0.56,1,0,17,16,10.0,5.6,5.88235294117647,23.52941176470588,70.58823529411765,0.0
1461,0.624,1,0,19,18,10.0,6.24,31.57894736842105,10.526315789473683,47.368421052631575,10.526315789473683
1462,0.721,1,0,19,18,10.0,7.21,5.263157894736842,31.57894736842105,52.63157894736842,10.526315789473683
1463,0.564,1,0,15,14,10.0,5.64,33.33333333333333,13.333333333333334,53.333333333333336,0.0
1464,0.56,1,0,13,12,10.0,5.6,7.6923076923076925,15.384615384615385,46.15384615384615,30.76923076923077
1465,0.592,1,0,16,15,10.0,5.92,0.0,37.5,62.5,0.0
1466,0.466,1,0,12,11,10.0,4.66,25.0,25.0,41.66666666666667,8.333333333333332
1467,0.666,1,0,16,15,10.0,6.66,18.75,25.0,56.25,0.0
1468,0.856,1,0,17,16,10.0,8.56,5.88235294117647,17.647058823529413,76.47058823529412,0.0
1469,0.865,1,0,16,15,10.0,8.65,12.5,18.75,68.75,0.0
1470,0.74,1,0,15,14,10.0,7.4,6.666666666666667,40.0,20.0,33.33333333333333
1471,0.742,1,0,20,19,10.0,7.42,10.0,15.0,0.0,75.0
1472,0.71,1,0,15,14,10.0,7.1,26.666666666666668,20.0,40.0,13.333333333333334
1473,0.8,1,0,29,28,10.0,8.0,37.93103448275862,17.24137931034483,34.48275862068966,10.344827586206897
1474,0.82,1,0,15,14,10.0,8.2,13.333333333333334,13.333333333333334,33.33333333333333,40.0
1475,0.553,1,0,14,13,9.0,5.53,0.0,21.428571428571427,21.428571428571427,57.14285714285714
1476,0.694,1,0,28,27,10.0,6.94,0.0,7.142857142857142,64.28571428571429,28.57142857142857
1477,0.5,1,0,10,9,10.0,5.0,60.0,30.0,0.0,10.0
1478,0.56,1,0,13,12,10.0,5.6,23.076923076923077,15.384615384615385,61.53846153846154,0.0
1479,0.52,1,0,13,12,10.0,5.2,23.076923076923077,23.076923076923077,53.84615384615385,0.0
1480,0.69,1,0,20,19,10.0,6.9,20.0,10.0,45.0,25.0
1481,0.381,1,0,10,9,10.0,3.81,0.0,70.0,0.0,30.0
1482,0.362,1,0,13,12,10.0,3.62,7.6923076923076925,23.076923076923077,69.23076923076923,0.0
1483,0.724,1,0,20,19,10.0,7.24,15.0,15.0,60.0,10.0
1484,0.56,1,0,15,14,10.0,5.6,26.666666666666668,13.333333333333334,53.333333333333336,6.666666666666667
1485,0.636,1,0,19,18,10.0,6.36,21.052631578947366,21.052631578947366,57.89473684210527,0.0
1486,0.572,1,0,12,11,10.0,5.72,0.0,83.33333333333334,16.666666666666664,0.0
1487,0.485,1,0,11,10,10.0,4.85,0.0,45.45454545454545,9.090909090909092,45.45454545454545
1488,0.528,1,0,14,13,10.0,5.28,28.57142857142857,28.57142857142857,0.0,42.857142857142854
1489,0.64,1,0,18,17,10.0,6.4,0.0,38.88888888888889,44.44444444444444,16.666666666666664
1490,0.52,1,0,10,9,10.0,5.2,20.0,60.0,20.0,0.0
1491,0.586,1,0,17,16,10.0,5.86,5.88235294117647,35.294117647058826,35.294117647058826,23.52941176470588
1492,0.625,1,0,16,15,10.0,6.25,18.75,18.75,25.0,37.5
1493,0.426,1,0,12,11,10.0,4.26,33.33333333333333,16.666666666666664,50.0,0.0
1494,0.72,1,0,16,15,10.0,7.2,6.25,12.5,62.5,18.75
1495,0.44,1,0,16,15,10.0,4.4,25.0,18.75,31.25,25.0
1496,0.58,1,0,17,16,10.0,5.8,0.0,17.647058823529413,76.47058823529412,5.88235294117647
1497,0.512,1,0,17,16,10.0,5.12,23.52941176470588,17.647058823529413,58.82352941176471,0.0
1498,0.55,1,0,11,10,10.0,5.5,9.090909090909092,18.181818181818183,18.181818181818183,54.54545454545454
1499,0.763,1,0,17,16,10.0,7.63,23.52941176470588,17.647058823529413,41.17647058823529,17.647058823529413
1500,0.626,1,0,20,19,10.0,6.26,0.0,10.0,20.0,70.0
1501,0.784,1,0,21,20,10.0,7.84,33.33333333333333,23.809523809523807,38.095238095238095,4.761904761904762
1502,0.482,1,0,15,14,10.0,4.82,60.0,33.33333333333333,6.666666666666667,0.0
1503,0.712,1,0,22,21,10.0,7.12,13.636363636363635,31.818181818181817,54.54545454545454,0.0
1504,0.42,1,0,15,14,10.0,4.2,40.0,26.666666666666668,33.33333333333333,0.0
1505,0.616,1,0,24,23,10.0,6.16,33.33333333333333,16.666666666666664,37.5,12.5
1506,0.438,1,0,14,13,10.0,4.38,21.428571428571427,14.285714285714285,64.28571428571429,0.0
1507,0.632,1,0,18,17,10.0,6.32,27.77777777777778,22.22222222222222,38.88888888888889,11.11111111111111
1508,0.521,1,0,17,16,10.0,5.21,41.17647058823529,17.647058823529413,17.647058823529413,23.52941176470588
1509,0.8,1,0,15,14,10.0,8.0,0.0,20.0,33.33333333333333,46.666666666666664
1510,0.696,1,0,21,20,10.0,6.96,4.761904761904762,52.38095238095239,42.857142857142854,0.0
1511,0.75,1,0,17,16,10.0,7.5,17.647058823529413,35.294117647058826,35.294117647058826,11.76470588235294
1512,0.674,1,0,17,16,10.0,6.74,23.52941176470588,11.76470588235294,41.17647058823529,23.52941176470588
1513,0.624,1,0,19,18,10.0,6.24,5.263157894736842,10.526315789473683,84.21052631578947,0.0
1514,0.621,1,0,15,14,10.0,6.21,26.666666666666668,33.33333333333333,40.0,0.0
1515,0.632,1,0,16,15,10.0,6.32,0.0,18.75,31.25,50.0
1516,0.723,1,0,19,18,10.0,7.23,21.052631578947366,5.263157894736842,68.42105263157895,5.263157894736842
1517,0.75,1,0,15,14,10.0,7.5,20.0,13.333333333333334,66.66666666666666,0.0
1518,0.635,1,0,13,12,10.0,6.35,15.384615384615385,7.6923076923076925,69.23076923076923,7.6923076923076925
1519,0.61,1,0,17,16,10.0,6.1,11.76470588235294,47.05882352941176,35.294117647058826,5.88235294117647
1520,0.42,1,0,12,11,9.0,4.2,33.33333333333333,25.0,16.666666666666664,25.0
1521,0.696,1,0,18,17,10.0,6.96,0.0,11.11111111111111,22.22222222222222,66.66666666666666
1522,0.612,1,0,22,21,10.0,6.12,13.636363636363635,18.181818181818183,63.63636363636363,4.545454545454546
1523,0.574,1,0,17,16,10.0,5.74,41.17647058823529,35.294117647058826,11.76470588235294,11.76470588235294
1524,0.44,1,0,8,7,10.0,4.4,37.5,25.0,37.5,0.0
1525,0.652,1,0,16,15,10.0,6.52,6.25,37.5,12.5,43.75
1526,0.688,1,0,24,23,10.0,6.88,8.333333333333332,45.83333333333333,37.5,8.333333333333332
1527,0.68,1,0,21,20,10.0,6.8,19.047619047619047,23.809523809523807,52.38095238095239,4.761904761904762
1528,0.536,1,0,21,20,10.0,5.36,4.761904761904762,23.809523809523807,38.095238095238095,33.33333333333333
1529,0.6,1,0,17,16,10.0,6.0,29.411764705882355,17.647058823529413,29.411764705882355,23.52941176470588
1530,0.701,1,0,21,20,10.0,7.01,14.285714285714285,14.285714285714285,52.38095238095239,19.047619047619047
1531,0.665,1,0,10,9,10.0,6.65,0.0,20.0,60.0,20.0
1532,0.628,1,0,17,16,10.0,6.28,41.17647058823529,35.294117647058826,23.52941176470588,0.0
1533,0.63,1,0,11,10,10.0,6.3,27.27272727272727,18.181818181818183,9.090909090909092,45.45454545454545
1534,0.489,1,0,14,13,10.0,4.89,14.285714285714285,42.857142857142854,21.428571428571427,21.428571428571427
1535,0.636,1,0,21,20,10.0,6.36,0.0,66.66666666666666,28.57142857142857,4.761904761904762
1536,0.471,1,0,14,13,10.0,4.71,21.428571428571427,14.285714285714285,64.28571428571429,0.0
1537,0.678,1,0,20,19,10.0,6.78,25.0,15.0,30.0,30.0
1538,0.441,1,0,12,11,10.0,4.41,33.33333333333333,41.66666666666667,8.333333333333332,16.666666666666664
1539,0.585,1,0,10,9,10.0,5.85,30.0,20.0,50.0,0.0
1540,0.462,1,0,17,16,10.0,4.62,0.0,23.52941176470588,35.294117647058826,41.17647058823529
1541,0.74,1,0,14,13,10.0,7.4,7.142857142857142,14.285714285714285,42.857142857142854,35.714285714285715
1542,0.694,1,0,20,19,10.0,6.94,5.0,10.0,30.0,55.00000000000001
1543,0.66,1,0,21,20,10.0,6.6,47.61904761904761,14.285714285714285,33.33333333333333,4.761904761904762
1544,0.412,1,0,10,9,10.0,4.12,10.0,40.0,10.0,40.0
1545,0.68,1,0,16,15,10.0,6.8,31.25,31.25,31.25,6.25
1546,0.628,1,0,16,15,10.0,6.28,0.0,12.5,56.25,31.25
1547,0.548,1,0,13,12,10.0,5.48,0.0,23.076923076923077,61.53846153846154,15.384615384615385
1548,0.564,1,0,19,18,10.0,5.64,10.526315789473683,21.052631578947366,57.89473684210527,10.526315789473683
1549,0.68,1,0,23,22,10.0,6.8,0.0,17.391304347826086,52.17391304347826,30.434782608695656
1550,0.478,1,0,16,15,10.0,4.78,37.5,31.25,12.5,18.75
1551,0.688,1,0,25,24,10.0,6.88,36.0,20.0,28.000000000000004,16.0
1552,0.511,1,0,16,15,10.0,5.11,25.0,12.5,50.0,12.5
1553,0.704,1,0,19,18,10.0,7.04,26.31578947368421,15.789473684210526,52.63157894736842,5.263157894736842
1554,0.626,1,0,18,17,10.0,6.26,22.22222222222222,16.666666666666664,50.0,11.11111111111111
1555,0.718,1,0,21,20,10.0,7.18,0.0,61.904761904761905,38.095238095238095,0.0
1556,0.787,1,0,14,13,10.0,7.87,14.285714285714285,14.285714285714285,71.42857142857143,0.0
1557,0.592,1,0,16,15,10.0,5.92,6.25,43.75,31.25,18.75
1558,0.372,1,0,11,10,9.0,3.72,36.36363636363637,36.36363636363637,18.181818181818183,9.090909090909092
1559,0.558,1,0,17,16,10.0,5.58,0.0,29.411764705882355,41.17647058823529,29.411764705882355
1560,0.697,1,0,20,19,10.0,6.97,40.0,35.0,10.0,15.0
1561,0.624,1,0,22,21,10.0,6.24,18.181818181818183,31.818181818181817,40.909090909090914,9.090909090909092
1562,0.62,1,0,11,10,10.0,6.2,27.27272727272727,27.27272727272727,45.45454545454545,0.0
1563,0.588,1,0,17,16,10.0,5.88,11.76470588235294,11.76470588235294,76.47058823529412,0.0
1564,0.66,1,0,18,17,10.0,6.6,27.77777777777778,16.666666666666664,50.0,5.555555555555555
1565,0.604,1,0,17,16,10.0,6.04,23.52941176470588,17.647058823529413,23.52941176470588,35.294117647058826
1566,0.63,1,0,13,12,10.0,6.3,46.15384615384615,23.076923076923077,30.76923076923077,0.0
1567,0.6,1,0,17,16,10.0,6.0,23.52941176470588,29.411764705882355,17.647058823529413,29.411764705882355
1568,0.508,1,0,17,16,10.0,5.08,0.0,17.647058823529413,23.52941176470588,58.82352941176471
1569,0.65,1,0,18,17,10.0,6.5,5.555555555555555,22.22222222222222,72.22222222222221,0.0
1570,0.604,1,0,19,18,10.0,6.04,15.789473684210526,52.63157894736842,31.57894736842105,0.0
1571,0.805,1,0,19,18,10.0,8.05,0.0,15.789473684210526,84.21052631578947,0.0
1572,0.625,1,0,12,11,10.0,6.25,8.333333333333332,16.666666666666664,75.0,0.0
1573,0.581,1,0,15,14,10.0,5.81,20.0,26.666666666666668,20.0,33.33333333333333
1574,0.526,1,0,16,15,10.0,5.26,0.0,62.5,25.0,12.5
1575,0.664,1,0,28,27,10.0,6.64,28.57142857142857,10.714285714285714,60.71428571428571,0.0
1576,0.92,1,0,15,14,10.0,9.2,6.666666666666667,20.0,40.0,33.33333333333333
1577,0.592,1,0,19,18,10.0,5.92,42.10526315789473,10.526315789473683,47.368421052631575,0.0
1578,0.68,1,0,13,12,10.0,6.8,7.6923076923076925,23.076923076923077,46.15384615384615,23.076923076923077
1579,0.65,1,0,15,14,10.0,6.5,60.0,13.333333333333334,26.666666666666668,0.0
1580,0.776,1,0,20,19,10.0,7.76,10.0,10.0,60.0,20.0
1581,0.79,1,0,17,16,10.0,7.9,23.52941176470588,11.76470588235294,64.70588235294117,0.0
1582,0.61,1,0,17,16,10.0,6.1,35.294117647058826,17.647058823529413,47.05882352941176,0.0
1583,0.54,1,0,11,10,10.0,5.4,54.54545454545454,18.181818181818183,27.27272727272727,0.0
1584,0.424,1,0,14,13,10.0,4.24,0.0,57.14285714285714,28.57142857142857,14.285714285714285
1585,0.416,1,0,13,12,10.0,4.16,0.0,46.15384615384615,0.0,53.84615384615385
1586,0.595,1,0,14,13,10.0,5.95,28.57142857142857,28.57142857142857,14.285714285714285,28.57142857142857
1587,0.524,1,0,17,16,10.0,5.24,0.0,17.647058823529413,35.294117647058826,47.05882352941176
1588,0.508,1,0,18,17,10.0,5.08,22.22222222222222,27.77777777777778,22.22222222222222,27.77777777777778
1589,0.391,1,0,12,11,9.0,3.91,8.333333333333332,91.66666666666666,0.0,0.0
1590,0.368,1,0,11,10,10.0,3.68,9.090909090909092,54.54545454545454,27.27272727272727,9.090909090909092
1591,0.54,1,0,13,12,10.0,5.4,38.46153846153847,7.6923076923076925,53.84615384615385,0.0
1592,0.56,1,0,16,15,10.0,5.6,18.75,18.75,31.25,31.25
1593,0.588,1,0,24,23,10.0,5.88,12.5,16.666666666666664,70.83333333333334,0.0
1594,0.588,1,0,19,18,10.0,5.88,10.526315789473683,31.57894736842105,36.84210526315789,21.052631578947366
1595,0.79,1,0,24,23,10.0,7.9,20.833333333333336,8.333333333333332,66.66666666666666,4.166666666666666
1596,0.459,1,0,12,11,9.0,4.59,0.0,83.33333333333334,16.666666666666664,0.0
1597,0.59,1,0,16,15,10.0,5.9,12.5,25.0,31.25,31.25
1598,0.275,1,0,8,7,9.0,2.75,25.0,62.5,12.5,0.0
1599,0.688,1,0,22,21,10.0,6.88,13.636363636363635,22.727272727272727,36.36363636363637,27.27272727272727
1600,0.672,1,0,19,18,10.0,6.72,10.526315789473683,36.84210526315789,36.84210526315789,15.789473684210526
1601,0.836,1,0,20,19,10.0,8.36,40.0,10.0,35.0,15.0
1602,0.648,1,0,19,18,10.0,6.48,0.0,10.526315789473683,31.57894736842105,57.89473684210527
1603,0.614,1,0,14,13,10.0,6.14,14.285714285714285,21.428571428571427,14.285714285714285,50.0
1604,0.49,1,0,15,14,10.0,4.9,20.0,20.0,26.666666666666668,33.33333333333333
1605,0.547,1,0,15,14,10.0,5.47,33.33333333333333,40.0,0.0,26.666666666666668
1606,0.727,1,0,22,21,10.0,7.27,27.27272727272727,18.181818181818183,36.36363636363637,18.181818181818183
1607,0.566,1,0,20,19,10.0,5.66,25.0,35.0,10.0,30.0
1608,0.48,1,0,15,14,10.0,4.8,40.0,26.666666666666668,33.33333333333333,0.0
1609,0.377,1,0,11,10,10.0,3.77,27.27272727272727,27.27272727272727,36.36363636363637,9.090909090909092
1610,0.6,1,0,20,19,10.0,6.0,15.0,20.0,65.0,0.0
1611,0.79,1,0,12,11,10.0,7.9,0.0,25.0,50.0,25.0
1612,0.644,1,0,18,17,10.0,6.44,22.22222222222222,22.22222222222222,33.33333333333333,22.22222222222222
1613,0.264,1,0,13,12,10.0,2.64,7.6923076923076925,46.15384615384615,46.15384615384615,0.0
1614,0.584,1,0,14,13,10.0,5.84,28.57142857142857,21.428571428571427,42.857142857142854,7.142857142857142
1615,0.392,1,0,16,15,10.0,3.92,12.5,81.25,6.25,0.0
1616,0.496,1,0,18,17,10.0,4.96,38.88888888888889,27.77777777777778,27.77777777777778,5.555555555555555
1617,0.56,1,0,16,15,10.0,5.6,0.0,18.75,81.25,0.0
1618,0.78,1,0,17,16,10.0,7.8,11.76470588235294,11.76470588235294,76.47058823529412,0.0
1619,0.805,1,0,17,16,10.0,8.05,29.411764705882355,29.411764705882355,23.52941176470588,17.647058823529413
1620,0.672,1,0,23,22,10.0,6.72,8.695652173913043,43.47826086956522,47.82608695652174,0.0
1621,0.526,1,0,15,14,9.0,5.26,53.333333333333336,46.666666666666664,0.0,0.0
1622,0.566,1,0,15,14,10.0,5.66,26.666666666666668,20.0,33.33333333333333,20.0
1623,0.64,1,0,14,13,10.0,6.4,14.285714285714285,14.285714285714285,50.0,21.428571428571427
1624,0.614,1,0,16,15,10.0,6.14,25.0,18.75,25.0,31.25
1625,0.71,1,0,13,12,10.0,7.1,15.384615384615385,30.76923076923077,7.6923076923076925,46.15384615384615
1626,0.5,1,0,20,19,10.0,5.0,10.0,50.0,10.0,30.0
1627,0.458,1,0,11,10,10.0,4.58,36.36363636363637,27.27272727272727,18.181818181818183,18.181818181818183
1628,0.683,1,0,21,20,10.0,6.83,19.047619047619047,14.285714285714285,33.33333333333333,33.33333333333333
1629,0.465,1,0,13,12,10.0,4.65,46.15384615384615,30.76923076923077,0.0,23.076923076923077
1630,0.75,1,0,23,22,10.0,7.5,4.3478260869565215,47.82608695652174,39.130434782608695,8.695652173913043
1631,0.527,1,0,15,14,10.0,5.27,40.0,6.666666666666667,53.333333333333336,0.0
1632,0.284,1,0,10,9,8.0,2.84,10.0,20.0,50.0,20.0
1633,0.432,1,0,14,13,10.0,4.32,42.857142857142854,21.428571428571427,35.714285714285715,0.0
1634,0.55,1,0,15,14,10.0,5.5,53.333333333333336,26.666666666666668,20.0,0.0
1635,0.724,1,0,21,20,10.0,7.24,9.523809523809524,23.809523809523807,9.523809523809524,57.14285714285714
1636,0.728,1,0,23,22,10.0,7.28,13.043478260869565,52.17391304347826,34.78260869565217,0.0
1637,0.7,1,0,20,19,10.0,7.0,10.0,15.0,75.0,0.0
1638,0.752,1,0,20,19,10.0,7.52,5.0,20.0,50.0,25.0
1639,0.552,1,0,15,14,10.0,5.52,26.666666666666668,13.333333333333334,40.0,20.0
1640,0.7,1,0,18,17,10.0,7.0,5.555555555555555,11.11111111111111,72.22222222222221,11.11111111111111
1641,0.553,1,0,19,18,10.0,5.53,5.263157894736842,26.31578947368421,31.57894736842105,36.84210526315789
1642,0.433,1,0,12,11,10.0,4.33,25.0,50.0,0.0,25.0
1643,0.57,1,0,15,14,10.0,5.7,33.33333333333333,6.666666666666667,60.0,0.0
1644,0.555,1,0,13,12,10.0,5.55,23.076923076923077,23.076923076923077,0.0,53.84615384615385
1645,0.49,1,0,11,10,10.0,4.9,18.181818181818183,36.36363636363637,45.45454545454545,0.0
1646,0.486,1,0,15,14,10.0,4.86,33.33333333333333,26.666666666666668,6.666666666666667,33.33333333333333
1647,0.49,1,0,15,14,10.0,4.9,26.666666666666668,13.333333333333334,53.333333333333336,6.666666666666667
1648,0.6,1,0,15,14,10.0,6.0,26.666666666666668,13.333333333333334,26.666666666666668,33.33333333333333
1649,0.772,1,0,31,30,10.0,7.72,0.0,19.35483870967742,58.06451612903226,22.58064516129032
1650,0.68,1,0,20,19,10.0,6.8,30.0,15.0,55.00000000000001,0.0
1651,0.788,1,0,21,20,10.0,7.88,4.761904761904762,33.33333333333333,33.33333333333333,28.57142857142857
1652,0.792,1,0,24,23,10.0,7.92,4.166666666666666,12.5,83.33333333333334,0.0
1653,0.614,1,0,16,15,10.0,6.14,18.75,18.75,31.25,31.25
1654,0.572,1,0,20,19,10.0,5.72,45.0,20.0,15.0,20.0
1655,0.683,1,0,16,15,10.0,6.83,6.25,18.75,75.0,0.0
1656,0.556,1,0,21,20,10.0,5.56,23.809523809523807,23.809523809523807,23.809523809523807,28.57142857142857
1657,0.594,1,0,18,17,10.0,5.94,0.0,22.22222222222222,50.0,27.77777777777778
1658,0.572,1,0,17,16,10.0,5.72,11.76470588235294,11.76470588235294,64.70588235294117,11.76470588235294
1659,0.586,1,0,20,19,10.0,5.86,10.0,35.0,15.0,40.0
1660,0.71,1,0,11,10,10.0,7.1,36.36363636363637,18.181818181818183,45.45454545454545,0.0
1661,0.615,1,0,11,10,10.0,6.15,0.0,18.181818181818183,63.63636363636363,18.181818181818183
1662,0.508,1,0,12,11,10.0,5.08,0.0,16.666666666666664,83.33333333333334,0.0
1663,0.504,1,0,23,22,10.0,5.04,17.391304347826086,21.73913043478261,56.52173913043478,4.3478260869565215
1664,0.78,1,0,26,25,10.0,7.8,0.0,7.6923076923076925,73.07692307692307,19.230769230769234
1665,0.54,1,0,20,19,10.0,5.4,30.0,55.00000000000001,0.0,15.0
1666,0.695,1,0,23,22,10.0,6.95,4.3478260869565215,13.043478260869565,30.434782608695656,52.17391304347826
1667,0.698,1,0,19,18,10.0,6.98,5.263157894736842,10.526315789473683,36.84210526315789,47.368421052631575
1668,0.62,1,0,20,19,10.0,6.2,10.0,15.0,30.0,45.0
1669,0.49,1,0,18,17,10.0,4.9,0.0,11.11111111111111,27.77777777777778,61.111111111111114
1670,0.728,1,0,24,23,10.0,7.28,4.166666666666666,16.666666666666664,79.16666666666666,0.0
1671,0.388,1,0,14,13,10.0,3.88,21.428571428571427,42.857142857142854,35.714285714285715,0.0
1672,0.56,1,0,16,15,10.0,5.6,37.5,37.5,12.5,12.5
1673,0.335,1,0,11,10,10.0,3.35,9.090909090909092,45.45454545454545,27.27272727272727,18.181818181818183
1674,0.375,1,0,9,8,10.0,3.75,33.33333333333333,44.44444444444444,22.22222222222222,0.0
1675,0.345,1,0,13,12,10.0,3.45,46.15384615384615,30.76923076923077,0.0,23.076923076923077
1676,0.62,1,0,12,11,10.0,6.2,8.333333333333332,16.666666666666664,50.0,25.0
1677,0.572,1,0,13,12,10.0,5.72,46.15384615384615,15.384615384615385,38.46153846153847,0.0
1678,0.642,1,0,23,22,10.0,6.42,0.0,73.91304347826086,21.73913043478261,4.3478260869565215
1679,0.539,1,0,16,15,10.0,5.39,37.5,37.5,25.0,0.0
1680,0.528,1,0,14,13,10.0,5.28,50.0,21.428571428571427,21.428571428571427,7.142857142857142
1681,0.46,1,0,11,10,10.0,4.6,9.090909090909092,27.27272727272727,27.27272727272727,36.36363636363637
1682,0.54,1,0,13,12,10.0,5.4,15.384615384615385,30.76923076923077,53.84615384615385,0.0
1683,0.62,1,0,17,16,10.0,6.2,29.411764705882355,17.647058823529413,41.17647058823529,11.76470588235294
1684,0.805,1,0,20,19,10.0,8.05,25.0,10.0,55.00000000000001,10.0
1685,0.626,1,0,24,23,10.0,6.26,45.83333333333333,12.5,33.33333333333333,8.333333333333332
1686,0.696,1,0,21,20,10.0,6.96,14.285714285714285,9.523809523809524,66.66666666666666,9.523809523809524
1687,0.668,1,0,12,11,10.0,6.68,0.0,16.666666666666664,75.0,8.333333333333332
1688,0.7,1,0,19,18,10.0,7.0,31.57894736842105,26.31578947368421,42.10526315789473,0.0
1689,0.615,1,0,13,12,10.0,6.15,7.6923076923076925,15.384615384615385,53.84615384615385,23.076923076923077
1690,0.424,1,0,12,11,10.0,4.24,33.33333333333333,33.33333333333333,33.33333333333333,0.0
1691,0.509,1,0,14,13,10.0,5.09,57.14285714285714,7.142857142857142,35.714285714285715,0.0
1692,0.6,1,0,19,18,10.0,6.0,0.0,26.31578947368421,15.789473684210526,57.89473684210527
1693,0.645,1,0,21,20,10.0,6.45,14.285714285714285,47.61904761904761,23.809523809523807,14.285714285714285
1694,0.568,1,0,19,18,10.0,5.68,0.0,63.1578947368421,36.84210526315789,0.0
1695,0.62,1,0,16,15,10.0,6.2,25.0,25.0,25.0,25.0
1696,0.575,1,0,12,11,10.0,5.75,16.666666666666664,16.666666666666664,66.66666666666666,0.0
1697,0.654,1,0,22,21,10.0,6.54,18.181818181818183,13.636363636363635,27.27272727272727,40.909090909090914
1698,0.75,1,0,22,21,10.0,7.5,9.090909090909092,59.09090909090909,13.636363636363635,18.181818181818183
1699,0.568,1,0,18,17,10.0,5.68,5.555555555555555,27.77777777777778,16.666666666666664,50.0
1700,0.4,1,0,10,9,9.0,4.0,20.0,70.0,0.0,10.0
1701,0.395,1,0,16,15,10.0,3.95,12.5,37.5,50.0,0.0
1702,0.86,1,0,19,18,10.0,8.6,15.789473684210526,10.526315789473683,68.42105263157895,5.263157894736842
1703,0.574,1,0,19,18,10.0,5.74,31.57894736842105,21.052631578947366,31.57894736842105,15.789473684210526
1704,0.492,1,0,13,12,10.0,4.92,7.6923076923076925,15.384615384615385,76.92307692307693,0.0
1705,0.596,1,0,20,19,10.0,5.96,50.0,20.0,25.0,5.0
1706,0.696,1,0,21,20,10.0,6.96,52.38095238095239,33.33333333333333,9.523809523809524,4.761904761904762
1707,0.622,1,0,18,17,10.0,6.22,27.77777777777778,38.88888888888889,22.22222222222222,11.11111111111111
1708,0.507,1,0,17,16,10.0,5.07,23.52941176470588,17.647058823529413,58.82352941176471,0.0
1709,0.67,1,0,19,18,10.0,6.7,26.31578947368421,31.57894736842105,0.0,42.10526315789473
1710,0.375,1,0,9,8,10.0,3.75,11.11111111111111,33.33333333333333,44.44444444444444,11.11111111111111
1711,0.552,1,0,19,18,10.0,5.52,52.63157894736842,10.526315789473683,36.84210526315789,0.0
1712,0.546,1,0,17,16,10.0,5.46,0.0,76.47058823529412,23.52941176470588,0.0
1713,0.624,1,0,20,19,10.0,6.24,0.0,15.0,75.0,10.0
1714,0.552,1,0,16,15,10.0,5.52,6.25,12.5,81.25,0.0
1715,0.538,1,0,22,21,10.0,5.38,0.0,22.727272727272727,50.0,27.27272727272727
1716,0.613,1,0,19,18,10.0,6.13,36.84210526315789,10.526315789473683,52.63157894736842,0.0
1717,0.756,1,0,24,23,10.0,7.56,20.833333333333336,20.833333333333336,29.166666666666668,29.166666666666668
1718,0.57,1,0,12,11,10.0,5.7,0.0,66.66666666666666,25.0,8.333333333333332
1719,0.696,1,0,19,18,10.0,6.96,10.526315789473683,21.052631578947366,15.789473684210526,52.63157894736842
1720,0.86,1,0,19,18,10.0,8.6,63.1578947368421,10.526315789473683,26.31578947368421,0.0
1721,0.504,1,0,18,17,10.0,5.04,11.11111111111111,44.44444444444444,0.0,44.44444444444444
1722,0.658,1,0,21,20,10.0,6.58,14.285714285714285,9.523809523809524,42.857142857142854,33.33333333333333
1723,0.72,1,0,15,14,10.0,7.2,20.0,26.666666666666668,53.333333333333336,0.0
1724,0.672,1,0,23,22,10.0,6.72,43.47826086956522,17.391304347826086,34.78260869565217,4.3478260869565215
1725,0.638,1,0,26,25,10.0,6.38,30.76923076923077,26.923076923076923,38.46153846153847,3.8461538461538463
1726,0.579,1,0,19,18,10.0,5.79,26.31578947368421,21.052631578947366,52.63157894736842,0.0
1727,0.75,1,0,26,25,10.0,7.5,0.0,19.230769230769234,76.92307692307693,3.8461538461538463
1728,0.593,1,0,23,22,10.0,5.93,8.695652173913043,21.73913043478261,17.391304347826086,52.17391304347826
1729,0.808,1,0,14,13,10.0,8.08,0.0,14.285714285714285,64.28571428571429,21.428571428571427
1730,0.564,1,0,18,17,10.0,5.64,11.11111111111111,11.11111111111111,77.77777777777779,0.0
1731,0.6,1,0,13,12,10.0,6.0,7.6923076923076925,38.46153846153847,46.15384615384615,7.6923076923076925
1732,0.442,1,0,14,13,10.0,4.42,28.57142857142857,21.428571428571427,28.57142857142857,21.428571428571427
1733,0.788,1,0,22,21,10.0,7.88,9.090909090909092,22.727272727272727,31.818181818181817,36.36363636363637
1734,0.64,1,0,15,14,10.0,6.4,20.0,26.666666666666668,53.333333333333336,0.0
1735,0.8,1,0,16,15,10.0,8.0,12.5,25.0,37.5,25.0
1736,0.604,1,0,14,13,10.0,6.04,57.14285714285714,7.142857142857142,35.714285714285715,0.0
1737,0.575,1,0,12,11,10.0,5.75,8.333333333333332,33.33333333333333,50.0,8.333333333333332
1738,0.425,1,0,9,8,10.0,4.25,33.33333333333333,44.44444444444444,0.0,22.22222222222222
1739,0.414,1,0,12,11,8.0,4.14,8.333333333333332,66.66666666666666,25.0,0.0
1740,0.55,1,0,15,14,10.0,5.5,6.666666666666667,20.0,73.33333333333333,0.0
1741,0.624,1,0,17,16,10.0,6.24,23.52941176470588,41.17647058823529,29.411764705882355,5.88235294117647
1742,0.378,1,0,12,11,10.0,3.78,25.0,33.33333333333333,41.66666666666667,0.0
1743,0.54,1,0,19,18,10.0,5.4,15.789473684210526,42.10526315789473,36.84210526315789,5.263157894736842
1744,0.452,1,0,13,12,10.0,4.52,23.076923076923077,30.76923076923077,7.6923076923076925,38.46153846153847
1745,0.6,1,0,15,14,10.0,6.0,6.666666666666667,20.0,40.0,33.33333333333333
1746,0.752,1,0,23,22,10.0,7.52,0.0,34.78260869565217,47.82608695652174,17.391304347826086
1747,0.632,1,0,14,13,10.0,6.32,21.428571428571427,28.57142857142857,42.857142857142854,7.142857142857142
1748,0.55,1,0,14,13,10.0,5.5,0.0,14.285714285714285,78.57142857142857,7.142857142857142
1749,0.6,1,0,20,19,10.0,6.0,55.00000000000001,10.0,30.0,5.0
1750,0.696,1,0,25,24,10.0,6.96,4.0,64.0,32.0,0.0
1751,0.616,1,0,15,14,10.0,6.16,26.666666666666668,20.0,13.333333333333334,40.0
1752,0.57,1,0,16,15,10.0,5.7,12.5,12.5,68.75,6.25
1753,0.47,1,0,15,14,10.0,4.7,33.33333333333333,26.666666666666668,40.0,0.0
1754,0.585,1,0,16,15,10.0,5.85,25.0,18.75,43.75,12.5
1755,0.508,1,0,12,11,10.0,5.08,25.0,58.333333333333336,0.0,16.666666666666664
1756,0.64,1,0,19,18,10.0,6.4,42.10526315789473,21.052631578947366,21.052631578947366,15.789473684210526
1757,0.584,1,0,17,16,10.0,5.84,35.294117647058826,11.76470588235294,52.94117647058824,0.0
1758,0.72,1,0,22,21,10.0,7.2,9.090909090909092,31.818181818181817,59.09090909090909,0.0
1759,0.63,1,0,15,14,10.0,6.3,13.333333333333334,20.0,26.666666666666668,40.0
1760,0.369,1,0,11,10,10.0,3.69,9.090909090909092,27.27272727272727,18.181818181818183,45.45454545454545
1761,0.544,1,0,21,20,10.0,5.44,14.285714285714285,9.523809523809524,42.857142857142854,33.33333333333333
1762,0.51,1,0,20,19,10.0,5.1,35.0,25.0,40.0,0.0
1763,0.562,1,0,19,18,10.0,5.62,5.263157894736842,26.31578947368421,36.84210526315789,31.57894736842105
1764,0.453,1,0,14,13,10.0,4.53,14.285714285714285,14.285714285714285,71.42857142857143,0.0
1765,0.55,1,0,21,20,10.0,5.5,0.0,14.285714285714285,52.38095238095239,33.33333333333333
1766,0.66,1,0,26,25,10.0,6.6,26.923076923076923,19.230769230769234,38.46153846153847,15.384615384615385
1767,0.676,1,0,23,22,10.0,6.76,21.73913043478261,17.391304347826086,60.86956521739131,0.0
1768,0.6,1,0,16,15,10.0,6.0,12.5,18.75,43.75,25.0
1769,0.734,1,0,17,16,10.0,7.34,23.52941176470588,29.411764705882355,29.411764705882355,17.647058823529413
1770,0.732,1,0,30,29,10.0,7.32,40.0,10.0,50.0,0.0
1771,0.484,1,0,13,12,10.0,4.84,23.076923076923077,30.76923076923077,15.384615384615385,30.76923076923077
1772,0.733,1,0,17,16,10.0,7.33,29.411764705882355,11.76470588235294,47.05882352941176,11.76470588235294
1773,0.784,1,0,20,19,10.0,7.84,10.0,25.0,25.0,40.0
1774,0.64,1,0,15,14,10.0,6.4,0.0,13.333333333333334,86.66666666666667,0.0
1775,0.576,1,0,18,17,10.0,5.76,33.33333333333333,11.11111111111111,55.55555555555556,0.0
1776,0.47,1,0,14,13,10.0,4.7,7.142857142857142,85.71428571428571,0.0,7.142857142857142
1777,0.68,1,0,11,10,10.0,6.8,36.36363636363637,18.181818181818183,27.27272727272727,18.181818181818183
1778,0.55,1,0,9,8,10.0,5.5,22.22222222222222,22.22222222222222,33.33333333333333,22.22222222222222
1779,0.655,1,0,17,16,10.0,6.55,0.0,41.17647058823529,29.411764705882355,29.411764705882355
1780,0.364,1,0,14,13,10.0,3.64,7.142857142857142,57.14285714285714,35.714285714285715,0.0
1781,0.471,1,0,15,14,10.0,4.71,13.333333333333334,13.333333333333334,73.33333333333333,0.0
1782,0.62,1,0,14,13,10.0,6.2,21.428571428571427,14.285714285714285,64.28571428571429,0.0
1783,0.325,1,0,14,13,10.0,3.25,7.142857142857142,64.28571428571429,21.428571428571427,7.142857142857142
1784,0.644,1,0,23,22,10.0,6.44,8.695652173913043,8.695652173913043,82.6086956521739,0.0
1785,0.688,1,0,25,24,10.0,6.88,28.000000000000004,36.0,24.0,12.0
1786,0.59,1,0,18,17,10.0,5.9,38.88888888888889,11.11111111111111,33.33333333333333,16.666666666666664
1787,0.572,1,0,15,14,10.0,5.72,20.0,13.333333333333334,46.666666666666664,20.0
1788,0.645,1,0,21,20,10.0,6.45,47.61904761904761,23.809523809523807,28.57142857142857,0.0
1789,0.661,1,0,19,18,10.0,6.61,31.57894736842105,26.31578947368421,36.84210526315789,5.263157894736842
1790,0.588,1,0,16,15,10.0,5.88,12.5,31.25,43.75,12.5
1791,0.668,1,0,18,17,10.0,6.68,11.11111111111111,16.666666666666664,72.22222222222221,0.0
1792,0.405,1,0,12,11,10.0,4.05,0.0,25.0,41.66666666666667,33.33333333333333
1793,0.625,1,0,11,10,10.0,6.25,36.36363636363637,18.181818181818183,45.45454545454545,0.0
1794,0.604,1,0,21,20,10.0,6.04,23.809523809523807,23.809523809523807,52.38095238095239,0.0
1795,0.472,1,0,13,12,10.0,4.72,30.76923076923077,30.76923076923077,23.076923076923077,15.384615384615385
1796,0.556,1,0,16,15,9.0,5.56,62.5,12.5,25.0,0.0
1797,0.42,1,0,12,11,10.0,4.2,41.66666666666667,41.66666666666667,8.333333333333332,8.333333333333332
1798,0.558,1,0,20,19,10.0,5.58,5.0,15.0,70.0,10.0
1799,0.536,1,0,16,15,10.0,5.36,12.5,18.75,68.75,0.0
1800,0.44,1,0,9,8,10.0,4.4,44.44444444444444,44.44444444444444,11.11111111111111,0.0
1801,0.82,1,0,20,19,10.0,8.2,5.0,15.0,55.00000000000001,25.0
1802,0.47,1,0,13,12,10.0,4.7,38.46153846153847,30.76923076923077,23.076923076923077,7.6923076923076925
1803,0.569,1,0,13,12,10.0,5.69,53.84615384615385,15.384615384615385,30.76923076923077,0.0
1804,0.545,1,0,16,15,10.0,5.45,18.75,12.5,68.75,0.0
1805,0.474,1,0,18,17,10.0,4.74,0.0,77.77777777777779,22.22222222222222,0.0
1806,0.664,1,0,22,21,10.0,6.64,27.27272727272727,18.181818181818183,27.27272727272727,27.27272727272727
1807,0.55,1,0,13,12,10.0,5.5,30.76923076923077,38.46153846153847,7.6923076923076925,23.076923076923077
1808,0.65,1,0,13,12,10.0,6.5,23.076923076923077,15.384615384615385,53.84615384615385,7.6923076923076925
1809,0.62,1,0,20,19,10.0,6.2,10.0,15.0,60.0,15.0
1810,0.648,1,0,16,15,10.0,6.48,12.5,62.5,18.75,6.25
1811,0.76,1,0,27,26,10.0,7.6,11.11111111111111,11.11111111111111,77.77777777777779,0.0
1812,0.498,1,0,19,18,10.0,4.98,15.789473684210526,42.10526315789473,42.10526315789473,0.0
1813,0.79,1,0,19,18,10.0,7.9,0.0,21.052631578947366,47.368421052631575,31.57894736842105
1814,0.618,1,0,16,15,10.0,6.18,18.75,31.25,6.25,43.75
1815,0.792,1,0,17,16,10.0,7.92,0.0,17.647058823529413,23.52941176470588,58.82352941176471
1816,0.29,1,0,8,7,10.0,2.9,0.0,100.0,0.0,0.0
1817,0.576,1,0,13,12,10.0,5.76,0.0,23.076923076923077,38.46153846153847,38.46153846153847
1818,0.53,1,0,11,10,10.0,5.3,9.090909090909092,18.181818181818183,45.45454545454545,27.27272727272727
1819,0.572,1,0,15,14,10.0,5.72,13.333333333333334,13.333333333333334,60.0,13.333333333333334
1820,0.688,1,0,22,21,10.0,6.88,0.0,18.181818181818183,40.909090909090914,40.909090909090914
1821,0.568,1,0,15,14,10.0,5.68,6.666666666666667,6.666666666666667,86.66666666666667,0.0
1822,0.58,1,0,13,12,10.0,5.8,7.6923076923076925,30.76923076923077,7.6923076923076925,53.84615384615385
1823,0.478,1,0,16,15,10.0,4.78,0.0,12.5,87.5,0.0
1824,0.558,1,0,19,18,10.0,5.58,0.0,63.1578947368421,36.84210526315789,0.0
1825,0.654,1,0,24,23,10.0,6.54,0.0,33.33333333333333,66.66666666666666,0.0
1826,0.728,1,0,22,21,10.0,7.28,9.090909090909092,13.636363636363635,45.45454545454545,31.818181818181817
1827,0.562,1,0,14,13,9.0,5.62,7.142857142857142,42.857142857142854,0.0,50.0
1828,0.592,1,0,16,15,10.0,5.92,31.25,12.5,56.25,0.0
1829,0.6,1,0,17,16,10.0,6.0,11.76470588235294,23.52941176470588,52.94117647058824,11.76470588235294
1830,0.726,1,0,20,19,10.0,7.26,20.0,40.0,15.0,25.0
1831,0.652,1,0,24,23,10.0,6.52,29.166666666666668,33.33333333333333,16.666666666666664,20.833333333333336
1832,0.635,1,0,14,13,10.0,6.35,35.714285714285715,14.285714285714285,42.857142857142854,7.142857142857142
1833,0.552,1,0,24,23,10.0,5.52,8.333333333333332,12.5,62.5,16.666666666666664
1834,0.413,1,0,13,12,10.0,4.13,15.384615384615385,61.53846153846154,15.384615384615385,7.6923076923076925
1835,0.49,1,0,17,16,10.0,4.9,52.94117647058824,23.52941176470588,23.52941176470588,0.0
1836,0.516,1,0,13,12,10.0,5.16,7.6923076923076925,23.076923076923077,30.76923076923077,38.46153846153847
1837,0.394,1,0,11,10,10.0,3.94,36.36363636363637,18.181818181818183,45.45454545454545,0.0
1838,0.528,1,0,22,21,10.0,5.28,40.909090909090914,9.090909090909092,45.45454545454545,4.545454545454546
1839,0.92,1,0,17,16,10.0,9.2,29.411764705882355,17.647058823529413,29.411764705882355,23.52941176470588
1840,0.4,1,0,10,9,9.0,4.0,20.0,50.0,20.0,10.0
1841,0.65,1,0,15,14,10.0,6.5,26.666666666666668,26.666666666666668,20.0,26.666666666666668
1842,0.339,1,0,9,8,10.0,3.39,22.22222222222222,44.44444444444444,0.0,33.33333333333333
1843,0.576,1,0,21,20,10.0,5.76,9.523809523809524,23.809523809523807,33.33333333333333,33.33333333333333
1844,0.74,1,0,17,16,10.0,7.4,35.294117647058826,11.76470588235294,41.17647058823529,11.76470588235294
1845,0.77,1,0,16,15,10.0,7.7,37.5,43.75,18.75,0.0
1846,0.672,1,0,16,15,10.0,6.72,50.0,18.75,31.25,0.0
1847,0.51,1,0,13,12,10.0,5.1,7.6923076923076925,23.076923076923077,69.23076923076923,0.0
1848,0.712,1,0,23,22,10.0,7.12,34.78260869565217,21.73913043478261,39.130434782608695,4.3478260869565215
1849,0.875,1,0,11,10,10.0,8.75,9.090909090909092,27.27272727272727,36.36363636363637,27.27272727272727
1850,0.576,1,0,14,13,10.0,5.76,28.57142857142857,35.714285714285715,7.142857142857142,28.57142857142857
1851,0.55,1,0,9,8,10.0,5.5,22.22222222222222,22.22222222222222,11.11111111111111,44.44444444444444
1852,0.84,1,0,18,17,10.0,8.4,11.11111111111111,11.11111111111111,27.77777777777778,50.0
1853,0.195,1,0,5,4,8.0,1.95,0.0,60.0,40.0,0.0
1854,0.49,1,0,15,14,10.0,4.9,33.33333333333333,20.0,33.33333333333333,13.333333333333334
1855,0.7,1,0,21,20,10.0,7.0,14.285714285714285,14.285714285714285,52.38095238095239,19.047619047619047
1856,0.684,1,0,23,22,10.0,6.84,21.73913043478261,13.043478260869565,26.08695652173913,39.130434782608695
1857,0.6,1,0,16,15,10.0,6.0,12.5,25.0,62.5,0.0
1858,0.572,1,0,16,15,10.0,5.72,6.25,37.5,43.75,12.5
1859,0.72,1,0,27,26,10.0,7.2,11.11111111111111,22.22222222222222,33.33333333333333,33.33333333333333
1860,0.644,1,0,24,23,10.0,6.44,8.333333333333332,16.666666666666664,75.0,0.0
1861,0.536,1,0,14,13,10.0,5.36,21.428571428571427,21.428571428571427,50.0,7.142857142857142
1862,0.402,1,0,14,13,10.0,4.02,14.285714285714285,50.0,0.0,35.714285714285715
1863,0.586,1,0,20,19,10.0,5.86,15.0,25.0,60.0,0.0
1864,0.56,1,0,16,15,10.0,5.6,0.0,37.5,56.25,6.25
1865,0.708,1,0,19,18,10.0,7.08,10.526315789473683,21.052631578947366,36.84210526315789,31.57894736842105
1866,0.68,1,0,17,16,10.0,6.8,11.76470588235294,29.411764705882355,11.76470588235294,47.05882352941176
1867,0.578,1,0,15,14,10.0,5.78,13.333333333333334,26.666666666666668,60.0,0.0
1868,0.62,1,0,13,12,10.0,6.2,46.15384615384615,15.384615384615385,38.46153846153847,0.0
1869,0.7,1,0,18,17,10.0,7.0,5.555555555555555,5.555555555555555,77.77777777777779,11.11111111111111
1870,0.568,1,0,17,16,10.0,5.68,5.88235294117647,17.647058823529413,23.52941176470588,52.94117647058824
1871,0.594,1,0,14,13,10.0,5.94,35.714285714285715,35.714285714285715,21.428571428571427,7.142857142857142
1872,0.5,1,0,18,17,10.0,5.0,22.22222222222222,27.77777777777778,44.44444444444444,5.555555555555555
1873,0.299,1,0,10,9,10.0,2.99,10.0,50.0,0.0,40.0
1874,0.664,1,0,15,14,10.0,6.64,33.33333333333333,20.0,46.666666666666664,0.0
1875,0.592,1,0,15,14,10.0,5.92,0.0,26.666666666666668,73.33333333333333,0.0
1876,0.647,1,0,20,19,10.0,6.47,25.0,35.0,25.0,15.0
1877,0.88,1,0,16,15,10.0,8.8,12.5,12.5,43.75,31.25
1878,0.715,1,0,14,13,10.0,7.15,21.428571428571427,21.428571428571427,14.285714285714285,42.857142857142854
1879,0.86,1,0,25,24,10.0,8.6,28.000000000000004,16.0,24.0,32.0
1880,0.58,1,0,15,14,10.0,5.8,13.333333333333334,40.0,46.666666666666664,0.0
1881,0.584,1,0,22,21,10.0,5.84,0.0,18.181818181818183,50.0,31.818181818181817
1882,0.62,1,0,20,19,10.0,6.2,0.0,15.0,85.0,0.0
1883,0.596,1,0,21,20,10.0,5.96,28.57142857142857,23.809523809523807,47.61904761904761,0.0
1884,0.397,1,0,11,10,9.0,3.97,0.0,36.36363636363637,0.0,63.63636363636363
1885,0.616,1,0,16,15,10.0,6.16,12.5,25.0,12.5,50.0
1886,0.486,1,0,13,12,10.0,4.86,7.6923076923076925,15.384615384615385,76.92307692307693,0.0
1887,0.624,1,0,20,19,10.0,6.24,45.0,10.0,15.0,30.0
1888,0.616,1,0,25,24,10.0,6.16,32.0,20.0,48.0,0.0
1889,0.648,1,0,19,18,10.0,6.48,0.0,31.57894736842105,26.31578947368421,42.10526315789473
1890,0.524,1,0,15,14,10.0,5.24,0.0,40.0,26.666666666666668,33.33333333333333
1891,0.71,1,0,14,13,10.0,7.1,21.428571428571427,57.14285714285714,21.428571428571427,0.0
1892,0.718,1,0,14,13,10.0,7.18,0.0,14.285714285714285,35.714285714285715,50.0
1893,0.6,1,0,24,23,10.0,6.0,8.333333333333332,29.166666666666668,16.666666666666664,45.83333333333333
1894,0.592,1,0,18,17,10.0,5.92,0.0,16.666666666666664,66.66666666666666,16.666666666666664
1895,0.56,1,0,20,19,10.0,5.6,20.0,25.0,55.00000000000001,0.0
1896,0.81,1,0,16,15,10.0,8.1,25.0,18.75,31.25,25.0
1897,0.712,1,0,15,14,10.0,7.12,20.0,13.333333333333334,66.66666666666666,0.0
1898,0.68,1,0,23,22,10.0,6.8,30.434782608695656,17.391304347826086,47.82608695652174,4.3478260869565215
1899,0.578,1,0,22,21,10.0,5.78,27.27272727272727,50.0,22.727272727272727,0.0
1900,0.824,1,0,26,25,10.0,8.24,15.384615384615385,38.46153846153847,19.230769230769234,26.923076923076923
1901,0.7,1,0,20,19,10.0,7.0,0.0,15.0,75.0,10.0
1902,0.644,1,0,17,16,10.0,6.44,5.88235294117647,11.76470588235294,82.35294117647058,0.0
1903,0.56,1,0,16,15,10.0,5.6,12.5,12.5,75.0,0.0
1904,0.562,1,0,26,25,10.0,5.62,23.076923076923077,15.384615384615385,42.30769230769231,19.230769230769234
1905,0.624,1,0,14,13,10.0,6.24,42.857142857142854,28.57142857142857,28.57142857142857,0.0
1906,0.456,1,0,15,14,10.0,4.56,0.0,13.333333333333334,80.0,6.666666666666667
1907,0.8,1,0,19,18,10.0,8.0,47.368421052631575,15.789473684210526,36.84210526315789,0.0
1908,0.641,1,0,23,22,10.0,6.41,17.391304347826086,8.695652173913043,65.21739130434783,8.695652173913043
1909,0.52,1,0,14,13,10.0,5.2,64.28571428571429,28.57142857142857,7.142857142857142,0.0
1910,0.638,1,0,12,11,10.0,6.38,33.33333333333333,25.0,25.0,16.666666666666664
1911,0.542,1,0,17,16,10.0,5.42,0.0,52.94117647058824,47.05882352941176,0.0
1912,0.576,1,0,22,21,10.0,5.76,31.818181818181817,22.727272727272727,27.27272727272727,18.181818181818183
1913,0.375,1,0,7,6,10.0,3.75,28.57142857142857,42.857142857142854,28.57142857142857,0.0
1914,0.668,1,0,15,14,10.0,6.68,33.33333333333333,53.333333333333336,13.333333333333334,0.0
1915,0.565,1,0,22,21,10.0,5.65,27.27272727272727,22.727272727272727,45.45454545454545,4.545454545454546
1916,0.64,1,0,14,13,10.0,6.4,7.142857142857142,14.285714285714285,42.857142857142854,35.714285714285715
1917,0.623,1,0,16,15,10.0,6.23,12.5,37.5,6.25,43.75
1918,0.634,1,0,17,16,10.0,6.34,5.88235294117647,23.52941176470588,23.52941176470588,47.05882352941176
1919,0.438,1,0,15,14,10.0,4.38,20.0,60.0,20.0,0.0
1920,0.525,1,0,12,11,10.0,5.25,8.333333333333332,16.666666666666664,50.0,25.0
1921,0.65,1,0,20,19,10.0,6.5,15.0,10.0,65.0,10.0
1922,0.624,1,0,21,20,10.0,6.24,4.761904761904762,23.809523809523807,71.42857142857143,0.0
1923,0.498,1,0,18,17,10.0,4.98,22.22222222222222,44.44444444444444,16.666666666666664,16.666666666666664
1924,0.83,1,0,14,13,10.0,8.3,35.714285714285715,21.428571428571427,42.857142857142854,0.0
1925,0.728,1,0,27,26,10.0,7.28,3.7037037037037033,25.925925925925924,22.22222222222222,48.148148148148145
1926,0.376,1,0,13,12,10.0,3.76,15.384615384615385,23.076923076923077,30.76923076923077,30.76923076923077
1927,0.516,1,0,15,14,10.0,5.16,20.0,26.666666666666668,13.333333333333334,40.0
1928,0.563,1,0,18,17,10.0,5.63,27.77777777777778,22.22222222222222,44.44444444444444,5.555555555555555
1929,0.524,1,0,18,17,10.0,5.24,22.22222222222222,27.77777777777778,5.555555555555555,44.44444444444444
1930,0.72,1,0,14,13,10.0,7.2,7.142857142857142,14.285714285714285,42.857142857142854,35.714285714285715
1931,0.72,1,0,13,12,10.0,7.2,15.384615384615385,38.46153846153847,30.76923076923077,15.384615384615385
1932,0.685,1,0,14,13,10.0,6.85,21.428571428571427,28.57142857142857,50.0,0.0
1933,0.596,1,0,20,19,10.0,5.96,10.0,15.0,75.0,0.0
1934,0.446,1,0,12,11,10.0,4.46,33.33333333333333,25.0,33.33333333333333,8.333333333333332
1935,0.72,1,0,28,27,10.0,7.2,17.857142857142858,17.857142857142858,32.142857142857146,32.142857142857146
1936,0.59,1,0,13,12,10.0,5.9,15.384615384615385,46.15384615384615,38.46153846153847,0.0
1937,0.615,1,0,13,12,10.0,6.15,23.076923076923077,15.384615384615385,46.15384615384615,15.384615384615385
1938,0.788,1,0,18,17,10.0,7.88,16.666666666666664,16.666666666666664,38.88888888888889,27.77777777777778
1939,0.428,1,0,11,10,10.0,4.28,9.090909090909092,27.27272727272727,18.181818181818183,45.45454545454545
1940,0.5,1,0,11,10,10.0,5.0,36.36363636363637,18.181818181818183,36.36363636363637,9.090909090909092
1941,0.42,1,0,13,12,10.0,4.2,0.0,30.76923076923077,30.76923076923077,38.46153846153847
1942,0.554,1,0,13,12,10.0,5.54,23.076923076923077,53.84615384615385,23.076923076923077,0.0
1943,0.76,1,0,25,24,10.0,7.6,4.0,12.0,36.0,48.0
1944,0.79,1,0,15,14,10.0,7.9,13.333333333333334,26.666666666666668,53.333333333333336,6.666666666666667
1945,0.685,1,0,16,15,10.0,6.85,12.5,25.0,62.5,0.0
1946,0.515,1,0,18,17,10.0,5.15,22.22222222222222,27.77777777777778,50.0,0.0
1947,0.776,1,0,27,26,10.0,7.76,11.11111111111111,14.814814814814813,62.96296296296296,11.11111111111111
1948,0.578,1,0,18,17,10.0,5.78,27.77777777777778,16.666666666666664,50.0,5.555555555555555
1949,0.248,1,0,7,6,9.0,2.48,42.857142857142854,42.857142857142854,14.285714285714285,0.0
1950,0.855,1,0,16,15,10.0,8.55,31.25,25.0,43.75,0.0
1951,0.576,1,0,17,16,10.0,5.76,41.17647058823529,5.88235294117647,52.94117647058824,0.0
1952,0.576,1,0,21,20,10.0,5.76,0.0,42.857142857142854,4.761904761904762,52.38095238095239
1953,0.56,1,0,15,14,10.0,5.6,40.0,40.0,20.0,0.0
1954,0.518,1,0,14,13,10.0,5.18,42.857142857142854,14.285714285714285,42.857142857142854,0.0
1955,0.48,1,0,16,15,10.0,4.8,12.5,18.75,68.75,0.0
1956,0.62,1,0,11,10,10.0,6.2,27.27272727272727,18.181818181818183,18.181818181818183,36.36363636363637
1957,0.49,1,0,14,13,10.0,4.9,35.714285714285715,21.428571428571427,42.857142857142854,0.0
1958,0.561,1,0,17,16,10.0,5.61,0.0,23.52941176470588,29.411764705882355,47.05882352941176
1959,0.796,1,0,27,26,10.0,7.96,3.7037037037037033,11.11111111111111,81.48148148148148,3.7037037037037033
1960,0.802,1,0,24,23,10.0,8.02,58.333333333333336,16.666666666666664,16.666666666666664,8.333333333333332
1961,0.71,1,0,14,13,10.0,7.1,14.285714285714285,21.428571428571427,57.14285714285714,7.142857142857142
1962,0.712,1,0,27,26,10.0,7.12,0.0,18.51851851851852,74.07407407407408,7.4074074074074066
1963,0.466,1,0,13,12,10.0,4.66,30.76923076923077,46.15384615384615,7.6923076923076925,15.384615384615385
1964,0.6,1,0,18,17,10.0,6.0,11.11111111111111,16.666666666666664,38.88888888888889,33.33333333333333
1965,0.475,1,0,8,7,10.0,4.75,50.0,12.5,25.0,12.5
1966,0.606,1,0,15,14,10.0,6.06,6.666666666666667,20.0,26.666666666666668,46.666666666666664
1967,0.644,1,0,17,16,10.0,6.44,35.294117647058826,17.647058823529413,29.411764705882355,17.647058823529413
1968,0.584,1,0,21,20,10.0,5.84,19.047619047619047,14.285714285714285,47.61904761904761,19.047619047619047
1969,0.54,1,0,15,14,8.0,5.4,6.666666666666667,20.0,73.33333333333333,0.0
1970,0.493,1,0,17,16,10.0,4.93,0.0,58.82352941176471,29.411764705882355,11.76470588235294
1971,0.644,1,0,19,18,10.0,6.44,31.57894736842105,31.57894736842105,31.57894736842105,5.263157894736842
1972,0.682,1,0,19,18,10.0,6.82,15.789473684210526,21.052631578947366,52.63157894736842,10.526315789473683
1973,0.702,1,0,18,17,10.0,7.02,22.22222222222222,11.11111111111111,66.66666666666666,0.0
1974,0.536,1,0,14,13,10.0,5.36,35.714285714285715,14.285714285714285,50.0,0.0
1975,0.466,1,0,16,15,10.0,4.66,18.75,18.75,62.5,0.0
1976,0.332,1,0,11,10,10.0,3.32,0.0,72.72727272727273,27.27272727272727,0.0
1977,0.774,1,0,26,25,10.0,7.74,3.8461538461538463,15.384615384615385,65.38461538461539,15.384615384615385
1978,0.57,1,0,18,17,10.0,5.7,50.0,33.33333333333333,16.666666666666664,0.0
1979,0.73,1,0,14,13,10.0,7.3,35.714285714285715,14.285714285714285,7.142857142857142,42.857142857142854
1980,0.7,1,0,13,12,10.0,7.0,0.0,23.076923076923077,23.076923076923077,53.84615384615385
1981,0.516,1,0,21,20,10.0,5.16,19.047619047619047,57.14285714285714,14.285714285714285,9.523809523809524
1982,0.382,1,0,11,10,8.0,3.82,18.181818181818183,45.45454545454545,9.090909090909092,27.27272727272727
1983,0.498,1,0,14,13,10.0,4.98,50.0,21.428571428571427,28.57142857142857,0.0
1984,0.592,1,0,19,18,10.0,5.92,5.263157894736842,10.526315789473683,42.10526315789473,42.10526315789473
1985,0.632,1,0,20,19,10.0,6.32,25.0,30.0,45.0,0.0
1986,0.6,1,0,21,20,10.0,6.0,4.761904761904762,19.047619047619047,47.61904761904761,28.57142857142857
1987,0.7,1,0,15,14,10.0,7.0,0.0,40.0,53.333333333333336,6.666666666666667
1988,0.6,1,0,20,19,10.0,6.0,40.0,25.0,35.0,0.0
1989,0.45,1,0,16,15,10.0,4.5,18.75,18.75,56.25,6.25
1990,0.544,1,0,17,16,10.0,5.44,11.76470588235294,47.05882352941176,0.0,41.17647058823529
1991,0.4,1,0,11,10,9.0,4.0,9.090909090909092,45.45454545454545,0.0,45.45454545454545
1992,0.73,1,0,14,13,10.0,7.3,35.714285714285715,21.428571428571427,35.714285714285715,7.142857142857142
1993,0.38,1,0,11,10,10.0,3.8,9.090909090909092,45.45454545454545,45.45454545454545,0.0
1994,0.62,1,0,16,15,10.0,6.2,12.5,25.0,37.5,25.0
1995,0.56,1,0,18,17,10.0,5.6,11.11111111111111,44.44444444444444,11.11111111111111,33.33333333333333
1996,0.583,1,0,19,18,10.0,5.83,21.052631578947366,36.84210526315789,42.10526315789473,0.0
1997,0.568,1,0,17,16,10.0,5.68,29.411764705882355,41.17647058823529,17.647058823529413,11.76470588235294
1998,0.56,1,0,10,9,10.0,5.6,30.0,20.0,40.0,10.0
1999,0.609,1,0,19,18,10.0,6.09,21.052631578947366,36.84210526315789,5.263157894736842,36.84210526315789
2000,0.53,1,0,11,10,10.0,5.3,27.27272727272727,27.27272727272727,27.27272727272727,18.181818181818183
2001,0.609,1,0,17,16,10.0,6.09,0.0,23.52941176470588,35.294117647058826,41.17647058823529
2002,0.64,1,0,20,19,10.0,6.4,20.0,15.0,65.0,0.0
2003,0.8,1,0,23,22,10.0,8.0,17.391304347826086,21.73913043478261,56.52173913043478,4.3478260869565215
2004,0.578,1,0,22,21,10.0,5.78,18.181818181818183,22.727272727272727,50.0,9.090909090909092
2005,0.55,1,0,20,19,10.0,5.5,30.0,15.0,20.0,35.0
2006,0.776,1,0,19,18,10.0,7.76,5.263157894736842,10.526315789473683,63.1578947368421,21.052631578947366
2007,0.597,1,0,17,16,10.0,5.97,23.52941176470588,11.76470588235294,29.411764705882355,35.294117647058826
2008,0.672,1,0,20,19,10.0,6.72,5.0,15.0,60.0,20.0
2009,0.679,1,0,18,17,10.0,6.79,22.22222222222222,16.666666666666664,44.44444444444444,16.666666666666664
2010,0.524,1,0,13,12,10.0,5.24,38.46153846153847,15.384615384615385,46.15384615384615,0.0
2011,0.742,1,0,21,20,10.0,7.42,0.0,19.047619047619047,52.38095238095239,28.57142857142857
2012,0.63,1,0,16,15,10.0,6.3,50.0,31.25,18.75,0.0
2013,0.547,1,0,16,15,10.0,5.47,43.75,6.25,50.0,0.0
2014,0.728,1,0,17,16,10.0,7.28,11.76470588235294,11.76470588235294,64.70588235294117,11.76470588235294
2015,0.7,1,0,23,22,10.0,7.0,26.08695652173913,17.391304347826086,39.130434782608695,17.391304347826086
2016,0.534,1,0,14,13,10.0,5.34,0.0,50.0,21.428571428571427,28.57142857142857
2017,0.456,1,0,15,14,9.0,4.56,0.0,66.66666666666666,33.33333333333333,0.0
2018,0.723,1,0,21,20,10.0,7.23,28.57142857142857,9.523809523809524,61.904761904761905,0.0
2019,0.66,1,0,19,18,10.0,6.6,15.789473684210526,26.31578947368421,47.368421052631575,10.526315789473683
2020,0.64,1,0,15,14,10.0,6.4,33.33333333333333,26.666666666666668,13.333333333333334,26.666666666666668
2021,0.815,1,0,12,11,10.0,8.15,16.666666666666664,25.0,25.0,33.33333333333333
2022,0.63,1,0,14,13,10.0,6.3,0.0,21.428571428571427,71.42857142857143,7.142857142857142
2023,0.68,1,0,25,24,10.0,6.8,16.0,24.0,48.0,12.0
2024,0.633,1,0,17,16,10.0,6.33,41.17647058823529,23.52941176470588,17.647058823529413,17.647058823529413
2025,0.56,1,0,18,17,10.0,5.6,11.11111111111111,77.77777777777779,11.11111111111111,0.0
2026,0.74,1,0,23,22,10.0,7.4,39.130434782608695,8.695652173913043,30.434782608695656,21.73913043478261
2027,0.494,1,0,15,14,10.0,4.94,13.333333333333334,40.0,46.666666666666664,0.0
2028,0.66,1,0,15,14,10.0,6.6,33.33333333333333,20.0,46.666666666666664,0.0
2029,0.524,1,0,17,16,10.0,5.24,35.294117647058826,17.647058823529413,47.05882352941176,0.0
2030,0.441,1,0,16,15,10.0,4.41,50.0,18.75,31.25,0.0
2031,0.636,1,0,18,17,10.0,6.36,5.555555555555555,33.33333333333333,5.555555555555555,55.55555555555556
2032,0.436,1,0,16,15,10.0,4.36,25.0,37.5,37.5,0.0
2033,0.652,1,0,23,22,10.0,6.52,13.043478260869565,30.434782608695656,8.695652173913043,47.82608695652174
2034,0.6,1,0,20,19,10.0,6.0,70.0,20.0,10.0,0.0
2035,0.654,1,0,21,20,10.0,6.54,19.047619047619047,23.809523809523807,28.57142857142857,28.57142857142857
2036,0.556,1,0,15,14,10.0,5.56,26.666666666666668,20.0,46.666666666666664,6.666666666666667
2037,0.596,1,0,19,18,10.0,5.96,10.526315789473683,15.789473684210526,73.68421052631578,0.0
2038,0.552,1,0,17,16,10.0,5.52,5.88235294117647,23.52941176470588,29.411764705882355,41.17647058823529
2039,0.686,1,0,20,19,10.0,6.86,15.0,20.0,65.0,0.0
2040,0.64,1,0,18,17,10.0,6.4,27.77777777777778,44.44444444444444,22.22222222222222,5.555555555555555
2041,0.428,1,0,15,14,9.0,4.28,6.666666666666667,66.66666666666666,26.666666666666668,0.0
2042,0.5,1,0,10,9,10.0,5.0,30.0,30.0,40.0,0.0
2043,0.65,1,0,11,10,10.0,6.5,63.63636363636363,9.090909090909092,27.27272727272727,0.0
2044,0.488,1,0,16,15,9.0,4.88,25.0,18.75,56.25,0.0
2045,0.41,1,0,10,9,10.0,4.1,30.0,40.0,30.0,0.0
2046,0.63,1,0,18,17,10.0,6.3,33.33333333333333,33.33333333333333,16.666666666666664,16.666666666666664
2047,0.792,1,0,25,24,10.0,7.92,16.0,20.0,36.0,28.000000000000004
2048,0.495,1,0,15,14,10.0,4.95,20.0,33.33333333333333,40.0,6.666666666666667
2049,0.825,1,0,13,12,10.0,8.25,38.46153846153847,15.384615384615385,46.15384615384615,0.0
2050,0.532,1,0,18,17,10.0,5.32,16.666666666666664,11.11111111111111,66.66666666666666,5.555555555555555
2051,0.516,1,0,14,13,10.0,5.16,0.0,21.428571428571427,35.714285714285715,42.857142857142854
2052,0.428,1,0,10,9,10.0,4.28,0.0,30.0,20.0,50.0
2053,0.518,1,0,14,13,10.0,5.18,50.0,14.285714285714285,35.714285714285715,0.0
2054,0.648,1,0,13,12,10.0,6.48,0.0,15.384615384615385,84.61538461538461,0.0
2055,0.63,1,0,19,18,10.0,6.3,0.0,15.789473684210526,15.789473684210526,68.42105263157895
2056,0.428,1,0,12,11,10.0,4.28,33.33333333333333,16.666666666666664,25.0,25.0
2057,0.489,1,0,14,13,10.0,4.89,35.714285714285715,28.57142857142857,35.714285714285715,0.0
2058,0.516,1,0,16,15,10.0,5.16,0.0,18.75,12.5,68.75
2059,0.442,1,0,13,12,10.0,4.42,30.76923076923077,38.46153846153847,30.76923076923077,0.0
2060,0.82,1,0,18,17,10.0,8.2,16.666666666666664,11.11111111111111,61.111111111111114,11.11111111111111
2061,0.507,1,0,19,18,10.0,5.07,31.57894736842105,31.57894736842105,5.263157894736842,31.57894736842105
2062,0.628,1,0,16,15,10.0,6.28,0.0,25.0,25.0,50.0
2063,0.52,1,0,19,18,10.0,5.2,10.526315789473683,36.84210526315789,31.57894736842105,21.052631578947366
2064,0.63,1,0,14,13,10.0,6.3,28.57142857142857,14.285714285714285,57.14285714285714,0.0
2065,0.576,1,0,13,12,10.0,5.76,23.076923076923077,15.384615384615385,38.46153846153847,23.076923076923077
2066,0.596,1,0,16,15,10.0,5.96,18.75,25.0,37.5,18.75
2067,0.532,1,0,15,14,10.0,5.32,40.0,13.333333333333334,46.666666666666664,0.0
2068,0.342,1,0,17,16,10.0,3.42,35.294117647058826,23.52941176470588,35.294117647058826,5.88235294117647
2069,0.262,1,0,9,8,8.0,2.62,11.11111111111111,44.44444444444444,11.11111111111111,33.33333333333333
2070,0.62,1,0,17,16,10.0,6.2,29.411764705882355,11.76470588235294,47.05882352941176,11.76470588235294
2071,0.648,1,0,20,19,10.0,6.48,20.0,60.0,15.0,5.0
2072,0.5,1,0,10,9,10.0,5.0,0.0,20.0,50.0,30.0
2073,0.516,1,0,16,15,10.0,5.16,25.0,43.75,18.75,12.5
2074,0.714,1,0,28,27,10.0,7.14,14.285714285714285,10.714285714285714,60.71428571428571,14.285714285714285
2075,0.504,1,0,15,14,10.0,5.04,40.0,13.333333333333334,46.666666666666664,0.0
2076,0.624,1,0,19,18,10.0,6.24,21.052631578947366,26.31578947368421,10.526315789473683,42.10526315789473
2077,0.6,1,0,16,15,10.0,6.0,6.25,18.75,43.75,31.25
2078,0.446,1,0,12,11,10.0,4.46,33.33333333333333,33.33333333333333,33.33333333333333,0.0
2079,0.64,1,0,17,16,10.0,6.4,23.52941176470588,58.82352941176471,17.647058823529413,0.0
2080,0.511,1,0,13,12,10.0,5.11,0.0,23.076923076923077,69.23076923076923,7.6923076923076925
2081,0.332,1,0,9,8,10.0,3.32,22.22222222222222,44.44444444444444,33.33333333333333,0.0
2082,1.0,0,0,13,13,10.0,10.0,53.84615384615385,15.384615384615385,30.76923076923077,0.0
2083,0.468,1,0,15,14,10.0,4.68,0.0,60.0,26.666666666666668,13.333333333333334
2084,0.5,1,0,10,9,10.0,5.0,0.0,30.0,40.0,30.0
2085,0.55,1,0,22,21,10.0,5.5,13.636363636363635,13.636363636363635,72.72727272727273,0.0
2086,0.572,1,0,16,15,10.0,5.72,12.5,12.5,75.0,0.0
2087,0.718,1,0,20,19,10.0,7.18,0.0,30.0,25.0,45.0
2088,0.73,1,0,23,22,10.0,7.3,13.043478260869565,13.043478260869565,69.56521739130434,4.3478260869565215
2089,0.74,1,0,11,10,10.0,7.4,36.36363636363637,36.36363636363637,27.27272727272727,0.0
2090,0.458,1,0,15,14,10.0,4.58,6.666666666666667,46.666666666666664,46.666666666666664,0.0
2091,0.526,1,0,14,13,10.0,5.26,0.0,28.57142857142857,0.0,71.42857142857143
2092,0.482,1,0,11,10,10.0,4.82,0.0,36.36363636363637,0.0,63.63636363636363
2093,0.596,1,0,13,12,10.0,5.96,7.6923076923076925,23.076923076923077,23.076923076923077,46.15384615384615
2094,0.475,1,0,14,13,10.0,4.75,42.857142857142854,14.285714285714285,42.857142857142854,0.0
2095,0.461,1,0,12,11,10.0,4.61,0.0,25.0,16.666666666666664,58.333333333333336
2096,0.498,1,0,17,16,10.0,4.98,5.88235294117647,58.82352941176471,23.52941176470588,11.76470588235294
2097,0.808,1,0,23,22,10.0,8.08,8.695652173913043,13.043478260869565,56.52173913043478,21.73913043478261
2098,0.296,1,0,9,8,10.0,2.96,66.66666666666666,33.33333333333333,0.0,0.0
2099,0.69,1,0,16,15,10.0,6.9,12.5,18.75,50.0,18.75
2100,0.895,1,0,18,17,10.0,8.95,16.666666666666664,5.555555555555555,72.22222222222221,5.555555555555555
SUMMARY,0.593392857142857,2099,0,,,,,21.412878449529227,27.55019778856723,33.22024529944427,17.81667846245927
