episode,utilization,invalid_learned,invalid_attempted,boxes_attempted,placed_boxes,max_height,avg_height,perc_stacking,perc_best_fit,perc_semi_perfect_fit,perc_random_fit
1,0.614,1,0,14,13,10.0,6.14,7.142857142857142,14.285714285714285,28.57142857142857,50.0
2,0.745,1,0,22,21,10.0,7.45,27.27272727272727,31.818181818181817,18.181818181818183,22.727272727272727
3,0.71,1,0,20,19,10.0,7.1,15.0,35.0,10.0,40.0
4,0.584,1,0,14,13,10.0,5.84,0.0,28.57142857142857,28.57142857142857,42.857142857142854
5,0.553,1,0,15,14,10.0,5.53,40.0,20.0,13.333333333333334,26.666666666666668
6,0.509,1,0,16,15,10.0,5.09,25.0,18.75,25.0,31.25
7,0.626,1,0,15,14,10.0,6.26,20.0,13.333333333333334,13.333333333333334,53.333333333333336
8,0.733,1,0,18,17,10.0,7.33,66.66666666666666,5.555555555555555,16.666666666666664,11.11111111111111
9,0.639,1,0,16,15,10.0,6.39,25.0,37.5,25.0,12.5
10,0.596,1,0,14,13,10.0,5.96,21.428571428571427,14.285714285714285,35.714285714285715,28.57142857142857
11,0.515,1,0,14,13,10.0,5.15,21.428571428571427,35.714285714285715,21.428571428571427,21.428571428571427
12,0.504,1,0,13,12,10.0,5.04,38.46153846153847,38.46153846153847,15.384615384615385,7.6923076923076925
13,0.494,1,0,14,13,10.0,4.94,35.714285714285715,21.428571428571427,28.57142857142857,14.285714285714285
14,0.486,1,0,13,12,10.0,4.86,30.76923076923077,23.076923076923077,38.46153846153847,7.6923076923076925
15,0.471,1,0,11,10,10.0,4.71,18.181818181818183,9.090909090909092,54.54545454545454,18.181818181818183
16,0.422,1,0,12,11,10.0,4.22,25.0,8.333333333333332,41.66666666666667,25.0
17,0.634,1,0,12,11,10.0,6.34,25.0,25.0,33.33333333333333,16.666666666666664
18,0.661,1,0,15,14,10.0,6.61,40.0,6.666666666666667,13.333333333333334,40.0
19,0.475,1,0,14,13,10.0,4.75,35.714285714285715,28.57142857142857,7.142857142857142,28.57142857142857
20,0.606,1,0,12,11,9.0,6.06,16.666666666666664,8.333333333333332,41.66666666666667,33.33333333333333
21,0.638,1,0,17,16,10.0,6.38,41.17647058823529,23.52941176470588,11.76470588235294,23.52941176470588
22,0.655,1,0,19,18,10.0,6.55,15.789473684210526,10.526315789473683,36.84210526315789,36.84210526315789
23,0.424,1,0,13,12,10.0,4.24,30.76923076923077,30.76923076923077,23.076923076923077,15.384615384615385
24,0.628,1,0,13,12,10.0,6.28,23.076923076923077,38.46153846153847,23.076923076923077,15.384615384615385
25,0.521,1,0,12,11,10.0,5.21,58.333333333333336,0.0,8.333333333333332,33.33333333333333
26,0.53,1,0,11,10,10.0,5.3,9.090909090909092,9.090909090909092,54.54545454545454,27.27272727272727
27,0.321,1,0,12,11,9.0,3.21,25.0,25.0,8.333333333333332,41.66666666666667
28,0.423,1,0,12,11,10.0,4.23,8.333333333333332,41.66666666666667,16.666666666666664,33.33333333333333
29,0.636,1,0,17,16,10.0,6.36,11.76470588235294,41.17647058823529,29.411764705882355,17.647058823529413
30,0.448,1,0,11,10,10.0,4.48,45.45454545454545,9.090909090909092,18.181818181818183,27.27272727272727
31,0.701,1,0,22,21,10.0,7.01,13.636363636363635,22.727272727272727,54.54545454545454,9.090909090909092
32,0.631,1,0,17,16,10.0,6.31,41.17647058823529,5.88235294117647,17.647058823529413,35.294117647058826
33,0.58,1,0,18,17,10.0,5.8,22.22222222222222,16.666666666666664,44.44444444444444,16.666666666666664
34,0.63,1,0,15,14,10.0,6.3,20.0,6.666666666666667,46.666666666666664,26.666666666666668
35,0.736,1,0,21,20,10.0,7.36,42.857142857142854,4.761904761904762,23.809523809523807,28.57142857142857
36,0.664,1,0,20,19,10.0,6.64,25.0,35.0,5.0,35.0
37,0.517,1,0,14,13,10.0,5.17,21.428571428571427,0.0,57.14285714285714,21.428571428571427
38,0.838,1,0,23,22,10.0,8.38,30.434782608695656,13.043478260869565,30.434782608695656,26.08695652173913
39,0.572,1,0,14,13,10.0,5.72,42.857142857142854,7.142857142857142,21.428571428571427,28.57142857142857
40,0.702,1,0,19,18,10.0,7.02,36.84210526315789,15.789473684210526,21.052631578947366,26.31578947368421
41,0.643,1,0,15,14,10.0,6.43,40.0,20.0,33.33333333333333,6.666666666666667
42,0.576,1,0,18,17,10.0,5.76,22.22222222222222,33.33333333333333,27.77777777777778,16.666666666666664
43,0.473,1,0,12,11,10.0,4.73,41.66666666666667,16.666666666666664,8.333333333333332,33.33333333333333
44,0.494,1,0,12,11,10.0,4.94,16.666666666666664,50.0,25.0,8.333333333333332
45,0.791,1,0,24,23,10.0,7.91,20.833333333333336,20.833333333333336,33.33333333333333,25.0
46,0.648,1,0,16,15,10.0,6.48,37.5,18.75,25.0,18.75
47,0.661,1,0,17,16,10.0,6.61,23.52941176470588,23.52941176470588,35.294117647058826,17.647058823529413
48,0.511,1,0,14,13,10.0,5.11,28.57142857142857,21.428571428571427,14.285714285714285,35.714285714285715
49,0.613,1,0,16,15,10.0,6.13,25.0,25.0,37.5,12.5
50,0.53,1,0,13,12,10.0,5.3,46.15384615384615,15.384615384615385,30.76923076923077,7.6923076923076925
51,0.647,1,0,14,13,10.0,6.47,14.285714285714285,35.714285714285715,14.285714285714285,35.714285714285715
52,0.669,1,0,15,14,10.0,6.69,13.333333333333334,53.333333333333336,26.666666666666668,6.666666666666667
53,0.576,1,0,15,14,10.0,5.76,13.333333333333334,33.33333333333333,26.666666666666668,26.666666666666668
54,0.481,1,0,15,14,10.0,4.81,20.0,13.333333333333334,26.666666666666668,40.0
55,0.744,1,0,17,16,10.0,7.44,23.52941176470588,17.647058823529413,29.411764705882355,29.411764705882355
56,0.649,1,0,17,16,10.0,6.49,23.52941176470588,35.294117647058826,11.76470588235294,29.411764705882355
57,0.661,1,0,14,13,10.0,6.61,0.0,28.57142857142857,28.57142857142857,42.857142857142854
58,0.597,1,0,16,15,10.0,5.97,31.25,18.75,37.5,12.5
59,0.686,1,0,14,13,10.0,6.86,35.714285714285715,42.857142857142854,21.428571428571427,0.0
60,0.4,1,0,12,11,10.0,4.0,25.0,16.666666666666664,25.0,33.33333333333333
61,0.558,1,0,17,16,10.0,5.58,17.647058823529413,23.52941176470588,41.17647058823529,17.647058823529413
62,0.585,1,0,16,15,10.0,5.85,6.25,6.25,43.75,43.75
63,0.543,1,0,13,12,10.0,5.43,23.076923076923077,30.76923076923077,38.46153846153847,7.6923076923076925
64,0.441,1,0,16,15,10.0,4.41,18.75,18.75,37.5,25.0
65,0.362,1,0,11,10,10.0,3.62,45.45454545454545,18.181818181818183,18.181818181818183,18.181818181818183
66,0.523,1,0,12,11,10.0,5.23,25.0,41.66666666666667,16.666666666666664,16.666666666666664
67,0.49,1,0,14,13,10.0,4.9,35.714285714285715,7.142857142857142,42.857142857142854,14.285714285714285
68,0.606,1,0,16,15,10.0,6.06,25.0,0.0,56.25,18.75
69,0.516,1,0,14,13,10.0,5.16,7.142857142857142,35.714285714285715,28.57142857142857,28.57142857142857
70,0.691,1,0,22,21,10.0,6.91,22.727272727272727,18.181818181818183,36.36363636363637,22.727272727272727
71,0.589,1,0,16,15,10.0,5.89,31.25,18.75,37.5,12.5
72,0.483,1,0,12,11,10.0,4.83,33.33333333333333,41.66666666666667,8.333333333333332,16.666666666666664
73,0.542,1,0,15,14,10.0,5.42,0.0,20.0,40.0,40.0
74,0.644,1,0,18,17,10.0,6.44,11.11111111111111,27.77777777777778,33.33333333333333,27.77777777777778
75,0.481,1,0,12,11,10.0,4.81,16.666666666666664,33.33333333333333,16.666666666666664,33.33333333333333
76,0.482,1,0,15,14,10.0,4.82,26.666666666666668,26.666666666666668,26.666666666666668,20.0
77,0.332,1,0,9,8,9.0,3.32,11.11111111111111,33.33333333333333,33.33333333333333,22.22222222222222
78,0.584,1,0,13,12,10.0,5.84,30.76923076923077,23.076923076923077,23.076923076923077,23.076923076923077
79,0.49,1,0,10,9,10.0,4.9,20.0,40.0,30.0,10.0
80,0.466,1,0,13,12,10.0,4.66,23.076923076923077,30.76923076923077,0.0,46.15384615384615
81,0.582,1,0,14,13,10.0,5.82,35.714285714285715,21.428571428571427,7.142857142857142,35.714285714285715
82,0.677,1,0,14,13,10.0,6.77,28.57142857142857,28.57142857142857,28.57142857142857,14.285714285714285
83,0.61,1,0,15,14,10.0,6.1,6.666666666666667,26.666666666666668,20.0,46.666666666666664
84,0.591,1,0,17,16,10.0,5.91,17.647058823529413,35.294117647058826,11.76470588235294,35.294117647058826
85,0.664,1,0,15,14,10.0,6.64,13.333333333333334,13.333333333333334,46.666666666666664,26.666666666666668
86,0.864,1,0,20,19,10.0,8.64,0.0,20.0,20.0,60.0
87,0.695,1,0,18,17,10.0,6.95,5.555555555555555,27.77777777777778,27.77777777777778,38.88888888888889
88,0.541,1,0,14,13,10.0,5.41,14.285714285714285,14.285714285714285,28.57142857142857,42.857142857142854
89,0.551,1,0,14,13,10.0,5.51,0.0,14.285714285714285,21.428571428571427,64.28571428571429
90,0.589,1,0,15,14,10.0,5.89,6.666666666666667,33.33333333333333,26.666666666666668,33.33333333333333
91,0.572,1,0,16,15,10.0,5.72,43.75,18.75,12.5,25.0
92,0.619,1,0,18,17,10.0,6.19,11.11111111111111,16.666666666666664,33.33333333333333,38.88888888888889
93,0.583,1,0,16,15,10.0,5.83,18.75,25.0,31.25,25.0
94,0.601,1,0,13,12,10.0,6.01,7.6923076923076925,7.6923076923076925,30.76923076923077,53.84615384615385
95,0.596,1,0,18,17,10.0,5.96,27.77777777777778,33.33333333333333,16.666666666666664,22.22222222222222
96,0.515,1,0,17,16,10.0,5.15,0.0,35.294117647058826,41.17647058823529,23.52941176470588
97,0.572,1,0,15,14,10.0,5.72,13.333333333333334,20.0,26.666666666666668,40.0
98,0.582,1,0,18,17,10.0,5.82,27.77777777777778,16.666666666666664,33.33333333333333,22.22222222222222
99,0.528,1,0,15,14,10.0,5.28,6.666666666666667,33.33333333333333,20.0,40.0
100,0.592,1,0,16,15,10.0,5.92,6.25,31.25,31.25,31.25
101,0.471,1,0,14,13,10.0,4.71,7.142857142857142,57.14285714285714,14.285714285714285,21.428571428571427
102,0.541,1,0,10,9,10.0,5.41,10.0,20.0,40.0,30.0
103,0.674,1,0,16,15,10.0,6.74,37.5,12.5,37.5,12.5
104,0.498,1,0,10,9,10.0,4.98,30.0,30.0,10.0,30.0
105,0.565,1,0,17,16,10.0,5.65,5.88235294117647,47.05882352941176,5.88235294117647,41.17647058823529
106,0.358,1,0,12,11,10.0,3.58,50.0,8.333333333333332,25.0,16.666666666666664
107,0.571,1,0,19,18,10.0,5.71,15.789473684210526,31.57894736842105,21.052631578947366,31.57894736842105
108,0.581,1,0,15,14,10.0,5.81,20.0,26.666666666666668,26.666666666666668,26.666666666666668
109,0.491,1,0,13,12,10.0,4.91,15.384615384615385,30.76923076923077,23.076923076923077,30.76923076923077
110,0.636,1,0,14,13,10.0,6.36,21.428571428571427,50.0,14.285714285714285,14.285714285714285
111,0.634,1,0,15,14,10.0,6.34,26.666666666666668,40.0,20.0,13.333333333333334
112,0.407,1,0,14,13,10.0,4.07,7.142857142857142,42.857142857142854,35.714285714285715,14.285714285714285
113,0.719,1,0,15,14,10.0,7.19,13.333333333333334,60.0,20.0,6.666666666666667
114,0.323,1,0,10,9,10.0,3.23,20.0,20.0,30.0,30.0
115,0.346,1,0,8,7,10.0,3.46,12.5,25.0,50.0,12.5
116,0.644,1,0,16,15,10.0,6.44,12.5,18.75,50.0,18.75
117,0.424,1,0,13,12,10.0,4.24,0.0,53.84615384615385,15.384615384615385,30.76923076923077
118,0.824,1,0,22,21,10.0,8.24,13.636363636363635,36.36363636363637,27.27272727272727,22.727272727272727
119,0.622,1,0,16,15,10.0,6.22,31.25,31.25,25.0,12.5
120,0.693,1,0,19,18,10.0,6.93,15.789473684210526,10.526315789473683,47.368421052631575,26.31578947368421
121,0.406,1,0,10,9,10.0,4.06,10.0,40.0,20.0,30.0
122,0.703,1,0,16,15,10.0,7.03,12.5,12.5,43.75,31.25
123,0.708,1,0,19,18,10.0,7.08,15.789473684210526,21.052631578947366,31.57894736842105,31.57894736842105
124,0.497,1,0,10,9,10.0,4.97,10.0,30.0,30.0,30.0
125,0.783,1,0,16,15,10.0,7.83,0.0,43.75,37.5,18.75
126,0.675,1,0,17,16,10.0,6.75,5.88235294117647,29.411764705882355,58.82352941176471,5.88235294117647
127,0.503,1,0,14,13,10.0,5.03,35.714285714285715,35.714285714285715,28.57142857142857,0.0
128,0.549,1,0,11,10,10.0,5.49,18.181818181818183,27.27272727272727,18.181818181818183,36.36363636363637
129,0.689,1,0,16,15,10.0,6.89,12.5,18.75,62.5,6.25
130,0.691,1,0,24,23,10.0,6.91,16.666666666666664,8.333333333333332,41.66666666666667,33.33333333333333
131,0.667,1,0,19,18,10.0,6.67,26.31578947368421,21.052631578947366,52.63157894736842,0.0
132,0.498,1,0,14,13,10.0,4.98,28.57142857142857,28.57142857142857,21.428571428571427,21.428571428571427
133,0.609,1,0,21,20,10.0,6.09,28.57142857142857,28.57142857142857,19.047619047619047,23.809523809523807
134,0.626,1,0,18,17,10.0,6.26,5.555555555555555,38.88888888888889,22.22222222222222,33.33333333333333
135,0.441,1,0,9,8,10.0,4.41,22.22222222222222,33.33333333333333,44.44444444444444,0.0
136,0.702,1,0,20,19,10.0,7.02,15.0,25.0,20.0,40.0
137,0.353,1,0,8,7,10.0,3.53,12.5,62.5,12.5,12.5
138,0.723,1,0,16,15,10.0,7.23,0.0,31.25,50.0,18.75
139,0.708,1,0,17,16,10.0,7.08,11.76470588235294,5.88235294117647,23.52941176470588,58.82352941176471
140,0.652,1,0,17,16,10.0,6.52,17.647058823529413,17.647058823529413,29.411764705882355,35.294117647058826
141,0.68,1,0,12,11,10.0,6.8,8.333333333333332,50.0,41.66666666666667,0.0
142,0.653,1,0,20,19,10.0,6.53,15.0,25.0,60.0,0.0
143,0.509,1,0,13,12,10.0,5.09,23.076923076923077,0.0,46.15384615384615,30.76923076923077
144,0.773,1,0,21,20,10.0,7.73,4.761904761904762,33.33333333333333,23.809523809523807,38.095238095238095
145,0.597,1,0,18,17,10.0,5.97,27.77777777777778,5.555555555555555,11.11111111111111,55.55555555555556
146,0.569,1,0,15,14,10.0,5.69,13.333333333333334,40.0,13.333333333333334,33.33333333333333
147,0.434,1,0,11,10,10.0,4.34,9.090909090909092,54.54545454545454,9.090909090909092,27.27272727272727
148,0.468,1,0,10,9,10.0,4.68,20.0,40.0,30.0,10.0
149,0.597,1,0,15,14,10.0,5.97,20.0,13.333333333333334,53.333333333333336,13.333333333333334
150,0.575,1,0,14,13,10.0,5.75,57.14285714285714,0.0,21.428571428571427,21.428571428571427
151,0.702,1,0,15,14,10.0,7.02,13.333333333333334,20.0,60.0,6.666666666666667
152,0.519,1,0,15,14,10.0,5.19,26.666666666666668,6.666666666666667,46.666666666666664,20.0
153,0.529,1,0,12,11,10.0,5.29,16.666666666666664,16.666666666666664,58.333333333333336,8.333333333333332
154,0.608,1,0,15,14,10.0,6.08,33.33333333333333,26.666666666666668,13.333333333333334,26.666666666666668
155,0.55,1,0,11,10,10.0,5.5,18.181818181818183,36.36363636363637,18.181818181818183,27.27272727272727
156,0.488,1,0,15,14,10.0,4.88,20.0,26.666666666666668,0.0,53.333333333333336
157,0.681,1,0,22,21,10.0,6.81,4.545454545454546,9.090909090909092,22.727272727272727,63.63636363636363
158,0.758,1,0,23,22,10.0,7.58,17.391304347826086,17.391304347826086,21.73913043478261,43.47826086956522
159,0.443,1,0,12,11,10.0,4.43,8.333333333333332,16.666666666666664,8.333333333333332,66.66666666666666
160,0.606,1,0,17,16,10.0,6.06,17.647058823529413,11.76470588235294,11.76470588235294,58.82352941176471
161,0.617,1,0,17,16,10.0,6.17,23.52941176470588,17.647058823529413,23.52941176470588,35.294117647058826
162,0.683,1,0,17,16,10.0,6.83,11.76470588235294,29.411764705882355,29.411764705882355,29.411764705882355
163,0.478,1,0,13,12,10.0,4.78,7.6923076923076925,15.384615384615385,46.15384615384615,30.76923076923077
164,0.633,1,0,16,15,10.0,6.33,12.5,31.25,18.75,37.5
165,0.592,1,0,14,13,10.0,5.92,7.142857142857142,71.42857142857143,14.285714285714285,7.142857142857142
166,0.662,1,0,18,17,10.0,6.62,27.77777777777778,22.22222222222222,16.666666666666664,33.33333333333333
167,0.709,1,0,20,19,10.0,7.09,15.0,10.0,50.0,25.0
168,0.55,1,0,18,17,10.0,5.5,5.555555555555555,22.22222222222222,38.88888888888889,33.33333333333333
169,0.642,1,0,15,14,10.0,6.42,13.333333333333334,20.0,26.666666666666668,40.0
170,0.728,1,0,18,17,10.0,7.28,16.666666666666664,16.666666666666664,50.0,16.666666666666664
171,0.681,1,0,17,16,10.0,6.81,0.0,23.52941176470588,52.94117647058824,23.52941176470588
172,0.718,1,0,22,21,10.0,7.18,13.636363636363635,31.818181818181817,18.181818181818183,36.36363636363637
173,0.671,1,0,18,17,10.0,6.71,16.666666666666664,11.11111111111111,22.22222222222222,50.0
174,0.541,1,0,14,13,10.0,5.41,28.57142857142857,7.142857142857142,35.714285714285715,28.57142857142857
175,0.607,1,0,11,10,10.0,6.07,36.36363636363637,18.181818181818183,27.27272727272727,18.181818181818183
176,0.527,1,0,13,12,10.0,5.27,0.0,23.076923076923077,23.076923076923077,53.84615384615385
177,0.588,1,0,14,13,10.0,5.88,14.285714285714285,35.714285714285715,21.428571428571427,28.57142857142857
178,0.595,1,0,16,15,10.0,5.95,6.25,18.75,12.5,62.5
179,0.688,1,0,14,13,10.0,6.88,35.714285714285715,14.285714285714285,7.142857142857142,42.857142857142854
180,0.655,1,0,14,13,10.0,6.55,35.714285714285715,28.57142857142857,7.142857142857142,28.57142857142857
181,0.601,1,0,17,16,10.0,6.01,47.05882352941176,11.76470588235294,11.76470588235294,29.411764705882355
182,0.596,1,0,17,16,10.0,5.96,11.76470588235294,41.17647058823529,11.76470588235294,35.294117647058826
183,0.691,1,0,14,13,10.0,6.91,0.0,28.57142857142857,14.285714285714285,57.14285714285714
184,0.497,1,0,15,14,10.0,4.97,26.666666666666668,33.33333333333333,13.333333333333334,26.666666666666668
185,0.631,1,0,18,17,10.0,6.31,27.77777777777778,0.0,55.55555555555556,16.666666666666664
186,0.611,1,0,19,18,10.0,6.11,31.57894736842105,15.789473684210526,31.57894736842105,21.052631578947366
187,0.684,1,0,20,19,10.0,6.84,40.0,5.0,30.0,25.0
188,0.524,1,0,16,15,10.0,5.24,31.25,12.5,37.5,18.75
189,0.625,1,0,18,17,10.0,6.25,16.666666666666664,27.77777777777778,44.44444444444444,11.11111111111111
190,0.529,1,0,14,13,10.0,5.29,7.142857142857142,14.285714285714285,71.42857142857143,7.142857142857142
191,0.497,1,0,17,16,10.0,4.97,23.52941176470588,35.294117647058826,11.76470588235294,29.411764705882355
192,0.62,1,0,14,13,10.0,6.2,28.57142857142857,7.142857142857142,28.57142857142857,35.714285714285715
193,0.649,1,0,16,15,10.0,6.49,31.25,37.5,25.0,6.25
194,0.604,1,0,16,15,10.0,6.04,25.0,18.75,18.75,37.5
195,0.564,1,0,14,13,10.0,5.64,35.714285714285715,21.428571428571427,28.57142857142857,14.285714285714285
196,0.609,1,0,17,16,10.0,6.09,11.76470588235294,11.76470588235294,11.76470588235294,64.70588235294117
197,0.658,1,0,14,13,10.0,6.58,21.428571428571427,14.285714285714285,7.142857142857142,57.14285714285714
198,0.693,1,0,15,14,10.0,6.93,6.666666666666667,6.666666666666667,73.33333333333333,13.333333333333334
199,0.498,1,0,16,15,10.0,4.98,18.75,25.0,37.5,18.75
200,0.418,1,0,11,10,9.0,4.18,9.090909090909092,0.0,45.45454545454545,45.45454545454545
201,0.697,1,0,18,17,10.0,6.97,11.11111111111111,5.555555555555555,22.22222222222222,61.111111111111114
202,0.662,1,0,14,13,10.0,6.62,14.285714285714285,21.428571428571427,35.714285714285715,28.57142857142857
203,0.553,1,0,15,14,10.0,5.53,6.666666666666667,6.666666666666667,66.66666666666666,20.0
204,0.607,1,0,13,12,10.0,6.07,7.6923076923076925,0.0,30.76923076923077,61.53846153846154
205,0.639,1,0,17,16,10.0,6.39,17.647058823529413,5.88235294117647,29.411764705882355,47.05882352941176
206,0.442,1,0,9,8,10.0,4.42,11.11111111111111,11.11111111111111,22.22222222222222,55.55555555555556
207,0.694,1,0,20,19,10.0,6.94,0.0,15.0,25.0,60.0
208,0.602,1,0,13,12,10.0,6.02,7.6923076923076925,15.384615384615385,15.384615384615385,61.53846153846154
209,0.601,1,0,17,16,10.0,6.01,0.0,5.88235294117647,17.647058823529413,76.47058823529412
210,0.618,1,0,17,16,10.0,6.18,17.647058823529413,29.411764705882355,23.52941176470588,29.411764705882355
211,0.603,1,0,15,14,10.0,6.03,33.33333333333333,13.333333333333334,0.0,53.333333333333336
212,0.796,1,0,22,21,10.0,7.96,31.818181818181817,22.727272727272727,31.818181818181817,13.636363636363635
213,0.678,1,0,17,16,10.0,6.78,29.411764705882355,23.52941176470588,23.52941176470588,23.52941176470588
214,0.586,1,0,14,13,10.0,5.86,21.428571428571427,21.428571428571427,35.714285714285715,21.428571428571427
215,0.571,1,0,17,16,10.0,5.71,17.647058823529413,5.88235294117647,23.52941176470588,52.94117647058824
216,0.624,1,0,11,10,10.0,6.24,18.181818181818183,18.181818181818183,27.27272727272727,36.36363636363637
217,0.716,1,0,18,17,10.0,7.16,11.11111111111111,50.0,11.11111111111111,27.77777777777778
218,0.7,1,0,18,17,10.0,7.0,11.11111111111111,33.33333333333333,11.11111111111111,44.44444444444444
219,0.569,1,0,14,13,10.0,5.69,21.428571428571427,21.428571428571427,21.428571428571427,35.714285714285715
220,0.685,1,0,16,15,10.0,6.85,12.5,37.5,12.5,37.5
221,0.453,1,0,13,12,10.0,4.53,30.76923076923077,38.46153846153847,15.384615384615385,15.384615384615385
222,0.762,1,0,21,20,10.0,7.62,47.61904761904761,28.57142857142857,14.285714285714285,9.523809523809524
223,0.556,1,0,12,11,10.0,5.56,33.33333333333333,8.333333333333332,25.0,33.33333333333333
224,0.615,1,0,12,11,10.0,6.15,8.333333333333332,25.0,50.0,16.666666666666664
225,0.664,1,0,17,16,10.0,6.64,17.647058823529413,11.76470588235294,64.70588235294117,5.88235294117647
226,0.527,1,0,12,11,10.0,5.27,50.0,0.0,41.66666666666667,8.333333333333332
227,0.5,1,0,10,9,10.0,5.0,10.0,30.0,60.0,0.0
228,0.698,1,0,21,20,10.0,6.98,4.761904761904762,9.523809523809524,38.095238095238095,47.61904761904761
229,0.665,1,0,20,19,10.0,6.65,0.0,35.0,30.0,35.0
230,0.442,1,0,9,8,10.0,4.42,33.33333333333333,11.11111111111111,44.44444444444444,11.11111111111111
231,0.54,1,0,12,11,10.0,5.4,16.666666666666664,8.333333333333332,58.333333333333336,16.666666666666664
232,0.69,1,0,19,18,10.0,6.9,10.526315789473683,5.263157894736842,42.10526315789473,42.10526315789473
233,0.758,1,0,18,17,10.0,7.58,16.666666666666664,0.0,61.111111111111114,22.22222222222222
234,0.567,1,0,16,15,10.0,5.67,12.5,0.0,25.0,62.5
235,0.584,1,0,17,16,10.0,5.84,29.411764705882355,29.411764705882355,17.647058823529413,23.52941176470588
236,0.648,1,0,16,15,10.0,6.48,31.25,12.5,18.75,37.5
237,0.574,1,0,18,17,10.0,5.74,33.33333333333333,5.555555555555555,50.0,11.11111111111111
238,0.698,1,0,16,15,10.0,6.98,62.5,0.0,37.5,0.0
239,0.367,1,0,10,9,10.0,3.67,10.0,0.0,50.0,40.0
240,0.481,1,0,14,13,10.0,4.81,50.0,28.57142857142857,21.428571428571427,0.0
241,0.704,1,0,16,15,9.0,7.04,18.75,18.75,18.75,43.75
242,0.678,1,0,17,16,10.0,6.78,5.88235294117647,35.294117647058826,11.76470588235294,47.05882352941176
243,0.4,1,0,10,9,10.0,4.0,20.0,60.0,10.0,10.0
244,0.502,1,0,15,14,10.0,5.02,6.666666666666667,13.333333333333334,26.666666666666668,53.333333333333336
245,0.604,1,0,16,15,10.0,6.04,37.5,31.25,25.0,6.25
246,0.646,1,0,20,19,10.0,6.46,40.0,20.0,10.0,30.0
247,0.546,1,0,18,17,10.0,5.46,5.555555555555555,44.44444444444444,5.555555555555555,44.44444444444444
248,0.462,1,0,11,10,10.0,4.62,45.45454545454545,9.090909090909092,18.181818181818183,27.27272727272727
249,0.551,1,0,18,17,10.0,5.51,27.77777777777778,16.666666666666664,22.22222222222222,33.33333333333333
250,0.747,1,0,19,18,10.0,7.47,42.10526315789473,36.84210526315789,10.526315789473683,10.526315789473683
251,0.554,1,0,16,15,10.0,5.54,12.5,18.75,12.5,56.25
252,0.574,1,0,19,18,10.0,5.74,47.368421052631575,15.789473684210526,36.84210526315789,0.0
253,0.727,1,0,17,16,10.0,7.27,11.76470588235294,17.647058823529413,29.411764705882355,41.17647058823529
254,0.68,1,0,18,17,10.0,6.8,16.666666666666664,27.77777777777778,44.44444444444444,11.11111111111111
255,0.621,1,0,20,19,10.0,6.21,5.0,20.0,25.0,50.0
256,0.587,1,0,19,18,10.0,5.87,21.052631578947366,36.84210526315789,15.789473684210526,26.31578947368421
257,0.637,1,0,20,19,10.0,6.37,15.0,45.0,15.0,25.0
258,0.559,1,0,17,16,10.0,5.59,5.88235294117647,35.294117647058826,11.76470588235294,47.05882352941176
259,0.46,1,0,12,11,10.0,4.6,16.666666666666664,25.0,25.0,33.33333333333333
260,0.362,1,0,10,9,10.0,3.62,10.0,10.0,20.0,60.0
261,0.468,1,0,12,11,10.0,4.68,58.333333333333336,0.0,41.66666666666667,0.0
262,0.703,1,0,17,16,10.0,7.03,5.88235294117647,29.411764705882355,29.411764705882355,35.294117647058826
263,0.646,1,0,23,22,10.0,6.46,17.391304347826086,21.73913043478261,34.78260869565217,26.08695652173913
264,0.641,1,0,20,19,10.0,6.41,30.0,10.0,30.0,30.0
265,0.673,1,0,18,17,10.0,6.73,11.11111111111111,5.555555555555555,33.33333333333333,50.0
266,0.49,1,0,15,14,10.0,4.9,26.666666666666668,13.333333333333334,53.333333333333336,6.666666666666667
267,0.511,1,0,13,12,10.0,5.11,38.46153846153847,15.384615384615385,23.076923076923077,23.076923076923077
268,0.525,1,0,11,10,10.0,5.25,9.090909090909092,9.090909090909092,45.45454545454545,36.36363636363637
269,0.755,1,0,22,21,10.0,7.55,40.909090909090914,4.545454545454546,40.909090909090914,13.636363636363635
270,0.596,1,0,17,16,10.0,5.96,0.0,5.88235294117647,47.05882352941176,47.05882352941176
271,0.74,1,0,16,15,10.0,7.4,0.0,6.25,43.75,50.0
272,0.567,1,0,14,13,10.0,5.67,14.285714285714285,0.0,50.0,35.714285714285715
273,0.579,1,0,16,15,10.0,5.79,25.0,6.25,50.0,18.75
274,0.452,1,0,14,13,9.0,4.52,7.142857142857142,14.285714285714285,57.14285714285714,21.428571428571427
275,0.618,1,0,15,14,10.0,6.18,20.0,0.0,66.66666666666666,13.333333333333334
276,0.559,1,0,13,12,10.0,5.59,7.6923076923076925,15.384615384615385,69.23076923076923,7.6923076923076925
277,0.709,1,0,19,18,10.0,7.09,10.526315789473683,0.0,84.21052631578947,5.263157894736842
278,0.656,1,0,18,17,10.0,6.56,5.555555555555555,5.555555555555555,61.111111111111114,27.77777777777778
279,0.554,1,0,15,14,10.0,5.54,6.666666666666667,26.666666666666668,60.0,6.666666666666667
280,0.592,1,0,18,17,10.0,5.92,11.11111111111111,5.555555555555555,55.55555555555556,27.77777777777778
281,0.61,1,0,21,20,10.0,6.1,9.523809523809524,28.57142857142857,33.33333333333333,28.57142857142857
282,0.411,1,0,13,12,10.0,4.11,7.6923076923076925,7.6923076923076925,53.84615384615385,30.76923076923077
283,0.685,1,0,20,19,10.0,6.85,5.0,10.0,20.0,65.0
284,0.455,1,0,13,12,10.0,4.55,7.6923076923076925,46.15384615384615,23.076923076923077,23.076923076923077
285,0.82,1,0,24,23,10.0,8.2,20.833333333333336,41.66666666666667,16.666666666666664,20.833333333333336
286,0.494,1,0,13,12,10.0,4.94,7.6923076923076925,38.46153846153847,7.6923076923076925,46.15384615384615
287,0.657,1,0,13,12,10.0,6.57,7.6923076923076925,30.76923076923077,7.6923076923076925,53.84615384615385
288,0.565,1,0,18,17,10.0,5.65,0.0,38.88888888888889,16.666666666666664,44.44444444444444
289,0.563,1,0,12,11,10.0,5.63,16.666666666666664,25.0,16.666666666666664,41.66666666666667
290,0.603,1,0,14,13,10.0,6.03,7.142857142857142,35.714285714285715,14.285714285714285,42.857142857142854
291,0.671,1,0,19,18,10.0,6.71,15.789473684210526,15.789473684210526,21.052631578947366,47.368421052631575
292,0.502,1,0,11,10,10.0,5.02,18.181818181818183,36.36363636363637,18.181818181818183,27.27272727272727
293,0.583,1,0,17,16,10.0,5.83,0.0,52.94117647058824,29.411764705882355,17.647058823529413
294,0.516,1,0,15,14,10.0,5.16,13.333333333333334,33.33333333333333,20.0,33.33333333333333
295,0.603,1,0,18,17,10.0,6.03,0.0,33.33333333333333,16.666666666666664,50.0
296,0.68,1,0,21,20,10.0,6.8,23.809523809523807,23.809523809523807,28.57142857142857,23.809523809523807
297,0.72,1,0,21,20,10.0,7.2,4.761904761904762,47.61904761904761,9.523809523809524,38.095238095238095
298,0.67,1,0,18,17,10.0,6.7,5.555555555555555,50.0,11.11111111111111,33.33333333333333
299,0.781,1,0,17,16,10.0,7.81,11.76470588235294,35.294117647058826,17.647058823529413,35.294117647058826
300,0.554,1,0,15,14,10.0,5.54,6.666666666666667,33.33333333333333,20.0,40.0
301,0.527,1,0,12,11,10.0,5.27,41.66666666666667,8.333333333333332,25.0,25.0
302,0.626,1,0,17,16,10.0,6.26,0.0,17.647058823529413,11.76470588235294,70.58823529411765
303,0.713,1,0,21,20,10.0,7.13,4.761904761904762,47.61904761904761,9.523809523809524,38.095238095238095
304,0.504,1,0,14,13,10.0,5.04,7.142857142857142,50.0,7.142857142857142,35.714285714285715
305,0.766,1,0,20,19,10.0,7.66,15.0,15.0,40.0,30.0
306,0.672,1,0,16,15,10.0,6.72,12.5,31.25,43.75,12.5
307,0.674,1,0,14,13,10.0,6.74,7.142857142857142,35.714285714285715,14.285714285714285,42.857142857142854
308,0.461,1,0,15,14,10.0,4.61,6.666666666666667,40.0,26.666666666666668,26.666666666666668
309,0.583,1,0,18,17,10.0,5.83,11.11111111111111,50.0,11.11111111111111,27.77777777777778
310,0.271,1,0,8,7,10.0,2.71,12.5,37.5,37.5,12.5
311,0.554,1,0,15,14,9.0,5.54,26.666666666666668,20.0,20.0,33.33333333333333
312,0.496,1,0,11,10,10.0,4.96,9.090909090909092,54.54545454545454,18.181818181818183,18.181818181818183
313,0.674,1,0,21,20,10.0,6.74,14.285714285714285,57.14285714285714,14.285714285714285,14.285714285714285
314,0.582,1,0,14,13,10.0,5.82,0.0,21.428571428571427,57.14285714285714,21.428571428571427
315,0.586,1,0,19,18,10.0,5.86,15.789473684210526,15.789473684210526,15.789473684210526,52.63157894736842
316,0.663,1,0,20,19,10.0,6.63,10.0,35.0,20.0,35.0
317,0.697,1,0,15,14,10.0,6.97,6.666666666666667,13.333333333333334,40.0,40.0
318,0.679,1,0,18,17,10.0,6.79,27.77777777777778,0.0,27.77777777777778,44.44444444444444
319,0.47,1,0,13,12,10.0,4.7,0.0,0.0,30.76923076923077,69.23076923076923
320,0.691,1,0,16,15,10.0,6.91,18.75,25.0,25.0,31.25
321,0.726,1,0,15,14,10.0,7.26,26.666666666666668,13.333333333333334,20.0,40.0
322,0.579,1,0,14,13,10.0,5.79,57.14285714285714,14.285714285714285,21.428571428571427,7.142857142857142
323,0.578,1,0,15,14,10.0,5.78,6.666666666666667,13.333333333333334,20.0,60.0
324,0.592,1,0,17,16,10.0,5.92,11.76470588235294,11.76470588235294,23.52941176470588,52.94117647058824
325,0.676,1,0,16,15,10.0,6.76,0.0,6.25,25.0,68.75
326,0.643,1,0,15,14,10.0,6.43,20.0,33.33333333333333,20.0,26.666666666666668
327,0.568,1,0,14,13,10.0,5.68,28.57142857142857,0.0,57.14285714285714,14.285714285714285
328,0.738,1,0,18,17,10.0,7.38,0.0,33.33333333333333,22.22222222222222,44.44444444444444
329,0.434,1,0,12,11,10.0,4.34,0.0,33.33333333333333,8.333333333333332,58.333333333333336
330,0.377,1,0,9,8,10.0,3.77,11.11111111111111,0.0,44.44444444444444,44.44444444444444
331,0.56,1,0,14,13,10.0,5.6,57.14285714285714,0.0,14.285714285714285,28.57142857142857
332,0.643,1,0,17,16,10.0,6.43,5.88235294117647,29.411764705882355,11.76470588235294,52.94117647058824
333,0.648,1,0,19,18,10.0,6.48,15.789473684210526,5.263157894736842,52.63157894736842,26.31578947368421
334,0.794,1,0,18,17,10.0,7.94,27.77777777777778,11.11111111111111,38.88888888888889,22.22222222222222
335,0.47,1,0,12,11,10.0,4.7,0.0,0.0,50.0,50.0
336,0.5,1,0,14,13,10.0,5.0,7.142857142857142,21.428571428571427,50.0,21.428571428571427
337,0.587,1,0,19,18,10.0,5.87,10.526315789473683,31.57894736842105,26.31578947368421,31.57894736842105
338,0.539,1,0,15,14,10.0,5.39,0.0,26.666666666666668,26.666666666666668,46.666666666666664
339,0.539,1,0,12,11,10.0,5.39,16.666666666666664,0.0,83.33333333333334,0.0
340,0.626,1,0,20,19,10.0,6.26,20.0,10.0,25.0,45.0
341,0.58,1,0,18,17,9.0,5.8,27.77777777777778,11.11111111111111,16.666666666666664,44.44444444444444
342,0.699,1,0,19,18,10.0,6.99,10.526315789473683,21.052631578947366,21.052631578947366,47.368421052631575
343,0.631,1,0,16,15,10.0,6.31,18.75,18.75,12.5,50.0
344,0.389,1,0,9,8,10.0,3.89,0.0,0.0,66.66666666666666,33.33333333333333
345,0.491,1,0,15,14,10.0,4.91,0.0,20.0,20.0,60.0
346,0.474,1,0,12,11,10.0,4.74,8.333333333333332,41.66666666666667,25.0,25.0
347,0.599,1,0,19,18,10.0,5.99,31.57894736842105,5.263157894736842,47.368421052631575,15.789473684210526
348,0.658,1,0,19,18,10.0,6.58,0.0,47.368421052631575,42.10526315789473,10.526315789473683
349,0.544,1,0,18,17,10.0,5.44,16.666666666666664,16.666666666666664,16.666666666666664,50.0
350,0.532,1,0,14,13,10.0,5.32,28.57142857142857,0.0,28.57142857142857,42.857142857142854
351,0.492,1,0,14,13,10.0,4.92,7.142857142857142,21.428571428571427,14.285714285714285,57.14285714285714
352,0.734,1,0,17,16,10.0,7.34,11.76470588235294,5.88235294117647,58.82352941176471,23.52941176470588
353,0.546,1,0,17,16,10.0,5.46,5.88235294117647,17.647058823529413,29.411764705882355,47.05882352941176
354,0.532,1,0,16,15,10.0,5.32,31.25,0.0,37.5,31.25
355,0.55,1,0,15,14,10.0,5.5,26.666666666666668,0.0,33.33333333333333,40.0
356,0.583,1,0,17,16,10.0,5.83,17.647058823529413,5.88235294117647,35.294117647058826,41.17647058823529
357,0.495,1,0,14,13,10.0,4.95,7.142857142857142,7.142857142857142,50.0,35.714285714285715
358,0.583,1,0,13,12,10.0,5.83,23.076923076923077,7.6923076923076925,61.53846153846154,7.6923076923076925
359,0.646,1,0,18,17,10.0,6.46,16.666666666666664,22.22222222222222,11.11111111111111,50.0
360,0.511,1,0,11,10,10.0,5.11,54.54545454545454,9.090909090909092,27.27272727272727,9.090909090909092
361,0.666,1,0,18,17,10.0,6.66,27.77777777777778,11.11111111111111,50.0,11.11111111111111
362,0.713,1,0,19,18,10.0,7.13,5.263157894736842,5.263157894736842,42.10526315789473,47.368421052631575
363,0.355,1,0,11,10,10.0,3.55,9.090909090909092,0.0,63.63636363636363,27.27272727272727
364,0.524,1,0,14,13,10.0,5.24,0.0,14.285714285714285,42.857142857142854,42.857142857142854
365,0.395,1,0,10,9,8.0,3.95,10.0,10.0,60.0,20.0
366,0.654,1,0,18,17,10.0,6.54,16.666666666666664,16.666666666666664,33.33333333333333,33.33333333333333
367,0.6,1,0,16,15,10.0,6.0,6.25,0.0,62.5,31.25
368,0.6,1,0,21,20,10.0,6.0,14.285714285714285,28.57142857142857,14.285714285714285,42.857142857142854
369,0.705,1,0,17,16,10.0,7.05,0.0,0.0,23.52941176470588,76.47058823529412
370,0.625,1,0,19,18,10.0,6.25,21.052631578947366,21.052631578947366,10.526315789473683,47.368421052631575
371,0.379,1,0,10,9,10.0,3.79,20.0,20.0,10.0,50.0
372,0.688,1,0,18,17,10.0,6.88,22.22222222222222,5.555555555555555,22.22222222222222,50.0
373,0.386,1,0,12,11,10.0,3.86,33.33333333333333,16.666666666666664,8.333333333333332,41.66666666666667
374,0.576,1,0,15,14,10.0,5.76,26.666666666666668,6.666666666666667,6.666666666666667,60.0
375,0.436,1,0,14,13,10.0,4.36,50.0,35.714285714285715,14.285714285714285,0.0
376,0.579,1,0,15,14,10.0,5.79,6.666666666666667,0.0,20.0,73.33333333333333
377,0.568,1,0,18,17,10.0,5.68,16.666666666666664,27.77777777777778,27.77777777777778,27.77777777777778
378,0.298,1,0,8,7,10.0,2.98,62.5,0.0,25.0,12.5
379,0.713,1,0,23,22,10.0,7.13,52.17391304347826,8.695652173913043,0.0,39.130434782608695
380,0.557,1,0,13,12,10.0,5.57,15.384615384615385,30.76923076923077,15.384615384615385,38.46153846153847
381,0.54,1,0,13,12,10.0,5.4,15.384615384615385,7.6923076923076925,46.15384615384615,30.76923076923077
382,0.536,1,0,10,9,10.0,5.36,20.0,0.0,20.0,60.0
383,0.549,1,0,15,14,10.0,5.49,6.666666666666667,0.0,40.0,53.333333333333336
384,0.554,1,0,12,11,10.0,5.54,25.0,0.0,8.333333333333332,66.66666666666666
385,0.716,1,0,13,12,10.0,7.16,23.076923076923077,0.0,53.84615384615385,23.076923076923077
386,0.483,1,0,14,13,10.0,4.83,42.857142857142854,7.142857142857142,28.57142857142857,21.428571428571427
387,0.616,1,0,15,14,10.0,6.16,13.333333333333334,33.33333333333333,0.0,53.333333333333336
388,0.509,1,0,13,12,10.0,5.09,76.92307692307693,0.0,15.384615384615385,7.6923076923076925
389,0.58,1,0,15,14,10.0,5.8,6.666666666666667,13.333333333333334,46.666666666666664,33.33333333333333
390,0.378,1,0,14,13,10.0,3.78,0.0,50.0,28.57142857142857,21.428571428571427
391,0.544,1,0,16,15,10.0,5.44,0.0,6.25,31.25,62.5
392,0.603,1,0,15,14,10.0,6.03,6.666666666666667,13.333333333333334,13.333333333333334,66.66666666666666
393,0.658,1,0,15,14,10.0,6.58,0.0,20.0,46.666666666666664,33.33333333333333
394,0.486,1,0,13,12,10.0,4.86,7.6923076923076925,30.76923076923077,23.076923076923077,38.46153846153847
395,0.601,1,0,15,14,10.0,6.01,13.333333333333334,40.0,20.0,26.666666666666668
396,0.707,1,0,21,20,10.0,7.07,4.761904761904762,23.809523809523807,19.047619047619047,52.38095238095239
397,0.508,1,0,14,13,10.0,5.08,14.285714285714285,21.428571428571427,28.57142857142857,35.714285714285715
398,0.493,1,0,14,13,10.0,4.93,7.142857142857142,42.857142857142854,28.57142857142857,21.428571428571427
399,0.674,1,0,18,17,10.0,6.74,16.666666666666664,11.11111111111111,33.33333333333333,38.88888888888889
400,0.637,1,0,14,13,9.0,6.37,21.428571428571427,0.0,78.57142857142857,0.0
401,0.611,1,0,17,16,10.0,6.11,5.88235294117647,35.294117647058826,47.05882352941176,11.76470588235294
402,0.669,1,0,17,16,10.0,6.69,5.88235294117647,35.294117647058826,29.411764705882355,29.411764705882355
403,0.496,1,0,16,15,10.0,4.96,0.0,18.75,62.5,18.75
404,0.253,1,0,8,7,10.0,2.53,0.0,37.5,25.0,37.5
405,0.566,1,0,13,12,10.0,5.66,61.53846153846154,15.384615384615385,15.384615384615385,7.6923076923076925
406,0.639,1,0,17,16,10.0,6.39,0.0,5.88235294117647,47.05882352941176,47.05882352941176
407,0.726,1,0,24,23,10.0,7.26,4.166666666666666,37.5,29.166666666666668,29.166666666666668
408,0.789,1,0,23,22,10.0,7.89,8.695652173913043,39.130434782608695,17.391304347826086,34.78260869565217
409,0.547,1,0,16,15,10.0,5.47,6.25,6.25,31.25,56.25
410,0.445,1,0,11,10,10.0,4.45,18.181818181818183,27.27272727272727,9.090909090909092,45.45454545454545
411,0.542,1,0,16,15,10.0,5.42,37.5,0.0,37.5,25.0
412,0.482,1,0,15,14,10.0,4.82,46.666666666666664,20.0,6.666666666666667,26.666666666666668
413,0.649,1,0,18,17,10.0,6.49,16.666666666666664,33.33333333333333,0.0,50.0
414,0.684,1,0,22,21,10.0,6.84,40.909090909090914,27.27272727272727,22.727272727272727,9.090909090909092
415,0.596,1,0,16,15,10.0,5.96,0.0,56.25,6.25,37.5
416,0.539,1,0,15,14,10.0,5.39,73.33333333333333,0.0,26.666666666666668,0.0
417,0.531,1,0,13,12,10.0,5.31,23.076923076923077,23.076923076923077,30.76923076923077,23.076923076923077
418,0.572,1,0,18,17,10.0,5.72,27.77777777777778,33.33333333333333,5.555555555555555,33.33333333333333
419,0.582,1,0,17,16,10.0,5.82,5.88235294117647,58.82352941176471,0.0,35.294117647058826
420,0.399,1,0,12,11,10.0,3.99,8.333333333333332,58.333333333333336,0.0,33.33333333333333
421,0.453,1,0,11,10,9.0,4.53,27.27272727272727,63.63636363636363,0.0,9.090909090909092
422,0.593,1,0,11,10,10.0,5.93,9.090909090909092,27.27272727272727,27.27272727272727,36.36363636363637
423,0.633,1,0,13,12,10.0,6.33,15.384615384615385,15.384615384615385,69.23076923076923,0.0
424,0.514,1,0,17,16,10.0,5.14,35.294117647058826,35.294117647058826,11.76470588235294,17.647058823529413
425,0.634,1,0,16,15,10.0,6.34,0.0,18.75,12.5,68.75
426,0.566,1,0,14,13,10.0,5.66,14.285714285714285,21.428571428571427,21.428571428571427,42.857142857142854
427,0.586,1,0,17,16,10.0,5.86,17.647058823529413,41.17647058823529,17.647058823529413,23.52941176470588
428,0.63,1,0,18,17,10.0,6.3,22.22222222222222,22.22222222222222,11.11111111111111,44.44444444444444
429,0.686,1,0,19,18,10.0,6.86,10.526315789473683,31.57894736842105,10.526315789473683,47.368421052631575
430,0.495,1,0,11,10,10.0,4.95,9.090909090909092,54.54545454545454,0.0,36.36363636363637
431,0.724,1,0,15,14,10.0,7.24,66.66666666666666,33.33333333333333,0.0,0.0
432,0.675,1,0,20,19,10.0,6.75,5.0,45.0,10.0,40.0
433,0.512,1,0,12,11,10.0,5.12,8.333333333333332,8.333333333333332,8.333333333333332,75.0
434,0.718,1,0,17,16,10.0,7.18,29.411764705882355,41.17647058823529,5.88235294117647,23.52941176470588
435,0.567,1,0,18,17,10.0,5.67,5.555555555555555,33.33333333333333,11.11111111111111,50.0
436,0.559,1,0,14,13,10.0,5.59,21.428571428571427,50.0,7.142857142857142,21.428571428571427
437,0.698,1,0,18,17,10.0,6.98,22.22222222222222,33.33333333333333,0.0,44.44444444444444
438,0.638,1,0,14,13,10.0,6.38,28.57142857142857,35.714285714285715,7.142857142857142,28.57142857142857
439,0.433,1,0,12,11,9.0,4.33,16.666666666666664,50.0,8.333333333333332,25.0
440,0.665,1,0,19,18,10.0,6.65,47.368421052631575,0.0,21.052631578947366,31.57894736842105
441,0.659,1,0,18,17,10.0,6.59,22.22222222222222,27.77777777777778,22.22222222222222,27.77777777777778
442,0.59,1,0,16,15,10.0,5.9,18.75,0.0,18.75,62.5
443,0.532,1,0,13,12,10.0,5.32,38.46153846153847,23.076923076923077,7.6923076923076925,30.76923076923077
444,0.445,1,0,10,9,10.0,4.45,20.0,30.0,10.0,40.0
445,0.735,1,0,19,18,10.0,7.35,47.368421052631575,26.31578947368421,21.052631578947366,5.263157894736842
446,0.493,1,0,15,14,10.0,4.93,6.666666666666667,60.0,0.0,33.33333333333333
447,0.539,1,0,11,10,10.0,5.39,9.090909090909092,54.54545454545454,0.0,36.36363636363637
448,0.548,1,0,11,10,10.0,5.48,36.36363636363637,0.0,9.090909090909092,54.54545454545454
449,0.496,1,0,13,12,10.0,4.96,7.6923076923076925,46.15384615384615,15.384615384615385,30.76923076923077
450,0.633,1,0,18,17,10.0,6.33,38.88888888888889,11.11111111111111,5.555555555555555,44.44444444444444
451,0.523,1,0,14,13,10.0,5.23,14.285714285714285,35.714285714285715,14.285714285714285,35.714285714285715
452,0.705,1,0,19,18,10.0,7.05,21.052631578947366,26.31578947368421,10.526315789473683,42.10526315789473
453,0.617,1,0,12,11,10.0,6.17,33.33333333333333,33.33333333333333,8.333333333333332,25.0
454,0.675,1,0,18,17,10.0,6.75,11.11111111111111,11.11111111111111,11.11111111111111,66.66666666666666
455,0.595,1,0,15,14,10.0,5.95,26.666666666666668,13.333333333333334,13.333333333333334,46.666666666666664
456,0.628,1,0,11,10,10.0,6.28,18.181818181818183,18.181818181818183,27.27272727272727,36.36363636363637
457,0.523,1,0,12,11,10.0,5.23,50.0,41.66666666666667,8.333333333333332,0.0
458,0.639,1,0,21,20,10.0,6.39,23.809523809523807,38.095238095238095,14.285714285714285,23.809523809523807
459,0.636,1,0,15,14,10.0,6.36,6.666666666666667,33.33333333333333,6.666666666666667,53.333333333333336
460,0.503,1,0,12,11,10.0,5.03,33.33333333333333,33.33333333333333,0.0,33.33333333333333
461,0.379,1,0,9,8,10.0,3.79,22.22222222222222,33.33333333333333,22.22222222222222,22.22222222222222
462,0.617,1,0,16,15,10.0,6.17,18.75,43.75,6.25,31.25
463,0.544,1,0,15,14,10.0,5.44,60.0,0.0,6.666666666666667,33.33333333333333
464,0.546,1,0,16,15,10.0,5.46,6.25,31.25,12.5,50.0
465,0.473,1,0,14,13,10.0,4.73,50.0,0.0,7.142857142857142,42.857142857142854
466,0.486,1,0,15,14,10.0,4.86,13.333333333333334,20.0,6.666666666666667,60.0
467,0.644,1,0,19,18,10.0,6.44,42.10526315789473,36.84210526315789,21.052631578947366,0.0
468,0.645,1,0,15,14,10.0,6.45,0.0,46.666666666666664,13.333333333333334,40.0
469,0.68,1,0,18,17,10.0,6.8,11.11111111111111,11.11111111111111,38.88888888888889,38.88888888888889
470,0.598,1,0,16,15,10.0,5.98,12.5,43.75,0.0,43.75
471,0.615,1,0,13,12,10.0,6.15,7.6923076923076925,23.076923076923077,53.84615384615385,15.384615384615385
472,0.466,1,0,15,14,10.0,4.66,13.333333333333334,6.666666666666667,46.666666666666664,33.33333333333333
473,0.698,1,0,18,17,10.0,6.98,5.555555555555555,16.666666666666664,27.77777777777778,50.0
474,0.419,1,0,9,8,10.0,4.19,22.22222222222222,22.22222222222222,0.0,55.55555555555556
475,0.542,1,0,14,13,10.0,5.42,14.285714285714285,28.57142857142857,14.285714285714285,42.857142857142854
476,0.672,1,0,17,16,10.0,6.72,82.35294117647058,0.0,11.76470588235294,5.88235294117647
477,0.476,1,0,12,11,10.0,4.76,58.333333333333336,25.0,16.666666666666664,0.0
478,0.738,1,0,16,15,10.0,7.38,6.25,31.25,0.0,62.5
479,0.661,1,0,15,14,10.0,6.61,6.666666666666667,46.666666666666664,0.0,46.666666666666664
480,0.71,1,0,19,18,10.0,7.1,10.526315789473683,21.052631578947366,26.31578947368421,42.10526315789473
481,0.422,1,0,13,12,10.0,4.22,7.6923076923076925,23.076923076923077,7.6923076923076925,61.53846153846154
482,0.763,1,0,22,21,10.0,7.63,4.545454545454546,40.909090909090914,13.636363636363635,40.909090909090914
483,0.642,1,0,14,13,10.0,6.42,7.142857142857142,42.857142857142854,0.0,50.0
484,0.59,1,0,13,12,10.0,5.9,30.76923076923077,15.384615384615385,30.76923076923077,23.076923076923077
485,0.635,1,0,17,16,10.0,6.35,35.294117647058826,29.411764705882355,17.647058823529413,17.647058823529413
486,0.659,1,0,17,16,10.0,6.59,5.88235294117647,17.647058823529413,11.76470588235294,64.70588235294117
487,0.779,1,0,14,13,10.0,7.79,57.14285714285714,35.714285714285715,7.142857142857142,0.0
488,0.638,1,0,19,18,10.0,6.38,10.526315789473683,42.10526315789473,0.0,47.368421052631575
489,0.631,1,0,15,14,10.0,6.31,6.666666666666667,0.0,33.33333333333333,60.0
490,0.593,1,0,16,15,10.0,5.93,6.25,12.5,18.75,62.5
491,0.638,1,0,17,16,10.0,6.38,47.05882352941176,29.411764705882355,0.0,23.52941176470588
492,0.796,1,0,18,17,10.0,7.96,5.555555555555555,44.44444444444444,16.666666666666664,33.33333333333333
493,0.688,1,0,17,16,10.0,6.88,17.647058823529413,29.411764705882355,11.76470588235294,41.17647058823529
494,0.729,1,0,21,20,10.0,7.29,23.809523809523807,23.809523809523807,0.0,52.38095238095239
495,0.367,1,0,9,8,9.0,3.67,22.22222222222222,22.22222222222222,22.22222222222222,33.33333333333333
496,0.51,1,0,9,8,10.0,5.1,0.0,0.0,100.0,0.0
497,0.651,1,0,15,14,10.0,6.51,26.666666666666668,40.0,20.0,13.333333333333334
498,0.704,1,0,15,14,10.0,7.04,33.33333333333333,26.666666666666668,6.666666666666667,33.33333333333333
499,0.629,1,0,17,16,10.0,6.29,11.76470588235294,35.294117647058826,23.52941176470588,29.411764705882355
500,0.601,1,0,19,18,10.0,6.01,10.526315789473683,31.57894736842105,5.263157894736842,52.63157894736842
501,0.581,1,0,14,13,10.0,5.81,0.0,28.57142857142857,21.428571428571427,50.0
502,0.732,1,0,14,13,10.0,7.32,7.142857142857142,14.285714285714285,14.285714285714285,64.28571428571429
503,0.608,1,0,19,18,10.0,6.08,15.789473684210526,15.789473684210526,21.052631578947366,47.368421052631575
504,0.429,1,0,9,8,10.0,4.29,33.33333333333333,0.0,55.55555555555556,11.11111111111111
505,0.377,1,0,11,10,10.0,3.77,9.090909090909092,18.181818181818183,0.0,72.72727272727273
506,0.436,1,0,11,10,10.0,4.36,9.090909090909092,54.54545454545454,18.181818181818183,18.181818181818183
507,0.719,1,0,17,16,10.0,7.19,5.88235294117647,41.17647058823529,5.88235294117647,47.05882352941176
508,0.651,1,0,16,15,10.0,6.51,12.5,43.75,12.5,31.25
509,0.531,1,0,15,14,10.0,5.31,0.0,33.33333333333333,13.333333333333334,53.333333333333336
510,0.423,1,0,13,12,10.0,4.23,15.384615384615385,15.384615384615385,15.384615384615385,53.84615384615385
511,0.641,1,0,20,19,10.0,6.41,0.0,35.0,20.0,45.0
512,0.572,1,0,15,14,10.0,5.72,0.0,53.333333333333336,13.333333333333334,33.33333333333333
513,0.582,1,0,14,13,10.0,5.82,0.0,35.714285714285715,21.428571428571427,42.857142857142854
514,0.667,1,0,17,16,10.0,6.67,17.647058823529413,35.294117647058826,5.88235294117647,41.17647058823529
515,0.456,1,0,10,9,10.0,4.56,20.0,20.0,20.0,40.0
516,0.402,1,0,12,11,10.0,4.02,8.333333333333332,50.0,8.333333333333332,33.33333333333333
517,0.493,1,0,10,9,10.0,4.93,50.0,30.0,10.0,10.0
518,0.699,1,0,19,18,10.0,6.99,10.526315789473683,42.10526315789473,5.263157894736842,42.10526315789473
519,0.519,1,0,14,13,10.0,5.19,14.285714285714285,42.857142857142854,14.285714285714285,28.57142857142857
520,0.525,1,0,13,12,10.0,5.25,30.76923076923077,61.53846153846154,0.0,7.6923076923076925
521,0.53,1,0,12,11,10.0,5.3,33.33333333333333,0.0,16.666666666666664,50.0
522,0.506,1,0,16,15,10.0,5.06,87.5,0.0,0.0,12.5
523,0.615,1,0,16,15,10.0,6.15,31.25,50.0,18.75,0.0
524,0.73,1,0,17,16,10.0,7.3,17.647058823529413,41.17647058823529,17.647058823529413,23.52941176470588
525,0.397,1,0,13,12,10.0,3.97,7.6923076923076925,53.84615384615385,15.384615384615385,23.076923076923077
526,0.464,1,0,12,11,10.0,4.64,8.333333333333332,41.66666666666667,16.666666666666664,33.33333333333333
527,0.579,1,0,13,12,10.0,5.79,0.0,46.15384615384615,23.076923076923077,30.76923076923077
528,0.538,1,0,16,15,10.0,5.38,6.25,31.25,25.0,37.5
529,0.437,1,0,11,10,9.0,4.37,36.36363636363637,18.181818181818183,45.45454545454545,0.0
530,0.621,1,0,14,13,10.0,6.21,7.142857142857142,28.57142857142857,21.428571428571427,42.857142857142854
531,0.606,1,0,14,13,10.0,6.06,21.428571428571427,21.428571428571427,35.714285714285715,21.428571428571427
532,0.615,1,0,15,14,10.0,6.15,0.0,60.0,13.333333333333334,26.666666666666668
533,0.667,1,0,17,16,10.0,6.67,23.52941176470588,29.411764705882355,17.647058823529413,29.411764705882355
534,0.611,1,0,16,15,10.0,6.11,0.0,31.25,18.75,50.0
535,0.62,1,0,21,20,10.0,6.2,4.761904761904762,57.14285714285714,9.523809523809524,28.57142857142857
536,0.792,1,0,19,18,10.0,7.92,0.0,52.63157894736842,10.526315789473683,36.84210526315789
537,0.607,1,0,15,14,10.0,6.07,0.0,33.33333333333333,13.333333333333334,53.333333333333336
538,0.619,1,0,20,19,10.0,6.19,20.0,45.0,15.0,20.0
539,0.708,1,0,18,17,10.0,7.08,27.77777777777778,33.33333333333333,22.22222222222222,16.666666666666664
540,0.348,1,0,9,8,9.0,3.48,0.0,66.66666666666666,22.22222222222222,11.11111111111111
541,0.468,1,0,10,9,10.0,4.68,20.0,40.0,20.0,20.0
542,0.724,1,0,23,22,10.0,7.24,8.695652173913043,69.56521739130434,8.695652173913043,13.043478260869565
543,0.511,1,0,12,11,10.0,5.11,41.66666666666667,25.0,25.0,8.333333333333332
544,0.574,1,0,14,13,10.0,5.74,21.428571428571427,0.0,42.857142857142854,35.714285714285715
545,0.593,1,0,11,10,10.0,5.93,27.27272727272727,9.090909090909092,54.54545454545454,9.090909090909092
546,0.374,1,0,12,11,10.0,3.74,0.0,58.333333333333336,8.333333333333332,33.33333333333333
547,0.548,1,0,14,13,10.0,5.48,14.285714285714285,21.428571428571427,42.857142857142854,21.428571428571427
548,0.681,1,0,16,15,10.0,6.81,12.5,25.0,18.75,43.75
549,0.485,1,0,17,16,10.0,4.85,0.0,47.05882352941176,17.647058823529413,35.294117647058826
550,0.623,1,0,20,19,10.0,6.23,0.0,30.0,20.0,50.0
551,0.531,1,0,14,13,10.0,5.31,7.142857142857142,35.714285714285715,14.285714285714285,42.857142857142854
552,0.509,1,0,15,14,10.0,5.09,0.0,0.0,46.666666666666664,53.333333333333336
553,0.583,1,0,17,16,10.0,5.83,5.88235294117647,17.647058823529413,64.70588235294117,11.76470588235294
554,0.68,1,0,15,14,10.0,6.8,46.666666666666664,13.333333333333334,40.0,0.0
555,0.466,1,0,15,14,10.0,4.66,0.0,66.66666666666666,6.666666666666667,26.666666666666668
556,0.641,1,0,17,16,10.0,6.41,5.88235294117647,47.05882352941176,17.647058823529413,29.411764705882355
557,0.602,1,0,19,18,10.0,6.02,5.263157894736842,5.263157894736842,57.89473684210527,31.57894736842105
558,0.495,1,0,15,14,10.0,4.95,6.666666666666667,20.0,46.666666666666664,26.666666666666668
559,0.65,1,0,15,14,10.0,6.5,20.0,6.666666666666667,40.0,33.33333333333333
560,0.594,1,0,15,14,10.0,5.94,13.333333333333334,13.333333333333334,40.0,33.33333333333333
561,0.537,1,0,15,14,10.0,5.37,13.333333333333334,40.0,6.666666666666667,40.0
562,0.6,1,0,15,14,10.0,6.0,20.0,33.33333333333333,26.666666666666668,20.0
563,0.656,1,0,17,16,10.0,6.56,5.88235294117647,64.70588235294117,23.52941176470588,5.88235294117647
564,0.586,1,0,16,15,10.0,5.86,12.5,18.75,37.5,31.25
565,0.583,1,0,14,13,10.0,5.83,7.142857142857142,35.714285714285715,14.285714285714285,42.857142857142854
566,0.768,1,0,20,19,10.0,7.68,5.0,45.0,25.0,25.0
567,0.44,1,0,11,10,10.0,4.4,45.45454545454545,18.181818181818183,27.27272727272727,9.090909090909092
568,0.564,1,0,18,17,10.0,5.64,11.11111111111111,33.33333333333333,27.77777777777778,27.77777777777778
569,0.542,1,0,13,12,10.0,5.42,7.6923076923076925,46.15384615384615,23.076923076923077,23.076923076923077
570,0.327,1,0,10,9,9.0,3.27,10.0,20.0,40.0,30.0
571,0.733,1,0,18,17,10.0,7.33,11.11111111111111,0.0,88.88888888888889,0.0
572,0.733,1,0,16,15,10.0,7.33,0.0,56.25,6.25,37.5
573,0.534,1,0,12,11,10.0,5.34,0.0,41.66666666666667,25.0,33.33333333333333
574,0.577,1,0,11,10,10.0,5.77,0.0,45.45454545454545,9.090909090909092,45.45454545454545
575,0.623,1,0,15,14,10.0,6.23,6.666666666666667,40.0,33.33333333333333,20.0
576,0.554,1,0,15,14,10.0,5.54,40.0,26.666666666666668,33.33333333333333,0.0
577,0.533,1,0,13,12,10.0,5.33,30.76923076923077,15.384615384615385,15.384615384615385,38.46153846153847
578,0.728,1,0,22,21,10.0,7.28,22.727272727272727,9.090909090909092,54.54545454545454,13.636363636363635
579,0.568,1,0,16,15,10.0,5.68,0.0,68.75,12.5,18.75
580,0.496,1,0,11,10,10.0,4.96,18.181818181818183,18.181818181818183,9.090909090909092,54.54545454545454
581,0.551,1,0,15,14,10.0,5.51,0.0,26.666666666666668,13.333333333333334,60.0
582,0.622,1,0,17,16,10.0,6.22,23.52941176470588,47.05882352941176,23.52941176470588,5.88235294117647
583,0.527,1,0,12,11,10.0,5.27,33.33333333333333,33.33333333333333,33.33333333333333,0.0
584,0.782,1,0,21,20,10.0,7.82,4.761904761904762,33.33333333333333,9.523809523809524,52.38095238095239
585,0.54,1,0,13,12,10.0,5.4,0.0,53.84615384615385,15.384615384615385,30.76923076923077
586,0.525,1,0,20,19,10.0,5.25,0.0,30.0,40.0,30.0
587,0.421,1,0,14,13,10.0,4.21,7.142857142857142,7.142857142857142,50.0,35.714285714285715
588,0.498,1,0,13,12,10.0,4.98,15.384615384615385,7.6923076923076925,23.076923076923077,53.84615384615385
589,0.678,1,0,16,15,10.0,6.78,6.25,6.25,81.25,6.25
590,0.613,1,0,19,18,10.0,6.13,26.31578947368421,21.052631578947366,21.052631578947366,31.57894736842105
591,0.681,1,0,20,19,10.0,6.81,45.0,15.0,5.0,35.0
592,0.596,1,0,18,17,10.0,5.96,0.0,0.0,55.55555555555556,44.44444444444444
593,0.689,1,0,18,17,10.0,6.89,5.555555555555555,27.77777777777778,22.22222222222222,44.44444444444444
594,0.443,1,0,12,11,9.0,4.43,8.333333333333332,25.0,25.0,41.66666666666667
595,0.657,1,0,17,16,10.0,6.57,0.0,47.05882352941176,11.76470588235294,41.17647058823529
596,0.362,1,0,12,11,10.0,3.62,0.0,50.0,25.0,25.0
597,0.524,1,0,15,14,10.0,5.24,6.666666666666667,46.666666666666664,6.666666666666667,40.0
598,0.61,1,0,17,16,10.0,6.1,11.76470588235294,29.411764705882355,29.411764705882355,29.411764705882355
599,0.391,1,0,12,11,10.0,3.91,0.0,0.0,41.66666666666667,58.333333333333336
600,0.505,1,0,14,13,10.0,5.05,14.285714285714285,50.0,28.57142857142857,7.142857142857142
601,0.45,1,0,10,9,10.0,4.5,10.0,40.0,40.0,10.0
602,0.737,1,0,23,22,10.0,7.37,8.695652173913043,34.78260869565217,47.82608695652174,8.695652173913043
603,0.58,1,0,14,13,10.0,5.8,21.428571428571427,0.0,14.285714285714285,64.28571428571429
604,0.376,1,0,10,9,10.0,3.76,10.0,0.0,90.0,0.0
605,0.664,1,0,17,16,10.0,6.64,23.52941176470588,58.82352941176471,17.647058823529413,0.0
606,0.379,1,0,12,11,10.0,3.79,16.666666666666664,41.66666666666667,33.33333333333333,8.333333333333332
607,0.568,1,0,17,16,10.0,5.68,29.411764705882355,17.647058823529413,23.52941176470588,29.411764705882355
608,0.599,1,0,17,16,10.0,5.99,29.411764705882355,11.76470588235294,52.94117647058824,5.88235294117647
609,0.587,1,0,15,14,10.0,5.87,46.666666666666664,13.333333333333334,40.0,0.0
610,0.63,1,0,19,18,10.0,6.3,21.052631578947366,31.57894736842105,15.789473684210526,31.57894736842105
611,0.61,1,0,16,15,10.0,6.1,25.0,31.25,18.75,25.0
612,0.356,1,0,14,13,10.0,3.56,28.57142857142857,50.0,21.428571428571427,0.0
613,0.644,1,0,19,18,10.0,6.44,10.526315789473683,0.0,42.10526315789473,47.368421052631575
614,0.433,1,0,11,10,9.0,4.33,27.27272727272727,0.0,63.63636363636363,9.090909090909092
615,0.571,1,0,14,13,10.0,5.71,0.0,35.714285714285715,21.428571428571427,42.857142857142854
616,0.71,1,0,18,17,10.0,7.1,0.0,16.666666666666664,16.666666666666664,66.66666666666666
617,0.497,1,0,15,14,10.0,4.97,26.666666666666668,40.0,20.0,13.333333333333334
618,0.589,1,0,17,16,10.0,5.89,23.52941176470588,17.647058823529413,58.82352941176471,0.0
619,0.672,1,0,17,16,10.0,6.72,5.88235294117647,47.05882352941176,17.647058823529413,29.411764705882355
620,0.688,1,0,15,14,10.0,6.88,33.33333333333333,13.333333333333334,26.666666666666668,26.666666666666668
621,0.598,1,0,15,14,10.0,5.98,26.666666666666668,0.0,20.0,53.333333333333336
622,0.732,1,0,18,17,10.0,7.32,27.77777777777778,22.22222222222222,44.44444444444444,5.555555555555555
623,0.625,1,0,14,13,10.0,6.25,7.142857142857142,0.0,57.14285714285714,35.714285714285715
624,0.778,1,0,23,22,10.0,7.78,4.3478260869565215,47.82608695652174,13.043478260869565,34.78260869565217
625,0.522,1,0,11,10,10.0,5.22,63.63636363636363,0.0,27.27272727272727,9.090909090909092
626,0.516,1,0,13,12,10.0,5.16,30.76923076923077,30.76923076923077,30.76923076923077,7.6923076923076925
627,0.662,1,0,17,16,10.0,6.62,0.0,23.52941176470588,17.647058823529413,58.82352941176471
628,0.573,1,0,16,15,10.0,5.73,50.0,6.25,18.75,25.0
629,0.308,1,0,9,8,10.0,3.08,11.11111111111111,33.33333333333333,22.22222222222222,33.33333333333333
630,0.533,1,0,13,12,10.0,5.33,0.0,30.76923076923077,30.76923076923077,38.46153846153847
631,0.616,1,0,13,12,10.0,6.16,0.0,23.076923076923077,15.384615384615385,61.53846153846154
632,0.616,1,0,16,15,10.0,6.16,50.0,0.0,43.75,6.25
633,0.449,1,0,12,11,10.0,4.49,50.0,0.0,25.0,25.0
634,0.655,1,0,15,14,10.0,6.55,13.333333333333334,13.333333333333334,6.666666666666667,66.66666666666666
635,0.6,1,0,15,14,10.0,6.0,0.0,46.666666666666664,20.0,33.33333333333333
636,0.499,1,0,14,13,10.0,4.99,71.42857142857143,7.142857142857142,14.285714285714285,7.142857142857142
637,0.72,1,0,22,21,10.0,7.2,0.0,40.909090909090914,9.090909090909092,50.0
638,0.612,1,0,13,12,10.0,6.12,7.6923076923076925,46.15384615384615,7.6923076923076925,38.46153846153847
639,0.613,1,0,18,17,10.0,6.13,0.0,16.666666666666664,55.55555555555556,27.77777777777778
640,0.662,1,0,19,18,10.0,6.62,21.052631578947366,0.0,42.10526315789473,36.84210526315789
641,0.55,1,0,14,13,10.0,5.5,0.0,42.857142857142854,14.285714285714285,42.857142857142854
642,0.548,1,0,13,12,10.0,5.48,15.384615384615385,15.384615384615385,46.15384615384615,23.076923076923077
643,0.701,1,0,19,18,10.0,7.01,0.0,26.31578947368421,21.052631578947366,52.63157894736842
644,0.405,1,0,10,9,10.0,4.05,10.0,0.0,70.0,20.0
645,0.647,1,0,20,19,10.0,6.47,5.0,20.0,15.0,60.0
646,0.51,1,0,16,15,10.0,5.1,6.25,25.0,18.75,50.0
647,0.574,1,0,12,11,10.0,5.74,8.333333333333332,33.33333333333333,33.33333333333333,25.0
648,0.598,1,0,16,15,10.0,5.98,0.0,37.5,12.5,50.0
649,0.395,1,0,14,13,10.0,3.95,0.0,64.28571428571429,14.285714285714285,21.428571428571427
650,0.588,1,0,12,11,10.0,5.88,50.0,16.666666666666664,8.333333333333332,25.0
651,0.758,1,0,18,17,10.0,7.58,16.666666666666664,44.44444444444444,22.22222222222222,16.666666666666664
652,0.421,1,0,12,11,10.0,4.21,0.0,41.66666666666667,8.333333333333332,50.0
653,0.522,1,0,12,11,10.0,5.22,0.0,41.66666666666667,25.0,33.33333333333333
654,0.766,1,0,22,21,10.0,7.66,13.636363636363635,22.727272727272727,63.63636363636363,0.0
655,0.679,1,0,12,11,10.0,6.79,41.66666666666667,8.333333333333332,41.66666666666667,8.333333333333332
656,0.763,1,0,25,24,10.0,7.63,32.0,28.000000000000004,24.0,16.0
657,0.633,1,0,13,12,10.0,6.33,23.076923076923077,0.0,61.53846153846154,15.384615384615385
658,0.642,1,0,14,13,10.0,6.42,7.142857142857142,35.714285714285715,21.428571428571427,35.714285714285715
659,0.517,1,0,13,12,10.0,5.17,23.076923076923077,30.76923076923077,23.076923076923077,23.076923076923077
660,0.539,1,0,14,13,10.0,5.39,0.0,35.714285714285715,14.285714285714285,50.0
661,0.661,1,0,17,16,10.0,6.61,29.411764705882355,29.411764705882355,5.88235294117647,35.294117647058826
662,0.843,1,0,20,19,10.0,8.43,25.0,0.0,60.0,15.0
663,0.412,1,0,10,9,10.0,4.12,0.0,10.0,20.0,70.0
664,0.503,1,0,15,14,10.0,5.03,26.666666666666668,46.666666666666664,6.666666666666667,20.0
665,0.713,1,0,18,17,10.0,7.13,5.555555555555555,16.666666666666664,61.111111111111114,16.666666666666664
666,0.558,1,0,12,11,10.0,5.58,33.33333333333333,0.0,50.0,16.666666666666664
667,0.65,1,0,14,13,10.0,6.5,7.142857142857142,21.428571428571427,14.285714285714285,57.14285714285714
668,0.646,1,0,19,18,10.0,6.46,26.31578947368421,26.31578947368421,5.263157894736842,42.10526315789473
669,0.65,1,0,17,16,10.0,6.5,17.647058823529413,35.294117647058826,17.647058823529413,29.411764705882355
670,0.601,1,0,19,18,10.0,6.01,0.0,36.84210526315789,15.789473684210526,47.368421052631575
671,0.494,1,0,14,13,10.0,4.94,50.0,28.57142857142857,21.428571428571427,0.0
672,0.633,1,0,14,13,10.0,6.33,14.285714285714285,50.0,14.285714285714285,21.428571428571427
673,0.708,1,0,13,12,10.0,7.08,30.76923076923077,38.46153846153847,30.76923076923077,0.0
674,0.512,1,0,19,18,10.0,5.12,36.84210526315789,47.368421052631575,15.789473684210526,0.0
675,0.522,1,0,12,11,10.0,5.22,8.333333333333332,16.666666666666664,58.333333333333336,16.666666666666664
676,0.636,1,0,14,13,10.0,6.36,7.142857142857142,42.857142857142854,14.285714285714285,35.714285714285715
677,0.576,1,0,12,11,10.0,5.76,0.0,33.33333333333333,16.666666666666664,50.0
678,0.647,1,0,13,12,10.0,6.47,30.76923076923077,0.0,15.384615384615385,53.84615384615385
679,0.734,1,0,19,18,10.0,7.34,21.052631578947366,42.10526315789473,36.84210526315789,0.0
680,0.688,1,0,18,17,10.0,6.88,11.11111111111111,50.0,16.666666666666664,22.22222222222222
681,0.516,1,0,16,15,10.0,5.16,37.5,25.0,18.75,18.75
682,0.758,1,0,24,23,10.0,7.58,0.0,41.66666666666667,4.166666666666666,54.166666666666664
683,0.753,1,0,22,21,10.0,7.53,4.545454545454546,9.090909090909092,59.09090909090909,27.27272727272727
684,0.709,1,0,19,18,10.0,7.09,0.0,36.84210526315789,15.789473684210526,47.368421052631575
685,0.762,1,0,20,19,10.0,7.62,0.0,0.0,30.0,70.0
686,0.537,1,0,15,14,10.0,5.37,33.33333333333333,26.666666666666668,13.333333333333334,26.666666666666668
687,0.586,1,0,15,14,10.0,5.86,13.333333333333334,40.0,13.333333333333334,33.33333333333333
688,0.557,1,0,19,18,10.0,5.57,78.94736842105263,0.0,5.263157894736842,15.789473684210526
689,0.527,1,0,14,13,9.0,5.27,0.0,35.714285714285715,14.285714285714285,50.0
690,0.706,1,0,13,12,10.0,7.06,30.76923076923077,0.0,30.76923076923077,38.46153846153847
691,0.677,1,0,21,20,10.0,6.77,0.0,52.38095238095239,14.285714285714285,33.33333333333333
692,0.375,1,0,8,7,10.0,3.75,0.0,25.0,37.5,37.5
693,0.552,1,0,14,13,10.0,5.52,14.285714285714285,14.285714285714285,14.285714285714285,57.14285714285714
694,0.518,1,0,14,13,10.0,5.18,0.0,57.14285714285714,14.285714285714285,28.57142857142857
695,0.559,1,0,15,14,10.0,5.59,13.333333333333334,0.0,53.333333333333336,33.33333333333333
696,0.673,1,0,15,14,10.0,6.73,0.0,46.666666666666664,13.333333333333334,40.0
697,0.692,1,0,15,14,10.0,6.92,13.333333333333334,33.33333333333333,26.666666666666668,26.666666666666668
698,0.773,1,0,21,20,10.0,7.73,14.285714285714285,23.809523809523807,42.857142857142854,19.047619047619047
699,0.526,1,0,16,15,9.0,5.26,31.25,25.0,25.0,18.75
700,0.659,1,0,20,19,10.0,6.59,0.0,55.00000000000001,10.0,35.0
701,0.363,1,0,10,9,10.0,3.63,0.0,0.0,60.0,40.0
702,0.46,1,0,13,12,10.0,4.6,7.6923076923076925,46.15384615384615,23.076923076923077,23.076923076923077
703,0.547,1,0,17,16,10.0,5.47,17.647058823529413,47.05882352941176,11.76470588235294,23.52941176470588
704,0.475,1,0,13,12,10.0,4.75,7.6923076923076925,38.46153846153847,23.076923076923077,30.76923076923077
705,0.661,1,0,18,17,10.0,6.61,11.11111111111111,33.33333333333333,16.666666666666664,38.88888888888889
706,0.321,1,0,11,10,10.0,3.21,0.0,63.63636363636363,27.27272727272727,9.090909090909092
707,0.76,1,0,22,21,10.0,7.6,0.0,13.636363636363635,31.818181818181817,54.54545454545454
708,0.498,1,0,13,12,10.0,4.98,0.0,15.384615384615385,23.076923076923077,61.53846153846154
709,0.506,1,0,13,12,10.0,5.06,23.076923076923077,23.076923076923077,23.076923076923077,30.76923076923077
710,0.622,1,0,19,18,10.0,6.22,36.84210526315789,47.368421052631575,15.789473684210526,0.0
711,0.515,1,0,14,13,10.0,5.15,21.428571428571427,14.285714285714285,7.142857142857142,57.14285714285714
712,0.312,1,0,8,7,9.0,3.12,0.0,50.0,12.5,37.5
713,0.756,1,0,21,20,10.0,7.56,0.0,38.095238095238095,19.047619047619047,42.857142857142854
714,0.514,1,0,10,9,10.0,5.14,30.0,0.0,30.0,40.0
715,0.596,1,0,16,15,10.0,5.96,25.0,25.0,25.0,25.0
716,0.604,1,0,18,17,10.0,6.04,0.0,33.33333333333333,16.666666666666664,50.0
717,0.692,1,0,17,16,10.0,6.92,5.88235294117647,35.294117647058826,17.647058823529413,41.17647058823529
718,0.508,1,0,15,14,10.0,5.08,0.0,13.333333333333334,40.0,46.666666666666664
719,0.652,1,0,16,15,10.0,6.52,6.25,18.75,25.0,50.0
720,0.698,1,0,20,19,10.0,6.98,5.0,25.0,10.0,60.0
721,0.652,1,0,15,14,10.0,6.52,6.666666666666667,26.666666666666668,26.666666666666668,40.0
722,0.555,1,0,14,13,10.0,5.55,0.0,42.857142857142854,14.285714285714285,42.857142857142854
723,0.694,1,0,21,20,10.0,6.94,23.809523809523807,14.285714285714285,9.523809523809524,52.38095238095239
724,0.651,1,0,14,13,10.0,6.51,35.714285714285715,0.0,28.57142857142857,35.714285714285715
725,0.423,1,0,13,12,9.0,4.23,30.76923076923077,0.0,53.84615384615385,15.384615384615385
726,0.623,1,0,17,16,10.0,6.23,0.0,52.94117647058824,29.411764705882355,17.647058823529413
727,0.587,1,0,18,17,10.0,5.87,0.0,33.33333333333333,16.666666666666664,50.0
728,0.507,1,0,13,12,10.0,5.07,15.384615384615385,23.076923076923077,7.6923076923076925,53.84615384615385
729,0.517,1,0,15,14,10.0,5.17,0.0,46.666666666666664,20.0,33.33333333333333
730,0.659,1,0,16,15,10.0,6.59,25.0,50.0,25.0,0.0
731,0.682,1,0,20,19,10.0,6.82,5.0,65.0,10.0,20.0
732,0.555,1,0,13,12,10.0,5.55,0.0,0.0,53.84615384615385,46.15384615384615
733,0.521,1,0,14,13,10.0,5.21,35.714285714285715,21.428571428571427,35.714285714285715,7.142857142857142
734,0.638,1,0,17,16,10.0,6.38,52.94117647058824,35.294117647058826,11.76470588235294,0.0
735,0.616,1,0,20,19,10.0,6.16,10.0,25.0,15.0,50.0
736,0.615,1,0,16,15,10.0,6.15,0.0,0.0,43.75,56.25
737,0.673,1,0,17,16,10.0,6.73,5.88235294117647,23.52941176470588,23.52941176470588,47.05882352941176
738,0.638,1,0,15,14,10.0,6.38,0.0,53.333333333333336,13.333333333333334,33.33333333333333
739,0.641,1,0,15,14,10.0,6.41,6.666666666666667,46.666666666666664,6.666666666666667,40.0
740,0.521,1,0,17,16,10.0,5.21,35.294117647058826,29.411764705882355,11.76470588235294,23.52941176470588
741,0.627,1,0,19,18,10.0,6.27,5.263157894736842,21.052631578947366,15.789473684210526,57.89473684210527
742,0.601,1,0,15,14,10.0,6.01,26.666666666666668,33.33333333333333,6.666666666666667,33.33333333333333
743,0.763,1,0,16,15,10.0,7.63,50.0,31.25,18.75,0.0
744,0.488,1,0,14,13,10.0,4.88,0.0,35.714285714285715,21.428571428571427,42.857142857142854
745,0.779,1,0,22,21,10.0,7.79,0.0,36.36363636363637,9.090909090909092,54.54545454545454
746,0.63,1,0,18,17,10.0,6.3,16.666666666666664,44.44444444444444,27.77777777777778,11.11111111111111
747,0.625,1,0,12,11,10.0,6.25,58.333333333333336,0.0,33.33333333333333,8.333333333333332
748,0.633,1,0,14,13,10.0,6.33,28.57142857142857,7.142857142857142,14.285714285714285,50.0
749,0.57,1,0,17,16,10.0,5.7,5.88235294117647,35.294117647058826,35.294117647058826,23.52941176470588
750,0.746,1,0,23,22,10.0,7.46,0.0,47.82608695652174,30.434782608695656,21.73913043478261
751,0.678,1,0,24,23,10.0,6.78,4.166666666666666,25.0,8.333333333333332,62.5
752,0.622,1,0,13,12,10.0,6.22,0.0,46.15384615384615,7.6923076923076925,46.15384615384615
753,0.272,1,0,10,9,10.0,2.72,20.0,50.0,20.0,10.0
754,0.649,1,0,15,14,10.0,6.49,0.0,13.333333333333334,20.0,66.66666666666666
755,0.619,1,0,16,15,10.0,6.19,6.25,43.75,6.25,43.75
756,0.553,1,0,13,12,10.0,5.53,0.0,23.076923076923077,46.15384615384615,30.76923076923077
757,0.526,1,0,14,13,10.0,5.26,14.285714285714285,0.0,50.0,35.714285714285715
758,0.731,1,0,19,18,10.0,7.31,10.526315789473683,10.526315789473683,42.10526315789473,36.84210526315789
759,0.503,1,0,14,13,10.0,5.03,0.0,42.857142857142854,21.428571428571427,35.714285714285715
760,0.644,1,0,18,17,10.0,6.44,16.666666666666664,38.88888888888889,11.11111111111111,33.33333333333333
761,0.502,1,0,14,13,9.0,5.02,7.142857142857142,21.428571428571427,21.428571428571427,50.0
762,0.483,1,0,11,10,10.0,4.83,0.0,45.45454545454545,27.27272727272727,27.27272727272727
763,0.542,1,0,13,12,10.0,5.42,7.6923076923076925,23.076923076923077,23.076923076923077,46.15384615384615
764,0.749,1,0,17,16,10.0,7.49,17.647058823529413,11.76470588235294,41.17647058823529,29.411764705882355
765,0.56,1,0,17,16,10.0,5.6,0.0,5.88235294117647,52.94117647058824,41.17647058823529
766,0.6,1,0,19,18,10.0,6.0,21.052631578947366,26.31578947368421,15.789473684210526,36.84210526315789
767,0.664,1,0,16,15,10.0,6.64,25.0,12.5,0.0,62.5
768,0.518,1,0,14,13,10.0,5.18,0.0,50.0,14.285714285714285,35.714285714285715
769,0.558,1,0,13,12,10.0,5.58,30.76923076923077,15.384615384615385,30.76923076923077,23.076923076923077
770,0.606,1,0,18,17,10.0,6.06,33.33333333333333,22.22222222222222,27.77777777777778,16.666666666666664
771,0.488,1,0,14,13,10.0,4.88,21.428571428571427,0.0,28.57142857142857,50.0
772,0.394,1,0,9,8,10.0,3.94,0.0,44.44444444444444,22.22222222222222,33.33333333333333
773,0.59,1,0,16,15,10.0,5.9,37.5,12.5,31.25,18.75
774,0.674,1,0,19,18,10.0,6.74,0.0,21.052631578947366,21.052631578947366,57.89473684210527
775,0.769,1,0,20,19,10.0,7.69,25.0,35.0,10.0,30.0
776,0.433,1,0,13,12,10.0,4.33,0.0,38.46153846153847,23.076923076923077,38.46153846153847
777,0.536,1,0,13,12,10.0,5.36,15.384615384615385,30.76923076923077,7.6923076923076925,46.15384615384615
778,0.654,1,0,17,16,10.0,6.54,29.411764705882355,11.76470588235294,5.88235294117647,52.94117647058824
779,0.64,1,0,19,18,10.0,6.4,10.526315789473683,15.789473684210526,26.31578947368421,47.368421052631575
780,0.62,1,0,13,12,10.0,6.2,7.6923076923076925,38.46153846153847,7.6923076923076925,46.15384615384615
781,0.715,1,0,22,21,10.0,7.15,0.0,31.818181818181817,18.181818181818183,50.0
782,0.573,1,0,11,10,10.0,5.73,18.181818181818183,27.27272727272727,36.36363636363637,18.181818181818183
783,0.472,1,0,13,12,10.0,4.72,0.0,61.53846153846154,15.384615384615385,23.076923076923077
784,0.62,1,0,16,15,10.0,6.2,0.0,43.75,12.5,43.75
785,0.488,1,0,16,15,10.0,4.88,6.25,43.75,18.75,31.25
786,0.441,1,0,10,9,10.0,4.41,20.0,20.0,60.0,0.0
787,0.672,1,0,17,16,10.0,6.72,0.0,41.17647058823529,11.76470588235294,47.05882352941176
788,0.5,1,0,13,12,10.0,5.0,0.0,15.384615384615385,23.076923076923077,61.53846153846154
789,0.64,1,0,16,15,10.0,6.4,6.25,37.5,6.25,50.0
790,0.513,1,0,13,12,10.0,5.13,0.0,30.76923076923077,15.384615384615385,53.84615384615385
791,0.629,1,0,17,16,10.0,6.29,11.76470588235294,70.58823529411765,17.647058823529413,0.0
792,0.728,1,0,16,15,10.0,7.28,18.75,50.0,6.25,25.0
793,0.596,1,0,18,17,9.0,5.96,27.77777777777778,27.77777777777778,16.666666666666664,27.77777777777778
794,0.49,1,0,14,13,10.0,4.9,0.0,14.285714285714285,21.428571428571427,64.28571428571429
795,0.763,1,0,19,18,10.0,7.63,0.0,10.526315789473683,36.84210526315789,52.63157894736842
796,0.642,1,0,12,11,10.0,6.42,8.333333333333332,8.333333333333332,41.66666666666667,41.66666666666667
797,0.535,1,0,12,11,10.0,5.35,8.333333333333332,33.33333333333333,25.0,33.33333333333333
798,0.664,1,0,17,16,10.0,6.64,0.0,17.647058823529413,11.76470588235294,70.58823529411765
799,0.613,1,0,19,18,10.0,6.13,0.0,26.31578947368421,10.526315789473683,63.1578947368421
800,0.566,1,0,13,12,10.0,5.66,53.84615384615385,0.0,38.46153846153847,7.6923076923076925
801,0.31,1,0,10,9,10.0,3.1,70.0,0.0,30.0,0.0
802,0.648,1,0,17,16,10.0,6.48,0.0,35.294117647058826,5.88235294117647,58.82352941176471
803,0.371,1,0,9,8,10.0,3.71,22.22222222222222,44.44444444444444,22.22222222222222,11.11111111111111
804,0.441,1,0,11,10,9.0,4.41,27.27272727272727,18.181818181818183,36.36363636363637,18.181818181818183
805,0.581,1,0,13,12,10.0,5.81,53.84615384615385,7.6923076923076925,15.384615384615385,23.076923076923077
806,0.676,1,0,18,17,10.0,6.76,0.0,33.33333333333333,11.11111111111111,55.55555555555556
807,0.641,1,0,17,16,10.0,6.41,0.0,41.17647058823529,11.76470588235294,47.05882352941176
808,0.535,1,0,13,12,10.0,5.35,15.384615384615385,38.46153846153847,30.76923076923077,15.384615384615385
809,0.595,1,0,19,18,10.0,5.95,0.0,68.42105263157895,10.526315789473683,21.052631578947366
810,0.463,1,0,10,9,10.0,4.63,0.0,60.0,10.0,30.0
811,0.753,1,0,16,15,10.0,7.53,12.5,25.0,56.25,6.25
812,0.553,1,0,15,14,10.0,5.53,13.333333333333334,60.0,6.666666666666667,20.0
813,0.727,1,0,23,22,10.0,7.27,8.695652173913043,34.78260869565217,8.695652173913043,47.82608695652174
814,0.667,1,0,20,19,10.0,6.67,10.0,35.0,10.0,45.0
815,0.614,1,0,16,15,10.0,6.14,31.25,37.5,18.75,12.5
816,0.623,1,0,19,18,10.0,6.23,21.052631578947366,10.526315789473683,21.052631578947366,47.368421052631575
817,0.485,1,0,15,14,10.0,4.85,20.0,13.333333333333334,40.0,26.666666666666668
818,0.523,1,0,19,18,10.0,5.23,10.526315789473683,36.84210526315789,26.31578947368421,26.31578947368421
819,0.325,1,0,9,8,9.0,3.25,11.11111111111111,33.33333333333333,22.22222222222222,33.33333333333333
820,0.662,1,0,18,17,10.0,6.62,5.555555555555555,33.33333333333333,22.22222222222222,38.88888888888889
821,0.634,1,0,20,19,10.0,6.34,25.0,5.0,30.0,40.0
822,0.513,1,0,13,12,10.0,5.13,38.46153846153847,38.46153846153847,23.076923076923077,0.0
823,0.597,1,0,14,13,10.0,5.97,0.0,14.285714285714285,35.714285714285715,50.0
824,0.484,1,0,15,14,10.0,4.84,0.0,33.33333333333333,20.0,46.666666666666664
825,0.418,1,0,9,8,10.0,4.18,22.22222222222222,11.11111111111111,22.22222222222222,44.44444444444444
826,0.711,1,0,21,20,10.0,7.11,0.0,14.285714285714285,33.33333333333333,52.38095238095239
827,0.52,1,0,13,12,10.0,5.2,30.76923076923077,38.46153846153847,30.76923076923077,0.0
828,0.364,1,0,7,6,9.0,3.64,0.0,28.57142857142857,42.857142857142854,28.57142857142857
829,0.543,1,0,12,11,10.0,5.43,8.333333333333332,8.333333333333332,50.0,33.33333333333333
830,0.516,1,0,13,12,10.0,5.16,38.46153846153847,15.384615384615385,7.6923076923076925,38.46153846153847
831,0.531,1,0,16,15,10.0,5.31,0.0,43.75,18.75,37.5
832,0.557,1,0,15,14,10.0,5.57,6.666666666666667,40.0,6.666666666666667,46.666666666666664
833,0.567,1,0,15,14,10.0,5.67,0.0,26.666666666666668,20.0,53.333333333333336
834,0.736,1,0,21,20,10.0,7.36,0.0,19.047619047619047,14.285714285714285,66.66666666666666
835,0.42,1,0,10,9,9.0,4.2,60.0,10.0,30.0,0.0
836,0.696,1,0,18,17,10.0,6.96,11.11111111111111,22.22222222222222,50.0,16.666666666666664
837,0.608,1,0,19,18,10.0,6.08,5.263157894736842,47.368421052631575,36.84210526315789,10.526315789473683
838,0.535,1,0,14,13,10.0,5.35,14.285714285714285,14.285714285714285,28.57142857142857,42.857142857142854
839,0.559,1,0,14,13,10.0,5.59,42.857142857142854,28.57142857142857,28.57142857142857,0.0
840,0.79,1,0,20,19,10.0,7.9,10.0,35.0,5.0,50.0
841,0.591,1,0,16,15,10.0,5.91,12.5,25.0,25.0,37.5
842,0.611,1,0,18,17,10.0,6.11,5.555555555555555,33.33333333333333,16.666666666666664,44.44444444444444
843,0.465,1,0,10,9,10.0,4.65,0.0,20.0,20.0,60.0
844,0.631,1,0,15,14,10.0,6.31,0.0,26.666666666666668,20.0,53.333333333333336
845,0.608,1,0,13,12,10.0,6.08,30.76923076923077,0.0,30.76923076923077,38.46153846153847
846,0.501,1,0,14,13,10.0,5.01,14.285714285714285,28.57142857142857,21.428571428571427,35.714285714285715
847,0.456,1,0,13,12,10.0,4.56,0.0,38.46153846153847,15.384615384615385,46.15384615384615
848,0.659,1,0,20,19,10.0,6.59,25.0,15.0,10.0,50.0
849,0.638,1,0,18,17,10.0,6.38,0.0,38.88888888888889,16.666666666666664,44.44444444444444
850,0.579,1,0,17,16,10.0,5.79,0.0,29.411764705882355,29.411764705882355,41.17647058823529
851,0.608,1,0,20,19,10.0,6.08,35.0,25.0,5.0,35.0
852,0.647,1,0,21,20,10.0,6.47,9.523809523809524,28.57142857142857,9.523809523809524,52.38095238095239
853,0.696,1,0,16,15,10.0,6.96,50.0,6.25,6.25,37.5
854,0.536,1,0,16,15,10.0,5.36,0.0,37.5,6.25,56.25
855,0.603,1,0,19,18,10.0,6.03,0.0,42.10526315789473,15.789473684210526,42.10526315789473
856,0.503,1,0,10,9,10.0,5.03,0.0,10.0,40.0,50.0
857,0.545,1,0,19,18,10.0,5.45,5.263157894736842,21.052631578947366,36.84210526315789,36.84210526315789
858,0.693,1,0,20,19,10.0,6.93,50.0,20.0,30.0,0.0
859,0.548,1,0,17,16,10.0,5.48,0.0,35.294117647058826,17.647058823529413,47.05882352941176
860,0.535,1,0,11,10,10.0,5.35,36.36363636363637,45.45454545454545,18.181818181818183,0.0
861,0.639,1,0,19,18,10.0,6.39,15.789473684210526,52.63157894736842,5.263157894736842,26.31578947368421
862,0.612,1,0,16,15,10.0,6.12,37.5,31.25,12.5,18.75
863,0.644,1,0,19,18,10.0,6.44,0.0,47.368421052631575,26.31578947368421,26.31578947368421
864,0.503,1,0,13,12,9.0,5.03,0.0,7.6923076923076925,69.23076923076923,23.076923076923077
865,0.69,1,0,20,19,10.0,6.9,25.0,40.0,5.0,30.0
866,0.451,1,0,11,10,9.0,4.51,9.090909090909092,36.36363636363637,18.181818181818183,36.36363636363637
867,0.639,1,0,17,16,10.0,6.39,0.0,11.76470588235294,35.294117647058826,52.94117647058824
868,0.364,1,0,8,7,10.0,3.64,25.0,50.0,12.5,12.5
869,0.641,1,0,13,12,10.0,6.41,0.0,7.6923076923076925,38.46153846153847,53.84615384615385
870,0.692,1,0,17,16,10.0,6.92,0.0,41.17647058823529,5.88235294117647,52.94117647058824
871,0.512,1,0,14,13,9.0,5.12,0.0,35.714285714285715,7.142857142857142,57.14285714285714
872,0.485,1,0,14,13,10.0,4.85,0.0,50.0,14.285714285714285,35.714285714285715
873,0.59,1,0,17,16,10.0,5.9,52.94117647058824,23.52941176470588,17.647058823529413,5.88235294117647
874,0.663,1,0,17,16,10.0,6.63,0.0,29.411764705882355,17.647058823529413,52.94117647058824
875,0.52,1,0,12,11,10.0,5.2,0.0,41.66666666666667,25.0,33.33333333333333
876,0.455,1,0,11,10,10.0,4.55,45.45454545454545,18.181818181818183,9.090909090909092,27.27272727272727
877,0.576,1,0,12,11,10.0,5.76,8.333333333333332,16.666666666666664,8.333333333333332,66.66666666666666
878,0.498,1,0,10,9,10.0,4.98,0.0,40.0,20.0,40.0
879,0.703,1,0,19,18,10.0,7.03,0.0,15.789473684210526,26.31578947368421,57.89473684210527
880,0.539,1,0,15,14,10.0,5.39,13.333333333333334,13.333333333333334,13.333333333333334,60.0
881,0.468,1,0,11,10,10.0,4.68,0.0,54.54545454545454,27.27272727272727,18.181818181818183
882,0.499,1,0,14,13,9.0,4.99,14.285714285714285,42.857142857142854,21.428571428571427,21.428571428571427
883,0.544,1,0,15,14,10.0,5.44,13.333333333333334,40.0,13.333333333333334,33.33333333333333
884,0.468,1,0,13,12,10.0,4.68,7.6923076923076925,15.384615384615385,53.84615384615385,23.076923076923077
885,0.818,1,0,18,17,10.0,8.18,11.11111111111111,33.33333333333333,22.22222222222222,33.33333333333333
886,0.625,1,0,17,16,10.0,6.25,0.0,47.05882352941176,47.05882352941176,5.88235294117647
887,0.555,1,0,10,9,10.0,5.55,0.0,30.0,20.0,50.0
888,0.53,1,0,11,10,10.0,5.3,18.181818181818183,45.45454545454545,9.090909090909092,27.27272727272727
889,0.518,1,0,14,13,10.0,5.18,0.0,35.714285714285715,28.57142857142857,35.714285714285715
890,0.524,1,0,12,11,10.0,5.24,25.0,8.333333333333332,33.33333333333333,33.33333333333333
891,0.407,1,0,13,12,10.0,4.07,30.76923076923077,15.384615384615385,30.76923076923077,23.076923076923077
892,0.595,1,0,14,13,10.0,5.95,28.57142857142857,0.0,28.57142857142857,42.857142857142854
893,0.763,1,0,18,17,10.0,7.63,0.0,38.88888888888889,5.555555555555555,55.55555555555556
894,0.71,1,0,15,14,10.0,7.1,0.0,46.666666666666664,13.333333333333334,40.0
895,0.651,1,0,19,18,10.0,6.51,47.368421052631575,21.052631578947366,15.789473684210526,15.789473684210526
896,0.498,1,0,12,11,10.0,4.98,25.0,16.666666666666664,33.33333333333333,25.0
897,0.399,1,0,11,10,10.0,3.99,0.0,27.27272727272727,9.090909090909092,63.63636363636363
898,0.595,1,0,16,15,10.0,5.95,43.75,31.25,25.0,0.0
899,0.583,1,0,11,10,10.0,5.83,18.181818181818183,18.181818181818183,63.63636363636363,0.0
900,0.566,1,0,13,12,10.0,5.66,23.076923076923077,7.6923076923076925,23.076923076923077,46.15384615384615
901,0.452,1,0,11,10,10.0,4.52,9.090909090909092,0.0,45.45454545454545,45.45454545454545
902,0.672,1,0,17,16,10.0,6.72,0.0,35.294117647058826,5.88235294117647,58.82352941176471
903,0.434,1,0,10,9,10.0,4.34,30.0,20.0,10.0,40.0
904,0.597,1,0,17,16,10.0,5.97,5.88235294117647,41.17647058823529,23.52941176470588,29.411764705882355
905,0.739,1,0,19,18,10.0,7.39,5.263157894736842,47.368421052631575,36.84210526315789,10.526315789473683
906,0.646,1,0,19,18,10.0,6.46,21.052631578947366,15.789473684210526,26.31578947368421,36.84210526315789
907,0.558,1,0,14,13,10.0,5.58,21.428571428571427,0.0,35.714285714285715,42.857142857142854
908,0.648,1,0,19,18,10.0,6.48,21.052631578947366,31.57894736842105,10.526315789473683,36.84210526315789
909,0.715,1,0,17,16,10.0,7.15,5.88235294117647,47.05882352941176,5.88235294117647,41.17647058823529
910,0.575,1,0,11,10,10.0,5.75,9.090909090909092,36.36363636363637,27.27272727272727,27.27272727272727
911,0.466,1,0,12,11,10.0,4.66,0.0,50.0,25.0,25.0
912,0.662,1,0,14,13,10.0,6.62,0.0,42.857142857142854,7.142857142857142,50.0
913,0.605,1,0,14,13,10.0,6.05,35.714285714285715,50.0,7.142857142857142,7.142857142857142
914,0.731,1,0,20,19,10.0,7.31,10.0,50.0,10.0,30.0
915,0.628,1,0,14,13,10.0,6.28,0.0,57.14285714285714,14.285714285714285,28.57142857142857
916,0.66,1,0,14,13,10.0,6.6,28.57142857142857,7.142857142857142,21.428571428571427,42.857142857142854
917,0.515,1,0,13,12,10.0,5.15,15.384615384615385,46.15384615384615,23.076923076923077,15.384615384615385
918,0.673,1,0,16,15,10.0,6.73,0.0,31.25,12.5,56.25
919,0.675,1,0,18,17,10.0,6.75,0.0,11.11111111111111,11.11111111111111,77.77777777777779
920,0.596,1,0,17,16,10.0,5.96,35.294117647058826,5.88235294117647,23.52941176470588,35.294117647058826
921,0.475,1,0,12,11,10.0,4.75,8.333333333333332,25.0,33.33333333333333,33.33333333333333
922,0.433,1,0,13,12,10.0,4.33,7.6923076923076925,46.15384615384615,15.384615384615385,30.76923076923077
923,0.795,1,0,19,18,10.0,7.95,15.789473684210526,21.052631578947366,42.10526315789473,21.052631578947366
924,0.689,1,0,14,13,10.0,6.89,21.428571428571427,0.0,21.428571428571427,57.14285714285714
925,0.733,1,0,21,20,10.0,7.33,4.761904761904762,19.047619047619047,23.809523809523807,52.38095238095239
926,0.472,1,0,12,11,10.0,4.72,0.0,41.66666666666667,25.0,33.33333333333333
927,0.519,1,0,14,13,10.0,5.19,21.428571428571427,21.428571428571427,7.142857142857142,50.0
928,0.601,1,0,16,15,10.0,6.01,0.0,37.5,12.5,50.0
929,0.662,1,0,18,17,10.0,6.62,0.0,38.88888888888889,27.77777777777778,33.33333333333333
930,0.432,1,0,14,13,10.0,4.32,0.0,57.14285714285714,14.285714285714285,28.57142857142857
931,0.563,1,0,16,15,10.0,5.63,12.5,31.25,31.25,25.0
932,0.497,1,0,9,8,10.0,4.97,11.11111111111111,44.44444444444444,11.11111111111111,33.33333333333333
933,0.644,1,0,24,23,10.0,6.44,8.333333333333332,37.5,12.5,41.66666666666667
934,0.514,1,0,13,12,10.0,5.14,0.0,53.84615384615385,23.076923076923077,23.076923076923077
935,0.526,1,0,13,12,10.0,5.26,23.076923076923077,23.076923076923077,7.6923076923076925,46.15384615384615
936,0.378,1,0,10,9,10.0,3.78,30.0,20.0,20.0,30.0
937,0.472,1,0,12,11,10.0,4.72,0.0,41.66666666666667,25.0,33.33333333333333
938,0.594,1,0,17,16,10.0,5.94,23.52941176470588,58.82352941176471,17.647058823529413,0.0
939,0.531,1,0,16,15,10.0,5.31,0.0,31.25,12.5,56.25
940,0.751,1,0,21,20,10.0,7.51,28.57142857142857,42.857142857142854,23.809523809523807,4.761904761904762
941,0.74,1,0,20,19,10.0,7.4,0.0,10.0,10.0,80.0
942,0.727,1,0,16,15,10.0,7.27,0.0,31.25,6.25,62.5
943,0.602,1,0,17,16,10.0,6.02,0.0,5.88235294117647,41.17647058823529,52.94117647058824
944,0.736,1,0,16,15,10.0,7.36,0.0,25.0,25.0,50.0
945,0.686,1,0,14,13,10.0,6.86,0.0,42.857142857142854,28.57142857142857,28.57142857142857
946,0.572,1,0,14,13,10.0,5.72,0.0,50.0,21.428571428571427,28.57142857142857
947,0.572,1,0,17,16,10.0,5.72,47.05882352941176,17.647058823529413,5.88235294117647,29.411764705882355
948,0.607,1,0,18,17,10.0,6.07,16.666666666666664,27.77777777777778,50.0,5.555555555555555
949,0.556,1,0,13,12,10.0,5.56,7.6923076923076925,7.6923076923076925,23.076923076923077,61.53846153846154
950,0.667,1,0,19,18,10.0,6.67,10.526315789473683,31.57894736842105,26.31578947368421,31.57894736842105
951,0.71,1,0,17,16,10.0,7.1,5.88235294117647,23.52941176470588,52.94117647058824,17.647058823529413
952,0.58,1,0,14,13,10.0,5.8,0.0,28.57142857142857,7.142857142857142,64.28571428571429
953,0.63,1,0,21,20,10.0,6.3,0.0,33.33333333333333,9.523809523809524,57.14285714285714
954,0.397,1,0,10,9,10.0,3.97,0.0,20.0,30.0,50.0
955,0.666,1,0,18,17,10.0,6.66,16.666666666666664,38.88888888888889,38.88888888888889,5.555555555555555
956,0.599,1,0,18,17,10.0,5.99,11.11111111111111,27.77777777777778,33.33333333333333,27.77777777777778
957,0.41,1,0,11,10,10.0,4.1,9.090909090909092,18.181818181818183,72.72727272727273,0.0
958,0.508,1,0,14,13,10.0,5.08,0.0,14.285714285714285,7.142857142857142,78.57142857142857
959,0.474,1,0,14,13,10.0,4.74,14.285714285714285,35.714285714285715,14.285714285714285,35.714285714285715
960,0.686,1,0,16,15,10.0,6.86,0.0,31.25,43.75,25.0
961,0.61,1,0,12,11,10.0,6.1,41.66666666666667,16.666666666666664,41.66666666666667,0.0
962,0.61,1,0,14,13,10.0,6.1,7.142857142857142,21.428571428571427,7.142857142857142,64.28571428571429
963,0.703,1,0,14,13,10.0,7.03,14.285714285714285,0.0,57.14285714285714,28.57142857142857
964,0.775,1,0,22,21,10.0,7.75,9.090909090909092,22.727272727272727,9.090909090909092,59.09090909090909
965,0.629,1,0,12,11,10.0,6.29,16.666666666666664,33.33333333333333,41.66666666666667,8.333333333333332
966,0.674,1,0,15,14,10.0,6.74,0.0,6.666666666666667,46.666666666666664,46.666666666666664
967,0.656,1,0,18,17,10.0,6.56,0.0,27.77777777777778,5.555555555555555,66.66666666666666
968,0.699,1,0,19,18,10.0,6.99,10.526315789473683,21.052631578947366,10.526315789473683,57.89473684210527
969,0.552,1,0,14,13,10.0,5.52,35.714285714285715,35.714285714285715,21.428571428571427,7.142857142857142
970,0.458,1,0,8,7,10.0,4.58,12.5,0.0,0.0,87.5
971,0.415,1,0,9,8,10.0,4.15,55.55555555555556,22.22222222222222,22.22222222222222,0.0
972,0.529,1,0,15,14,10.0,5.29,6.666666666666667,20.0,40.0,33.33333333333333
973,0.608,1,0,16,15,10.0,6.08,12.5,6.25,81.25,0.0
974,0.695,1,0,22,21,10.0,6.95,4.545454545454546,27.27272727272727,27.27272727272727,40.909090909090914
975,0.696,1,0,15,14,10.0,6.96,0.0,6.666666666666667,73.33333333333333,20.0
976,0.526,1,0,14,13,10.0,5.26,0.0,42.857142857142854,21.428571428571427,35.714285714285715
977,0.555,1,0,14,13,10.0,5.55,0.0,0.0,14.285714285714285,85.71428571428571
978,0.7,1,0,18,17,10.0,7.0,22.22222222222222,22.22222222222222,11.11111111111111,44.44444444444444
979,0.21,1,0,8,7,10.0,2.1,12.5,25.0,62.5,0.0
980,0.64,1,0,18,17,10.0,6.4,0.0,0.0,55.55555555555556,44.44444444444444
981,0.524,1,0,16,15,10.0,5.24,25.0,37.5,6.25,31.25
982,0.446,1,0,12,11,10.0,4.46,33.33333333333333,16.666666666666664,25.0,25.0
983,0.616,1,0,18,17,10.0,6.16,16.666666666666664,38.88888888888889,5.555555555555555,38.88888888888889
984,0.729,1,0,19,18,10.0,7.29,5.263157894736842,47.368421052631575,26.31578947368421,21.052631578947366
985,0.588,1,0,16,15,10.0,5.88,0.0,37.5,12.5,50.0
986,0.592,1,0,16,15,10.0,5.92,37.5,31.25,6.25,25.0
987,0.479,1,0,10,9,10.0,4.79,0.0,50.0,10.0,40.0
988,0.626,1,0,17,16,10.0,6.26,0.0,29.411764705882355,11.76470588235294,58.82352941176471
989,0.503,1,0,13,12,10.0,5.03,0.0,30.76923076923077,7.6923076923076925,61.53846153846154
990,0.511,1,0,17,16,10.0,5.11,11.76470588235294,41.17647058823529,23.52941176470588,23.52941176470588
991,0.608,1,0,19,18,10.0,6.08,26.31578947368421,31.57894736842105,21.052631578947366,21.052631578947366
992,0.491,1,0,13,12,10.0,4.91,15.384615384615385,23.076923076923077,53.84615384615385,7.6923076923076925
993,0.582,1,0,12,11,10.0,5.82,0.0,41.66666666666667,33.33333333333333,25.0
994,0.471,1,0,11,10,10.0,4.71,9.090909090909092,27.27272727272727,36.36363636363637,27.27272727272727
995,0.601,1,0,19,18,10.0,6.01,0.0,68.42105263157895,21.052631578947366,10.526315789473683
996,0.45,1,0,11,10,10.0,4.5,36.36363636363637,36.36363636363637,9.090909090909092,18.181818181818183
997,0.422,1,0,12,11,10.0,4.22,0.0,41.66666666666667,33.33333333333333,25.0
998,0.717,1,0,16,15,10.0,7.17,6.25,12.5,43.75,37.5
999,0.467,1,0,13,12,10.0,4.67,23.076923076923077,30.76923076923077,38.46153846153847,7.6923076923076925
1000,0.807,1,0,19,18,10.0,8.07,0.0,63.1578947368421,5.263157894736842,31.57894736842105
1001,0.59,1,0,13,12,10.0,5.9,0.0,38.46153846153847,23.076923076923077,38.46153846153847
1002,0.452,1,0,10,9,10.0,4.52,0.0,40.0,20.0,40.0
1003,0.648,1,0,15,14,10.0,6.48,0.0,13.333333333333334,40.0,46.666666666666664
1004,0.689,1,0,17,16,10.0,6.89,0.0,41.17647058823529,17.647058823529413,41.17647058823529
1005,0.849,1,0,19,18,10.0,8.49,0.0,36.84210526315789,10.526315789473683,52.63157894736842
1006,0.783,1,0,20,19,10.0,7.83,30.0,10.0,25.0,35.0
1007,0.437,1,0,14,13,9.0,4.37,7.142857142857142,42.857142857142854,21.428571428571427,28.57142857142857
1008,0.416,1,0,13,12,10.0,4.16,0.0,38.46153846153847,7.6923076923076925,53.84615384615385
1009,0.687,1,0,18,17,10.0,6.87,0.0,50.0,11.11111111111111,38.88888888888889
1010,0.614,1,0,16,15,10.0,6.14,0.0,12.5,56.25,31.25
1011,0.718,1,0,24,23,10.0,7.18,0.0,50.0,25.0,25.0
1012,0.703,1,0,20,19,10.0,7.03,15.0,45.0,10.0,30.0
1013,0.74,1,0,20,19,10.0,7.4,20.0,20.0,15.0,45.0
1014,0.639,1,0,18,17,10.0,6.39,11.11111111111111,38.88888888888889,11.11111111111111,38.88888888888889
1015,0.422,1,0,11,10,10.0,4.22,9.090909090909092,45.45454545454545,9.090909090909092,36.36363636363637
1016,0.573,1,0,14,13,10.0,5.73,0.0,42.857142857142854,21.428571428571427,35.714285714285715
1017,0.396,1,0,14,13,10.0,3.96,50.0,35.714285714285715,7.142857142857142,7.142857142857142
1018,0.482,1,0,12,11,10.0,4.82,0.0,33.33333333333333,25.0,41.66666666666667
1019,0.542,1,0,14,13,10.0,5.42,0.0,28.57142857142857,14.285714285714285,57.14285714285714
1020,0.57,1,0,15,14,10.0,5.7,0.0,53.333333333333336,6.666666666666667,40.0
1021,0.575,1,0,18,17,10.0,5.75,0.0,33.33333333333333,5.555555555555555,61.111111111111114
1022,0.587,1,0,13,12,10.0,5.87,23.076923076923077,61.53846153846154,15.384615384615385,0.0
1023,0.542,1,0,12,11,10.0,5.42,0.0,25.0,25.0,50.0
1024,0.591,1,0,18,17,10.0,5.91,0.0,44.44444444444444,5.555555555555555,50.0
1025,0.484,1,0,11,10,10.0,4.84,9.090909090909092,18.181818181818183,18.181818181818183,54.54545454545454
1026,0.631,1,0,17,16,10.0,6.31,0.0,35.294117647058826,17.647058823529413,47.05882352941176
1027,0.653,1,0,17,16,10.0,6.53,35.294117647058826,35.294117647058826,5.88235294117647,23.52941176470588
1028,0.555,1,0,22,21,10.0,5.55,9.090909090909092,31.818181818181817,13.636363636363635,45.45454545454545
1029,0.718,1,0,17,16,10.0,7.18,0.0,29.411764705882355,11.76470588235294,58.82352941176471
1030,0.712,1,0,17,16,10.0,7.12,0.0,35.294117647058826,11.76470588235294,52.94117647058824
1031,0.685,1,0,19,18,10.0,6.85,5.263157894736842,31.57894736842105,5.263157894736842,57.89473684210527
1032,0.634,1,0,15,14,10.0,6.34,66.66666666666666,13.333333333333334,20.0,0.0
1033,0.584,1,0,17,16,10.0,5.84,0.0,35.294117647058826,11.76470588235294,52.94117647058824
1034,0.695,1,0,17,16,10.0,6.95,0.0,11.76470588235294,41.17647058823529,47.05882352941176
1035,0.517,1,0,10,9,10.0,5.17,0.0,30.0,20.0,50.0
1036,0.593,1,0,17,16,10.0,5.93,11.76470588235294,41.17647058823529,17.647058823529413,29.411764705882355
1037,0.49,1,0,10,9,10.0,4.9,10.0,50.0,10.0,30.0
1038,0.63,1,0,19,18,10.0,6.3,15.789473684210526,31.57894736842105,15.789473684210526,36.84210526315789
1039,0.632,1,0,14,13,10.0,6.32,42.857142857142854,28.57142857142857,21.428571428571427,7.142857142857142
1040,0.665,1,0,14,13,10.0,6.65,50.0,35.714285714285715,14.285714285714285,0.0
1041,0.451,1,0,11,10,10.0,4.51,18.181818181818183,0.0,36.36363636363637,45.45454545454545
1042,0.717,1,0,19,18,10.0,7.17,5.263157894736842,36.84210526315789,26.31578947368421,31.57894736842105
1043,0.538,1,0,12,11,10.0,5.38,75.0,0.0,25.0,0.0
1044,0.697,1,0,16,15,10.0,6.97,0.0,25.0,37.5,37.5
1045,0.605,1,0,14,13,10.0,6.05,7.142857142857142,28.57142857142857,7.142857142857142,57.14285714285714
1046,0.603,1,0,12,11,9.0,6.03,33.33333333333333,16.666666666666664,25.0,25.0
1047,0.598,1,0,14,13,10.0,5.98,35.714285714285715,35.714285714285715,21.428571428571427,7.142857142857142
1048,0.529,1,0,13,12,10.0,5.29,23.076923076923077,30.76923076923077,7.6923076923076925,38.46153846153847
1049,0.648,1,0,15,14,10.0,6.48,13.333333333333334,20.0,33.33333333333333,33.33333333333333
1050,0.422,1,0,9,8,9.0,4.22,22.22222222222222,33.33333333333333,11.11111111111111,33.33333333333333
1051,0.538,1,0,12,11,10.0,5.38,33.33333333333333,8.333333333333332,33.33333333333333,25.0
1052,0.558,1,0,16,15,10.0,5.58,18.75,37.5,6.25,37.5
1053,0.506,1,0,18,17,10.0,5.06,55.55555555555556,0.0,44.44444444444444,0.0
1054,0.777,1,0,20,19,10.0,7.77,10.0,40.0,10.0,40.0
1055,0.72,1,0,14,13,10.0,7.2,14.285714285714285,28.57142857142857,7.142857142857142,50.0
1056,0.656,1,0,17,16,10.0,6.56,17.647058823529413,17.647058823529413,41.17647058823529,23.52941176470588
1057,0.478,1,0,12,11,10.0,4.78,8.333333333333332,25.0,25.0,41.66666666666667
1058,0.549,1,0,17,16,10.0,5.49,52.94117647058824,11.76470588235294,5.88235294117647,29.411764705882355
1059,0.475,1,0,12,11,10.0,4.75,8.333333333333332,33.33333333333333,8.333333333333332,50.0
1060,0.695,1,0,17,16,10.0,6.95,5.88235294117647,5.88235294117647,41.17647058823529,47.05882352941176
1061,0.504,1,0,15,14,10.0,5.04,20.0,46.666666666666664,20.0,13.333333333333334
1062,0.624,1,0,18,17,10.0,6.24,0.0,38.88888888888889,33.33333333333333,27.77777777777778
1063,0.311,1,0,9,8,10.0,3.11,0.0,55.55555555555556,33.33333333333333,11.11111111111111
1064,0.564,1,0,14,13,10.0,5.64,0.0,42.857142857142854,7.142857142857142,50.0
1065,0.549,1,0,16,15,10.0,5.49,0.0,31.25,12.5,56.25
1066,0.537,1,0,15,14,10.0,5.37,13.333333333333334,33.33333333333333,6.666666666666667,46.666666666666664
1067,0.669,1,0,13,12,10.0,6.69,46.15384615384615,46.15384615384615,7.6923076923076925,0.0
1068,0.719,1,0,15,14,10.0,7.19,40.0,6.666666666666667,33.33333333333333,20.0
1069,0.589,1,0,15,14,10.0,5.89,0.0,33.33333333333333,20.0,46.666666666666664
1070,0.367,1,0,10,9,10.0,3.67,0.0,60.0,20.0,20.0
1071,0.517,1,0,11,10,10.0,5.17,0.0,18.181818181818183,18.181818181818183,63.63636363636363
1072,0.514,1,0,13,12,10.0,5.14,15.384615384615385,46.15384615384615,23.076923076923077,15.384615384615385
1073,0.723,1,0,15,14,10.0,7.23,13.333333333333334,0.0,46.666666666666664,40.0
1074,0.643,1,0,13,12,10.0,6.43,53.84615384615385,23.076923076923077,7.6923076923076925,15.384615384615385
1075,0.654,1,0,13,12,10.0,6.54,61.53846153846154,23.076923076923077,15.384615384615385,0.0
1076,0.492,1,0,12,11,10.0,4.92,8.333333333333332,58.333333333333336,8.333333333333332,25.0
1077,0.541,1,0,13,12,10.0,5.41,0.0,61.53846153846154,15.384615384615385,23.076923076923077
1078,0.566,1,0,17,16,10.0,5.66,23.52941176470588,0.0,52.94117647058824,23.52941176470588
1079,0.613,1,0,13,12,10.0,6.13,0.0,23.076923076923077,23.076923076923077,53.84615384615385
1080,0.42,1,0,13,12,10.0,4.2,15.384615384615385,30.76923076923077,23.076923076923077,30.76923076923077
1081,0.432,1,0,11,10,10.0,4.32,0.0,27.27272727272727,18.181818181818183,54.54545454545454
1082,0.625,1,0,15,14,10.0,6.25,0.0,13.333333333333334,26.666666666666668,60.0
1083,0.81,1,0,19,18,10.0,8.1,0.0,26.31578947368421,15.789473684210526,57.89473684210527
1084,0.535,1,0,16,15,10.0,5.35,0.0,18.75,12.5,68.75
1085,0.569,1,0,12,11,10.0,5.69,0.0,50.0,16.666666666666664,33.33333333333333
1086,0.617,1,0,17,16,10.0,6.17,47.05882352941176,23.52941176470588,5.88235294117647,23.52941176470588
1087,0.608,1,0,16,15,10.0,6.08,0.0,43.75,12.5,43.75
1088,0.743,1,0,13,12,10.0,7.43,7.6923076923076925,30.76923076923077,46.15384615384615,15.384615384615385
1089,0.589,1,0,16,15,10.0,5.89,0.0,43.75,6.25,50.0
1090,0.648,1,0,14,13,10.0,6.48,50.0,35.714285714285715,14.285714285714285,0.0
1091,0.664,1,0,18,17,10.0,6.64,0.0,33.33333333333333,11.11111111111111,55.55555555555556
1092,0.68,1,0,18,17,10.0,6.8,11.11111111111111,55.55555555555556,16.666666666666664,16.666666666666664
1093,0.549,1,0,21,20,10.0,5.49,0.0,14.285714285714285,19.047619047619047,66.66666666666666
1094,0.405,1,0,9,8,10.0,4.05,0.0,11.11111111111111,11.11111111111111,77.77777777777779
1095,0.616,1,0,15,14,10.0,6.16,0.0,33.33333333333333,20.0,46.666666666666664
1096,0.639,1,0,15,14,10.0,6.39,6.666666666666667,46.666666666666664,6.666666666666667,40.0
1097,0.393,1,0,14,13,10.0,3.93,0.0,50.0,21.428571428571427,28.57142857142857
1098,0.728,1,0,19,18,10.0,7.28,26.31578947368421,0.0,21.052631578947366,52.63157894736842
1099,0.581,1,0,13,12,10.0,5.81,0.0,38.46153846153847,15.384615384615385,46.15384615384615
1100,0.437,1,0,10,9,10.0,4.37,20.0,10.0,40.0,30.0
1101,0.719,1,0,18,17,10.0,7.19,16.666666666666664,16.666666666666664,33.33333333333333,33.33333333333333
1102,0.758,1,0,17,16,10.0,7.58,29.411764705882355,23.52941176470588,5.88235294117647,41.17647058823529
1103,0.696,1,0,18,17,10.0,6.96,11.11111111111111,55.55555555555556,5.555555555555555,27.77777777777778
1104,0.732,1,0,17,16,10.0,7.32,0.0,29.411764705882355,47.05882352941176,23.52941176470588
1105,0.596,1,0,19,18,10.0,5.96,10.526315789473683,36.84210526315789,5.263157894736842,47.368421052631575
1106,0.542,1,0,12,11,10.0,5.42,8.333333333333332,16.666666666666664,41.66666666666667,33.33333333333333
1107,0.578,1,0,13,12,10.0,5.78,0.0,23.076923076923077,15.384615384615385,61.53846153846154
1108,0.599,1,0,13,12,10.0,5.99,15.384615384615385,23.076923076923077,38.46153846153847,23.076923076923077
1109,0.65,1,0,17,16,10.0,6.5,17.647058823529413,35.294117647058826,47.05882352941176,0.0
1110,0.596,1,0,13,12,10.0,5.96,0.0,46.15384615384615,15.384615384615385,38.46153846153847
1111,0.445,1,0,10,9,10.0,4.45,0.0,20.0,10.0,70.0
1112,0.758,1,0,21,20,10.0,7.58,14.285714285714285,4.761904761904762,57.14285714285714,23.809523809523807
1113,0.722,1,0,17,16,10.0,7.22,5.88235294117647,41.17647058823529,11.76470588235294,41.17647058823529
1114,0.628,1,0,17,16,10.0,6.28,5.88235294117647,11.76470588235294,17.647058823529413,64.70588235294117
1115,0.568,1,0,19,18,10.0,5.68,15.789473684210526,10.526315789473683,15.789473684210526,57.89473684210527
1116,0.659,1,0,14,13,10.0,6.59,7.142857142857142,35.714285714285715,7.142857142857142,50.0
1117,0.58,1,0,18,17,10.0,5.8,38.88888888888889,22.22222222222222,5.555555555555555,33.33333333333333
1118,0.587,1,0,15,14,10.0,5.87,26.666666666666668,40.0,26.666666666666668,6.666666666666667
1119,0.515,1,0,13,12,10.0,5.15,7.6923076923076925,30.76923076923077,23.076923076923077,38.46153846153847
1120,0.594,1,0,17,16,10.0,5.94,0.0,41.17647058823529,17.647058823529413,41.17647058823529
1121,0.639,1,0,16,15,10.0,6.39,37.5,0.0,62.5,0.0
1122,0.665,1,0,16,15,10.0,6.65,6.25,37.5,31.25,25.0
1123,0.749,1,0,18,17,10.0,7.49,0.0,22.22222222222222,50.0,27.77777777777778
1124,0.627,1,0,18,17,10.0,6.27,5.555555555555555,27.77777777777778,22.22222222222222,44.44444444444444
1125,0.612,1,0,17,16,10.0,6.12,0.0,29.411764705882355,5.88235294117647,64.70588235294117
1126,0.396,1,0,11,10,10.0,3.96,0.0,18.181818181818183,18.181818181818183,63.63636363636363
1127,0.519,1,0,12,11,9.0,5.19,33.33333333333333,33.33333333333333,25.0,8.333333333333332
1128,0.661,1,0,19,18,10.0,6.61,0.0,31.57894736842105,15.789473684210526,52.63157894736842
1129,0.386,1,0,9,8,10.0,3.86,22.22222222222222,11.11111111111111,22.22222222222222,44.44444444444444
1130,0.642,1,0,14,13,10.0,6.42,7.142857142857142,14.285714285714285,21.428571428571427,57.14285714285714
1131,0.672,1,0,12,11,10.0,6.72,16.666666666666664,0.0,75.0,8.333333333333332
1132,0.26,1,0,7,6,10.0,2.6,14.285714285714285,0.0,57.14285714285714,28.57142857142857
1133,0.456,1,0,13,12,10.0,4.56,15.384615384615385,38.46153846153847,15.384615384615385,30.76923076923077
1134,0.596,1,0,17,16,10.0,5.96,5.88235294117647,5.88235294117647,35.294117647058826,52.94117647058824
1135,0.55,1,0,15,14,10.0,5.5,6.666666666666667,53.333333333333336,13.333333333333334,26.666666666666668
1136,0.592,1,0,18,17,10.0,5.92,0.0,50.0,11.11111111111111,38.88888888888889
1137,0.392,1,0,11,10,10.0,3.92,0.0,54.54545454545454,9.090909090909092,36.36363636363637
1138,0.65,1,0,16,15,10.0,6.5,0.0,62.5,12.5,25.0
1139,0.621,1,0,14,13,10.0,6.21,0.0,28.57142857142857,7.142857142857142,64.28571428571429
1140,0.662,1,0,19,18,10.0,6.62,15.789473684210526,42.10526315789473,5.263157894736842,36.84210526315789
1141,0.514,1,0,13,12,10.0,5.14,15.384615384615385,30.76923076923077,53.84615384615385,0.0
1142,0.232,1,0,7,6,10.0,2.32,0.0,57.14285714285714,28.57142857142857,14.285714285714285
1143,0.724,1,0,17,16,10.0,7.24,0.0,35.294117647058826,23.52941176470588,41.17647058823529
1144,0.604,1,0,14,13,10.0,6.04,7.142857142857142,7.142857142857142,78.57142857142857,7.142857142857142
1145,0.614,1,0,14,13,10.0,6.14,71.42857142857143,14.285714285714285,14.285714285714285,0.0
1146,0.544,1,0,11,10,10.0,5.44,0.0,18.181818181818183,18.181818181818183,63.63636363636363
1147,0.568,1,0,19,18,10.0,5.68,0.0,21.052631578947366,15.789473684210526,63.1578947368421
1148,0.553,1,0,13,12,10.0,5.53,7.6923076923076925,23.076923076923077,15.384615384615385,53.84615384615385
1149,0.507,1,0,13,12,10.0,5.07,7.6923076923076925,30.76923076923077,38.46153846153847,23.076923076923077
1150,0.752,1,0,22,21,10.0,7.52,22.727272727272727,22.727272727272727,18.181818181818183,36.36363636363637
1151,0.505,1,0,17,16,10.0,5.05,0.0,41.17647058823529,17.647058823529413,41.17647058823529
1152,0.509,1,0,10,9,10.0,5.09,20.0,50.0,10.0,20.0
1153,0.547,1,0,13,12,10.0,5.47,0.0,30.76923076923077,23.076923076923077,46.15384615384615
1154,0.575,1,0,13,12,10.0,5.75,15.384615384615385,46.15384615384615,15.384615384615385,23.076923076923077
1155,0.401,1,0,12,11,10.0,4.01,0.0,41.66666666666667,25.0,33.33333333333333
1156,0.587,1,0,15,14,10.0,5.87,13.333333333333334,33.33333333333333,13.333333333333334,40.0
1157,0.622,1,0,19,18,10.0,6.22,0.0,42.10526315789473,26.31578947368421,31.57894736842105
1158,0.638,1,0,19,18,10.0,6.38,15.789473684210526,31.57894736842105,26.31578947368421,26.31578947368421
1159,0.687,1,0,16,15,10.0,6.87,6.25,37.5,43.75,12.5
1160,0.583,1,0,15,14,10.0,5.83,0.0,40.0,26.666666666666668,33.33333333333333
1161,0.627,1,0,19,18,10.0,6.27,0.0,47.368421052631575,10.526315789473683,42.10526315789473
1162,0.632,1,0,17,16,10.0,6.32,35.294117647058826,5.88235294117647,17.647058823529413,41.17647058823529
1163,0.62,1,0,17,16,10.0,6.2,0.0,35.294117647058826,11.76470588235294,52.94117647058824
1164,0.701,1,0,19,18,10.0,7.01,0.0,36.84210526315789,15.789473684210526,47.368421052631575
1165,0.633,1,0,16,15,10.0,6.33,0.0,6.25,43.75,50.0
1166,0.624,1,0,19,18,10.0,6.24,0.0,57.89473684210527,10.526315789473683,31.57894736842105
1167,0.472,1,0,13,12,10.0,4.72,0.0,61.53846153846154,15.384615384615385,23.076923076923077
1168,0.427,1,0,11,10,10.0,4.27,0.0,45.45454545454545,27.27272727272727,27.27272727272727
1169,0.516,1,0,14,13,10.0,5.16,0.0,50.0,14.285714285714285,35.714285714285715
1170,0.644,1,0,16,15,10.0,6.44,25.0,6.25,12.5,56.25
1171,0.712,1,0,23,22,10.0,7.12,26.08695652173913,13.043478260869565,8.695652173913043,52.17391304347826
1172,0.752,1,0,20,19,10.0,7.52,0.0,25.0,30.0,45.0
1173,0.463,1,0,13,12,10.0,4.63,7.6923076923076925,53.84615384615385,23.076923076923077,15.384615384615385
1174,0.606,1,0,15,14,10.0,6.06,0.0,46.666666666666664,6.666666666666667,46.666666666666664
1175,0.601,1,0,16,15,10.0,6.01,0.0,37.5,12.5,50.0
1176,0.751,1,0,18,17,10.0,7.51,11.11111111111111,27.77777777777778,16.666666666666664,44.44444444444444
1177,0.592,1,0,13,12,10.0,5.92,23.076923076923077,7.6923076923076925,7.6923076923076925,61.53846153846154
1178,0.477,1,0,14,13,10.0,4.77,21.428571428571427,7.142857142857142,50.0,21.428571428571427
1179,0.647,1,0,18,17,10.0,6.47,33.33333333333333,5.555555555555555,22.22222222222222,38.88888888888889
1180,0.54,1,0,15,14,10.0,5.4,0.0,33.33333333333333,20.0,46.666666666666664
1181,0.595,1,0,15,14,10.0,5.95,20.0,6.666666666666667,33.33333333333333,40.0
1182,0.536,1,0,19,18,10.0,5.36,5.263157894736842,52.63157894736842,10.526315789473683,31.57894736842105
1183,0.542,1,0,16,15,10.0,5.42,12.5,37.5,12.5,37.5
1184,0.734,1,0,19,18,10.0,7.34,0.0,47.368421052631575,10.526315789473683,42.10526315789473
1185,0.717,1,0,21,20,10.0,7.17,4.761904761904762,28.57142857142857,9.523809523809524,57.14285714285714
1186,0.749,1,0,20,19,10.0,7.49,5.0,30.0,50.0,15.0
1187,0.649,1,0,15,14,10.0,6.49,0.0,33.33333333333333,13.333333333333334,53.333333333333336
1188,0.537,1,0,16,15,10.0,5.37,0.0,6.25,31.25,62.5
1189,0.475,1,0,15,14,10.0,4.75,6.666666666666667,40.0,6.666666666666667,46.666666666666664
1190,0.548,1,0,19,18,10.0,5.48,10.526315789473683,31.57894736842105,5.263157894736842,52.63157894736842
1191,0.641,1,0,12,11,10.0,6.41,8.333333333333332,33.33333333333333,16.666666666666664,41.66666666666667
1192,0.628,1,0,12,11,10.0,6.28,0.0,41.66666666666667,8.333333333333332,50.0
1193,0.614,1,0,19,18,10.0,6.14,10.526315789473683,36.84210526315789,10.526315789473683,42.10526315789473
1194,0.78,1,0,15,14,10.0,7.8,13.333333333333334,53.333333333333336,20.0,13.333333333333334
1195,0.44,1,0,11,10,10.0,4.4,9.090909090909092,0.0,45.45454545454545,45.45454545454545
1196,0.722,1,0,21,20,10.0,7.22,23.809523809523807,28.57142857142857,33.33333333333333,14.285714285714285
1197,0.441,1,0,14,13,10.0,4.41,28.57142857142857,0.0,57.14285714285714,14.285714285714285
1198,0.527,1,0,15,14,10.0,5.27,0.0,33.33333333333333,26.666666666666668,40.0
1199,0.576,1,0,16,15,10.0,5.76,0.0,31.25,12.5,56.25
1200,0.453,1,0,10,9,10.0,4.53,40.0,10.0,30.0,20.0
1201,0.643,1,0,17,16,10.0,6.43,0.0,52.94117647058824,5.88235294117647,41.17647058823529
1202,0.628,1,0,18,17,10.0,6.28,38.88888888888889,5.555555555555555,11.11111111111111,44.44444444444444
1203,0.524,1,0,13,12,10.0,5.24,30.76923076923077,7.6923076923076925,61.53846153846154,0.0
1204,0.628,1,0,12,11,10.0,6.28,41.66666666666667,25.0,8.333333333333332,25.0
1205,0.523,1,0,13,12,10.0,5.23,15.384615384615385,0.0,46.15384615384615,38.46153846153847
1206,0.562,1,0,13,12,10.0,5.62,7.6923076923076925,38.46153846153847,23.076923076923077,30.76923076923077
1207,0.518,1,0,11,10,10.0,5.18,9.090909090909092,27.27272727272727,36.36363636363637,27.27272727272727
1208,0.453,1,0,14,13,10.0,4.53,42.857142857142854,14.285714285714285,21.428571428571427,21.428571428571427
1209,0.621,1,0,19,18,10.0,6.21,0.0,36.84210526315789,21.052631578947366,42.10526315789473
1210,0.446,1,0,12,11,9.0,4.46,0.0,41.66666666666667,25.0,33.33333333333333
1211,0.441,1,0,11,10,10.0,4.41,9.090909090909092,18.181818181818183,36.36363636363637,36.36363636363637
1212,0.592,1,0,14,13,10.0,5.92,0.0,42.857142857142854,14.285714285714285,42.857142857142854
1213,0.536,1,0,18,17,10.0,5.36,0.0,33.33333333333333,11.11111111111111,55.55555555555556
1214,0.586,1,0,16,15,10.0,5.86,0.0,25.0,31.25,43.75
1215,0.696,1,0,18,17,10.0,6.96,66.66666666666666,0.0,33.33333333333333,0.0
1216,0.714,1,0,21,20,10.0,7.14,0.0,19.047619047619047,23.809523809523807,57.14285714285714
1217,0.684,1,0,16,15,10.0,6.84,6.25,31.25,31.25,31.25
1218,0.527,1,0,13,12,10.0,5.27,30.76923076923077,53.84615384615385,7.6923076923076925,7.6923076923076925
1219,0.795,1,0,22,21,10.0,7.95,0.0,36.36363636363637,18.181818181818183,45.45454545454545
1220,0.711,1,0,19,18,10.0,7.11,0.0,47.368421052631575,10.526315789473683,42.10526315789473
1221,0.389,1,0,12,11,10.0,3.89,33.33333333333333,41.66666666666667,25.0,0.0
1222,0.66,1,0,16,15,10.0,6.6,0.0,56.25,18.75,25.0
1223,0.698,1,0,17,16,10.0,6.98,29.411764705882355,17.647058823529413,41.17647058823529,11.76470588235294
1224,0.641,1,0,15,14,10.0,6.41,33.33333333333333,0.0,33.33333333333333,33.33333333333333
1225,0.459,1,0,13,12,9.0,4.59,7.6923076923076925,38.46153846153847,23.076923076923077,30.76923076923077
1226,0.452,1,0,13,12,9.0,4.52,7.6923076923076925,30.76923076923077,23.076923076923077,38.46153846153847
1227,0.57,1,0,18,17,10.0,5.7,5.555555555555555,0.0,55.55555555555556,38.88888888888889
1228,0.648,1,0,15,14,10.0,6.48,26.666666666666668,13.333333333333334,13.333333333333334,46.666666666666664
1229,0.703,1,0,23,22,10.0,7.03,8.695652173913043,30.434782608695656,34.78260869565217,26.08695652173913
1230,0.515,1,0,14,13,10.0,5.15,21.428571428571427,57.14285714285714,7.142857142857142,14.285714285714285
1231,0.561,1,0,17,16,10.0,5.61,64.70588235294117,0.0,17.647058823529413,17.647058823529413
1232,0.522,1,0,15,14,10.0,5.22,0.0,20.0,20.0,60.0
1233,0.563,1,0,13,12,9.0,5.63,15.384615384615385,38.46153846153847,15.384615384615385,30.76923076923077
1234,0.432,1,0,10,9,10.0,4.32,70.0,20.0,10.0,0.0
1235,0.675,1,0,13,12,10.0,6.75,0.0,69.23076923076923,7.6923076923076925,23.076923076923077
1236,0.676,1,0,19,18,10.0,6.76,21.052631578947366,15.789473684210526,52.63157894736842,10.526315789473683
1237,0.499,1,0,13,12,10.0,4.99,0.0,38.46153846153847,15.384615384615385,46.15384615384615
1238,0.569,1,0,16,15,10.0,5.69,0.0,31.25,6.25,62.5
1239,0.637,1,0,17,16,10.0,6.37,5.88235294117647,35.294117647058826,17.647058823529413,41.17647058823529
1240,0.618,1,0,15,14,10.0,6.18,0.0,46.666666666666664,13.333333333333334,40.0
1241,0.687,1,0,15,14,10.0,6.87,0.0,60.0,13.333333333333334,26.666666666666668
1242,0.592,1,0,20,19,10.0,5.92,20.0,25.0,5.0,50.0
1243,0.625,1,0,17,16,10.0,6.25,11.76470588235294,5.88235294117647,76.47058823529412,5.88235294117647
1244,0.641,1,0,18,17,10.0,6.41,11.11111111111111,38.88888888888889,16.666666666666664,33.33333333333333
1245,0.674,1,0,19,18,10.0,6.74,10.526315789473683,0.0,31.57894736842105,57.89473684210527
1246,0.36,1,0,11,10,10.0,3.6,0.0,54.54545454545454,18.181818181818183,27.27272727272727
1247,0.515,1,0,15,14,10.0,5.15,0.0,26.666666666666668,20.0,53.333333333333336
1248,0.638,1,0,13,12,10.0,6.38,15.384615384615385,38.46153846153847,38.46153846153847,7.6923076923076925
1249,0.503,1,0,12,11,10.0,5.03,0.0,16.666666666666664,33.33333333333333,50.0
1250,0.667,1,0,18,17,10.0,6.67,5.555555555555555,27.77777777777778,16.666666666666664,50.0
1251,0.426,1,0,13,12,10.0,4.26,38.46153846153847,38.46153846153847,7.6923076923076925,15.384615384615385
1252,0.565,1,0,16,15,10.0,5.65,31.25,12.5,25.0,31.25
1253,0.483,1,0,13,12,10.0,4.83,15.384615384615385,30.76923076923077,23.076923076923077,30.76923076923077
1254,0.593,1,0,18,17,10.0,5.93,5.555555555555555,50.0,16.666666666666664,27.77777777777778
1255,0.502,1,0,13,12,10.0,5.02,23.076923076923077,38.46153846153847,23.076923076923077,15.384615384615385
1256,0.526,1,0,16,15,10.0,5.26,0.0,50.0,18.75,31.25
1257,0.699,1,0,16,15,10.0,6.99,12.5,43.75,12.5,31.25
1258,0.365,1,0,9,8,10.0,3.65,11.11111111111111,33.33333333333333,33.33333333333333,22.22222222222222
1259,0.535,1,0,9,8,10.0,5.35,22.22222222222222,66.66666666666666,11.11111111111111,0.0
1260,0.53,1,0,13,12,10.0,5.3,23.076923076923077,15.384615384615385,30.76923076923077,30.76923076923077
1261,0.471,1,0,14,13,10.0,4.71,0.0,28.57142857142857,14.285714285714285,57.14285714285714
1262,0.771,1,0,16,15,10.0,7.71,12.5,12.5,62.5,12.5
1263,0.463,1,0,13,12,10.0,4.63,38.46153846153847,46.15384615384615,15.384615384615385,0.0
1264,0.815,1,0,21,20,10.0,8.15,0.0,38.095238095238095,19.047619047619047,42.857142857142854
1265,0.631,1,0,15,14,10.0,6.31,0.0,26.666666666666668,33.33333333333333,40.0
1266,0.541,1,0,18,17,9.0,5.41,0.0,55.55555555555556,11.11111111111111,33.33333333333333
1267,0.531,1,0,16,15,10.0,5.31,0.0,31.25,12.5,56.25
1268,0.717,1,0,16,15,10.0,7.17,0.0,25.0,6.25,68.75
1269,0.384,1,0,12,11,10.0,3.84,0.0,50.0,25.0,25.0
1270,0.561,1,0,17,16,10.0,5.61,0.0,41.17647058823529,17.647058823529413,41.17647058823529
1271,0.661,1,0,17,16,10.0,6.61,0.0,35.294117647058826,17.647058823529413,47.05882352941176
1272,0.486,1,0,11,10,10.0,4.86,18.181818181818183,45.45454545454545,36.36363636363637,0.0
1273,0.521,1,0,15,14,10.0,5.21,40.0,6.666666666666667,26.666666666666668,26.666666666666668
1274,0.554,1,0,18,17,10.0,5.54,0.0,33.33333333333333,16.666666666666664,50.0
1275,0.578,1,0,17,16,10.0,5.78,35.294117647058826,17.647058823529413,41.17647058823529,5.88235294117647
1276,0.678,1,0,21,20,10.0,6.78,9.523809523809524,38.095238095238095,19.047619047619047,33.33333333333333
1277,0.46,1,0,16,15,10.0,4.6,12.5,31.25,25.0,31.25
1278,0.578,1,0,15,14,10.0,5.78,0.0,33.33333333333333,20.0,46.666666666666664
1279,0.594,1,0,13,12,10.0,5.94,15.384615384615385,30.76923076923077,15.384615384615385,38.46153846153847
1280,0.522,1,0,13,12,10.0,5.22,23.076923076923077,46.15384615384615,30.76923076923077,0.0
1281,0.516,1,0,12,11,10.0,5.16,0.0,25.0,25.0,50.0
1282,0.703,1,0,13,12,10.0,7.03,15.384615384615385,23.076923076923077,61.53846153846154,0.0
1283,0.638,1,0,17,16,10.0,6.38,17.647058823529413,47.05882352941176,5.88235294117647,29.411764705882355
1284,0.622,1,0,18,17,10.0,6.22,0.0,11.11111111111111,22.22222222222222,66.66666666666666
1285,0.564,1,0,12,11,10.0,5.64,0.0,25.0,41.66666666666667,33.33333333333333
1286,0.538,1,0,13,12,10.0,5.38,30.76923076923077,7.6923076923076925,15.384615384615385,46.15384615384615
1287,0.535,1,0,15,14,10.0,5.35,6.666666666666667,13.333333333333334,33.33333333333333,46.666666666666664
1288,0.618,1,0,14,13,10.0,6.18,14.285714285714285,42.857142857142854,14.285714285714285,28.57142857142857
1289,0.697,1,0,20,19,10.0,6.97,35.0,5.0,30.0,30.0
1290,0.757,1,0,18,17,10.0,7.57,0.0,38.88888888888889,5.555555555555555,55.55555555555556
1291,0.675,1,0,16,15,10.0,6.75,0.0,43.75,12.5,43.75
1292,0.489,1,0,13,12,10.0,4.89,0.0,30.76923076923077,7.6923076923076925,61.53846153846154
1293,0.695,1,0,18,17,10.0,6.95,0.0,27.77777777777778,11.11111111111111,61.111111111111114
1294,0.476,1,0,13,12,9.0,4.76,53.84615384615385,0.0,15.384615384615385,30.76923076923077
1295,0.487,1,0,14,13,10.0,4.87,7.142857142857142,21.428571428571427,21.428571428571427,50.0
1296,0.597,1,0,12,11,10.0,5.97,0.0,33.33333333333333,25.0,41.66666666666667
1297,0.63,1,0,17,16,10.0,6.3,11.76470588235294,35.294117647058826,11.76470588235294,41.17647058823529
1298,0.621,1,0,18,17,10.0,6.21,27.77777777777778,16.666666666666664,44.44444444444444,11.11111111111111
1299,0.65,1,0,17,16,10.0,6.5,0.0,35.294117647058826,5.88235294117647,58.82352941176471
1300,0.4,1,0,10,9,10.0,4.0,30.0,30.0,30.0,10.0
1301,0.554,1,0,19,18,10.0,5.54,0.0,47.368421052631575,15.789473684210526,36.84210526315789
1302,0.458,1,0,12,11,10.0,4.58,0.0,25.0,8.333333333333332,66.66666666666666
1303,0.764,1,0,22,21,10.0,7.64,13.636363636363635,27.27272727272727,31.818181818181817,27.27272727272727
1304,0.544,1,0,14,13,10.0,5.44,0.0,0.0,64.28571428571429,35.714285714285715
1305,0.776,1,0,22,21,10.0,7.76,0.0,22.727272727272727,45.45454545454545,31.818181818181817
1306,0.595,1,0,19,18,10.0,5.95,26.31578947368421,31.57894736842105,15.789473684210526,26.31578947368421
1307,0.694,1,0,16,15,10.0,6.94,6.25,50.0,43.75,0.0
1308,0.677,1,0,15,14,10.0,6.77,0.0,20.0,20.0,60.0
1309,0.643,1,0,18,17,10.0,6.43,0.0,22.22222222222222,38.88888888888889,38.88888888888889
1310,0.507,1,0,15,14,10.0,5.07,20.0,20.0,20.0,40.0
1311,0.495,1,0,12,11,10.0,4.95,33.33333333333333,0.0,50.0,16.666666666666664
1312,0.704,1,0,15,14,10.0,7.04,33.33333333333333,40.0,26.666666666666668,0.0
1313,0.612,1,0,12,11,10.0,6.12,16.666666666666664,50.0,8.333333333333332,25.0
1314,0.554,1,0,15,14,10.0,5.54,0.0,46.666666666666664,20.0,33.33333333333333
1315,0.571,1,0,16,15,10.0,5.71,25.0,12.5,62.5,0.0
1316,0.433,1,0,12,11,10.0,4.33,8.333333333333332,33.33333333333333,41.66666666666667,16.666666666666664
1317,0.648,1,0,15,14,10.0,6.48,13.333333333333334,33.33333333333333,26.666666666666668,26.666666666666668
1318,0.56,1,0,12,11,10.0,5.6,41.66666666666667,25.0,16.666666666666664,16.666666666666664
1319,0.759,1,0,19,18,10.0,7.59,0.0,42.10526315789473,42.10526315789473,15.789473684210526
1320,0.598,1,0,15,14,10.0,5.98,0.0,0.0,46.666666666666664,53.333333333333336
1321,0.492,1,0,13,12,10.0,4.92,0.0,61.53846153846154,23.076923076923077,15.384615384615385
1322,0.636,1,0,18,17,10.0,6.36,0.0,44.44444444444444,22.22222222222222,33.33333333333333
1323,0.685,1,0,18,17,10.0,6.85,0.0,38.88888888888889,44.44444444444444,16.666666666666664
1324,0.682,1,0,17,16,10.0,6.82,0.0,17.647058823529413,5.88235294117647,76.47058823529412
1325,0.506,1,0,15,14,10.0,5.06,0.0,40.0,13.333333333333334,46.666666666666664
1326,0.564,1,0,13,12,10.0,5.64,30.76923076923077,0.0,23.076923076923077,46.15384615384615
1327,0.65,1,0,20,19,10.0,6.5,15.0,45.0,15.0,25.0
1328,0.559,1,0,15,14,10.0,5.59,26.666666666666668,13.333333333333334,13.333333333333334,46.666666666666664
1329,0.637,1,0,14,13,10.0,6.37,0.0,21.428571428571427,14.285714285714285,64.28571428571429
1330,0.697,1,0,17,16,10.0,6.97,11.76470588235294,5.88235294117647,47.05882352941176,35.294117647058826
1331,0.633,1,0,21,20,10.0,6.33,9.523809523809524,52.38095238095239,19.047619047619047,19.047619047619047
1332,0.651,1,0,18,17,10.0,6.51,0.0,55.55555555555556,27.77777777777778,16.666666666666664
1333,0.616,1,0,18,17,10.0,6.16,11.11111111111111,38.88888888888889,22.22222222222222,27.77777777777778
1334,0.584,1,0,15,14,10.0,5.84,0.0,33.33333333333333,13.333333333333334,53.333333333333336
1335,0.637,1,0,17,16,10.0,6.37,47.05882352941176,0.0,5.88235294117647,47.05882352941176
1336,0.766,1,0,18,17,10.0,7.66,0.0,50.0,27.77777777777778,22.22222222222222
1337,0.464,1,0,14,13,10.0,4.64,14.285714285714285,42.857142857142854,21.428571428571427,21.428571428571427
1338,0.657,1,0,19,18,10.0,6.57,0.0,31.57894736842105,5.263157894736842,63.1578947368421
1339,0.421,1,0,11,10,9.0,4.21,0.0,18.181818181818183,9.090909090909092,72.72727272727273
1340,0.587,1,0,17,16,10.0,5.87,11.76470588235294,41.17647058823529,11.76470588235294,35.294117647058826
1341,0.623,1,0,17,16,10.0,6.23,0.0,35.294117647058826,11.76470588235294,52.94117647058824
1342,0.624,1,0,18,17,10.0,6.24,0.0,27.77777777777778,16.666666666666664,55.55555555555556
1343,0.488,1,0,12,11,10.0,4.88,16.666666666666664,33.33333333333333,8.333333333333332,41.66666666666667
1344,0.688,1,0,16,15,10.0,6.88,25.0,18.75,6.25,50.0
1345,0.338,1,0,9,8,10.0,3.38,0.0,33.33333333333333,22.22222222222222,44.44444444444444
1346,0.463,1,0,12,11,10.0,4.63,0.0,25.0,25.0,50.0
1347,0.414,1,0,11,10,10.0,4.14,36.36363636363637,9.090909090909092,36.36363636363637,18.181818181818183
1348,0.348,1,0,11,10,10.0,3.48,0.0,36.36363636363637,18.181818181818183,45.45454545454545
1349,0.554,1,0,15,14,10.0,5.54,0.0,33.33333333333333,6.666666666666667,60.0
1350,0.598,1,0,15,14,10.0,5.98,0.0,40.0,13.333333333333334,46.666666666666664
1351,0.759,1,0,23,22,10.0,7.59,13.043478260869565,56.52173913043478,13.043478260869565,17.391304347826086
1352,0.737,1,0,17,16,10.0,7.37,0.0,29.411764705882355,35.294117647058826,35.294117647058826
1353,0.619,1,0,18,17,10.0,6.19,27.77777777777778,16.666666666666664,27.77777777777778,27.77777777777778
1354,0.407,1,0,10,9,9.0,4.07,30.0,0.0,40.0,30.0
1355,0.454,1,0,12,11,10.0,4.54,33.33333333333333,0.0,25.0,41.66666666666667
1356,0.66,1,0,20,19,10.0,6.6,10.0,35.0,10.0,45.0
1357,0.678,1,0,21,20,10.0,6.78,4.761904761904762,38.095238095238095,14.285714285714285,42.857142857142854
1358,0.456,1,0,12,11,10.0,4.56,33.33333333333333,25.0,8.333333333333332,33.33333333333333
1359,0.742,1,0,19,18,10.0,7.42,42.10526315789473,0.0,52.63157894736842,5.263157894736842
1360,0.571,1,0,15,14,10.0,5.71,20.0,0.0,60.0,20.0
1361,0.652,1,0,16,15,10.0,6.52,0.0,37.5,6.25,56.25
1362,0.721,1,0,24,23,10.0,7.21,4.166666666666666,33.33333333333333,12.5,50.0
1363,0.441,1,0,10,9,10.0,4.41,0.0,30.0,30.0,40.0
1364,0.48,1,0,14,13,10.0,4.8,21.428571428571427,42.857142857142854,7.142857142857142,28.57142857142857
1365,0.381,1,0,8,7,9.0,3.81,0.0,12.5,25.0,62.5
1366,0.536,1,0,17,16,10.0,5.36,0.0,47.05882352941176,11.76470588235294,41.17647058823529
1367,0.63,1,0,15,14,10.0,6.3,20.0,20.0,53.333333333333336,6.666666666666667
1368,0.519,1,0,14,13,10.0,5.19,28.57142857142857,35.714285714285715,14.285714285714285,21.428571428571427
1369,0.448,1,0,13,12,10.0,4.48,23.076923076923077,46.15384615384615,7.6923076923076925,23.076923076923077
1370,0.433,1,0,12,11,10.0,4.33,0.0,50.0,8.333333333333332,41.66666666666667
1371,0.573,1,0,12,11,10.0,5.73,0.0,33.33333333333333,25.0,41.66666666666667
1372,0.43,1,0,11,10,10.0,4.3,54.54545454545454,9.090909090909092,9.090909090909092,27.27272727272727
1373,0.47,1,0,15,14,10.0,4.7,0.0,33.33333333333333,13.333333333333334,53.333333333333336
1374,0.553,1,0,17,16,10.0,5.53,0.0,41.17647058823529,11.76470588235294,47.05882352941176
1375,0.495,1,0,12,11,10.0,4.95,41.66666666666667,0.0,16.666666666666664,41.66666666666667
1376,0.764,1,0,17,16,10.0,7.64,47.05882352941176,35.294117647058826,17.647058823529413,0.0
1377,0.683,1,0,19,18,10.0,6.83,0.0,21.052631578947366,47.368421052631575,31.57894736842105
1378,0.686,1,0,21,20,10.0,6.86,9.523809523809524,42.857142857142854,14.285714285714285,33.33333333333333
1379,0.756,1,0,19,18,10.0,7.56,0.0,47.368421052631575,15.789473684210526,36.84210526315789
1380,0.682,1,0,20,19,10.0,6.82,30.0,45.0,15.0,10.0
1381,0.536,1,0,15,14,10.0,5.36,0.0,40.0,6.666666666666667,53.333333333333336
1382,0.727,1,0,19,18,10.0,7.27,0.0,47.368421052631575,5.263157894736842,47.368421052631575
1383,0.586,1,0,13,12,10.0,5.86,7.6923076923076925,15.384615384615385,38.46153846153847,38.46153846153847
1384,0.654,1,0,15,14,10.0,6.54,40.0,33.33333333333333,20.0,6.666666666666667
1385,0.596,1,0,13,12,10.0,5.96,38.46153846153847,23.076923076923077,38.46153846153847,0.0
1386,0.477,1,0,13,12,10.0,4.77,0.0,15.384615384615385,23.076923076923077,61.53846153846154
1387,0.523,1,0,15,14,10.0,5.23,13.333333333333334,40.0,13.333333333333334,33.33333333333333
1388,0.81,1,0,21,20,10.0,8.1,19.047619047619047,14.285714285714285,42.857142857142854,23.809523809523807
1389,0.674,1,0,16,15,10.0,6.74,12.5,43.75,43.75,0.0
1390,0.358,1,0,10,9,10.0,3.58,0.0,30.0,10.0,60.0
1391,0.74,1,0,17,16,10.0,7.4,0.0,47.05882352941176,23.52941176470588,29.411764705882355
1392,0.592,1,0,19,18,10.0,5.92,0.0,21.052631578947366,15.789473684210526,63.1578947368421
1393,0.613,1,0,18,17,10.0,6.13,0.0,16.666666666666664,11.11111111111111,72.22222222222221
1394,0.509,1,0,12,11,10.0,5.09,0.0,33.33333333333333,8.333333333333332,58.333333333333336
1395,0.433,1,0,11,10,10.0,4.33,54.54545454545454,27.27272727272727,18.181818181818183,0.0
1396,0.693,1,0,21,20,10.0,6.93,0.0,42.857142857142854,14.285714285714285,42.857142857142854
1397,0.544,1,0,12,11,10.0,5.44,25.0,33.33333333333333,33.33333333333333,8.333333333333332
1398,0.608,1,0,20,19,10.0,6.08,20.0,25.0,10.0,45.0
1399,0.503,1,0,12,11,10.0,5.03,0.0,16.666666666666664,33.33333333333333,50.0
1400,0.504,1,0,13,12,10.0,5.04,0.0,38.46153846153847,15.384615384615385,46.15384615384615
1401,0.481,1,0,13,12,10.0,4.81,7.6923076923076925,23.076923076923077,7.6923076923076925,61.53846153846154
1402,0.57,1,0,15,14,10.0,5.7,0.0,46.666666666666664,13.333333333333334,40.0
1403,0.437,1,0,12,11,10.0,4.37,0.0,0.0,83.33333333333334,16.666666666666664
1404,0.477,1,0,13,12,10.0,4.77,38.46153846153847,7.6923076923076925,15.384615384615385,38.46153846153847
1405,0.558,1,0,15,14,10.0,5.58,6.666666666666667,26.666666666666668,20.0,46.666666666666664
1406,0.624,1,0,16,15,10.0,6.24,0.0,12.5,50.0,37.5
1407,0.54,1,0,15,14,10.0,5.4,33.33333333333333,26.666666666666668,20.0,20.0
1408,0.606,1,0,15,14,10.0,6.06,0.0,20.0,33.33333333333333,46.666666666666664
1409,0.591,1,0,13,12,10.0,5.91,0.0,23.076923076923077,15.384615384615385,61.53846153846154
1410,0.657,1,0,19,18,10.0,6.57,0.0,26.31578947368421,15.789473684210526,57.89473684210527
1411,0.511,1,0,10,9,10.0,5.11,30.0,40.0,10.0,20.0
1412,0.714,1,0,18,17,10.0,7.14,22.22222222222222,22.22222222222222,50.0,5.555555555555555
1413,0.476,1,0,13,12,9.0,4.76,15.384615384615385,46.15384615384615,7.6923076923076925,30.76923076923077
1414,0.376,1,0,13,12,10.0,3.76,0.0,46.15384615384615,15.384615384615385,38.46153846153847
1415,0.514,1,0,11,10,10.0,5.14,27.27272727272727,9.090909090909092,36.36363636363637,27.27272727272727
1416,0.807,1,0,21,20,10.0,8.07,0.0,19.047619047619047,4.761904761904762,76.19047619047619
1417,0.569,1,0,14,13,10.0,5.69,21.428571428571427,28.57142857142857,14.285714285714285,35.714285714285715
1418,0.652,1,0,16,15,10.0,6.52,0.0,43.75,6.25,50.0
1419,0.354,1,0,10,9,9.0,3.54,20.0,20.0,50.0,10.0
1420,0.553,1,0,17,16,9.0,5.53,11.76470588235294,58.82352941176471,11.76470588235294,17.647058823529413
1421,0.464,1,0,11,10,10.0,4.64,0.0,36.36363636363637,18.181818181818183,45.45454545454545
1422,0.359,1,0,14,13,10.0,3.59,0.0,64.28571428571429,21.428571428571427,14.285714285714285
1423,0.576,1,0,14,13,10.0,5.76,0.0,42.857142857142854,21.428571428571427,35.714285714285715
1424,0.583,1,0,20,19,10.0,5.83,0.0,40.0,25.0,35.0
1425,0.5,1,0,10,9,10.0,5.0,30.0,10.0,10.0,50.0
1426,0.667,1,0,14,13,10.0,6.67,0.0,35.714285714285715,7.142857142857142,57.14285714285714
1427,0.487,1,0,14,13,10.0,4.87,0.0,42.857142857142854,14.285714285714285,42.857142857142854
1428,0.588,1,0,16,15,10.0,5.88,6.25,12.5,56.25,25.0
1429,0.656,1,0,14,13,10.0,6.56,7.142857142857142,35.714285714285715,7.142857142857142,50.0
1430,0.646,1,0,14,13,10.0,6.46,28.57142857142857,7.142857142857142,21.428571428571427,42.857142857142854
1431,0.49,1,0,14,13,10.0,4.9,7.142857142857142,50.0,7.142857142857142,35.714285714285715
1432,0.484,1,0,18,17,10.0,4.84,0.0,33.33333333333333,16.666666666666664,50.0
1433,0.506,1,0,13,12,10.0,5.06,7.6923076923076925,30.76923076923077,7.6923076923076925,53.84615384615385
1434,0.554,1,0,11,10,10.0,5.54,0.0,27.27272727272727,9.090909090909092,63.63636363636363
1435,0.552,1,0,11,10,10.0,5.52,9.090909090909092,27.27272727272727,27.27272727272727,36.36363636363637
1436,0.34,1,0,9,8,10.0,3.4,0.0,11.11111111111111,22.22222222222222,66.66666666666666
1437,0.6,1,0,15,14,10.0,6.0,73.33333333333333,13.333333333333334,13.333333333333334,0.0
1438,0.603,1,0,15,14,10.0,6.03,13.333333333333334,40.0,13.333333333333334,33.33333333333333
1439,0.636,1,0,16,15,10.0,6.36,12.5,31.25,18.75,37.5
1440,0.553,1,0,12,11,10.0,5.53,0.0,33.33333333333333,25.0,41.66666666666667
1441,0.72,1,0,23,22,10.0,7.2,0.0,39.130434782608695,13.043478260869565,47.82608695652174
1442,0.651,1,0,17,16,10.0,6.51,11.76470588235294,41.17647058823529,5.88235294117647,41.17647058823529
1443,0.688,1,0,14,13,10.0,6.88,28.57142857142857,7.142857142857142,7.142857142857142,57.14285714285714
1444,0.556,1,0,15,14,10.0,5.56,0.0,46.666666666666664,13.333333333333334,40.0
1445,0.633,1,0,16,15,10.0,6.33,6.25,50.0,31.25,12.5
1446,0.556,1,0,11,10,10.0,5.56,27.27272727272727,9.090909090909092,54.54545454545454,9.090909090909092
1447,0.662,1,0,15,14,10.0,6.62,0.0,46.666666666666664,6.666666666666667,46.666666666666664
1448,0.646,1,0,12,11,10.0,6.46,0.0,25.0,16.666666666666664,58.333333333333336
1449,0.438,1,0,12,11,10.0,4.38,33.33333333333333,16.666666666666664,8.333333333333332,41.66666666666667
1450,0.534,1,0,15,14,10.0,5.34,26.666666666666668,6.666666666666667,13.333333333333334,53.333333333333336
1451,0.452,1,0,13,12,10.0,4.52,0.0,15.384615384615385,15.384615384615385,69.23076923076923
1452,0.542,1,0,15,14,10.0,5.42,0.0,26.666666666666668,20.0,53.333333333333336
1453,0.57,1,0,17,16,10.0,5.7,0.0,29.411764705882355,17.647058823529413,52.94117647058824
1454,0.492,1,0,14,13,10.0,4.92,21.428571428571427,50.0,7.142857142857142,21.428571428571427
1455,0.489,1,0,12,11,10.0,4.89,33.33333333333333,8.333333333333332,16.666666666666664,41.66666666666667
1456,0.684,1,0,20,19,10.0,6.84,0.0,55.00000000000001,25.0,20.0
1457,0.712,1,0,18,17,10.0,7.12,27.77777777777778,0.0,22.22222222222222,50.0
1458,0.61,1,0,16,15,10.0,6.1,25.0,6.25,37.5,31.25
1459,0.518,1,0,14,13,10.0,5.18,0.0,35.714285714285715,21.428571428571427,42.857142857142854
1460,0.485,1,0,11,10,10.0,4.85,54.54545454545454,0.0,36.36363636363637,9.090909090909092
1461,0.706,1,0,17,16,10.0,7.06,0.0,0.0,41.17647058823529,58.82352941176471
1462,0.731,1,0,21,20,10.0,7.31,14.285714285714285,47.61904761904761,23.809523809523807,14.285714285714285
1463,0.539,1,0,14,13,10.0,5.39,0.0,7.142857142857142,42.857142857142854,50.0
1464,0.407,1,0,11,10,10.0,4.07,9.090909090909092,18.181818181818183,36.36363636363637,36.36363636363637
1465,0.551,1,0,18,17,10.0,5.51,0.0,38.88888888888889,16.666666666666664,44.44444444444444
1466,0.678,1,0,19,18,10.0,6.78,0.0,47.368421052631575,26.31578947368421,26.31578947368421
1467,0.621,1,0,16,15,10.0,6.21,6.25,12.5,6.25,75.0
1468,0.518,1,0,15,14,10.0,5.18,0.0,33.33333333333333,46.666666666666664,20.0
1469,0.708,1,0,14,13,10.0,7.08,0.0,42.857142857142854,7.142857142857142,50.0
1470,0.578,1,0,15,14,10.0,5.78,0.0,13.333333333333334,20.0,66.66666666666666
1471,0.638,1,0,13,12,10.0,6.38,38.46153846153847,30.76923076923077,15.384615384615385,15.384615384615385
1472,0.576,1,0,14,13,10.0,5.76,14.285714285714285,21.428571428571427,28.57142857142857,35.714285714285715
1473,0.618,1,0,18,17,10.0,6.18,0.0,27.77777777777778,11.11111111111111,61.111111111111114
1474,0.63,1,0,19,18,10.0,6.3,0.0,47.368421052631575,21.052631578947366,31.57894736842105
1475,0.723,1,0,22,21,10.0,7.23,18.181818181818183,45.45454545454545,18.181818181818183,18.181818181818183
1476,0.644,1,0,12,11,10.0,6.44,8.333333333333332,33.33333333333333,8.333333333333332,50.0
1477,0.55,1,0,19,18,10.0,5.5,47.368421052631575,36.84210526315789,15.789473684210526,0.0
1478,0.534,1,0,14,13,10.0,5.34,14.285714285714285,28.57142857142857,21.428571428571427,35.714285714285715
1479,0.513,1,0,13,12,10.0,5.13,0.0,30.76923076923077,7.6923076923076925,61.53846153846154
1480,0.648,1,0,14,13,10.0,6.48,0.0,50.0,7.142857142857142,42.857142857142854
1481,0.723,1,0,20,19,10.0,7.23,10.0,20.0,35.0,35.0
1482,0.404,1,0,9,8,10.0,4.04,0.0,11.11111111111111,77.77777777777779,11.11111111111111
1483,0.723,1,0,23,22,10.0,7.23,8.695652173913043,52.17391304347826,8.695652173913043,30.434782608695656
1484,0.61,1,0,16,15,10.0,6.1,6.25,43.75,18.75,31.25
1485,0.527,1,0,16,15,10.0,5.27,0.0,50.0,25.0,25.0
1486,0.511,1,0,16,15,10.0,5.11,12.5,56.25,12.5,18.75
1487,0.501,1,0,13,12,10.0,5.01,7.6923076923076925,23.076923076923077,15.384615384615385,53.84615384615385
1488,0.545,1,0,13,12,10.0,5.45,0.0,53.84615384615385,15.384615384615385,30.76923076923077
1489,0.62,1,0,19,18,10.0,6.2,10.526315789473683,21.052631578947366,21.052631578947366,47.368421052631575
1490,0.58,1,0,11,10,10.0,5.8,0.0,27.27272727272727,27.27272727272727,45.45454545454545
1491,0.6,1,0,15,14,10.0,6.0,33.33333333333333,0.0,66.66666666666666,0.0
1492,0.513,1,0,14,13,10.0,5.13,0.0,35.714285714285715,14.285714285714285,50.0
1493,0.721,1,0,18,17,10.0,7.21,5.555555555555555,38.88888888888889,11.11111111111111,44.44444444444444
1494,0.679,1,0,13,12,10.0,6.79,15.384615384615385,0.0,30.76923076923077,53.84615384615385
1495,0.66,1,0,19,18,10.0,6.6,26.31578947368421,0.0,42.10526315789473,31.57894736842105
1496,0.46,1,0,14,13,10.0,4.6,0.0,42.857142857142854,28.57142857142857,28.57142857142857
1497,0.365,1,0,11,10,10.0,3.65,0.0,45.45454545454545,9.090909090909092,45.45454545454545
1498,0.579,1,0,14,13,10.0,5.79,7.142857142857142,50.0,14.285714285714285,28.57142857142857
1499,0.419,1,0,12,11,9.0,4.19,0.0,58.333333333333336,16.666666666666664,25.0
1500,0.537,1,0,14,13,10.0,5.37,57.14285714285714,7.142857142857142,35.714285714285715,0.0
1501,0.456,1,0,14,13,10.0,4.56,0.0,21.428571428571427,14.285714285714285,64.28571428571429
1502,0.638,1,0,17,16,10.0,6.38,11.76470588235294,5.88235294117647,29.411764705882355,52.94117647058824
1503,0.547,1,0,14,13,10.0,5.47,14.285714285714285,0.0,21.428571428571427,64.28571428571429
1504,0.707,1,0,20,19,10.0,7.07,25.0,15.0,35.0,25.0
1505,0.567,1,0,15,14,10.0,5.67,13.333333333333334,33.33333333333333,26.666666666666668,26.666666666666668
1506,0.482,1,0,13,12,9.0,4.82,15.384615384615385,7.6923076923076925,30.76923076923077,46.15384615384615
1507,0.703,1,0,17,16,10.0,7.03,11.76470588235294,23.52941176470588,17.647058823529413,47.05882352941176
1508,0.584,1,0,14,13,10.0,5.84,28.57142857142857,28.57142857142857,35.714285714285715,7.142857142857142
1509,0.655,1,0,13,12,10.0,6.55,0.0,53.84615384615385,7.6923076923076925,38.46153846153847
1510,0.542,1,0,13,12,10.0,5.42,0.0,61.53846153846154,7.6923076923076925,30.76923076923077
1511,0.575,1,0,11,10,10.0,5.75,18.181818181818183,27.27272727272727,9.090909090909092,45.45454545454545
1512,0.73,1,0,17,16,10.0,7.3,47.05882352941176,23.52941176470588,23.52941176470588,5.88235294117647
1513,0.585,1,0,15,14,10.0,5.85,26.666666666666668,6.666666666666667,60.0,6.666666666666667
1514,0.707,1,0,20,19,10.0,7.07,25.0,20.0,15.0,40.0
1515,0.294,1,0,10,9,10.0,2.94,40.0,10.0,50.0,0.0
1516,0.601,1,0,14,13,10.0,6.01,57.14285714285714,14.285714285714285,7.142857142857142,21.428571428571427
1517,0.658,1,0,19,18,10.0,6.58,0.0,26.31578947368421,5.263157894736842,68.42105263157895
1518,0.556,1,0,15,14,10.0,5.56,13.333333333333334,20.0,13.333333333333334,53.333333333333336
1519,0.517,1,0,14,13,10.0,5.17,0.0,35.714285714285715,14.285714285714285,50.0
1520,0.679,1,0,16,15,9.0,6.79,0.0,31.25,6.25,62.5
1521,0.54,1,0,16,15,10.0,5.4,0.0,12.5,43.75,43.75
1522,0.616,1,0,17,16,10.0,6.16,64.70588235294117,0.0,35.294117647058826,0.0
1523,0.568,1,0,16,15,10.0,5.68,12.5,18.75,43.75,25.0
1524,0.714,1,0,18,17,10.0,7.14,22.22222222222222,5.555555555555555,16.666666666666664,55.55555555555556
1525,0.699,1,0,16,15,10.0,6.99,18.75,43.75,25.0,12.5
1526,0.577,1,0,12,11,10.0,5.77,25.0,33.33333333333333,25.0,16.666666666666664
1527,0.561,1,0,12,11,10.0,5.61,0.0,33.33333333333333,16.666666666666664,50.0
1528,0.695,1,0,22,21,10.0,6.95,31.818181818181817,0.0,22.727272727272727,45.45454545454545
1529,0.451,1,0,12,11,10.0,4.51,0.0,33.33333333333333,8.333333333333332,58.333333333333336
1530,0.623,1,0,15,14,10.0,6.23,0.0,33.33333333333333,13.333333333333334,53.333333333333336
1531,0.758,1,0,15,14,10.0,7.58,33.33333333333333,13.333333333333334,53.333333333333336,0.0
1532,0.803,1,0,22,21,10.0,8.03,0.0,9.090909090909092,27.27272727272727,63.63636363636363
1533,0.511,1,0,13,12,10.0,5.11,0.0,46.15384615384615,30.76923076923077,23.076923076923077
1534,0.64,1,0,19,18,10.0,6.4,5.263157894736842,42.10526315789473,5.263157894736842,47.368421052631575
1535,0.615,1,0,17,16,10.0,6.15,0.0,52.94117647058824,11.76470588235294,35.294117647058826
1536,0.672,1,0,18,17,10.0,6.72,11.11111111111111,38.88888888888889,11.11111111111111,38.88888888888889
1537,0.664,1,0,16,15,10.0,6.64,18.75,0.0,25.0,56.25
1538,0.504,1,0,13,12,10.0,5.04,0.0,30.76923076923077,23.076923076923077,46.15384615384615
1539,0.53,1,0,15,14,10.0,5.3,0.0,33.33333333333333,20.0,46.666666666666664
1540,0.68,1,0,15,14,10.0,6.8,0.0,26.666666666666668,20.0,53.333333333333336
1541,0.712,1,0,19,18,10.0,7.12,0.0,26.31578947368421,5.263157894736842,68.42105263157895
1542,0.471,1,0,12,11,10.0,4.71,16.666666666666664,33.33333333333333,33.33333333333333,16.666666666666664
1543,0.737,1,0,17,16,10.0,7.37,11.76470588235294,47.05882352941176,5.88235294117647,35.294117647058826
1544,0.677,1,0,16,15,10.0,6.77,31.25,0.0,68.75,0.0
1545,0.591,1,0,12,11,10.0,5.91,0.0,50.0,16.666666666666664,33.33333333333333
1546,0.544,1,0,13,12,10.0,5.44,7.6923076923076925,15.384615384615385,46.15384615384615,30.76923076923077
1547,0.568,1,0,15,14,10.0,5.68,13.333333333333334,33.33333333333333,26.666666666666668,26.666666666666668
1548,0.483,1,0,15,14,9.0,4.83,13.333333333333334,26.666666666666668,60.0,0.0
1549,0.507,1,0,13,12,10.0,5.07,23.076923076923077,46.15384615384615,7.6923076923076925,23.076923076923077
1550,0.572,1,0,12,11,10.0,5.72,0.0,66.66666666666666,8.333333333333332,25.0
1551,0.546,1,0,17,16,10.0,5.46,47.05882352941176,5.88235294117647,17.647058823529413,29.411764705882355
1552,0.543,1,0,16,15,10.0,5.43,12.5,18.75,12.5,56.25
1553,0.766,1,0,22,21,10.0,7.66,4.545454545454546,36.36363636363637,22.727272727272727,36.36363636363637
1554,0.672,1,0,20,19,10.0,6.72,20.0,0.0,60.0,20.0
1555,0.694,1,0,19,18,10.0,6.94,0.0,15.789473684210526,10.526315789473683,73.68421052631578
1556,0.625,1,0,16,15,10.0,6.25,12.5,56.25,18.75,12.5
1557,0.746,1,0,17,16,10.0,7.46,0.0,47.05882352941176,5.88235294117647,47.05882352941176
1558,0.646,1,0,17,16,10.0,6.46,5.88235294117647,35.294117647058826,11.76470588235294,47.05882352941176
1559,0.692,1,0,14,13,10.0,6.92,0.0,0.0,100.0,0.0
1560,0.62,1,0,17,16,10.0,6.2,5.88235294117647,41.17647058823529,5.88235294117647,47.05882352941176
1561,0.77,1,0,21,20,10.0,7.7,0.0,66.66666666666666,9.523809523809524,23.809523809523807
1562,0.577,1,0,20,19,10.0,5.77,5.0,35.0,20.0,40.0
1563,0.71,1,0,17,16,10.0,7.1,5.88235294117647,29.411764705882355,17.647058823529413,47.05882352941176
1564,0.548,1,0,14,13,10.0,5.48,0.0,21.428571428571427,21.428571428571427,57.14285714285714
1565,0.62,1,0,17,16,10.0,6.2,5.88235294117647,5.88235294117647,58.82352941176471,29.411764705882355
1566,0.449,1,0,11,10,10.0,4.49,0.0,45.45454545454545,18.181818181818183,36.36363636363637
1567,0.557,1,0,14,13,10.0,5.57,14.285714285714285,0.0,50.0,35.714285714285715
1568,0.58,1,0,14,13,10.0,5.8,0.0,14.285714285714285,14.285714285714285,71.42857142857143
1569,0.635,1,0,21,20,10.0,6.35,14.285714285714285,38.095238095238095,19.047619047619047,28.57142857142857
1570,0.651,1,0,17,16,10.0,6.51,5.88235294117647,35.294117647058826,17.647058823529413,41.17647058823529
1571,0.45,1,0,12,11,10.0,4.5,25.0,33.33333333333333,25.0,16.666666666666664
1572,0.67,1,0,26,25,10.0,6.7,7.6923076923076925,46.15384615384615,7.6923076923076925,38.46153846153847
1573,0.597,1,0,15,14,10.0,5.97,26.666666666666668,46.666666666666664,26.666666666666668,0.0
1574,0.778,1,0,21,20,10.0,7.78,0.0,19.047619047619047,38.095238095238095,42.857142857142854
1575,0.506,1,0,15,14,10.0,5.06,0.0,13.333333333333334,20.0,66.66666666666666
1576,0.608,1,0,15,14,10.0,6.08,33.33333333333333,33.33333333333333,20.0,13.333333333333334
1577,0.339,1,0,8,7,8.0,3.39,0.0,37.5,37.5,25.0
1578,0.49,1,0,13,12,10.0,4.9,23.076923076923077,46.15384615384615,15.384615384615385,15.384615384615385
1579,0.555,1,0,15,14,10.0,5.55,0.0,33.33333333333333,13.333333333333334,53.333333333333336
1580,0.586,1,0,19,18,10.0,5.86,5.263157894736842,21.052631578947366,57.89473684210527,15.789473684210526
1581,0.665,1,0,14,13,10.0,6.65,7.142857142857142,14.285714285714285,50.0,28.57142857142857
1582,0.493,1,0,20,19,10.0,4.93,0.0,60.0,15.0,25.0
1583,0.603,1,0,13,12,10.0,6.03,7.6923076923076925,7.6923076923076925,30.76923076923077,53.84615384615385
1584,0.617,1,0,13,12,10.0,6.17,69.23076923076923,0.0,30.76923076923077,0.0
1585,0.624,1,0,12,11,10.0,6.24,8.333333333333332,41.66666666666667,41.66666666666667,8.333333333333332
1586,0.673,1,0,20,19,10.0,6.73,10.0,50.0,15.0,25.0
1587,0.57,1,0,14,13,10.0,5.7,0.0,28.57142857142857,14.285714285714285,57.14285714285714
1588,0.485,1,0,14,13,10.0,4.85,0.0,14.285714285714285,7.142857142857142,78.57142857142857
1589,0.744,1,0,18,17,10.0,7.44,0.0,33.33333333333333,5.555555555555555,61.111111111111114
1590,0.58,1,0,15,14,10.0,5.8,13.333333333333334,60.0,6.666666666666667,20.0
1591,0.431,1,0,12,11,10.0,4.31,0.0,41.66666666666667,16.666666666666664,41.66666666666667
1592,0.777,1,0,25,24,10.0,7.77,0.0,24.0,40.0,36.0
1593,0.686,1,0,20,19,10.0,6.86,15.0,0.0,35.0,50.0
1594,0.429,1,0,10,9,10.0,4.29,0.0,50.0,30.0,20.0
1595,0.344,1,0,10,9,10.0,3.44,30.0,20.0,30.0,20.0
1596,0.409,1,0,8,7,10.0,4.09,25.0,12.5,12.5,50.0
1597,0.496,1,0,15,14,10.0,4.96,20.0,20.0,26.666666666666668,33.33333333333333
1598,0.841,1,0,21,20,10.0,8.41,47.61904761904761,33.33333333333333,9.523809523809524,9.523809523809524
1599,0.639,1,0,16,15,10.0,6.39,0.0,6.25,56.25,37.5
1600,0.673,1,0,18,17,10.0,6.73,0.0,38.88888888888889,11.11111111111111,50.0
1601,0.456,1,0,12,11,10.0,4.56,0.0,41.66666666666667,16.666666666666664,41.66666666666667
1602,0.606,1,0,16,15,10.0,6.06,6.25,62.5,6.25,25.0
1603,0.508,1,0,12,11,10.0,5.08,0.0,33.33333333333333,16.666666666666664,50.0
1604,0.689,1,0,16,15,10.0,6.89,0.0,43.75,18.75,37.5
1605,0.623,1,0,16,15,10.0,6.23,18.75,6.25,43.75,31.25
1606,0.619,1,0,14,13,10.0,6.19,0.0,21.428571428571427,28.57142857142857,50.0
1607,0.527,1,0,16,15,10.0,5.27,0.0,50.0,6.25,43.75
1608,0.491,1,0,14,13,10.0,4.91,14.285714285714285,28.57142857142857,14.285714285714285,42.857142857142854
1609,0.642,1,0,17,16,10.0,6.42,5.88235294117647,5.88235294117647,52.94117647058824,35.294117647058826
1610,0.549,1,0,15,14,10.0,5.49,13.333333333333334,53.333333333333336,6.666666666666667,26.666666666666668
1611,0.614,1,0,16,15,10.0,6.14,0.0,12.5,37.5,50.0
1612,0.683,1,0,15,14,10.0,6.83,13.333333333333334,33.33333333333333,26.666666666666668,26.666666666666668
1613,0.687,1,0,19,18,10.0,6.87,15.789473684210526,26.31578947368421,15.789473684210526,42.10526315789473
1614,0.25,1,0,9,8,9.0,2.5,0.0,44.44444444444444,22.22222222222222,33.33333333333333
1615,0.659,1,0,17,16,10.0,6.59,17.647058823529413,35.294117647058826,29.411764705882355,17.647058823529413
1616,0.581,1,0,18,17,10.0,5.81,0.0,38.88888888888889,38.88888888888889,22.22222222222222
1617,0.713,1,0,17,16,10.0,7.13,17.647058823529413,17.647058823529413,11.76470588235294,52.94117647058824
1618,0.377,1,0,9,8,10.0,3.77,33.33333333333333,0.0,44.44444444444444,22.22222222222222
1619,0.656,1,0,15,14,10.0,6.56,46.666666666666664,0.0,6.666666666666667,46.666666666666664
1620,0.638,1,0,15,14,10.0,6.38,6.666666666666667,6.666666666666667,66.66666666666666,20.0
1621,0.672,1,0,20,19,10.0,6.72,0.0,25.0,10.0,65.0
1622,0.807,1,0,16,15,10.0,8.07,18.75,18.75,25.0,37.5
1623,0.64,1,0,13,12,10.0,6.4,61.53846153846154,7.6923076923076925,15.384615384615385,15.384615384615385
1624,0.457,1,0,12,11,9.0,4.57,0.0,41.66666666666667,25.0,33.33333333333333
1625,0.606,1,0,17,16,10.0,6.06,0.0,29.411764705882355,11.76470588235294,58.82352941176471
1626,0.53,1,0,14,13,10.0,5.3,28.57142857142857,35.714285714285715,14.285714285714285,21.428571428571427
1627,0.528,1,0,14,13,10.0,5.28,21.428571428571427,42.857142857142854,7.142857142857142,28.57142857142857
1628,0.499,1,0,12,11,10.0,4.99,0.0,58.333333333333336,25.0,16.666666666666664
1629,0.691,1,0,21,20,10.0,6.91,9.523809523809524,33.33333333333333,9.523809523809524,47.61904761904761
1630,0.546,1,0,11,10,10.0,5.46,27.27272727272727,45.45454545454545,9.090909090909092,18.181818181818183
1631,0.516,1,0,13,12,10.0,5.16,23.076923076923077,38.46153846153847,7.6923076923076925,30.76923076923077
1632,0.408,1,0,11,10,10.0,4.08,18.181818181818183,45.45454545454545,18.181818181818183,18.181818181818183
1633,0.857,1,0,20,19,10.0,8.57,0.0,25.0,10.0,65.0
1634,0.602,1,0,21,20,10.0,6.02,9.523809523809524,19.047619047619047,9.523809523809524,61.904761904761905
1635,0.543,1,0,15,14,10.0,5.43,26.666666666666668,20.0,20.0,33.33333333333333
1636,0.397,1,0,10,9,10.0,3.97,20.0,30.0,40.0,10.0
1637,0.532,1,0,13,12,10.0,5.32,0.0,38.46153846153847,7.6923076923076925,53.84615384615385
1638,0.674,1,0,18,17,10.0,6.74,22.22222222222222,27.77777777777778,50.0,0.0
1639,0.535,1,0,16,15,10.0,5.35,18.75,12.5,18.75,50.0
1640,0.421,1,0,12,11,10.0,4.21,16.666666666666664,41.66666666666667,16.666666666666664,25.0
1641,0.561,1,0,11,10,10.0,5.61,0.0,45.45454545454545,9.090909090909092,45.45454545454545
1642,0.631,1,0,18,17,10.0,6.31,0.0,55.55555555555556,5.555555555555555,38.88888888888889
1643,0.48,1,0,11,10,10.0,4.8,9.090909090909092,54.54545454545454,9.090909090909092,27.27272727272727
1644,0.421,1,0,10,9,9.0,4.21,0.0,70.0,10.0,20.0
1645,0.495,1,0,16,15,10.0,4.95,0.0,43.75,12.5,43.75
1646,0.74,1,0,16,15,10.0,7.4,25.0,31.25,43.75,0.0
1647,0.543,1,0,13,12,10.0,5.43,53.84615384615385,0.0,15.384615384615385,30.76923076923077
1648,0.719,1,0,20,19,10.0,7.19,20.0,25.0,30.0,25.0
1649,0.604,1,0,12,11,10.0,6.04,16.666666666666664,25.0,25.0,33.33333333333333
1650,0.634,1,0,15,14,10.0,6.34,0.0,46.666666666666664,13.333333333333334,40.0
1651,0.572,1,0,14,13,10.0,5.72,21.428571428571427,57.14285714285714,21.428571428571427,0.0
1652,0.575,1,0,14,13,10.0,5.75,0.0,42.857142857142854,7.142857142857142,50.0
1653,0.435,1,0,11,10,10.0,4.35,36.36363636363637,18.181818181818183,9.090909090909092,36.36363636363637
1654,0.642,1,0,17,16,10.0,6.42,17.647058823529413,41.17647058823529,17.647058823529413,23.52941176470588
1655,0.668,1,0,19,18,10.0,6.68,21.052631578947366,21.052631578947366,26.31578947368421,31.57894736842105
1656,0.729,1,0,20,19,10.0,7.29,5.0,25.0,35.0,35.0
1657,0.677,1,0,18,17,10.0,6.77,0.0,27.77777777777778,22.22222222222222,50.0
1658,0.654,1,0,17,16,10.0,6.54,29.411764705882355,47.05882352941176,23.52941176470588,0.0
1659,0.658,1,0,16,15,10.0,6.58,0.0,25.0,12.5,62.5
1660,0.592,1,0,16,15,10.0,5.92,0.0,50.0,18.75,31.25
1661,0.769,1,0,16,15,10.0,7.69,56.25,25.0,18.75,0.0
1662,0.729,1,0,17,16,10.0,7.29,0.0,58.82352941176471,5.88235294117647,35.294117647058826
1663,0.639,1,0,14,13,10.0,6.39,0.0,28.57142857142857,21.428571428571427,50.0
1664,0.684,1,0,16,15,10.0,6.84,0.0,43.75,18.75,37.5
1665,0.599,1,0,14,13,10.0,5.99,0.0,28.57142857142857,7.142857142857142,64.28571428571429
1666,0.571,1,0,15,14,10.0,5.71,0.0,20.0,13.333333333333334,66.66666666666666
1667,0.558,1,0,15,14,10.0,5.58,33.33333333333333,13.333333333333334,6.666666666666667,46.666666666666664
1668,0.715,1,0,19,18,10.0,7.15,63.1578947368421,15.789473684210526,21.052631578947366,0.0
1669,0.488,1,0,16,15,10.0,4.88,0.0,18.75,18.75,62.5
1670,0.659,1,0,20,19,10.0,6.59,0.0,20.0,10.0,70.0
1671,0.567,1,0,14,13,10.0,5.67,0.0,42.857142857142854,35.714285714285715,21.428571428571427
1672,0.548,1,0,15,14,10.0,5.48,0.0,46.666666666666664,6.666666666666667,46.666666666666664
1673,0.574,1,0,14,13,10.0,5.74,21.428571428571427,14.285714285714285,14.285714285714285,50.0
1674,0.377,1,0,11,10,10.0,3.77,0.0,54.54545454545454,18.181818181818183,27.27272727272727
1675,0.549,1,0,12,11,10.0,5.49,0.0,0.0,100.0,0.0
1676,0.536,1,0,12,11,10.0,5.36,16.666666666666664,33.33333333333333,8.333333333333332,41.66666666666667
1677,0.711,1,0,18,17,10.0,7.11,5.555555555555555,27.77777777777778,11.11111111111111,55.55555555555556
1678,0.643,1,0,15,14,10.0,6.43,0.0,26.666666666666668,13.333333333333334,60.0
1679,0.708,1,0,16,15,10.0,7.08,25.0,18.75,6.25,50.0
1680,0.6,1,0,17,16,10.0,6.0,0.0,29.411764705882355,17.647058823529413,52.94117647058824
1681,0.649,1,0,17,16,10.0,6.49,29.411764705882355,41.17647058823529,17.647058823529413,11.76470588235294
1682,0.668,1,0,18,17,10.0,6.68,44.44444444444444,27.77777777777778,27.77777777777778,0.0
1683,0.611,1,0,16,15,10.0,6.11,43.75,12.5,43.75,0.0
1684,0.499,1,0,11,10,10.0,4.99,36.36363636363637,36.36363636363637,18.181818181818183,9.090909090909092
1685,0.458,1,0,12,11,10.0,4.58,0.0,33.33333333333333,16.666666666666664,50.0
1686,0.684,1,0,16,15,10.0,6.84,12.5,43.75,6.25,37.5
1687,0.61,1,0,16,15,10.0,6.1,12.5,0.0,75.0,12.5
1688,0.623,1,0,15,14,10.0,6.23,0.0,46.666666666666664,20.0,33.33333333333333
1689,0.41,1,0,13,12,10.0,4.1,7.6923076923076925,46.15384615384615,15.384615384615385,30.76923076923077
1690,0.533,1,0,17,16,10.0,5.33,0.0,23.52941176470588,17.647058823529413,58.82352941176471
1691,0.484,1,0,13,12,10.0,4.84,0.0,69.23076923076923,7.6923076923076925,23.076923076923077
1692,0.39,1,0,12,11,10.0,3.9,16.666666666666664,0.0,33.33333333333333,50.0
1693,0.552,1,0,16,15,10.0,5.52,12.5,37.5,6.25,43.75
1694,0.46,1,0,15,14,10.0,4.6,26.666666666666668,40.0,20.0,13.333333333333334
1695,0.76,1,0,15,14,10.0,7.6,6.666666666666667,33.33333333333333,13.333333333333334,46.666666666666664
1696,0.641,1,0,16,15,10.0,6.41,18.75,25.0,6.25,50.0
1697,0.789,1,0,22,21,10.0,7.89,9.090909090909092,18.181818181818183,13.636363636363635,59.09090909090909
1698,0.644,1,0,19,18,10.0,6.44,5.263157894736842,42.10526315789473,10.526315789473683,42.10526315789473
1699,0.669,1,0,14,13,10.0,6.69,14.285714285714285,7.142857142857142,14.285714285714285,64.28571428571429
1700,0.615,1,0,17,16,10.0,6.15,5.88235294117647,41.17647058823529,17.647058823529413,35.294117647058826
1701,0.708,1,0,16,15,10.0,7.08,12.5,31.25,6.25,50.0
1702,0.624,1,0,13,12,10.0,6.24,30.76923076923077,0.0,23.076923076923077,46.15384615384615
1703,0.604,1,0,15,14,10.0,6.04,0.0,46.666666666666664,6.666666666666667,46.666666666666664
1704,0.768,1,0,21,20,10.0,7.68,28.57142857142857,9.523809523809524,52.38095238095239,9.523809523809524
1705,0.635,1,0,19,18,10.0,6.35,0.0,52.63157894736842,15.789473684210526,31.57894736842105
1706,0.672,1,0,18,17,10.0,6.72,0.0,22.22222222222222,27.77777777777778,50.0
1707,0.517,1,0,13,12,10.0,5.17,15.384615384615385,15.384615384615385,30.76923076923077,38.46153846153847
1708,0.661,1,0,23,22,10.0,6.61,8.695652173913043,34.78260869565217,17.391304347826086,39.130434782608695
1709,0.53,1,0,10,9,10.0,5.3,0.0,0.0,50.0,50.0
1710,0.668,1,0,14,13,10.0,6.68,21.428571428571427,21.428571428571427,21.428571428571427,35.714285714285715
1711,0.526,1,0,12,11,10.0,5.26,0.0,33.33333333333333,33.33333333333333,33.33333333333333
1712,0.597,1,0,14,13,10.0,5.97,14.285714285714285,35.714285714285715,21.428571428571427,28.57142857142857
1713,0.422,1,0,17,16,10.0,4.22,0.0,52.94117647058824,17.647058823529413,29.411764705882355
1714,0.6,1,0,18,17,10.0,6.0,0.0,38.88888888888889,16.666666666666664,44.44444444444444
1715,0.426,1,0,8,7,10.0,4.26,0.0,37.5,25.0,37.5
1716,0.633,1,0,17,16,10.0,6.33,11.76470588235294,29.411764705882355,23.52941176470588,35.294117647058826
1717,0.664,1,0,18,17,10.0,6.64,0.0,27.77777777777778,11.11111111111111,61.111111111111114
1718,0.617,1,0,19,18,10.0,6.17,5.263157894736842,31.57894736842105,42.10526315789473,21.052631578947366
1719,0.59,1,0,20,19,10.0,5.9,25.0,50.0,10.0,15.0
1720,0.605,1,0,14,13,10.0,6.05,7.142857142857142,0.0,57.14285714285714,35.714285714285715
1721,0.726,1,0,24,23,10.0,7.26,41.66666666666667,0.0,12.5,45.83333333333333
1722,0.61,1,0,20,19,10.0,6.1,20.0,20.0,15.0,45.0
1723,0.711,1,0,18,17,10.0,7.11,0.0,50.0,16.666666666666664,33.33333333333333
1724,0.575,1,0,18,17,10.0,5.75,0.0,11.11111111111111,27.77777777777778,61.111111111111114
1725,0.556,1,0,16,15,10.0,5.56,0.0,50.0,12.5,37.5
1726,0.715,1,0,23,22,10.0,7.15,0.0,47.82608695652174,4.3478260869565215,47.82608695652174
1727,0.556,1,0,16,15,10.0,5.56,6.25,50.0,12.5,31.25
1728,0.73,1,0,15,14,10.0,7.3,6.666666666666667,60.0,6.666666666666667,26.666666666666668
1729,0.643,1,0,20,19,10.0,6.43,0.0,35.0,30.0,35.0
1730,0.412,1,0,13,12,10.0,4.12,0.0,53.84615384615385,15.384615384615385,30.76923076923077
1731,0.542,1,0,17,16,10.0,5.42,5.88235294117647,35.294117647058826,17.647058823529413,41.17647058823529
1732,0.693,1,0,17,16,10.0,6.93,17.647058823529413,52.94117647058824,29.411764705882355,0.0
1733,0.586,1,0,15,14,10.0,5.86,33.33333333333333,46.666666666666664,20.0,0.0
1734,0.7,1,0,22,21,10.0,7.0,0.0,45.45454545454545,18.181818181818183,36.36363636363637
1735,0.475,1,0,14,13,10.0,4.75,14.285714285714285,64.28571428571429,21.428571428571427,0.0
1736,0.419,1,0,13,12,10.0,4.19,15.384615384615385,38.46153846153847,15.384615384615385,30.76923076923077
1737,0.763,1,0,19,18,10.0,7.63,0.0,26.31578947368421,26.31578947368421,47.368421052631575
1738,0.509,1,0,15,14,10.0,5.09,6.666666666666667,33.33333333333333,20.0,40.0
1739,0.771,1,0,21,20,10.0,7.71,28.57142857142857,9.523809523809524,57.14285714285714,4.761904761904762
1740,0.669,1,0,22,21,10.0,6.69,0.0,45.45454545454545,9.090909090909092,45.45454545454545
1741,0.67,1,0,17,16,10.0,6.7,58.82352941176471,5.88235294117647,17.647058823529413,17.647058823529413
1742,0.706,1,0,20,19,10.0,7.06,0.0,25.0,15.0,60.0
1743,0.364,1,0,7,6,10.0,3.64,28.57142857142857,0.0,42.857142857142854,28.57142857142857
1744,0.512,1,0,17,16,10.0,5.12,0.0,58.82352941176471,11.76470588235294,29.411764705882355
1745,0.605,1,0,18,17,10.0,6.05,5.555555555555555,27.77777777777778,11.11111111111111,55.55555555555556
1746,0.492,1,0,12,11,10.0,4.92,16.666666666666664,50.0,8.333333333333332,25.0
1747,0.479,1,0,17,16,10.0,4.79,0.0,47.05882352941176,17.647058823529413,35.294117647058826
1748,0.544,1,0,18,17,10.0,5.44,0.0,16.666666666666664,38.88888888888889,44.44444444444444
1749,0.528,1,0,13,12,10.0,5.28,15.384615384615385,46.15384615384615,23.076923076923077,15.384615384615385
1750,0.619,1,0,14,13,10.0,6.19,21.428571428571427,21.428571428571427,57.14285714285714,0.0
1751,0.7,1,0,15,14,10.0,7.0,13.333333333333334,33.33333333333333,53.333333333333336,0.0
1752,0.505,1,0,16,15,10.0,5.05,0.0,25.0,18.75,56.25
1753,0.589,1,0,15,14,9.0,5.89,26.666666666666668,46.666666666666664,20.0,6.666666666666667
1754,0.449,1,0,15,14,10.0,4.49,33.33333333333333,46.666666666666664,6.666666666666667,13.333333333333334
1755,0.664,1,0,19,18,10.0,6.64,5.263157894736842,31.57894736842105,10.526315789473683,52.63157894736842
1756,0.606,1,0,14,13,10.0,6.06,0.0,35.714285714285715,7.142857142857142,57.14285714285714
1757,0.66,1,0,19,18,10.0,6.6,0.0,36.84210526315789,10.526315789473683,52.63157894736842
1758,0.478,1,0,14,13,10.0,4.78,21.428571428571427,35.714285714285715,21.428571428571427,21.428571428571427
1759,0.532,1,0,13,12,10.0,5.32,0.0,15.384615384615385,23.076923076923077,61.53846153846154
1760,0.656,1,0,18,17,10.0,6.56,0.0,50.0,16.666666666666664,33.33333333333333
1761,0.654,1,0,20,19,10.0,6.54,0.0,10.0,80.0,10.0
1762,0.679,1,0,16,15,10.0,6.79,0.0,56.25,18.75,25.0
1763,0.658,1,0,18,17,10.0,6.58,0.0,44.44444444444444,5.555555555555555,50.0
1764,0.454,1,0,14,13,10.0,4.54,14.285714285714285,50.0,14.285714285714285,21.428571428571427
1765,0.714,1,0,20,19,10.0,7.14,0.0,35.0,55.00000000000001,10.0
1766,0.638,1,0,16,15,10.0,6.38,0.0,0.0,68.75,31.25
1767,0.548,1,0,19,18,10.0,5.48,0.0,42.10526315789473,10.526315789473683,47.368421052631575
1768,0.563,1,0,13,12,10.0,5.63,0.0,38.46153846153847,15.384615384615385,46.15384615384615
1769,0.462,1,0,12,11,10.0,4.62,0.0,66.66666666666666,8.333333333333332,25.0
1770,0.508,1,0,15,14,10.0,5.08,13.333333333333334,0.0,46.666666666666664,40.0
1771,0.67,1,0,16,15,10.0,6.7,12.5,25.0,31.25,31.25
1772,0.406,1,0,11,10,10.0,4.06,18.181818181818183,27.27272727272727,27.27272727272727,27.27272727272727
1773,0.642,1,0,19,18,10.0,6.42,5.263157894736842,42.10526315789473,15.789473684210526,36.84210526315789
1774,0.756,1,0,18,17,10.0,7.56,0.0,66.66666666666666,5.555555555555555,27.77777777777778
1775,0.715,1,0,22,21,10.0,7.15,40.909090909090914,4.545454545454546,4.545454545454546,50.0
1776,0.678,1,0,19,18,10.0,6.78,0.0,42.10526315789473,5.263157894736842,52.63157894736842
1777,0.634,1,0,17,16,10.0,6.34,23.52941176470588,23.52941176470588,11.76470588235294,41.17647058823529
1778,0.544,1,0,20,19,10.0,5.44,15.0,55.00000000000001,15.0,15.0
1779,0.78,1,0,22,21,10.0,7.8,4.545454545454546,68.18181818181817,4.545454545454546,22.727272727272727
1780,0.656,1,0,17,16,10.0,6.56,23.52941176470588,0.0,17.647058823529413,58.82352941176471
1781,0.543,1,0,15,14,10.0,5.43,46.666666666666664,40.0,13.333333333333334,0.0
1782,0.703,1,0,18,17,10.0,7.03,0.0,33.33333333333333,50.0,16.666666666666664
1783,0.532,1,0,16,15,10.0,5.32,6.25,25.0,12.5,56.25
1784,0.61,1,0,13,12,10.0,6.1,7.6923076923076925,7.6923076923076925,30.76923076923077,53.84615384615385
1785,0.61,1,0,13,12,10.0,6.1,23.076923076923077,0.0,30.76923076923077,46.15384615384615
1786,0.694,1,0,17,16,10.0,6.94,17.647058823529413,23.52941176470588,5.88235294117647,52.94117647058824
1787,0.566,1,0,14,13,10.0,5.66,21.428571428571427,50.0,28.57142857142857,0.0
1788,0.643,1,0,18,17,10.0,6.43,33.33333333333333,22.22222222222222,16.666666666666664,27.77777777777778
1789,0.656,1,0,17,16,10.0,6.56,0.0,35.294117647058826,11.76470588235294,52.94117647058824
1790,0.604,1,0,12,11,10.0,6.04,0.0,16.666666666666664,33.33333333333333,50.0
1791,0.508,1,0,13,12,10.0,5.08,30.76923076923077,15.384615384615385,23.076923076923077,30.76923076923077
1792,0.783,1,0,19,18,10.0,7.83,0.0,21.052631578947366,31.57894736842105,47.368421052631575
1793,0.598,1,0,14,13,10.0,5.98,14.285714285714285,7.142857142857142,7.142857142857142,71.42857142857143
1794,0.722,1,0,12,11,10.0,7.22,25.0,8.333333333333332,16.666666666666664,50.0
1795,0.705,1,0,21,20,10.0,7.05,23.809523809523807,47.61904761904761,14.285714285714285,14.285714285714285
1796,0.602,1,0,15,14,10.0,6.02,33.33333333333333,6.666666666666667,20.0,40.0
1797,0.654,1,0,16,15,10.0,6.54,0.0,31.25,12.5,56.25
1798,0.65,1,0,20,19,10.0,6.5,20.0,50.0,5.0,25.0
1799,0.644,1,0,16,15,10.0,6.44,6.25,0.0,43.75,50.0
1800,0.639,1,0,18,17,10.0,6.39,16.666666666666664,5.555555555555555,77.77777777777779,0.0
1801,0.728,1,0,24,23,10.0,7.28,0.0,50.0,8.333333333333332,41.66666666666667
1802,0.5,1,0,14,13,10.0,5.0,78.57142857142857,7.142857142857142,7.142857142857142,7.142857142857142
1803,0.522,1,0,12,11,10.0,5.22,8.333333333333332,41.66666666666667,41.66666666666667,8.333333333333332
1804,0.681,1,0,21,20,10.0,6.81,0.0,0.0,71.42857142857143,28.57142857142857
1805,0.616,1,0,15,14,10.0,6.16,6.666666666666667,40.0,6.666666666666667,46.666666666666664
1806,0.649,1,0,19,18,10.0,6.49,42.10526315789473,15.789473684210526,15.789473684210526,26.31578947368421
1807,0.654,1,0,18,17,10.0,6.54,0.0,38.88888888888889,11.11111111111111,50.0
1808,0.56,1,0,16,15,10.0,5.6,25.0,18.75,12.5,43.75
1809,0.442,1,0,14,13,10.0,4.42,28.57142857142857,7.142857142857142,42.857142857142854,21.428571428571427
1810,0.533,1,0,13,12,10.0,5.33,7.6923076923076925,61.53846153846154,15.384615384615385,15.384615384615385
1811,0.579,1,0,12,11,10.0,5.79,33.33333333333333,25.0,8.333333333333332,33.33333333333333
1812,0.581,1,0,14,13,10.0,5.81,7.142857142857142,35.714285714285715,14.285714285714285,42.857142857142854
1813,0.745,1,0,18,17,10.0,7.45,16.666666666666664,33.33333333333333,33.33333333333333,16.666666666666664
1814,0.508,1,0,13,12,10.0,5.08,15.384615384615385,30.76923076923077,15.384615384615385,38.46153846153847
1815,0.702,1,0,17,16,10.0,7.02,0.0,52.94117647058824,23.52941176470588,23.52941176470588
1816,0.443,1,0,15,14,10.0,4.43,66.66666666666666,13.333333333333334,6.666666666666667,13.333333333333334
1817,0.492,1,0,13,12,10.0,4.92,23.076923076923077,7.6923076923076925,46.15384615384615,23.076923076923077
1818,0.668,1,0,23,22,10.0,6.68,0.0,65.21739130434783,8.695652173913043,26.08695652173913
1819,0.43,1,0,10,9,10.0,4.3,0.0,20.0,40.0,40.0
1820,0.537,1,0,15,14,10.0,5.37,0.0,46.666666666666664,13.333333333333334,40.0
1821,0.696,1,0,19,18,10.0,6.96,15.789473684210526,26.31578947368421,47.368421052631575,10.526315789473683
1822,0.599,1,0,14,13,10.0,5.99,35.714285714285715,0.0,64.28571428571429,0.0
1823,0.561,1,0,16,15,10.0,5.61,0.0,43.75,12.5,43.75
1824,0.448,1,0,11,10,10.0,4.48,54.54545454545454,9.090909090909092,9.090909090909092,27.27272727272727
1825,0.672,1,0,18,17,10.0,6.72,0.0,27.77777777777778,11.11111111111111,61.111111111111114
1826,0.762,1,0,19,18,10.0,7.62,10.526315789473683,21.052631578947366,52.63157894736842,15.789473684210526
1827,0.384,1,0,9,8,10.0,3.84,22.22222222222222,55.55555555555556,11.11111111111111,11.11111111111111
1828,0.548,1,0,13,12,10.0,5.48,23.076923076923077,38.46153846153847,38.46153846153847,0.0
1829,0.53,1,0,15,14,10.0,5.3,6.666666666666667,20.0,20.0,53.333333333333336
1830,0.696,1,0,18,17,10.0,6.96,0.0,33.33333333333333,16.666666666666664,50.0
1831,0.54,1,0,11,10,10.0,5.4,9.090909090909092,9.090909090909092,45.45454545454545,36.36363636363637
1832,0.641,1,0,14,13,10.0,6.41,14.285714285714285,7.142857142857142,57.14285714285714,21.428571428571427
1833,0.785,1,0,20,19,10.0,7.85,0.0,5.0,80.0,15.0
1834,0.657,1,0,17,16,10.0,6.57,0.0,47.05882352941176,5.88235294117647,47.05882352941176
1835,0.594,1,0,18,17,10.0,5.94,5.555555555555555,33.33333333333333,11.11111111111111,50.0
1836,0.348,1,0,10,9,10.0,3.48,0.0,60.0,10.0,30.0
1837,0.589,1,0,17,16,10.0,5.89,23.52941176470588,41.17647058823529,23.52941176470588,11.76470588235294
1838,0.555,1,0,14,13,10.0,5.55,0.0,14.285714285714285,64.28571428571429,21.428571428571427
1839,0.651,1,0,16,15,10.0,6.51,6.25,18.75,31.25,43.75
1840,0.399,1,0,13,12,10.0,3.99,0.0,30.76923076923077,7.6923076923076925,61.53846153846154
1841,0.76,1,0,20,19,10.0,7.6,10.0,10.0,45.0,35.0
1842,0.558,1,0,12,11,10.0,5.58,0.0,50.0,16.666666666666664,33.33333333333333
1843,0.508,1,0,10,9,10.0,5.08,40.0,0.0,20.0,40.0
1844,0.503,1,0,13,12,10.0,5.03,46.15384615384615,0.0,23.076923076923077,30.76923076923077
1845,0.689,1,0,16,15,10.0,6.89,12.5,12.5,6.25,68.75
1846,0.622,1,0,14,13,10.0,6.22,14.285714285714285,28.57142857142857,7.142857142857142,50.0
1847,0.56,1,0,15,14,10.0,5.6,0.0,46.666666666666664,6.666666666666667,46.666666666666664
1848,0.634,1,0,18,17,10.0,6.34,0.0,44.44444444444444,5.555555555555555,50.0
1849,0.468,1,0,15,14,10.0,4.68,13.333333333333334,53.333333333333336,13.333333333333334,20.0
1850,0.649,1,0,12,11,10.0,6.49,33.33333333333333,41.66666666666667,8.333333333333332,16.666666666666664
1851,0.606,1,0,14,13,10.0,6.06,7.142857142857142,42.857142857142854,21.428571428571427,28.57142857142857
1852,0.649,1,0,16,15,10.0,6.49,6.25,25.0,18.75,50.0
1853,0.573,1,0,13,12,10.0,5.73,15.384615384615385,30.76923076923077,7.6923076923076925,46.15384615384615
1854,0.595,1,0,20,19,10.0,5.95,15.0,15.0,45.0,25.0
1855,0.63,1,0,17,16,10.0,6.3,11.76470588235294,41.17647058823529,5.88235294117647,41.17647058823529
1856,0.741,1,0,15,14,10.0,7.41,20.0,40.0,6.666666666666667,33.33333333333333
1857,0.607,1,0,15,14,10.0,6.07,0.0,46.666666666666664,6.666666666666667,46.666666666666664
1858,0.722,1,0,18,17,10.0,7.22,0.0,61.111111111111114,11.11111111111111,27.77777777777778
1859,0.677,1,0,12,11,10.0,6.77,8.333333333333332,50.0,8.333333333333332,33.33333333333333
1860,0.658,1,0,21,20,10.0,6.58,0.0,0.0,80.95238095238095,19.047619047619047
1861,0.604,1,0,19,18,10.0,6.04,0.0,42.10526315789473,15.789473684210526,42.10526315789473
1862,0.741,1,0,21,20,10.0,7.41,4.761904761904762,33.33333333333333,57.14285714285714,4.761904761904762
1863,0.682,1,0,14,13,10.0,6.82,21.428571428571427,14.285714285714285,57.14285714285714,7.142857142857142
1864,0.616,1,0,17,16,10.0,6.16,5.88235294117647,47.05882352941176,5.88235294117647,41.17647058823529
1865,0.632,1,0,18,17,10.0,6.32,11.11111111111111,33.33333333333333,11.11111111111111,44.44444444444444
1866,0.495,1,0,16,15,10.0,4.95,37.5,12.5,25.0,25.0
1867,0.65,1,0,15,14,10.0,6.5,0.0,33.33333333333333,20.0,46.666666666666664
1868,0.508,1,0,12,11,10.0,5.08,0.0,25.0,33.33333333333333,41.66666666666667
1869,0.656,1,0,19,18,10.0,6.56,26.31578947368421,31.57894736842105,15.789473684210526,26.31578947368421
1870,0.691,1,0,18,17,10.0,6.91,0.0,61.111111111111114,11.11111111111111,27.77777777777778
1871,0.649,1,0,14,13,10.0,6.49,35.714285714285715,21.428571428571427,7.142857142857142,35.714285714285715
1872,0.492,1,0,14,13,10.0,4.92,0.0,50.0,14.285714285714285,35.714285714285715
1873,0.563,1,0,15,14,10.0,5.63,0.0,66.66666666666666,13.333333333333334,20.0
1874,0.581,1,0,17,16,10.0,5.81,23.52941176470588,0.0,29.411764705882355,47.05882352941176
1875,0.443,1,0,16,15,10.0,4.43,6.25,31.25,12.5,50.0
1876,0.732,1,0,19,18,10.0,7.32,0.0,15.789473684210526,10.526315789473683,73.68421052631578
1877,0.539,1,0,18,17,10.0,5.39,27.77777777777778,38.88888888888889,16.666666666666664,16.666666666666664
1878,0.316,1,0,8,7,9.0,3.16,75.0,12.5,12.5,0.0
1879,0.586,1,0,18,17,10.0,5.86,16.666666666666664,33.33333333333333,16.666666666666664,33.33333333333333
1880,0.605,1,0,15,14,10.0,6.05,13.333333333333334,40.0,40.0,6.666666666666667
1881,0.683,1,0,14,13,10.0,6.83,0.0,35.714285714285715,21.428571428571427,42.857142857142854
1882,0.559,1,0,11,10,10.0,5.59,18.181818181818183,18.181818181818183,18.181818181818183,45.45454545454545
1883,0.572,1,0,14,13,10.0,5.72,42.857142857142854,14.285714285714285,14.285714285714285,28.57142857142857
1884,0.729,1,0,21,20,10.0,7.29,4.761904761904762,52.38095238095239,9.523809523809524,33.33333333333333
1885,0.407,1,0,12,11,10.0,4.07,8.333333333333332,33.33333333333333,25.0,33.33333333333333
1886,0.46,1,0,16,15,10.0,4.6,6.25,31.25,12.5,50.0
1887,0.687,1,0,14,13,10.0,6.87,28.57142857142857,0.0,64.28571428571429,7.142857142857142
1888,0.822,1,0,23,22,10.0,8.22,0.0,47.82608695652174,30.434782608695656,21.73913043478261
1889,0.665,1,0,12,11,10.0,6.65,33.33333333333333,25.0,25.0,16.666666666666664
1890,0.535,1,0,12,11,10.0,5.35,8.333333333333332,41.66666666666667,25.0,25.0
1891,0.605,1,0,16,15,10.0,6.05,25.0,50.0,6.25,18.75
1892,0.676,1,0,19,18,10.0,6.76,10.526315789473683,36.84210526315789,10.526315789473683,42.10526315789473
1893,0.761,1,0,25,24,10.0,7.61,8.0,16.0,28.000000000000004,48.0
1894,0.529,1,0,12,11,10.0,5.29,0.0,50.0,16.666666666666664,33.33333333333333
1895,0.558,1,0,15,14,10.0,5.58,26.666666666666668,33.33333333333333,33.33333333333333,6.666666666666667
1896,0.683,1,0,16,15,10.0,6.83,25.0,0.0,18.75,56.25
1897,0.593,1,0,16,15,10.0,5.93,6.25,37.5,37.5,18.75
1898,0.546,1,0,17,16,10.0,5.46,29.411764705882355,0.0,35.294117647058826,35.294117647058826
1899,0.404,1,0,12,11,10.0,4.04,8.333333333333332,33.33333333333333,16.666666666666664,41.66666666666667
1900,0.526,1,0,15,14,10.0,5.26,26.666666666666668,20.0,20.0,33.33333333333333
1901,0.619,1,0,16,15,10.0,6.19,0.0,25.0,37.5,37.5
1902,0.585,1,0,17,16,10.0,5.85,23.52941176470588,58.82352941176471,17.647058823529413,0.0
1903,0.597,1,0,14,13,10.0,5.97,7.142857142857142,28.57142857142857,0.0,64.28571428571429
1904,0.553,1,0,15,14,10.0,5.53,0.0,33.33333333333333,20.0,46.666666666666664
1905,0.401,1,0,11,10,9.0,4.01,9.090909090909092,27.27272727272727,9.090909090909092,54.54545454545454
1906,0.558,1,0,17,16,10.0,5.58,0.0,52.94117647058824,5.88235294117647,41.17647058823529
1907,0.589,1,0,15,14,10.0,5.89,0.0,33.33333333333333,13.333333333333334,53.333333333333336
1908,0.753,1,0,17,16,10.0,7.53,5.88235294117647,29.411764705882355,29.411764705882355,35.294117647058826
1909,0.637,1,0,19,18,10.0,6.37,0.0,63.1578947368421,5.263157894736842,31.57894736842105
1910,0.36,1,0,8,7,10.0,3.6,0.0,50.0,12.5,37.5
1911,0.6,1,0,15,14,10.0,6.0,0.0,33.33333333333333,13.333333333333334,53.333333333333336
1912,0.403,1,0,7,6,10.0,4.03,14.285714285714285,14.285714285714285,42.857142857142854,28.57142857142857
1913,0.556,1,0,18,17,10.0,5.56,0.0,44.44444444444444,11.11111111111111,44.44444444444444
1914,0.635,1,0,17,16,10.0,6.35,5.88235294117647,29.411764705882355,11.76470588235294,52.94117647058824
1915,0.474,1,0,11,10,10.0,4.74,0.0,36.36363636363637,27.27272727272727,36.36363636363637
1916,0.622,1,0,13,12,10.0,6.22,15.384615384615385,15.384615384615385,46.15384615384615,23.076923076923077
1917,0.676,1,0,18,17,10.0,6.76,11.11111111111111,38.88888888888889,22.22222222222222,27.77777777777778
1918,0.382,1,0,12,11,9.0,3.82,25.0,41.66666666666667,25.0,8.333333333333332
1919,0.672,1,0,15,14,10.0,6.72,0.0,20.0,26.666666666666668,53.333333333333336
1920,0.688,1,0,19,18,10.0,6.88,15.789473684210526,15.789473684210526,26.31578947368421,42.10526315789473
1921,0.672,1,0,17,16,10.0,6.72,23.52941176470588,17.647058823529413,47.05882352941176,11.76470588235294
1922,0.583,1,0,13,12,10.0,5.83,30.76923076923077,38.46153846153847,23.076923076923077,7.6923076923076925
1923,0.498,1,0,10,9,10.0,4.98,10.0,40.0,20.0,30.0
1924,0.458,1,0,12,11,10.0,4.58,16.666666666666664,33.33333333333333,16.666666666666664,33.33333333333333
1925,0.618,1,0,18,17,10.0,6.18,5.555555555555555,33.33333333333333,16.666666666666664,44.44444444444444
1926,0.569,1,0,14,13,10.0,5.69,0.0,42.857142857142854,28.57142857142857,28.57142857142857
1927,0.706,1,0,19,18,10.0,7.06,0.0,42.10526315789473,5.263157894736842,52.63157894736842
1928,0.688,1,0,15,14,10.0,6.88,13.333333333333334,40.0,26.666666666666668,20.0
1929,0.501,1,0,15,14,10.0,5.01,20.0,20.0,20.0,40.0
1930,0.566,1,0,14,13,10.0,5.66,0.0,28.57142857142857,21.428571428571427,50.0
1931,0.571,1,0,10,9,10.0,5.71,20.0,10.0,40.0,30.0
1932,0.559,1,0,15,14,10.0,5.59,0.0,40.0,13.333333333333334,46.666666666666664
1933,0.69,1,0,16,15,10.0,6.9,37.5,12.5,37.5,12.5
1934,0.688,1,0,15,14,10.0,6.88,40.0,13.333333333333334,46.666666666666664,0.0
1935,0.633,1,0,17,16,10.0,6.33,5.88235294117647,23.52941176470588,35.294117647058826,35.294117647058826
1936,0.663,1,0,19,18,10.0,6.63,26.31578947368421,26.31578947368421,42.10526315789473,5.263157894736842
1937,0.519,1,0,16,15,10.0,5.19,18.75,37.5,12.5,31.25
1938,0.767,1,0,17,16,10.0,7.67,5.88235294117647,52.94117647058824,23.52941176470588,17.647058823529413
1939,0.749,1,0,17,16,10.0,7.49,0.0,58.82352941176471,5.88235294117647,35.294117647058826
1940,0.674,1,0,16,15,10.0,6.74,0.0,43.75,18.75,37.5
1941,0.454,1,0,14,13,10.0,4.54,14.285714285714285,42.857142857142854,14.285714285714285,28.57142857142857
1942,0.397,1,0,12,11,10.0,3.97,0.0,66.66666666666666,8.333333333333332,25.0
1943,0.613,1,0,18,17,10.0,6.13,22.22222222222222,27.77777777777778,22.22222222222222,27.77777777777778
1944,0.341,1,0,10,9,10.0,3.41,50.0,0.0,50.0,0.0
1945,0.747,1,0,25,24,10.0,7.47,0.0,28.000000000000004,16.0,56.00000000000001
1946,0.655,1,0,15,14,10.0,6.55,0.0,26.666666666666668,26.666666666666668,46.666666666666664
1947,0.625,1,0,14,13,10.0,6.25,14.285714285714285,7.142857142857142,50.0,28.57142857142857
1948,0.685,1,0,18,17,10.0,6.85,5.555555555555555,55.55555555555556,16.666666666666664,22.22222222222222
1949,0.616,1,0,15,14,10.0,6.16,0.0,20.0,33.33333333333333,46.666666666666664
1950,0.647,1,0,19,18,10.0,6.47,15.789473684210526,31.57894736842105,21.052631578947366,31.57894736842105
1951,0.576,1,0,17,16,10.0,5.76,11.76470588235294,11.76470588235294,52.94117647058824,23.52941176470588
1952,0.603,1,0,16,15,10.0,6.03,18.75,18.75,18.75,43.75
1953,0.668,1,0,15,14,10.0,6.68,26.666666666666668,6.666666666666667,13.333333333333334,53.333333333333336
1954,0.648,1,0,14,13,10.0,6.48,28.57142857142857,21.428571428571427,42.857142857142854,7.142857142857142
1955,0.719,1,0,18,17,10.0,7.19,0.0,33.33333333333333,38.88888888888889,27.77777777777778
1956,0.333,1,0,9,8,10.0,3.33,0.0,66.66666666666666,11.11111111111111,22.22222222222222
1957,0.668,1,0,17,16,10.0,6.68,0.0,17.647058823529413,35.294117647058826,47.05882352941176
1958,0.473,1,0,15,14,10.0,4.73,0.0,33.33333333333333,13.333333333333334,53.333333333333336
1959,0.777,1,0,22,21,10.0,7.77,0.0,36.36363636363637,22.727272727272727,40.909090909090914
1960,0.615,1,0,17,16,10.0,6.15,0.0,29.411764705882355,11.76470588235294,58.82352941176471
1961,0.3,1,0,6,5,10.0,3.0,16.666666666666664,16.666666666666664,33.33333333333333,33.33333333333333
1962,0.494,1,0,12,11,10.0,4.94,0.0,33.33333333333333,25.0,41.66666666666667
1963,0.371,1,0,11,10,10.0,3.71,18.181818181818183,45.45454545454545,9.090909090909092,27.27272727272727
1964,0.511,1,0,14,13,10.0,5.11,0.0,35.714285714285715,42.857142857142854,21.428571428571427
1965,0.689,1,0,20,19,10.0,6.89,20.0,25.0,15.0,40.0
1966,0.433,1,0,10,9,10.0,4.33,0.0,60.0,20.0,20.0
1967,0.793,1,0,21,20,10.0,7.93,14.285714285714285,14.285714285714285,42.857142857142854,28.57142857142857
1968,0.726,1,0,19,18,10.0,7.26,10.526315789473683,26.31578947368421,26.31578947368421,36.84210526315789
1969,0.556,1,0,14,13,10.0,5.56,42.857142857142854,21.428571428571427,35.714285714285715,0.0
1970,0.638,1,0,17,16,10.0,6.38,0.0,17.647058823529413,11.76470588235294,70.58823529411765
1971,0.552,1,0,17,16,10.0,5.52,23.52941176470588,23.52941176470588,29.411764705882355,23.52941176470588
1972,0.549,1,0,11,10,10.0,5.49,0.0,45.45454545454545,9.090909090909092,45.45454545454545
1973,0.596,1,0,16,15,10.0,5.96,0.0,25.0,12.5,62.5
1974,0.613,1,0,23,22,10.0,6.13,4.3478260869565215,26.08695652173913,30.434782608695656,39.130434782608695
1975,0.594,1,0,14,13,10.0,5.94,14.285714285714285,21.428571428571427,14.285714285714285,50.0
1976,0.462,1,0,10,9,10.0,4.62,0.0,40.0,30.0,30.0
1977,0.6,1,0,16,15,10.0,6.0,12.5,12.5,6.25,68.75
1978,0.534,1,0,15,14,10.0,5.34,0.0,26.666666666666668,13.333333333333334,60.0
1979,0.61,1,0,18,17,10.0,6.1,0.0,0.0,50.0,50.0
1980,0.625,1,0,16,15,10.0,6.25,0.0,18.75,12.5,68.75
1981,0.683,1,0,17,16,10.0,6.83,23.52941176470588,29.411764705882355,5.88235294117647,41.17647058823529
1982,0.702,1,0,20,19,10.0,7.02,40.0,5.0,10.0,45.0
1983,0.735,1,0,17,16,10.0,7.35,5.88235294117647,41.17647058823529,5.88235294117647,47.05882352941176
1984,0.664,1,0,17,16,10.0,6.64,0.0,35.294117647058826,17.647058823529413,47.05882352941176
1985,0.557,1,0,15,14,10.0,5.57,0.0,33.33333333333333,13.333333333333334,53.333333333333336
1986,0.545,1,0,13,12,10.0,5.45,0.0,15.384615384615385,15.384615384615385,69.23076923076923
1987,0.543,1,0,13,12,10.0,5.43,15.384615384615385,53.84615384615385,7.6923076923076925,23.076923076923077
1988,0.511,1,0,11,10,10.0,5.11,9.090909090909092,0.0,45.45454545454545,45.45454545454545
1989,0.644,1,0,19,18,10.0,6.44,5.263157894736842,21.052631578947366,15.789473684210526,57.89473684210527
1990,0.639,1,0,16,15,10.0,6.39,0.0,6.25,6.25,87.5
1991,0.471,1,0,10,9,10.0,4.71,0.0,0.0,70.0,30.0
1992,0.718,1,0,15,14,10.0,7.18,26.666666666666668,40.0,26.666666666666668,6.666666666666667
1993,0.558,1,0,11,10,10.0,5.58,18.181818181818183,36.36363636363637,9.090909090909092,36.36363636363637
1994,0.481,1,0,11,10,10.0,4.81,36.36363636363637,27.27272727272727,27.27272727272727,9.090909090909092
1995,0.405,1,0,11,10,10.0,4.05,9.090909090909092,54.54545454545454,18.181818181818183,18.181818181818183
1996,0.633,1,0,20,19,10.0,6.33,30.0,25.0,10.0,35.0
1997,0.698,1,0,19,18,10.0,6.98,36.84210526315789,31.57894736842105,10.526315789473683,21.052631578947366
1998,0.566,1,0,17,16,10.0,5.66,11.76470588235294,23.52941176470588,23.52941176470588,41.17647058823529
1999,0.659,1,0,16,15,10.0,6.59,6.25,56.25,12.5,25.0
2000,0.551,1,0,13,12,10.0,5.51,30.76923076923077,30.76923076923077,7.6923076923076925,30.76923076923077
2001,0.555,1,0,13,12,10.0,5.55,0.0,30.76923076923077,38.46153846153847,30.76923076923077
2002,0.558,1,0,12,11,10.0,5.58,8.333333333333332,33.33333333333333,16.666666666666664,41.66666666666667
2003,0.52,1,0,14,13,10.0,5.2,0.0,14.285714285714285,28.57142857142857,57.14285714285714
2004,0.523,1,0,14,13,10.0,5.23,0.0,42.857142857142854,14.285714285714285,42.857142857142854
2005,0.783,1,0,19,18,10.0,7.83,0.0,31.57894736842105,63.1578947368421,5.263157894736842
2006,0.512,1,0,14,13,10.0,5.12,0.0,28.57142857142857,35.714285714285715,35.714285714285715
2007,0.719,1,0,21,20,10.0,7.19,0.0,33.33333333333333,42.857142857142854,23.809523809523807
2008,0.67,1,0,15,14,10.0,6.7,46.666666666666664,0.0,53.333333333333336,0.0
2009,0.636,1,0,19,18,10.0,6.36,0.0,31.57894736842105,15.789473684210526,52.63157894736842
2010,0.322,1,0,6,5,10.0,3.22,16.666666666666664,0.0,50.0,33.33333333333333
2011,0.63,1,0,18,17,10.0,6.3,16.666666666666664,44.44444444444444,22.22222222222222,16.666666666666664
2012,0.474,1,0,13,12,10.0,4.74,38.46153846153847,15.384615384615385,23.076923076923077,23.076923076923077
2013,0.384,1,0,11,10,10.0,3.84,0.0,63.63636363636363,9.090909090909092,27.27272727272727
2014,0.534,1,0,14,13,10.0,5.34,0.0,28.57142857142857,35.714285714285715,35.714285714285715
2015,0.496,1,0,13,12,10.0,4.96,30.76923076923077,0.0,38.46153846153847,30.76923076923077
2016,0.32,1,0,8,7,10.0,3.2,37.5,12.5,37.5,12.5
2017,0.608,1,0,17,16,10.0,6.08,0.0,23.52941176470588,5.88235294117647,70.58823529411765
2018,0.607,1,0,15,14,10.0,6.07,0.0,33.33333333333333,6.666666666666667,60.0
2019,0.565,1,0,17,16,10.0,5.65,0.0,29.411764705882355,5.88235294117647,64.70588235294117
2020,0.672,1,0,19,18,10.0,6.72,21.052631578947366,15.789473684210526,42.10526315789473,21.052631578947366
2021,0.656,1,0,17,16,10.0,6.56,0.0,29.411764705882355,5.88235294117647,64.70588235294117
2022,0.529,1,0,18,17,10.0,5.29,0.0,44.44444444444444,33.33333333333333,22.22222222222222
2023,0.54,1,0,16,15,10.0,5.4,6.25,18.75,31.25,43.75
2024,0.433,1,0,11,10,10.0,4.33,0.0,36.36363636363637,18.181818181818183,45.45454545454545
2025,0.548,1,0,15,14,10.0,5.48,0.0,33.33333333333333,20.0,46.666666666666664
2026,0.472,1,0,13,12,10.0,4.72,15.384615384615385,30.76923076923077,30.76923076923077,23.076923076923077
2027,0.499,1,0,10,9,10.0,4.99,0.0,50.0,10.0,40.0
2028,0.604,1,0,12,11,10.0,6.04,16.666666666666664,50.0,16.666666666666664,16.666666666666664
2029,0.467,1,0,14,13,10.0,4.67,7.142857142857142,28.57142857142857,14.285714285714285,50.0
2030,0.537,1,0,16,15,10.0,5.37,18.75,25.0,18.75,37.5
2031,0.647,1,0,17,16,10.0,6.47,35.294117647058826,0.0,23.52941176470588,41.17647058823529
2032,0.56,1,0,11,10,10.0,5.6,18.181818181818183,27.27272727272727,18.181818181818183,36.36363636363637
2033,0.638,1,0,19,18,10.0,6.38,0.0,15.789473684210526,10.526315789473683,73.68421052631578
2034,0.681,1,0,21,20,10.0,6.81,33.33333333333333,47.61904761904761,9.523809523809524,9.523809523809524
2035,0.716,1,0,19,18,10.0,7.16,0.0,52.63157894736842,21.052631578947366,26.31578947368421
2036,0.706,1,0,19,18,10.0,7.06,21.052631578947366,52.63157894736842,5.263157894736842,21.052631578947366
2037,0.537,1,0,16,15,10.0,5.37,0.0,12.5,18.75,68.75
2038,0.764,1,0,20,19,10.0,7.64,5.0,20.0,55.00000000000001,20.0
2039,0.691,1,0,22,21,10.0,6.91,13.636363636363635,27.27272727272727,13.636363636363635,45.45454545454545
2040,0.653,1,0,15,14,10.0,6.53,13.333333333333334,26.666666666666668,53.333333333333336,6.666666666666667
2041,0.673,1,0,18,17,10.0,6.73,38.88888888888889,11.11111111111111,44.44444444444444,5.555555555555555
2042,0.543,1,0,12,11,10.0,5.43,8.333333333333332,33.33333333333333,33.33333333333333,25.0
2043,0.508,1,0,13,12,10.0,5.08,7.6923076923076925,38.46153846153847,23.076923076923077,30.76923076923077
2044,0.518,1,0,12,11,10.0,5.18,8.333333333333332,25.0,25.0,41.66666666666667
2045,0.269,1,0,7,6,10.0,2.69,57.14285714285714,0.0,42.857142857142854,0.0
2046,0.645,1,0,15,14,10.0,6.45,80.0,0.0,13.333333333333334,6.666666666666667
2047,0.616,1,0,17,16,10.0,6.16,47.05882352941176,41.17647058823529,11.76470588235294,0.0
2048,0.645,1,0,16,15,10.0,6.45,31.25,18.75,18.75,31.25
2049,0.409,1,0,11,10,10.0,4.09,0.0,54.54545454545454,27.27272727272727,18.181818181818183
2050,0.472,1,0,12,11,10.0,4.72,0.0,33.33333333333333,33.33333333333333,33.33333333333333
2051,0.649,1,0,15,14,10.0,6.49,13.333333333333334,20.0,46.666666666666664,20.0
2052,0.627,1,0,17,16,10.0,6.27,5.88235294117647,29.411764705882355,23.52941176470588,41.17647058823529
2053,0.733,1,0,21,20,10.0,7.33,0.0,23.809523809523807,42.857142857142854,33.33333333333333
2054,0.453,1,0,12,11,10.0,4.53,58.333333333333336,8.333333333333332,25.0,8.333333333333332
2055,0.495,1,0,7,6,10.0,4.95,28.57142857142857,57.14285714285714,14.285714285714285,0.0
2056,0.405,1,0,12,11,10.0,4.05,8.333333333333332,0.0,66.66666666666666,25.0
2057,0.566,1,0,16,15,10.0,5.66,12.5,12.5,43.75,31.25
2058,0.424,1,0,14,13,10.0,4.24,21.428571428571427,35.714285714285715,7.142857142857142,35.714285714285715
2059,0.614,1,0,17,16,10.0,6.14,23.52941176470588,5.88235294117647,35.294117647058826,35.294117647058826
2060,0.534,1,0,15,14,10.0,5.34,6.666666666666667,20.0,26.666666666666668,46.666666666666664
2061,0.412,1,0,14,13,10.0,4.12,0.0,71.42857142857143,14.285714285714285,14.285714285714285
2062,0.632,1,0,18,17,10.0,6.32,5.555555555555555,33.33333333333333,16.666666666666664,44.44444444444444
2063,0.706,1,0,20,19,10.0,7.06,0.0,50.0,5.0,45.0
2064,0.586,1,0,13,12,10.0,5.86,0.0,30.76923076923077,15.384615384615385,53.84615384615385
2065,0.651,1,0,18,17,10.0,6.51,33.33333333333333,11.11111111111111,22.22222222222222,33.33333333333333
2066,0.498,1,0,16,15,10.0,4.98,0.0,25.0,12.5,62.5
2067,0.45,1,0,12,11,10.0,4.5,8.333333333333332,33.33333333333333,25.0,33.33333333333333
2068,0.729,1,0,21,20,10.0,7.29,19.047619047619047,19.047619047619047,9.523809523809524,52.38095238095239
2069,0.828,1,0,18,17,10.0,8.28,11.11111111111111,22.22222222222222,22.22222222222222,44.44444444444444
2070,0.767,1,0,20,19,10.0,7.67,5.0,75.0,5.0,15.0
2071,0.386,1,0,10,9,10.0,3.86,10.0,20.0,60.0,10.0
2072,0.561,1,0,14,13,10.0,5.61,14.285714285714285,64.28571428571429,7.142857142857142,14.285714285714285
2073,0.508,1,0,14,13,10.0,5.08,28.57142857142857,35.714285714285715,7.142857142857142,28.57142857142857
2074,0.435,1,0,12,11,10.0,4.35,8.333333333333332,16.666666666666664,25.0,50.0
2075,0.52,1,0,15,14,10.0,5.2,0.0,33.33333333333333,20.0,46.666666666666664
2076,0.639,1,0,18,17,10.0,6.39,38.88888888888889,5.555555555555555,22.22222222222222,33.33333333333333
2077,0.597,1,0,21,20,10.0,5.97,19.047619047619047,33.33333333333333,9.523809523809524,38.095238095238095
2078,0.472,1,0,11,10,10.0,4.72,0.0,27.27272727272727,36.36363636363637,36.36363636363637
2079,0.566,1,0,16,15,10.0,5.66,6.25,31.25,50.0,12.5
2080,0.673,1,0,15,14,10.0,6.73,0.0,26.666666666666668,20.0,53.333333333333336
2081,0.669,1,0,16,15,10.0,6.69,0.0,37.5,12.5,50.0
2082,0.639,1,0,17,16,10.0,6.39,41.17647058823529,0.0,29.411764705882355,29.411764705882355
2083,0.649,1,0,16,15,10.0,6.49,12.5,12.5,43.75,31.25
2084,0.682,1,0,17,16,10.0,6.82,0.0,47.05882352941176,23.52941176470588,29.411764705882355
2085,0.541,1,0,17,16,10.0,5.41,23.52941176470588,0.0,70.58823529411765,5.88235294117647
2086,0.523,1,0,16,15,10.0,5.23,0.0,25.0,12.5,62.5
2087,0.49,1,0,16,15,10.0,4.9,12.5,43.75,25.0,18.75
2088,0.457,1,0,12,11,10.0,4.57,8.333333333333332,33.33333333333333,25.0,33.33333333333333
2089,0.572,1,0,14,13,10.0,5.72,0.0,35.714285714285715,42.857142857142854,21.428571428571427
2090,0.279,1,0,5,4,9.0,2.79,0.0,20.0,60.0,20.0
2091,0.62,1,0,13,12,10.0,6.2,15.384615384615385,7.6923076923076925,30.76923076923077,46.15384615384615
2092,0.559,1,0,16,15,10.0,5.59,0.0,31.25,25.0,43.75
2093,0.618,1,0,17,16,10.0,6.18,5.88235294117647,23.52941176470588,11.76470588235294,58.82352941176471
2094,0.45,1,0,12,11,10.0,4.5,25.0,0.0,41.66666666666667,33.33333333333333
2095,0.522,1,0,12,11,10.0,5.22,50.0,0.0,33.33333333333333,16.666666666666664
2096,0.498,1,0,11,10,10.0,4.98,36.36363636363637,0.0,9.090909090909092,54.54545454545454
2097,0.519,1,0,15,14,10.0,5.19,0.0,26.666666666666668,13.333333333333334,60.0
2098,0.582,1,0,13,12,10.0,5.82,15.384615384615385,38.46153846153847,15.384615384615385,30.76923076923077
2099,0.709,1,0,22,21,10.0,7.09,13.636363636363635,45.45454545454545,4.545454545454546,36.36363636363637
2100,0.536,1,0,11,10,10.0,5.36,18.181818181818183,54.54545454545454,18.181818181818183,9.090909090909092
SUMMARY,0.5862333333333324,2100,0,,,,,14.374699674969369,27.929116135223136,23.872411421770543,33.823772768036946
