episode,utilization,invalid_learned,invalid_attempted,boxes_attempted,placed_boxes,max_height,avg_height,perc_stacking,perc_best_fit,perc_semi_perfect_fit,perc_random_fit
1,0.523,1,0,13,12,10.0,5.23,7.6923076923076925,30.76923076923077,46.15384615384615,15.384615384615385
2,0.66,1,0,12,11,10.0,6.6,25.0,25.0,33.33333333333333,16.666666666666664
3,0.718,1,0,16,15,10.0,7.18,18.75,18.75,37.5,25.0
4,0.494,1,0,16,15,10.0,4.94,25.0,12.5,12.5,50.0
5,0.522,1,0,11,10,10.0,5.22,45.45454545454545,45.45454545454545,0.0,9.090909090909092
6,0.413,1,0,11,10,9.0,4.13,27.27272727272727,36.36363636363637,18.181818181818183,18.181818181818183
7,0.747,1,0,25,24,10.0,7.47,36.0,24.0,20.0,20.0
8,0.436,1,0,10,9,8.0,4.36,10.0,50.0,10.0,30.0
9,0.474,1,0,12,11,10.0,4.74,33.33333333333333,16.666666666666664,33.33333333333333,16.666666666666664
10,0.69,1,0,12,11,10.0,6.9,8.333333333333332,33.33333333333333,25.0,33.33333333333333
11,0.66,1,0,21,20,10.0,6.6,38.095238095238095,28.57142857142857,19.047619047619047,14.285714285714285
12,0.67,1,0,13,12,10.0,6.7,30.76923076923077,15.384615384615385,53.84615384615385,0.0
13,0.575,1,0,10,9,10.0,5.75,10.0,50.0,20.0,20.0
14,0.544,1,0,14,13,10.0,5.44,14.285714285714285,21.428571428571427,14.285714285714285,50.0
15,0.577,1,0,21,20,10.0,5.77,28.57142857142857,28.57142857142857,9.523809523809524,33.33333333333333
16,0.58,1,0,16,15,10.0,5.8,18.75,37.5,18.75,25.0
17,0.7,1,0,14,13,10.0,7.0,14.285714285714285,14.285714285714285,35.714285714285715,35.714285714285715
18,0.6,1,0,8,7,10.0,6.0,25.0,37.5,12.5,25.0
19,0.486,1,0,15,14,10.0,4.86,26.666666666666668,26.666666666666668,26.666666666666668,20.0
20,0.444,1,0,13,12,9.0,4.44,7.6923076923076925,38.46153846153847,23.076923076923077,30.76923076923077
21,0.604,1,0,25,24,10.0,6.04,20.0,16.0,20.0,44.0
22,0.77,1,0,15,14,10.0,7.7,26.666666666666668,13.333333333333334,20.0,40.0
23,0.855,1,0,15,14,10.0,8.55,20.0,20.0,20.0,40.0
24,0.52,1,0,18,17,10.0,5.2,33.33333333333333,22.22222222222222,16.666666666666664,27.77777777777778
25,0.479,1,0,17,16,10.0,4.79,11.76470588235294,23.52941176470588,23.52941176470588,41.17647058823529
26,0.524,1,0,14,13,10.0,5.24,42.857142857142854,7.142857142857142,21.428571428571427,28.57142857142857
27,0.452,1,0,16,15,10.0,4.52,18.75,31.25,6.25,43.75
28,0.787,1,0,24,23,10.0,7.87,33.33333333333333,25.0,12.5,29.166666666666668
29,0.56,1,0,15,14,10.0,5.6,33.33333333333333,20.0,6.666666666666667,40.0
30,0.602,1,0,20,19,10.0,6.02,30.0,20.0,30.0,20.0
31,0.388,1,0,16,15,10.0,3.88,25.0,37.5,12.5,25.0
32,0.504,1,0,14,13,10.0,5.04,14.285714285714285,35.714285714285715,21.428571428571427,28.57142857142857
33,0.6,1,0,11,10,10.0,6.0,36.36363636363637,9.090909090909092,18.181818181818183,36.36363636363637
34,0.672,1,0,24,23,10.0,6.72,16.666666666666664,25.0,29.166666666666668,29.166666666666668
35,0.738,1,0,21,20,10.0,7.38,23.809523809523807,33.33333333333333,19.047619047619047,23.809523809523807
36,0.666,1,0,17,16,10.0,6.66,17.647058823529413,23.52941176470588,17.647058823529413,41.17647058823529
37,0.448,1,0,19,18,10.0,4.48,31.57894736842105,21.052631578947366,36.84210526315789,10.526315789473683
38,0.536,1,0,22,21,10.0,5.36,36.36363636363637,18.181818181818183,18.181818181818183,27.27272727272727
39,0.532,1,0,19,18,10.0,5.32,15.789473684210526,26.31578947368421,10.526315789473683,47.368421052631575
40,0.736,1,0,19,18,10.0,7.36,31.57894736842105,5.263157894736842,31.57894736842105,31.57894736842105
41,0.265,1,0,8,7,10.0,2.65,12.5,37.5,0.0,50.0
42,0.676,1,0,16,15,10.0,6.76,6.25,25.0,18.75,50.0
43,0.486,1,0,19,18,10.0,4.86,36.84210526315789,10.526315789473683,21.052631578947366,31.57894736842105
44,0.359,1,0,16,15,9.0,3.59,18.75,12.5,25.0,43.75
45,0.45,1,0,13,12,10.0,4.5,7.6923076923076925,30.76923076923077,15.384615384615385,46.15384615384615
46,0.548,1,0,14,13,10.0,5.48,21.428571428571427,14.285714285714285,21.428571428571427,42.857142857142854
47,0.644,1,0,15,14,10.0,6.44,13.333333333333334,20.0,26.666666666666668,40.0
48,0.364,1,0,10,9,10.0,3.64,0.0,30.0,40.0,30.0
49,0.54,1,0,16,15,10.0,5.4,6.25,18.75,18.75,56.25
50,0.66,1,0,19,18,10.0,6.6,21.052631578947366,26.31578947368421,31.57894736842105,21.052631578947366
51,0.332,1,0,11,10,9.0,3.32,36.36363636363637,18.181818181818183,18.181818181818183,27.27272727272727
52,0.425,1,0,14,13,10.0,4.25,14.285714285714285,28.57142857142857,14.285714285714285,42.857142857142854
53,0.344,1,0,12,11,10.0,3.44,8.333333333333332,8.333333333333332,33.33333333333333,50.0
54,0.512,1,0,15,14,10.0,5.12,26.666666666666668,26.666666666666668,20.0,26.666666666666668
55,0.362,1,0,10,9,9.0,3.62,20.0,10.0,30.0,40.0
56,0.66,1,0,23,22,10.0,6.6,30.434782608695656,4.3478260869565215,13.043478260869565,52.17391304347826
57,0.558,1,0,14,13,10.0,5.58,14.285714285714285,35.714285714285715,14.285714285714285,35.714285714285715
58,0.508,1,0,14,13,10.0,5.08,7.142857142857142,28.57142857142857,28.57142857142857,35.714285714285715
59,0.238,1,0,9,8,10.0,2.38,44.44444444444444,11.11111111111111,0.0,44.44444444444444
60,0.529,1,0,13,12,10.0,5.29,7.6923076923076925,46.15384615384615,23.076923076923077,23.076923076923077
61,0.705,1,0,10,9,10.0,7.05,20.0,40.0,20.0,20.0
62,0.446,1,0,12,11,10.0,4.46,25.0,16.666666666666664,41.66666666666667,16.666666666666664
63,0.523,1,0,17,16,10.0,5.23,23.52941176470588,17.647058823529413,11.76470588235294,47.05882352941176
64,0.63,1,0,16,15,10.0,6.3,12.5,25.0,12.5,50.0
65,0.4,1,0,9,8,10.0,4.0,44.44444444444444,0.0,22.22222222222222,33.33333333333333
66,0.648,1,0,18,17,10.0,6.48,22.22222222222222,5.555555555555555,27.77777777777778,44.44444444444444
67,0.646,1,0,14,13,10.0,6.46,35.714285714285715,7.142857142857142,21.428571428571427,35.714285714285715
68,0.467,1,0,13,12,10.0,4.67,7.6923076923076925,15.384615384615385,15.384615384615385,61.53846153846154
69,0.429,1,0,14,13,9.0,4.29,7.142857142857142,28.57142857142857,21.428571428571427,42.857142857142854
70,0.195,1,0,7,6,7.0,1.95,42.857142857142854,0.0,14.285714285714285,42.857142857142854
71,0.316,1,0,11,10,9.0,3.16,9.090909090909092,27.27272727272727,0.0,63.63636363636363
72,0.578,1,0,16,15,10.0,5.78,18.75,25.0,25.0,31.25
73,0.422,1,0,14,13,10.0,4.22,28.57142857142857,14.285714285714285,35.714285714285715,21.428571428571427
74,0.48,1,0,19,18,10.0,4.8,26.31578947368421,31.57894736842105,15.789473684210526,26.31578947368421
75,0.301,1,0,11,10,10.0,3.01,18.181818181818183,18.181818181818183,54.54545454545454,9.090909090909092
76,0.55,1,0,14,13,10.0,5.5,14.285714285714285,28.57142857142857,42.857142857142854,14.285714285714285
77,0.454,1,0,13,12,10.0,4.54,7.6923076923076925,30.76923076923077,15.384615384615385,46.15384615384615
78,0.556,1,0,17,16,10.0,5.56,17.647058823529413,5.88235294117647,41.17647058823529,35.294117647058826
79,0.585,1,0,12,11,9.0,5.85,16.666666666666664,41.66666666666667,33.33333333333333,8.333333333333332
80,0.452,1,0,12,11,10.0,4.52,16.666666666666664,25.0,25.0,33.33333333333333
81,0.584,1,0,18,17,10.0,5.84,11.11111111111111,38.88888888888889,33.33333333333333,16.666666666666664
82,0.558,1,0,16,15,10.0,5.58,31.25,37.5,6.25,25.0
83,0.441,1,0,14,13,9.0,4.41,14.285714285714285,35.714285714285715,7.142857142857142,42.857142857142854
84,0.466,1,0,12,11,10.0,4.66,25.0,58.333333333333336,16.666666666666664,0.0
85,0.381,1,0,13,12,9.0,3.81,7.6923076923076925,38.46153846153847,23.076923076923077,30.76923076923077
86,0.502,1,0,11,10,9.0,5.02,0.0,45.45454545454545,36.36363636363637,18.181818181818183
87,0.554,1,0,18,17,10.0,5.54,16.666666666666664,11.11111111111111,22.22222222222222,50.0
88,0.537,1,0,19,18,10.0,5.37,5.263157894736842,31.57894736842105,42.10526315789473,21.052631578947366
89,0.514,1,0,16,15,10.0,5.14,6.25,25.0,25.0,43.75
90,0.66,1,0,16,15,10.0,6.6,12.5,31.25,18.75,37.5
91,0.566,1,0,15,14,10.0,5.66,13.333333333333334,20.0,13.333333333333334,53.333333333333336
92,0.38,1,0,11,10,10.0,3.8,9.090909090909092,27.27272727272727,27.27272727272727,36.36363636363637
93,0.413,1,0,13,12,10.0,4.13,30.76923076923077,0.0,30.76923076923077,38.46153846153847
94,0.643,1,0,15,14,10.0,6.43,20.0,40.0,26.666666666666668,13.333333333333334
95,0.71,1,0,11,10,10.0,7.1,27.27272727272727,18.181818181818183,27.27272727272727,27.27272727272727
96,0.486,1,0,18,17,10.0,4.86,11.11111111111111,16.666666666666664,27.77777777777778,44.44444444444444
97,0.472,1,0,14,13,10.0,4.72,14.285714285714285,28.57142857142857,28.57142857142857,28.57142857142857
98,0.57,1,0,11,10,10.0,5.7,9.090909090909092,36.36363636363637,54.54545454545454,0.0
99,0.47,1,0,18,17,10.0,4.7,16.666666666666664,11.11111111111111,27.77777777777778,44.44444444444444
100,0.493,1,0,17,16,9.0,4.93,17.647058823529413,11.76470588235294,17.647058823529413,52.94117647058824
101,0.494,1,0,13,12,10.0,4.94,15.384615384615385,46.15384615384615,23.076923076923077,15.384615384615385
102,0.316,1,0,10,9,10.0,3.16,20.0,0.0,50.0,30.0
103,0.602,1,0,26,25,10.0,6.02,23.076923076923077,38.46153846153847,19.230769230769234,19.230769230769234
104,0.53,1,0,15,14,10.0,5.3,26.666666666666668,40.0,33.33333333333333,0.0
105,0.372,1,0,10,9,8.0,3.72,20.0,20.0,50.0,10.0
106,0.62,1,0,11,10,10.0,6.2,18.181818181818183,18.181818181818183,36.36363636363637,27.27272727272727
107,0.6,1,0,13,12,10.0,6.0,7.6923076923076925,46.15384615384615,7.6923076923076925,38.46153846153847
108,0.61,1,0,13,12,10.0,6.1,23.076923076923077,0.0,61.53846153846154,15.384615384615385
109,0.532,1,0,15,14,10.0,5.32,6.666666666666667,53.333333333333336,20.0,20.0
110,0.432,1,0,13,12,9.0,4.32,7.6923076923076925,15.384615384615385,30.76923076923077,46.15384615384615
111,0.318,1,0,15,14,8.0,3.18,6.666666666666667,53.333333333333336,26.666666666666668,13.333333333333334
112,0.444,1,0,19,18,10.0,4.44,15.789473684210526,52.63157894736842,10.526315789473683,21.052631578947366
113,0.476,1,0,16,15,10.0,4.76,6.25,31.25,37.5,25.0
114,0.558,1,0,17,16,10.0,5.58,17.647058823529413,29.411764705882355,41.17647058823529,11.76470588235294
115,0.487,1,0,13,12,10.0,4.87,15.384615384615385,7.6923076923076925,38.46153846153847,38.46153846153847
116,0.649,1,0,22,21,10.0,6.49,27.27272727272727,9.090909090909092,31.818181818181817,31.818181818181817
117,0.482,1,0,14,13,10.0,4.82,35.714285714285715,7.142857142857142,35.714285714285715,21.428571428571427
118,0.438,1,0,10,9,10.0,4.38,30.0,20.0,10.0,40.0
119,0.6,1,0,12,11,10.0,6.0,16.666666666666664,8.333333333333332,50.0,25.0
120,0.625,1,0,13,12,10.0,6.25,30.76923076923077,15.384615384615385,38.46153846153847,15.384615384615385
121,0.601,1,0,22,21,10.0,6.01,18.181818181818183,40.909090909090914,13.636363636363635,27.27272727272727
122,0.561,1,0,21,20,10.0,5.61,4.761904761904762,38.095238095238095,19.047619047619047,38.095238095238095
123,0.568,1,0,20,19,10.0,5.68,5.0,25.0,15.0,55.00000000000001
124,0.388,1,0,11,10,10.0,3.88,18.181818181818183,9.090909090909092,18.181818181818183,54.54545454545454
125,0.708,1,0,26,25,10.0,7.08,26.923076923076923,26.923076923076923,15.384615384615385,30.76923076923077
126,0.378,1,0,12,11,10.0,3.78,25.0,8.333333333333332,33.33333333333333,33.33333333333333
127,0.57,1,0,20,19,10.0,5.7,10.0,40.0,25.0,25.0
128,0.586,1,0,16,15,10.0,5.86,12.5,56.25,18.75,12.5
129,0.506,1,0,13,12,10.0,5.06,15.384615384615385,61.53846153846154,15.384615384615385,7.6923076923076925
130,0.524,1,0,15,14,10.0,5.24,20.0,40.0,13.333333333333334,26.666666666666668
131,0.488,1,0,19,18,10.0,4.88,10.526315789473683,21.052631578947366,36.84210526315789,31.57894736842105
132,0.575,1,0,15,14,10.0,5.75,13.333333333333334,46.666666666666664,33.33333333333333,6.666666666666667
133,0.528,1,0,15,14,10.0,5.28,20.0,13.333333333333334,60.0,6.666666666666667
134,0.585,1,0,16,15,10.0,5.85,12.5,12.5,18.75,56.25
135,0.421,1,0,16,15,10.0,4.21,18.75,31.25,18.75,31.25
136,0.65,1,0,13,12,10.0,6.5,7.6923076923076925,61.53846153846154,30.76923076923077,0.0
137,0.479,1,0,20,19,10.0,4.79,15.0,20.0,20.0,45.0
138,0.588,1,0,16,15,10.0,5.88,31.25,25.0,25.0,18.75
139,0.484,1,0,14,13,10.0,4.84,21.428571428571427,35.714285714285715,42.857142857142854,0.0
140,0.28,1,0,8,7,10.0,2.8,37.5,25.0,12.5,25.0
141,0.447,1,0,15,14,10.0,4.47,13.333333333333334,53.333333333333336,6.666666666666667,26.666666666666668
142,0.53,1,0,19,18,10.0,5.3,21.052631578947366,42.10526315789473,26.31578947368421,10.526315789473683
143,0.516,1,0,23,22,10.0,5.16,34.78260869565217,13.043478260869565,26.08695652173913,26.08695652173913
144,0.52,1,0,18,17,10.0,5.2,38.88888888888889,16.666666666666664,33.33333333333333,11.11111111111111
145,0.527,1,0,11,10,10.0,5.27,54.54545454545454,9.090909090909092,18.181818181818183,18.181818181818183
146,0.656,1,0,24,23,10.0,6.56,12.5,16.666666666666664,58.333333333333336,12.5
147,0.314,1,0,9,8,9.0,3.14,33.33333333333333,0.0,22.22222222222222,44.44444444444444
148,0.328,1,0,10,9,9.0,3.28,30.0,30.0,20.0,20.0
149,0.724,1,0,26,25,10.0,7.24,57.692307692307686,15.384615384615385,7.6923076923076925,19.230769230769234
150,0.66,1,0,19,18,10.0,6.6,57.89473684210527,15.789473684210526,0.0,26.31578947368421
151,0.448,1,0,13,12,10.0,4.48,23.076923076923077,30.76923076923077,23.076923076923077,23.076923076923077
152,0.87,1,0,14,13,10.0,8.7,42.857142857142854,14.285714285714285,7.142857142857142,35.714285714285715
153,0.464,1,0,15,14,9.0,4.64,66.66666666666666,6.666666666666667,20.0,6.666666666666667
154,0.604,1,0,15,14,10.0,6.04,6.666666666666667,6.666666666666667,46.666666666666664,40.0
155,0.302,1,0,18,17,10.0,3.02,16.666666666666664,16.666666666666664,33.33333333333333,33.33333333333333
156,0.625,1,0,14,13,10.0,6.25,14.285714285714285,21.428571428571427,7.142857142857142,57.14285714285714
157,0.82,1,0,16,15,10.0,8.2,50.0,18.75,6.25,25.0
158,0.52,1,0,16,15,10.0,5.2,50.0,18.75,0.0,31.25
159,0.47,1,0,11,10,10.0,4.7,18.181818181818183,36.36363636363637,27.27272727272727,18.181818181818183
160,0.496,1,0,14,13,10.0,4.96,50.0,14.285714285714285,14.285714285714285,21.428571428571427
161,0.58,1,0,17,16,10.0,5.8,41.17647058823529,29.411764705882355,17.647058823529413,11.76470588235294
162,0.495,1,0,11,10,10.0,4.95,36.36363636363637,9.090909090909092,0.0,54.54545454545454
163,0.64,1,0,17,16,10.0,6.4,17.647058823529413,47.05882352941176,17.647058823529413,17.647058823529413
164,0.625,1,0,12,11,10.0,6.25,8.333333333333332,16.666666666666664,58.333333333333336,16.666666666666664
165,0.694,1,0,18,17,10.0,6.94,50.0,5.555555555555555,11.11111111111111,33.33333333333333
166,0.572,1,0,25,24,10.0,5.72,24.0,8.0,20.0,48.0
167,0.384,1,0,15,14,10.0,3.84,33.33333333333333,6.666666666666667,13.333333333333334,46.666666666666664
168,0.46,1,0,15,14,10.0,4.6,33.33333333333333,13.333333333333334,6.666666666666667,46.666666666666664
169,0.488,1,0,13,12,10.0,4.88,15.384615384615385,53.84615384615385,7.6923076923076925,23.076923076923077
170,0.477,1,0,14,13,10.0,4.77,14.285714285714285,28.57142857142857,0.0,57.14285714285714
171,0.535,1,0,10,9,10.0,5.35,30.0,30.0,10.0,30.0
172,0.377,1,0,10,9,10.0,3.77,40.0,20.0,0.0,40.0
173,0.496,1,0,18,17,8.0,4.96,44.44444444444444,5.555555555555555,16.666666666666664,33.33333333333333
174,0.208,1,0,8,7,7.0,2.08,0.0,25.0,0.0,75.0
175,0.468,1,0,17,16,10.0,4.68,29.411764705882355,11.76470588235294,23.52941176470588,35.294117647058826
176,0.53,1,0,13,12,10.0,5.3,38.46153846153847,15.384615384615385,15.384615384615385,30.76923076923077
177,0.424,1,0,15,14,10.0,4.24,40.0,40.0,20.0,0.0
178,0.608,1,0,21,20,10.0,6.08,76.19047619047619,4.761904761904762,19.047619047619047,0.0
179,0.342,1,0,11,10,10.0,3.42,27.27272727272727,0.0,9.090909090909092,63.63636363636363
180,0.456,1,0,13,12,10.0,4.56,38.46153846153847,15.384615384615385,15.384615384615385,30.76923076923077
181,0.481,1,0,12,11,10.0,4.81,33.33333333333333,0.0,41.66666666666667,25.0
182,0.69,1,0,13,12,10.0,6.9,38.46153846153847,15.384615384615385,15.384615384615385,30.76923076923077
183,0.527,1,0,12,11,10.0,5.27,41.66666666666667,8.333333333333332,41.66666666666667,8.333333333333332
184,0.522,1,0,18,17,9.0,5.22,44.44444444444444,33.33333333333333,11.11111111111111,11.11111111111111
185,0.652,1,0,18,17,10.0,6.52,61.111111111111114,22.22222222222222,0.0,16.666666666666664
186,0.507,1,0,19,18,10.0,5.07,36.84210526315789,36.84210526315789,21.052631578947366,5.263157894736842
187,0.72,1,0,20,19,10.0,7.2,40.0,35.0,0.0,25.0
188,0.496,1,0,20,19,10.0,4.96,30.0,5.0,35.0,30.0
189,0.485,1,0,10,9,10.0,4.85,30.0,0.0,0.0,70.0
190,0.48,1,0,12,11,10.0,4.8,8.333333333333332,41.66666666666667,33.33333333333333,16.666666666666664
191,0.166,1,0,10,9,10.0,1.66,0.0,40.0,10.0,50.0
192,0.596,1,0,18,17,10.0,5.96,50.0,38.88888888888889,5.555555555555555,5.555555555555555
193,0.408,1,0,14,13,10.0,4.08,21.428571428571427,0.0,21.428571428571427,57.14285714285714
194,0.68,1,0,27,26,10.0,6.8,33.33333333333333,29.629629629629626,3.7037037037037033,33.33333333333333
195,0.467,1,0,17,16,10.0,4.67,29.411764705882355,47.05882352941176,17.647058823529413,5.88235294117647
196,0.515,1,0,10,9,10.0,5.15,0.0,70.0,20.0,10.0
197,0.45,1,0,13,12,10.0,4.5,38.46153846153847,23.076923076923077,23.076923076923077,15.384615384615385
198,0.424,1,0,11,10,10.0,4.24,18.181818181818183,63.63636363636363,0.0,18.181818181818183
199,0.458,1,0,18,17,10.0,4.58,5.555555555555555,50.0,27.77777777777778,16.666666666666664
200,0.418,1,0,12,11,10.0,4.18,25.0,33.33333333333333,16.666666666666664,25.0
201,0.584,1,0,18,17,10.0,5.84,5.555555555555555,83.33333333333334,5.555555555555555,5.555555555555555
202,0.524,1,0,21,20,10.0,5.24,14.285714285714285,61.904761904761905,4.761904761904762,19.047619047619047
203,0.2,1,0,9,8,4.0,2.0,33.33333333333333,11.11111111111111,33.33333333333333,22.22222222222222
204,0.788,1,0,19,18,10.0,7.88,15.789473684210526,36.84210526315789,36.84210526315789,10.526315789473683
205,0.484,1,0,18,17,10.0,4.84,11.11111111111111,44.44444444444444,22.22222222222222,22.22222222222222
206,0.346,1,0,10,9,8.0,3.46,20.0,30.0,40.0,10.0
207,0.556,1,0,18,17,10.0,5.56,16.666666666666664,38.88888888888889,27.77777777777778,16.666666666666664
208,0.687,1,0,19,18,10.0,6.87,5.263157894736842,36.84210526315789,36.84210526315789,21.052631578947366
209,0.368,1,0,14,13,10.0,3.68,14.285714285714285,0.0,71.42857142857143,14.285714285714285
210,0.688,1,0,20,19,10.0,6.88,20.0,55.00000000000001,5.0,20.0
211,0.394,1,0,17,16,10.0,3.94,5.88235294117647,17.647058823529413,64.70588235294117,11.76470588235294
212,0.594,1,0,18,17,10.0,5.94,44.44444444444444,33.33333333333333,11.11111111111111,11.11111111111111
213,0.437,1,0,14,13,10.0,4.37,35.714285714285715,42.857142857142854,14.285714285714285,7.142857142857142
214,0.518,1,0,12,11,10.0,5.18,50.0,16.666666666666664,8.333333333333332,25.0
215,0.53,1,0,19,18,10.0,5.3,31.57894736842105,26.31578947368421,21.052631578947366,21.052631578947366
216,0.504,1,0,18,17,10.0,5.04,77.77777777777779,5.555555555555555,0.0,16.666666666666664
217,0.658,1,0,18,17,10.0,6.58,38.88888888888889,16.666666666666664,5.555555555555555,38.88888888888889
218,0.488,1,0,15,14,10.0,4.88,66.66666666666666,13.333333333333334,0.0,20.0
219,0.758,1,0,18,17,10.0,7.58,44.44444444444444,33.33333333333333,5.555555555555555,16.666666666666664
220,0.608,1,0,17,16,10.0,6.08,58.82352941176471,17.647058823529413,11.76470588235294,11.76470588235294
221,0.336,1,0,11,10,10.0,3.36,9.090909090909092,63.63636363636363,9.090909090909092,18.181818181818183
222,0.519,1,0,15,14,10.0,5.19,33.33333333333333,46.666666666666664,6.666666666666667,13.333333333333334
223,0.6,1,0,20,19,10.0,6.0,50.0,35.0,10.0,5.0
224,0.418,1,0,12,11,10.0,4.18,33.33333333333333,0.0,33.33333333333333,33.33333333333333
225,0.54,1,0,18,17,10.0,5.4,72.22222222222221,16.666666666666664,5.555555555555555,5.555555555555555
226,0.581,1,0,21,20,10.0,5.81,33.33333333333333,14.285714285714285,14.285714285714285,38.095238095238095
227,0.67,1,0,14,13,10.0,6.7,35.714285714285715,28.57142857142857,14.285714285714285,21.428571428571427
228,0.625,1,0,17,16,10.0,6.25,35.294117647058826,5.88235294117647,11.76470588235294,47.05882352941176
229,0.78,1,0,22,21,10.0,7.8,54.54545454545454,9.090909090909092,31.818181818181817,4.545454545454546
230,0.67,1,0,14,13,10.0,6.7,50.0,7.142857142857142,21.428571428571427,21.428571428571427
231,0.628,1,0,21,20,10.0,6.28,42.857142857142854,28.57142857142857,19.047619047619047,9.523809523809524
232,0.48,1,0,16,15,10.0,4.8,50.0,6.25,12.5,31.25
233,0.755,1,0,15,14,10.0,7.55,46.666666666666664,40.0,13.333333333333334,0.0
234,0.34,1,0,10,9,9.0,3.4,60.0,20.0,10.0,10.0
235,0.436,1,0,14,13,10.0,4.36,64.28571428571429,7.142857142857142,14.285714285714285,14.285714285714285
236,0.555,1,0,16,15,10.0,5.55,75.0,6.25,6.25,12.5
237,0.53,1,0,15,14,10.0,5.3,40.0,33.33333333333333,6.666666666666667,20.0
238,0.626,1,0,17,16,10.0,6.26,29.411764705882355,47.05882352941176,17.647058823529413,5.88235294117647
239,0.464,1,0,14,13,10.0,4.64,14.285714285714285,71.42857142857143,7.142857142857142,7.142857142857142
240,0.54,1,0,21,20,10.0,5.4,19.047619047619047,33.33333333333333,19.047619047619047,28.57142857142857
241,0.532,1,0,18,17,10.0,5.32,50.0,33.33333333333333,0.0,16.666666666666664
242,0.495,1,0,11,10,10.0,4.95,45.45454545454545,0.0,9.090909090909092,45.45454545454545
243,0.441,1,0,11,10,9.0,4.41,18.181818181818183,54.54545454545454,9.090909090909092,18.181818181818183
244,0.415,1,0,10,9,10.0,4.15,20.0,10.0,50.0,20.0
245,0.655,1,0,14,13,10.0,6.55,7.142857142857142,42.857142857142854,35.714285714285715,14.285714285714285
246,0.572,1,0,21,20,10.0,5.72,14.285714285714285,47.61904761904761,23.809523809523807,14.285714285714285
247,0.294,1,0,8,7,7.0,2.94,12.5,75.0,0.0,12.5
248,0.39,1,0,12,11,8.0,3.9,16.666666666666664,66.66666666666666,8.333333333333332,8.333333333333332
249,0.45,1,0,12,11,9.0,4.5,41.66666666666667,33.33333333333333,8.333333333333332,16.666666666666664
250,0.63,1,0,21,20,10.0,6.3,52.38095238095239,42.857142857142854,4.761904761904762,0.0
251,0.591,1,0,20,19,10.0,5.91,40.0,30.0,5.0,25.0
252,0.61,1,0,18,17,10.0,6.1,44.44444444444444,27.77777777777778,0.0,27.77777777777778
253,0.676,1,0,19,18,10.0,6.76,52.63157894736842,0.0,15.789473684210526,31.57894736842105
254,0.455,1,0,13,12,10.0,4.55,15.384615384615385,61.53846153846154,7.6923076923076925,15.384615384615385
255,0.34,1,0,9,8,8.0,3.4,22.22222222222222,44.44444444444444,0.0,33.33333333333333
256,0.815,1,0,16,15,10.0,8.15,75.0,12.5,0.0,12.5
257,0.415,1,0,12,11,9.0,4.15,58.333333333333336,8.333333333333332,8.333333333333332,25.0
258,0.46,1,0,12,11,10.0,4.6,33.33333333333333,33.33333333333333,25.0,8.333333333333332
259,0.542,1,0,17,16,10.0,5.42,52.94117647058824,11.76470588235294,17.647058823529413,17.647058823529413
260,0.7,1,0,14,13,10.0,7.0,21.428571428571427,35.714285714285715,14.285714285714285,28.57142857142857
261,0.455,1,0,14,13,10.0,4.55,7.142857142857142,35.714285714285715,21.428571428571427,35.714285714285715
262,0.47,1,0,14,13,10.0,4.7,28.57142857142857,14.285714285714285,0.0,57.14285714285714
263,0.58,1,0,15,14,10.0,5.8,46.666666666666664,13.333333333333334,6.666666666666667,33.33333333333333
264,0.62,1,0,15,14,10.0,6.2,26.666666666666668,60.0,6.666666666666667,6.666666666666667
265,0.52,1,0,16,15,10.0,5.2,18.75,50.0,18.75,12.5
266,0.504,1,0,16,15,10.0,5.04,43.75,18.75,6.25,31.25
267,0.76,1,0,18,17,10.0,7.6,66.66666666666666,11.11111111111111,11.11111111111111,11.11111111111111
268,0.616,1,0,21,20,10.0,6.16,52.38095238095239,9.523809523809524,4.761904761904762,33.33333333333333
269,0.516,1,0,10,9,10.0,5.16,30.0,0.0,60.0,10.0
270,0.53,1,0,17,16,10.0,5.3,64.70588235294117,5.88235294117647,5.88235294117647,23.52941176470588
271,0.342,1,0,16,15,10.0,3.42,43.75,12.5,6.25,37.5
272,0.667,1,0,19,18,10.0,6.67,31.57894736842105,21.052631578947366,10.526315789473683,36.84210526315789
273,0.615,1,0,17,16,10.0,6.15,35.294117647058826,41.17647058823529,5.88235294117647,17.647058823529413
274,0.308,1,0,7,6,8.0,3.08,42.857142857142854,0.0,14.285714285714285,42.857142857142854
275,0.825,1,0,18,17,9.0,8.25,44.44444444444444,38.88888888888889,0.0,16.666666666666664
276,0.69,1,0,17,16,10.0,6.9,35.294117647058826,5.88235294117647,35.294117647058826,23.52941176470588
277,0.534,1,0,17,16,10.0,5.34,35.294117647058826,29.411764705882355,29.411764705882355,5.88235294117647
278,0.612,1,0,18,17,10.0,6.12,38.88888888888889,11.11111111111111,22.22222222222222,27.77777777777778
279,0.58,1,0,11,10,10.0,5.8,27.27272727272727,18.181818181818183,27.27272727272727,27.27272727272727
280,0.374,1,0,10,9,8.0,3.74,0.0,20.0,60.0,20.0
281,0.493,1,0,18,17,10.0,4.93,27.77777777777778,11.11111111111111,33.33333333333333,27.77777777777778
282,0.615,1,0,12,11,10.0,6.15,75.0,25.0,0.0,0.0
283,0.474,1,0,14,13,10.0,4.74,42.857142857142854,28.57142857142857,0.0,28.57142857142857
284,0.489,1,0,17,16,10.0,4.89,29.411764705882355,5.88235294117647,41.17647058823529,23.52941176470588
285,0.49,1,0,11,10,10.0,4.9,18.181818181818183,45.45454545454545,0.0,36.36363636363637
286,0.56,1,0,18,17,10.0,5.6,27.77777777777778,0.0,33.33333333333333,38.88888888888889
287,0.508,1,0,16,15,10.0,5.08,31.25,18.75,37.5,12.5
288,0.56,1,0,13,12,10.0,5.6,38.46153846153847,7.6923076923076925,23.076923076923077,30.76923076923077
289,0.423,1,0,15,14,9.0,4.23,33.33333333333333,33.33333333333333,13.333333333333334,20.0
290,0.476,1,0,17,16,10.0,4.76,23.52941176470588,5.88235294117647,58.82352941176471,11.76470588235294
291,0.462,1,0,12,11,10.0,4.62,25.0,66.66666666666666,8.333333333333332,0.0
292,0.383,1,0,16,15,10.0,3.83,6.25,6.25,75.0,12.5
293,0.409,1,0,11,10,10.0,4.09,0.0,63.63636363636363,36.36363636363637,0.0
294,0.735,1,0,12,11,10.0,7.35,25.0,33.33333333333333,25.0,16.666666666666664
295,0.63,1,0,11,10,10.0,6.3,9.090909090909092,63.63636363636363,18.181818181818183,9.090909090909092
296,0.416,1,0,10,9,10.0,4.16,10.0,80.0,0.0,10.0
297,0.6,1,0,15,14,10.0,6.0,33.33333333333333,40.0,13.333333333333334,13.333333333333334
298,0.572,1,0,15,14,10.0,5.72,0.0,66.66666666666666,6.666666666666667,26.666666666666668
299,0.635,1,0,18,17,10.0,6.35,16.666666666666664,11.11111111111111,5.555555555555555,66.66666666666666
300,0.312,1,0,11,10,10.0,3.12,0.0,45.45454545454545,0.0,54.54545454545454
301,0.422,1,0,12,11,10.0,4.22,25.0,8.333333333333332,25.0,41.66666666666667
302,0.516,1,0,15,14,10.0,5.16,20.0,6.666666666666667,6.666666666666667,66.66666666666666
303,0.526,1,0,23,22,10.0,5.26,17.391304347826086,8.695652173913043,8.695652173913043,65.21739130434783
304,0.636,1,0,17,16,10.0,6.36,5.88235294117647,17.647058823529413,11.76470588235294,64.70588235294117
305,0.781,1,0,16,15,10.0,7.81,6.25,6.25,43.75,43.75
306,0.356,1,0,9,8,10.0,3.56,11.11111111111111,11.11111111111111,44.44444444444444,33.33333333333333
307,0.58,1,0,17,16,10.0,5.8,5.88235294117647,0.0,0.0,94.11764705882352
308,0.3,1,0,7,6,8.0,3.0,0.0,71.42857142857143,0.0,28.57142857142857
309,0.439,1,0,10,9,10.0,4.39,0.0,10.0,20.0,70.0
310,0.603,1,0,19,18,10.0,6.03,10.526315789473683,5.263157894736842,10.526315789473683,73.68421052631578
311,0.685,1,0,15,14,10.0,6.85,26.666666666666668,6.666666666666667,53.333333333333336,13.333333333333334
312,0.685,1,0,13,12,9.0,6.85,46.15384615384615,7.6923076923076925,0.0,46.15384615384615
313,0.592,1,0,16,15,10.0,5.92,31.25,43.75,0.0,25.0
314,0.85,1,0,18,17,10.0,8.5,66.66666666666666,5.555555555555555,5.555555555555555,22.22222222222222
315,0.567,1,0,16,15,10.0,5.67,43.75,31.25,12.5,12.5
316,0.566,1,0,17,16,10.0,5.66,52.94117647058824,5.88235294117647,29.411764705882355,11.76470588235294
317,0.75,1,0,18,17,10.0,7.5,44.44444444444444,5.555555555555555,22.22222222222222,27.77777777777778
318,0.52,1,0,12,11,10.0,5.2,41.66666666666667,0.0,25.0,33.33333333333333
319,0.58,1,0,20,19,10.0,5.8,35.0,45.0,0.0,20.0
320,0.552,1,0,16,15,10.0,5.52,81.25,0.0,0.0,18.75
321,0.443,1,0,19,18,10.0,4.43,15.789473684210526,52.63157894736842,0.0,31.57894736842105
322,0.626,1,0,17,16,10.0,6.26,23.52941176470588,52.94117647058824,0.0,23.52941176470588
323,0.447,1,0,15,14,10.0,4.47,53.333333333333336,0.0,26.666666666666668,20.0
324,0.518,1,0,19,18,10.0,5.18,21.052631578947366,36.84210526315789,5.263157894736842,36.84210526315789
325,0.494,1,0,14,13,10.0,4.94,42.857142857142854,28.57142857142857,14.285714285714285,14.285714285714285
326,0.486,1,0,11,10,10.0,4.86,27.27272727272727,0.0,36.36363636363637,36.36363636363637
327,0.372,1,0,9,8,10.0,3.72,22.22222222222222,33.33333333333333,22.22222222222222,22.22222222222222
328,0.53,1,0,12,11,10.0,5.3,58.333333333333336,16.666666666666664,0.0,25.0
329,0.55,1,0,9,8,10.0,5.5,11.11111111111111,77.77777777777779,11.11111111111111,0.0
330,0.365,1,0,13,12,9.0,3.65,30.76923076923077,23.076923076923077,7.6923076923076925,38.46153846153847
331,0.512,1,0,15,14,10.0,5.12,20.0,53.333333333333336,6.666666666666667,20.0
332,0.74,1,0,13,12,10.0,7.4,23.076923076923077,7.6923076923076925,53.84615384615385,15.384615384615385
333,0.75,1,0,17,16,10.0,7.5,64.70588235294117,11.76470588235294,11.76470588235294,11.76470588235294
334,0.322,1,0,10,9,8.0,3.22,50.0,0.0,20.0,30.0
335,0.331,1,0,11,10,9.0,3.31,9.090909090909092,36.36363636363637,0.0,54.54545454545454
336,0.612,1,0,16,15,10.0,6.12,25.0,12.5,12.5,50.0
337,0.705,1,0,13,12,10.0,7.05,23.076923076923077,30.76923076923077,0.0,46.15384615384615
338,0.592,1,0,19,18,10.0,5.92,0.0,15.789473684210526,21.052631578947366,63.1578947368421
339,0.388,1,0,9,8,8.0,3.88,11.11111111111111,33.33333333333333,11.11111111111111,44.44444444444444
340,0.49,1,0,12,11,10.0,4.9,8.333333333333332,8.333333333333332,8.333333333333332,75.0
341,0.494,1,0,18,17,10.0,4.94,33.33333333333333,5.555555555555555,22.22222222222222,38.88888888888889
342,0.468,1,0,11,10,10.0,4.68,36.36363636363637,18.181818181818183,18.181818181818183,27.27272727272727
343,0.534,1,0,19,18,10.0,5.34,15.789473684210526,5.263157894736842,36.84210526315789,42.10526315789473
344,0.344,1,0,11,10,9.0,3.44,0.0,36.36363636363637,45.45454545454545,18.181818181818183
345,0.641,1,0,17,16,10.0,6.41,5.88235294117647,35.294117647058826,0.0,58.82352941176471
346,0.466,1,0,15,14,10.0,4.66,6.666666666666667,40.0,0.0,53.333333333333336
347,0.307,1,0,14,13,10.0,3.07,0.0,57.14285714285714,7.142857142857142,35.714285714285715
348,0.22,1,0,5,4,8.0,2.2,0.0,80.0,0.0,20.0
349,0.592,1,0,16,15,10.0,5.92,0.0,12.5,62.5,25.0
350,0.486,1,0,16,15,10.0,4.86,18.75,6.25,12.5,62.5
351,0.402,1,0,11,10,10.0,4.02,0.0,72.72727272727273,0.0,27.27272727272727
352,0.514,1,0,18,17,10.0,5.14,0.0,16.666666666666664,44.44444444444444,38.88888888888889
353,0.474,1,0,11,10,10.0,4.74,0.0,18.181818181818183,54.54545454545454,27.27272727272727
354,0.538,1,0,13,12,10.0,5.38,7.6923076923076925,53.84615384615385,7.6923076923076925,30.76923076923077
355,0.88,1,0,17,16,10.0,8.8,29.411764705882355,23.52941176470588,11.76470588235294,35.294117647058826
356,0.45,1,0,11,10,10.0,4.5,0.0,63.63636363636363,18.181818181818183,18.181818181818183
357,0.374,1,0,14,13,9.0,3.74,7.142857142857142,50.0,21.428571428571427,21.428571428571427
358,0.63,1,0,11,10,10.0,6.3,9.090909090909092,9.090909090909092,54.54545454545454,27.27272727272727
359,0.51,1,0,9,8,10.0,5.1,22.22222222222222,44.44444444444444,0.0,33.33333333333333
360,0.67,1,0,12,11,10.0,6.7,25.0,33.33333333333333,25.0,16.666666666666664
361,0.412,1,0,13,12,9.0,4.12,7.6923076923076925,23.076923076923077,38.46153846153847,30.76923076923077
362,0.375,1,0,11,10,10.0,3.75,0.0,45.45454545454545,18.181818181818183,36.36363636363637
363,0.558,1,0,17,16,10.0,5.58,35.294117647058826,0.0,58.82352941176471,5.88235294117647
364,0.42,1,0,15,14,9.0,4.2,0.0,66.66666666666666,13.333333333333334,20.0
365,0.464,1,0,16,15,10.0,4.64,18.75,12.5,37.5,31.25
366,0.496,1,0,13,12,10.0,4.96,0.0,0.0,76.92307692307693,23.076923076923077
367,0.55,1,0,15,14,10.0,5.5,40.0,13.333333333333334,26.666666666666668,20.0
368,0.7,1,0,15,14,10.0,7.0,6.666666666666667,53.333333333333336,20.0,20.0
369,0.595,1,0,11,10,10.0,5.95,18.181818181818183,45.45454545454545,9.090909090909092,27.27272727272727
370,0.368,1,0,8,7,8.0,3.68,12.5,62.5,0.0,25.0
371,0.835,1,0,18,17,10.0,8.35,33.33333333333333,27.77777777777778,5.555555555555555,33.33333333333333
372,0.572,1,0,21,20,10.0,5.72,38.095238095238095,42.857142857142854,0.0,19.047619047619047
373,0.499,1,0,14,13,10.0,4.99,0.0,42.857142857142854,42.857142857142854,14.285714285714285
374,0.476,1,0,13,12,10.0,4.76,0.0,69.23076923076923,0.0,30.76923076923077
375,0.546,1,0,21,20,10.0,5.46,33.33333333333333,9.523809523809524,14.285714285714285,42.857142857142854
376,0.395,1,0,12,11,10.0,3.95,25.0,25.0,33.33333333333333,16.666666666666664
377,0.44,1,0,17,16,10.0,4.4,23.52941176470588,35.294117647058826,23.52941176470588,17.647058823529413
378,0.478,1,0,14,13,10.0,4.78,7.142857142857142,21.428571428571427,35.714285714285715,35.714285714285715
379,0.44,1,0,13,12,8.0,4.4,0.0,0.0,69.23076923076923,30.76923076923077
380,0.55,1,0,13,12,10.0,5.5,38.46153846153847,38.46153846153847,15.384615384615385,7.6923076923076925
381,0.596,1,0,10,9,10.0,5.96,60.0,0.0,20.0,20.0
382,0.556,1,0,15,14,10.0,5.56,26.666666666666668,20.0,40.0,13.333333333333334
383,0.565,1,0,12,11,9.0,5.65,50.0,8.333333333333332,16.666666666666664,25.0
384,0.46,1,0,11,10,8.0,4.6,27.27272727272727,36.36363636363637,0.0,36.36363636363637
385,0.472,1,0,17,16,10.0,4.72,35.294117647058826,23.52941176470588,17.647058823529413,23.52941176470588
386,0.233,1,0,9,8,10.0,2.33,11.11111111111111,22.22222222222222,22.22222222222222,44.44444444444444
387,0.47,1,0,11,10,10.0,4.7,63.63636363636363,0.0,9.090909090909092,27.27272727272727
388,0.402,1,0,14,13,10.0,4.02,28.57142857142857,28.57142857142857,14.285714285714285,28.57142857142857
389,0.486,1,0,20,19,10.0,4.86,5.0,30.0,55.00000000000001,10.0
390,0.243,1,0,9,8,10.0,2.43,0.0,22.22222222222222,22.22222222222222,55.55555555555556
391,0.44,1,0,11,10,10.0,4.4,9.090909090909092,45.45454545454545,18.181818181818183,27.27272727272727
392,0.414,1,0,13,12,9.0,4.14,7.6923076923076925,53.84615384615385,23.076923076923077,15.384615384615385
393,0.429,1,0,15,14,10.0,4.29,6.666666666666667,46.666666666666664,20.0,26.666666666666668
394,0.616,1,0,20,19,10.0,6.16,30.0,40.0,15.0,15.0
395,0.64,1,0,12,11,10.0,6.4,41.66666666666667,0.0,25.0,33.33333333333333
396,0.35,1,0,11,10,9.0,3.5,54.54545454545454,0.0,9.090909090909092,36.36363636363637
397,0.75,1,0,22,21,10.0,7.5,22.727272727272727,4.545454545454546,9.090909090909092,63.63636363636363
398,0.54,1,0,10,9,10.0,5.4,30.0,0.0,30.0,40.0
399,0.751,1,0,20,19,10.0,7.51,45.0,5.0,15.0,35.0
400,0.422,1,0,14,13,10.0,4.22,14.285714285714285,0.0,7.142857142857142,78.57142857142857
401,0.49,1,0,11,10,10.0,4.9,9.090909090909092,0.0,27.27272727272727,63.63636363636363
402,0.363,1,0,11,10,10.0,3.63,27.27272727272727,0.0,45.45454545454545,27.27272727272727
403,0.528,1,0,14,13,10.0,5.28,14.285714285714285,7.142857142857142,0.0,78.57142857142857
404,0.424,1,0,13,12,10.0,4.24,38.46153846153847,23.076923076923077,7.6923076923076925,30.76923076923077
405,0.665,1,0,11,10,10.0,6.65,27.27272727272727,36.36363636363637,18.181818181818183,18.181818181818183
406,0.595,1,0,14,13,10.0,5.95,14.285714285714285,0.0,50.0,35.714285714285715
407,0.332,1,0,11,10,8.0,3.32,0.0,18.181818181818183,72.72727272727273,9.090909090909092
408,0.298,1,0,12,11,10.0,2.98,16.666666666666664,16.666666666666664,41.66666666666667,25.0
409,0.47,1,0,9,8,10.0,4.7,22.22222222222222,33.33333333333333,11.11111111111111,33.33333333333333
410,0.588,1,0,21,20,10.0,5.88,47.61904761904761,4.761904761904762,9.523809523809524,38.095238095238095
411,0.336,1,0,11,10,9.0,3.36,18.181818181818183,9.090909090909092,9.090909090909092,63.63636363636363
412,0.504,1,0,18,17,10.0,5.04,44.44444444444444,5.555555555555555,11.11111111111111,38.88888888888889
413,0.566,1,0,18,17,10.0,5.66,50.0,0.0,0.0,50.0
414,0.749,1,0,16,15,10.0,7.49,50.0,12.5,18.75,18.75
415,0.61,1,0,11,10,10.0,6.1,45.45454545454545,27.27272727272727,0.0,27.27272727272727
416,0.8,1,0,15,14,10.0,8.0,46.666666666666664,20.0,20.0,13.333333333333334
417,0.574,1,0,16,15,10.0,5.74,31.25,18.75,43.75,6.25
418,0.617,1,0,16,15,10.0,6.17,31.25,6.25,6.25,56.25
419,0.666,1,0,17,16,10.0,6.66,35.294117647058826,17.647058823529413,29.411764705882355,17.647058823529413
420,0.376,1,0,11,10,8.0,3.76,18.181818181818183,36.36363636363637,9.090909090909092,36.36363636363637
421,0.44,1,0,9,8,8.0,4.4,33.33333333333333,0.0,11.11111111111111,55.55555555555556
422,0.488,1,0,15,14,9.0,4.88,0.0,6.666666666666667,73.33333333333333,20.0
423,0.636,1,0,19,18,10.0,6.36,42.10526315789473,10.526315789473683,10.526315789473683,36.84210526315789
424,0.453,1,0,20,19,10.0,4.53,25.0,40.0,0.0,35.0
425,0.516,1,0,18,17,10.0,5.16,27.77777777777778,0.0,22.22222222222222,50.0
426,0.496,1,0,19,18,10.0,4.96,15.789473684210526,26.31578947368421,42.10526315789473,15.789473684210526
427,0.25,1,0,12,11,7.0,2.5,58.333333333333336,8.333333333333332,8.333333333333332,25.0
428,0.695,1,0,13,12,10.0,6.95,53.84615384615385,7.6923076923076925,15.384615384615385,23.076923076923077
429,0.614,1,0,18,17,10.0,6.14,38.88888888888889,33.33333333333333,5.555555555555555,22.22222222222222
430,0.476,1,0,14,13,10.0,4.76,42.857142857142854,0.0,35.714285714285715,21.428571428571427
431,0.875,1,0,12,11,10.0,8.75,16.666666666666664,8.333333333333332,33.33333333333333,41.66666666666667
432,0.552,1,0,15,14,10.0,5.52,13.333333333333334,6.666666666666667,33.33333333333333,46.666666666666664
433,0.646,1,0,20,19,10.0,6.46,50.0,0.0,5.0,45.0
434,0.41,1,0,11,10,10.0,4.1,45.45454545454545,0.0,27.27272727272727,27.27272727272727
435,0.383,1,0,11,10,8.0,3.83,0.0,0.0,45.45454545454545,54.54545454545454
436,0.328,1,0,14,13,9.0,3.28,21.428571428571427,0.0,28.57142857142857,50.0
437,0.307,1,0,9,8,9.0,3.07,0.0,0.0,44.44444444444444,55.55555555555556
438,0.472,1,0,16,15,10.0,4.72,12.5,0.0,68.75,18.75
439,0.546,1,0,20,19,10.0,5.46,40.0,10.0,10.0,40.0
440,0.526,1,0,23,22,10.0,5.26,56.52173913043478,0.0,4.3478260869565215,39.130434782608695
441,0.492,1,0,19,18,10.0,4.92,36.84210526315789,0.0,36.84210526315789,26.31578947368421
442,0.655,1,0,21,20,10.0,6.55,47.61904761904761,9.523809523809524,23.809523809523807,19.047619047619047
443,0.522,1,0,18,17,10.0,5.22,38.88888888888889,5.555555555555555,16.666666666666664,38.88888888888889
444,0.712,1,0,24,23,10.0,7.12,58.333333333333336,16.666666666666664,8.333333333333332,16.666666666666664
445,0.472,1,0,17,16,10.0,4.72,52.94117647058824,5.88235294117647,11.76470588235294,29.411764705882355
446,0.63,1,0,19,18,10.0,6.3,63.1578947368421,0.0,21.052631578947366,15.789473684210526
447,0.503,1,0,19,18,10.0,5.03,42.10526315789473,0.0,15.789473684210526,42.10526315789473
448,0.296,1,0,10,9,10.0,2.96,40.0,0.0,30.0,30.0
449,0.503,1,0,23,22,10.0,5.03,21.73913043478261,4.3478260869565215,56.52173913043478,17.391304347826086
450,0.365,1,0,8,7,10.0,3.65,12.5,0.0,0.0,87.5
451,0.517,1,0,11,10,10.0,5.17,45.45454545454545,0.0,36.36363636363637,18.181818181818183
452,0.583,1,0,25,24,10.0,5.83,48.0,0.0,4.0,48.0
453,0.508,1,0,16,15,10.0,5.08,43.75,0.0,43.75,12.5
454,0.448,1,0,11,10,10.0,4.48,45.45454545454545,18.181818181818183,9.090909090909092,27.27272727272727
455,0.634,1,0,17,16,10.0,6.34,29.411764705882355,5.88235294117647,5.88235294117647,58.82352941176471
456,0.49,1,0,18,17,10.0,4.9,44.44444444444444,5.555555555555555,22.22222222222222,27.77777777777778
457,0.52,1,0,12,11,10.0,5.2,41.66666666666667,0.0,8.333333333333332,50.0
458,0.552,1,0,19,18,10.0,5.52,21.052631578947366,0.0,10.526315789473683,68.42105263157895
459,0.269,1,0,12,11,10.0,2.69,16.666666666666664,16.666666666666664,0.0,66.66666666666666
460,0.354,1,0,11,10,10.0,3.54,9.090909090909092,9.090909090909092,54.54545454545454,27.27272727272727
461,0.662,1,0,23,22,10.0,6.62,8.695652173913043,4.3478260869565215,52.17391304347826,34.78260869565217
462,0.524,1,0,16,15,10.0,5.24,56.25,0.0,12.5,31.25
463,0.512,1,0,15,14,10.0,5.12,13.333333333333334,6.666666666666667,66.66666666666666,13.333333333333334
464,0.644,1,0,21,20,10.0,6.44,52.38095238095239,4.761904761904762,33.33333333333333,9.523809523809524
465,0.7,1,0,13,12,10.0,7.0,46.15384615384615,0.0,0.0,53.84615384615385
466,0.378,1,0,10,9,9.0,3.78,60.0,20.0,0.0,20.0
467,0.544,1,0,20,19,10.0,5.44,35.0,20.0,10.0,35.0
468,0.547,1,0,16,15,10.0,5.47,12.5,0.0,56.25,31.25
469,0.34,1,0,11,10,10.0,3.4,9.090909090909092,0.0,27.27272727272727,63.63636363636363
470,0.392,1,0,14,13,10.0,3.92,28.57142857142857,7.142857142857142,28.57142857142857,35.714285714285715
471,0.339,1,0,9,8,9.0,3.39,22.22222222222222,0.0,0.0,77.77777777777779
472,0.444,1,0,9,8,10.0,4.44,22.22222222222222,0.0,33.33333333333333,44.44444444444444
473,0.54,1,0,17,16,10.0,5.4,29.411764705882355,0.0,5.88235294117647,64.70588235294117
474,0.416,1,0,14,13,10.0,4.16,42.857142857142854,0.0,21.428571428571427,35.714285714285715
475,0.366,1,0,12,11,9.0,3.66,41.66666666666667,0.0,0.0,58.333333333333336
476,0.51,1,0,18,17,10.0,5.1,66.66666666666666,11.11111111111111,5.555555555555555,16.666666666666664
477,0.77,1,0,15,14,10.0,7.7,33.33333333333333,0.0,40.0,26.666666666666668
478,0.558,1,0,23,22,10.0,5.58,47.82608695652174,8.695652173913043,21.73913043478261,21.73913043478261
479,0.457,1,0,21,20,10.0,4.57,47.61904761904761,4.761904761904762,0.0,47.61904761904761
480,0.372,1,0,10,9,8.0,3.72,10.0,30.0,40.0,20.0
481,0.571,1,0,15,14,10.0,5.71,40.0,0.0,6.666666666666667,53.333333333333336
482,0.452,1,0,11,10,10.0,4.52,9.090909090909092,0.0,27.27272727272727,63.63636363636363
483,0.293,1,0,11,10,10.0,2.93,0.0,9.090909090909092,18.181818181818183,72.72727272727273
484,0.449,1,0,17,16,10.0,4.49,17.647058823529413,5.88235294117647,23.52941176470588,52.94117647058824
485,0.287,1,0,9,8,9.0,2.87,0.0,33.33333333333333,0.0,66.66666666666666
486,0.548,1,0,19,18,10.0,5.48,26.31578947368421,0.0,42.10526315789473,31.57894736842105
487,0.65,1,0,14,13,9.0,6.5,57.14285714285714,0.0,21.428571428571427,21.428571428571427
488,0.408,1,0,14,13,10.0,4.08,14.285714285714285,7.142857142857142,7.142857142857142,71.42857142857143
489,0.358,1,0,13,12,10.0,3.58,30.76923076923077,0.0,15.384615384615385,53.84615384615385
490,0.745,1,0,11,10,10.0,7.45,18.181818181818183,0.0,72.72727272727273,9.090909090909092
491,0.66,1,0,25,24,10.0,6.6,40.0,0.0,24.0,36.0
492,0.508,1,0,16,15,10.0,5.08,56.25,6.25,0.0,37.5
493,0.452,1,0,11,10,10.0,4.52,9.090909090909092,54.54545454545454,9.090909090909092,27.27272727272727
494,0.4,1,0,14,13,9.0,4.0,0.0,35.714285714285715,14.285714285714285,50.0
495,0.555,1,0,10,9,10.0,5.55,60.0,0.0,0.0,40.0
496,0.7,1,0,11,10,10.0,7.0,45.45454545454545,0.0,36.36363636363637,18.181818181818183
497,0.48,1,0,18,17,10.0,4.8,38.88888888888889,0.0,22.22222222222222,38.88888888888889
498,0.226,1,0,8,7,9.0,2.26,0.0,37.5,0.0,62.5
499,0.544,1,0,13,12,9.0,5.44,53.84615384615385,0.0,0.0,46.15384615384615
500,0.44,1,0,11,10,10.0,4.4,45.45454545454545,27.27272727272727,0.0,27.27272727272727
501,0.46,1,0,12,11,10.0,4.6,50.0,0.0,8.333333333333332,41.66666666666667
502,0.45,1,0,15,14,10.0,4.5,20.0,53.333333333333336,0.0,26.666666666666668
503,0.459,1,0,16,15,10.0,4.59,25.0,6.25,50.0,18.75
504,0.593,1,0,13,12,9.0,5.93,46.15384615384615,0.0,38.46153846153847,15.384615384615385
505,0.76,1,0,17,16,10.0,7.6,41.17647058823529,35.294117647058826,0.0,23.52941176470588
506,0.492,1,0,12,11,10.0,4.92,41.66666666666667,0.0,0.0,58.333333333333336
507,0.324,1,0,14,13,9.0,3.24,7.142857142857142,7.142857142857142,7.142857142857142,78.57142857142857
508,0.504,1,0,13,12,8.0,5.04,46.15384615384615,23.076923076923077,7.6923076923076925,23.076923076923077
509,0.476,1,0,14,13,10.0,4.76,14.285714285714285,7.142857142857142,42.857142857142854,35.714285714285715
510,0.756,1,0,24,23,10.0,7.56,45.83333333333333,8.333333333333332,12.5,33.33333333333333
511,0.392,1,0,12,11,10.0,3.92,16.666666666666664,33.33333333333333,8.333333333333332,41.66666666666667
512,0.715,1,0,14,13,10.0,7.15,35.714285714285715,0.0,28.57142857142857,35.714285714285715
513,0.522,1,0,17,16,10.0,5.22,5.88235294117647,5.88235294117647,58.82352941176471,29.411764705882355
514,0.81,1,0,19,18,10.0,8.1,52.63157894736842,0.0,10.526315789473683,36.84210526315789
515,0.5,1,0,13,12,8.0,5.0,15.384615384615385,0.0,38.46153846153847,46.15384615384615
516,0.512,1,0,16,15,10.0,5.12,37.5,6.25,0.0,56.25
517,0.562,1,0,17,16,10.0,5.62,52.94117647058824,0.0,29.411764705882355,17.647058823529413
518,0.565,1,0,14,13,10.0,5.65,57.14285714285714,14.285714285714285,7.142857142857142,21.428571428571427
519,0.67,1,0,21,20,10.0,6.7,38.095238095238095,42.857142857142854,4.761904761904762,14.285714285714285
520,0.484,1,0,18,17,10.0,4.84,33.33333333333333,16.666666666666664,5.555555555555555,44.44444444444444
521,0.626,1,0,20,19,10.0,6.26,35.0,15.0,25.0,25.0
522,0.384,1,0,11,10,8.0,3.84,27.27272727272727,9.090909090909092,9.090909090909092,54.54545454545454
523,0.514,1,0,11,10,10.0,5.14,36.36363636363637,9.090909090909092,27.27272727272727,27.27272727272727
524,0.584,1,0,18,17,10.0,5.84,50.0,0.0,0.0,50.0
525,0.54,1,0,14,13,10.0,5.4,50.0,7.142857142857142,14.285714285714285,28.57142857142857
526,0.82,1,0,26,25,10.0,8.2,26.923076923076923,7.6923076923076925,53.84615384615385,11.538461538461538
527,0.546,1,0,21,20,10.0,5.46,23.809523809523807,4.761904761904762,38.095238095238095,33.33333333333333
528,0.564,1,0,16,15,10.0,5.64,12.5,37.5,18.75,31.25
529,0.668,1,0,21,20,10.0,6.68,14.285714285714285,9.523809523809524,61.904761904761905,14.285714285714285
530,0.525,1,0,11,10,10.0,5.25,45.45454545454545,18.181818181818183,9.090909090909092,27.27272727272727
531,0.588,1,0,24,23,10.0,5.88,20.833333333333336,41.66666666666667,8.333333333333332,29.166666666666668
532,0.485,1,0,13,12,10.0,4.85,0.0,0.0,76.92307692307693,23.076923076923077
533,0.382,1,0,18,17,10.0,3.82,22.22222222222222,0.0,33.33333333333333,44.44444444444444
534,0.548,1,0,19,18,10.0,5.48,21.052631578947366,0.0,21.052631578947366,57.89473684210527
535,0.408,1,0,14,13,9.0,4.08,21.428571428571427,0.0,35.714285714285715,42.857142857142854
536,0.456,1,0,12,11,9.0,4.56,41.66666666666667,0.0,0.0,58.333333333333336
537,0.538,1,0,17,16,10.0,5.38,47.05882352941176,0.0,17.647058823529413,35.294117647058826
538,0.688,1,0,21,20,10.0,6.88,19.047619047619047,0.0,61.904761904761905,19.047619047619047
539,0.288,1,0,8,7,9.0,2.88,12.5,0.0,75.0,12.5
540,0.575,1,0,12,11,9.0,5.75,41.66666666666667,0.0,33.33333333333333,25.0
541,0.37,1,0,10,9,9.0,3.7,30.0,0.0,10.0,60.0
542,0.52,1,0,15,14,10.0,5.2,26.666666666666668,0.0,53.333333333333336,20.0
543,0.704,1,0,20,19,10.0,7.04,25.0,15.0,30.0,30.0
544,0.194,1,0,6,5,9.0,1.94,16.666666666666664,16.666666666666664,33.33333333333333,33.33333333333333
545,0.756,1,0,23,22,10.0,7.56,47.82608695652174,4.3478260869565215,13.043478260869565,34.78260869565217
546,0.492,1,0,14,13,10.0,4.92,28.57142857142857,0.0,50.0,21.428571428571427
547,0.652,1,0,24,23,10.0,6.52,12.5,0.0,29.166666666666668,58.333333333333336
548,0.396,1,0,13,12,9.0,3.96,23.076923076923077,0.0,0.0,76.92307692307693
549,0.358,1,0,11,10,10.0,3.58,0.0,0.0,81.81818181818183,18.181818181818183
550,0.624,1,0,16,15,10.0,6.24,6.25,18.75,43.75,31.25
551,0.742,1,0,25,24,10.0,7.42,24.0,8.0,52.0,16.0
552,0.516,1,0,15,14,10.0,5.16,20.0,0.0,46.666666666666664,33.33333333333333
553,0.5,1,0,19,18,10.0,5.0,10.526315789473683,36.84210526315789,5.263157894736842,47.368421052631575
554,0.624,1,0,19,18,10.0,6.24,26.31578947368421,0.0,10.526315789473683,63.1578947368421
555,0.67,1,0,14,13,10.0,6.7,50.0,0.0,7.142857142857142,42.857142857142854
556,0.5,1,0,21,20,10.0,5.0,14.285714285714285,23.809523809523807,4.761904761904762,57.14285714285714
557,0.925,1,0,15,14,10.0,9.25,60.0,6.666666666666667,0.0,33.33333333333333
558,0.548,1,0,14,13,9.0,5.48,21.428571428571427,7.142857142857142,42.857142857142854,28.57142857142857
559,0.388,1,0,10,9,9.0,3.88,30.0,30.0,20.0,20.0
560,0.334,1,0,11,10,8.0,3.34,27.27272727272727,9.090909090909092,9.090909090909092,54.54545454545454
561,0.371,1,0,14,13,10.0,3.71,14.285714285714285,0.0,0.0,85.71428571428571
562,0.38,1,0,13,12,10.0,3.8,23.076923076923077,0.0,46.15384615384615,30.76923076923077
563,0.374,1,0,11,10,10.0,3.74,0.0,36.36363636363637,9.090909090909092,54.54545454545454
564,0.456,1,0,15,14,10.0,4.56,6.666666666666667,0.0,40.0,53.333333333333336
565,0.435,1,0,10,9,10.0,4.35,20.0,0.0,20.0,60.0
566,0.432,1,0,12,11,10.0,4.32,16.666666666666664,16.666666666666664,16.666666666666664,50.0
567,0.333,1,0,11,10,9.0,3.33,9.090909090909092,0.0,9.090909090909092,81.81818181818183
568,0.51,1,0,14,13,10.0,5.1,21.428571428571427,0.0,35.714285714285715,42.857142857142854
569,0.392,1,0,12,11,10.0,3.92,41.66666666666667,8.333333333333332,0.0,50.0
570,0.478,1,0,12,11,10.0,4.78,33.33333333333333,0.0,0.0,66.66666666666666
571,0.669,1,0,15,14,10.0,6.69,26.666666666666668,0.0,13.333333333333334,60.0
572,0.8,1,0,12,11,10.0,8.0,25.0,33.33333333333333,8.333333333333332,33.33333333333333
573,0.552,1,0,18,17,10.0,5.52,44.44444444444444,11.11111111111111,33.33333333333333,11.11111111111111
574,0.418,1,0,12,11,10.0,4.18,25.0,0.0,0.0,75.0
575,0.564,1,0,19,18,10.0,5.64,0.0,0.0,57.89473684210527,42.10526315789473
576,0.628,1,0,13,12,10.0,6.28,23.076923076923077,0.0,15.384615384615385,61.53846153846154
577,0.722,1,0,18,17,10.0,7.22,44.44444444444444,0.0,27.77777777777778,27.77777777777778
578,0.339,1,0,9,8,9.0,3.39,0.0,22.22222222222222,0.0,77.77777777777779
579,0.574,1,0,24,23,10.0,5.74,66.66666666666666,0.0,16.666666666666664,16.666666666666664
580,0.744,1,0,19,18,10.0,7.44,26.31578947368421,0.0,15.789473684210526,57.89473684210527
581,0.56,1,0,12,11,10.0,5.6,25.0,0.0,50.0,25.0
582,0.722,1,0,19,18,10.0,7.22,26.31578947368421,15.789473684210526,5.263157894736842,52.63157894736842
583,0.55,1,0,20,19,10.0,5.5,55.00000000000001,5.0,0.0,40.0
584,0.544,1,0,18,17,10.0,5.44,27.77777777777778,5.555555555555555,38.88888888888889,27.77777777777778
585,0.554,1,0,17,16,10.0,5.54,17.647058823529413,0.0,52.94117647058824,29.411764705882355
586,0.336,1,0,12,11,10.0,3.36,8.333333333333332,0.0,16.666666666666664,75.0
587,0.579,1,0,22,21,10.0,5.79,9.090909090909092,22.727272727272727,18.181818181818183,50.0
588,0.532,1,0,14,13,10.0,5.32,35.714285714285715,0.0,0.0,64.28571428571429
589,0.374,1,0,10,9,9.0,3.74,20.0,10.0,30.0,40.0
590,0.432,1,0,14,13,9.0,4.32,14.285714285714285,0.0,0.0,85.71428571428571
591,0.5,1,0,18,17,10.0,5.0,16.666666666666664,5.555555555555555,44.44444444444444,33.33333333333333
592,0.321,1,0,11,10,10.0,3.21,27.27272727272727,0.0,9.090909090909092,63.63636363636363
593,0.692,1,0,25,24,10.0,6.92,36.0,0.0,12.0,52.0
594,0.484,1,0,22,21,10.0,4.84,9.090909090909092,0.0,4.545454545454546,86.36363636363636
595,0.64,1,0,17,16,10.0,6.4,5.88235294117647,5.88235294117647,17.647058823529413,70.58823529411765
596,0.426,1,0,13,12,9.0,4.26,7.6923076923076925,7.6923076923076925,15.384615384615385,69.23076923076923
597,0.572,1,0,20,19,10.0,5.72,45.0,5.0,10.0,40.0
598,0.648,1,0,17,16,10.0,6.48,17.647058823529413,5.88235294117647,35.294117647058826,41.17647058823529
599,0.408,1,0,11,10,10.0,4.08,9.090909090909092,54.54545454545454,0.0,36.36363636363637
600,0.58,1,0,13,12,10.0,5.8,0.0,0.0,30.76923076923077,69.23076923076923
601,0.81,1,0,14,13,10.0,8.1,50.0,7.142857142857142,7.142857142857142,35.714285714285715
602,0.712,1,0,18,17,10.0,7.12,16.666666666666664,11.11111111111111,11.11111111111111,61.111111111111114
603,0.501,1,0,13,12,10.0,5.01,0.0,0.0,23.076923076923077,76.92307692307693
604,0.363,1,0,12,11,10.0,3.63,41.66666666666667,0.0,16.666666666666664,41.66666666666667
605,0.54,1,0,17,16,10.0,5.4,0.0,52.94117647058824,5.88235294117647,41.17647058823529
606,0.468,1,0,14,13,10.0,4.68,50.0,7.142857142857142,0.0,42.857142857142854
607,0.572,1,0,18,17,10.0,5.72,55.55555555555556,0.0,11.11111111111111,33.33333333333333
608,0.422,1,0,12,11,10.0,4.22,33.33333333333333,25.0,0.0,41.66666666666667
609,0.415,1,0,14,13,10.0,4.15,7.142857142857142,7.142857142857142,0.0,85.71428571428571
610,0.625,1,0,14,13,10.0,6.25,7.142857142857142,0.0,71.42857142857143,21.428571428571427
611,0.428,1,0,14,13,10.0,4.28,7.142857142857142,0.0,28.57142857142857,64.28571428571429
612,0.372,1,0,13,12,9.0,3.72,7.6923076923076925,0.0,0.0,92.3076923076923
613,0.83,1,0,14,13,10.0,8.3,21.428571428571427,0.0,21.428571428571427,57.14285714285714
614,0.4,1,0,21,20,10.0,4.0,14.285714285714285,0.0,23.809523809523807,61.904761904761905
615,0.41,1,0,12,11,10.0,4.1,0.0,41.66666666666667,8.333333333333332,50.0
616,0.62,1,0,14,13,10.0,6.2,7.142857142857142,0.0,57.14285714285714,35.714285714285715
617,0.47,1,0,15,14,10.0,4.7,13.333333333333334,6.666666666666667,0.0,80.0
618,0.312,1,0,7,6,8.0,3.12,14.285714285714285,14.285714285714285,14.285714285714285,57.14285714285714
619,0.376,1,0,18,17,10.0,3.76,0.0,0.0,66.66666666666666,33.33333333333333
620,0.644,1,0,16,15,10.0,6.44,18.75,6.25,6.25,68.75
621,0.727,1,0,13,12,10.0,7.27,23.076923076923077,7.6923076923076925,15.384615384615385,53.84615384615385
622,0.358,1,0,12,11,10.0,3.58,0.0,25.0,8.333333333333332,66.66666666666666
623,0.78,1,0,16,15,10.0,7.8,6.25,0.0,37.5,56.25
624,0.481,1,0,11,10,9.0,4.81,27.27272727272727,0.0,27.27272727272727,45.45454545454545
625,0.628,1,0,16,15,9.0,6.28,18.75,6.25,0.0,75.0
626,0.544,1,0,17,16,10.0,5.44,47.05882352941176,0.0,5.88235294117647,47.05882352941176
627,0.792,1,0,14,13,10.0,7.92,42.857142857142854,14.285714285714285,7.142857142857142,35.714285714285715
628,0.68,1,0,18,17,10.0,6.8,16.666666666666664,0.0,22.22222222222222,61.111111111111114
629,0.529,1,0,12,11,10.0,5.29,8.333333333333332,0.0,25.0,66.66666666666666
630,0.479,1,0,14,13,10.0,4.79,0.0,0.0,28.57142857142857,71.42857142857143
631,0.428,1,0,14,13,10.0,4.28,35.714285714285715,0.0,0.0,64.28571428571429
632,0.548,1,0,20,19,10.0,5.48,10.0,20.0,30.0,40.0
633,0.466,1,0,12,11,9.0,4.66,16.666666666666664,0.0,58.333333333333336,25.0
634,0.254,1,0,10,9,8.0,2.54,0.0,0.0,20.0,80.0
635,0.61,1,0,12,11,10.0,6.1,16.666666666666664,0.0,16.666666666666664,66.66666666666666
636,0.564,1,0,17,16,10.0,5.64,5.88235294117647,0.0,41.17647058823529,52.94117647058824
637,0.644,1,0,19,18,10.0,6.44,47.368421052631575,0.0,36.84210526315789,15.789473684210526
638,0.64,1,0,12,11,10.0,6.4,16.666666666666664,0.0,25.0,58.333333333333336
639,0.504,1,0,12,11,8.0,5.04,8.333333333333332,0.0,33.33333333333333,58.333333333333336
640,0.572,1,0,20,19,10.0,5.72,30.0,0.0,30.0,40.0
641,0.39,1,0,17,16,10.0,3.9,23.52941176470588,0.0,0.0,76.47058823529412
642,0.485,1,0,13,12,10.0,4.85,23.076923076923077,7.6923076923076925,46.15384615384615,23.076923076923077
643,0.69,1,0,13,12,10.0,6.9,15.384615384615385,23.076923076923077,7.6923076923076925,53.84615384615385
644,0.474,1,0,17,16,10.0,4.74,5.88235294117647,11.76470588235294,11.76470588235294,70.58823529411765
645,0.468,1,0,19,18,10.0,4.68,47.368421052631575,0.0,26.31578947368421,26.31578947368421
646,0.624,1,0,21,20,10.0,6.24,9.523809523809524,0.0,9.523809523809524,80.95238095238095
647,0.41,1,0,12,11,10.0,4.1,16.666666666666664,33.33333333333333,0.0,50.0
648,0.668,1,0,14,13,10.0,6.68,35.714285714285715,0.0,28.57142857142857,35.714285714285715
649,0.705,1,0,18,17,10.0,7.05,16.666666666666664,0.0,55.55555555555556,27.77777777777778
650,0.584,1,0,17,16,10.0,5.84,35.294117647058826,0.0,29.411764705882355,35.294117647058826
651,0.686,1,0,17,16,10.0,6.86,5.88235294117647,0.0,29.411764705882355,64.70588235294117
652,0.536,1,0,15,14,10.0,5.36,53.333333333333336,13.333333333333334,6.666666666666667,26.666666666666668
653,0.584,1,0,17,16,10.0,5.84,11.76470588235294,5.88235294117647,29.411764705882355,52.94117647058824
654,0.664,1,0,19,18,10.0,6.64,10.526315789473683,5.263157894736842,15.789473684210526,68.42105263157895
655,0.516,1,0,21,20,10.0,5.16,28.57142857142857,0.0,14.285714285714285,57.14285714285714
656,0.378,1,0,13,12,10.0,3.78,0.0,0.0,15.384615384615385,84.61538461538461
657,0.423,1,0,15,14,10.0,4.23,6.666666666666667,60.0,0.0,33.33333333333333
658,0.525,1,0,13,12,10.0,5.25,7.6923076923076925,0.0,0.0,92.3076923076923
659,0.582,1,0,18,17,10.0,5.82,16.666666666666664,0.0,0.0,83.33333333333334
660,0.288,1,0,12,11,10.0,2.88,25.0,8.333333333333332,16.666666666666664,50.0
661,0.474,1,0,21,20,10.0,4.74,28.57142857142857,0.0,0.0,71.42857142857143
662,0.376,1,0,13,12,10.0,3.76,0.0,53.84615384615385,0.0,46.15384615384615
663,0.625,1,0,12,11,10.0,6.25,25.0,25.0,8.333333333333332,41.66666666666667
664,0.576,1,0,19,18,10.0,5.76,36.84210526315789,0.0,31.57894736842105,31.57894736842105
665,0.685,1,0,17,16,10.0,6.85,23.52941176470588,0.0,17.647058823529413,58.82352941176471
666,0.78,1,0,17,16,10.0,7.8,11.76470588235294,17.647058823529413,41.17647058823529,29.411764705882355
667,0.646,1,0,20,19,10.0,6.46,20.0,15.0,0.0,65.0
668,0.756,1,0,23,22,10.0,7.56,21.73913043478261,13.043478260869565,4.3478260869565215,60.86956521739131
669,0.79,1,0,13,12,10.0,7.9,23.076923076923077,7.6923076923076925,53.84615384615385,15.384615384615385
670,0.448,1,0,13,12,9.0,4.48,0.0,0.0,53.84615384615385,46.15384615384615
671,0.276,1,0,12,11,10.0,2.76,0.0,0.0,25.0,75.0
672,0.472,1,0,15,14,10.0,4.72,40.0,0.0,6.666666666666667,53.333333333333336
673,0.63,1,0,16,15,10.0,6.3,12.5,25.0,6.25,56.25
674,0.695,1,0,14,13,10.0,6.95,0.0,7.142857142857142,14.285714285714285,78.57142857142857
675,0.645,1,0,12,11,10.0,6.45,0.0,41.66666666666667,0.0,58.333333333333336
676,0.336,1,0,19,18,10.0,3.36,10.526315789473683,0.0,5.263157894736842,84.21052631578947
677,0.448,1,0,15,14,10.0,4.48,0.0,0.0,13.333333333333334,86.66666666666667
678,0.44,1,0,13,12,10.0,4.4,0.0,0.0,7.6923076923076925,92.3076923076923
679,0.347,1,0,8,7,8.0,3.47,25.0,0.0,0.0,75.0
680,0.734,1,0,19,18,10.0,7.34,21.052631578947366,0.0,0.0,78.94736842105263
681,0.7,1,0,10,9,10.0,7.0,30.0,20.0,20.0,30.0
682,0.524,1,0,11,10,9.0,5.24,18.181818181818183,0.0,18.181818181818183,63.63636363636363
683,0.44,1,0,7,6,10.0,4.4,14.285714285714285,42.857142857142854,0.0,42.857142857142854
684,0.328,1,0,15,14,10.0,3.28,0.0,13.333333333333334,0.0,86.66666666666667
685,0.533,1,0,17,16,10.0,5.33,0.0,5.88235294117647,0.0,94.11764705882352
686,0.51,1,0,10,9,10.0,5.1,10.0,0.0,50.0,40.0
687,0.545,1,0,12,11,10.0,5.45,0.0,0.0,50.0,50.0
688,0.52,1,0,15,14,10.0,5.2,26.666666666666668,0.0,20.0,53.333333333333336
689,0.491,1,0,15,14,10.0,4.91,46.666666666666664,6.666666666666667,0.0,46.666666666666664
690,0.598,1,0,13,12,10.0,5.98,7.6923076923076925,0.0,61.53846153846154,30.76923076923077
691,0.528,1,0,18,17,9.0,5.28,0.0,0.0,44.44444444444444,55.55555555555556
692,0.444,1,0,9,8,8.0,4.44,33.33333333333333,0.0,11.11111111111111,55.55555555555556
693,0.272,1,0,10,9,7.0,2.72,10.0,10.0,0.0,80.0
694,0.65,1,0,12,11,10.0,6.5,16.666666666666664,0.0,25.0,58.333333333333336
695,0.564,1,0,17,16,10.0,5.64,17.647058823529413,47.05882352941176,0.0,35.294117647058826
696,0.709,1,0,19,18,10.0,7.09,5.263157894736842,26.31578947368421,0.0,68.42105263157895
697,0.67,1,0,21,20,10.0,6.7,28.57142857142857,0.0,9.523809523809524,61.904761904761905
698,0.488,1,0,12,11,10.0,4.88,16.666666666666664,0.0,25.0,58.333333333333336
699,0.446,1,0,13,12,10.0,4.46,7.6923076923076925,38.46153846153847,0.0,53.84615384615385
700,0.371,1,0,13,12,10.0,3.71,0.0,7.6923076923076925,30.76923076923077,61.53846153846154
701,0.51,1,0,15,14,10.0,5.1,20.0,0.0,0.0,80.0
702,0.486,1,0,19,18,10.0,4.86,10.526315789473683,5.263157894736842,5.263157894736842,78.94736842105263
703,0.42,1,0,8,7,10.0,4.2,0.0,25.0,0.0,75.0
704,0.298,1,0,11,10,10.0,2.98,9.090909090909092,0.0,63.63636363636363,27.27272727272727
705,0.372,1,0,15,14,10.0,3.72,6.666666666666667,13.333333333333334,13.333333333333334,66.66666666666666
706,0.736,1,0,19,18,10.0,7.36,26.31578947368421,5.263157894736842,21.052631578947366,47.368421052631575
707,0.484,1,0,14,13,10.0,4.84,28.57142857142857,7.142857142857142,0.0,64.28571428571429
708,0.377,1,0,15,14,10.0,3.77,0.0,40.0,0.0,60.0
709,0.558,1,0,14,13,10.0,5.58,42.857142857142854,0.0,0.0,57.14285714285714
710,0.54,1,0,10,9,10.0,5.4,10.0,0.0,20.0,70.0
711,0.624,1,0,17,16,10.0,6.24,5.88235294117647,0.0,29.411764705882355,64.70588235294117
712,0.471,1,0,12,11,10.0,4.71,8.333333333333332,0.0,58.333333333333336,33.33333333333333
713,0.584,1,0,14,13,10.0,5.84,7.142857142857142,21.428571428571427,21.428571428571427,50.0
714,0.408,1,0,14,13,9.0,4.08,28.57142857142857,0.0,7.142857142857142,64.28571428571429
715,0.486,1,0,19,18,10.0,4.86,5.263157894736842,0.0,0.0,94.73684210526315
716,0.612,1,0,24,23,10.0,6.12,20.833333333333336,0.0,54.166666666666664,25.0
717,0.294,1,0,13,12,10.0,2.94,7.6923076923076925,15.384615384615385,0.0,76.92307692307693
718,0.396,1,0,12,11,10.0,3.96,0.0,0.0,25.0,75.0
719,0.363,1,0,11,10,10.0,3.63,0.0,45.45454545454545,0.0,54.54545454545454
720,0.47,1,0,14,13,10.0,4.7,28.57142857142857,0.0,21.428571428571427,50.0
721,0.566,1,0,19,18,10.0,5.66,10.526315789473683,0.0,47.368421052631575,42.10526315789473
722,0.406,1,0,12,11,9.0,4.06,33.33333333333333,0.0,33.33333333333333,33.33333333333333
723,0.396,1,0,14,13,10.0,3.96,50.0,0.0,14.285714285714285,35.714285714285715
724,0.536,1,0,19,18,10.0,5.36,26.31578947368421,0.0,0.0,73.68421052631578
725,0.69,1,0,15,14,10.0,6.9,6.666666666666667,20.0,0.0,73.33333333333333
726,0.4,1,0,12,11,10.0,4.0,50.0,0.0,0.0,50.0
727,0.442,1,0,15,14,9.0,4.42,20.0,13.333333333333334,0.0,66.66666666666666
728,0.628,1,0,20,19,10.0,6.28,10.0,20.0,0.0,70.0
729,0.606,1,0,14,13,10.0,6.06,0.0,0.0,57.14285714285714,42.857142857142854
730,0.394,1,0,17,16,10.0,3.94,5.88235294117647,0.0,29.411764705882355,64.70588235294117
731,0.68,1,0,23,22,10.0,6.8,13.043478260869565,0.0,4.3478260869565215,82.6086956521739
732,0.68,1,0,13,12,10.0,6.8,23.076923076923077,0.0,0.0,76.92307692307693
733,0.547,1,0,15,14,10.0,5.47,20.0,0.0,46.666666666666664,33.33333333333333
734,0.597,1,0,19,18,10.0,5.97,0.0,0.0,31.57894736842105,68.42105263157895
735,0.594,1,0,21,20,10.0,5.94,14.285714285714285,0.0,19.047619047619047,66.66666666666666
736,0.495,1,0,17,16,10.0,4.95,5.88235294117647,0.0,11.76470588235294,82.35294117647058
737,0.595,1,0,9,8,9.0,5.95,11.11111111111111,0.0,44.44444444444444,44.44444444444444
738,0.684,1,0,17,16,10.0,6.84,29.411764705882355,0.0,5.88235294117647,64.70588235294117
739,0.49,1,0,15,14,10.0,4.9,13.333333333333334,6.666666666666667,0.0,80.0
740,0.58,1,0,14,13,10.0,5.8,14.285714285714285,0.0,35.714285714285715,50.0
741,0.561,1,0,20,19,10.0,5.61,10.0,5.0,5.0,80.0
742,0.465,1,0,12,11,10.0,4.65,33.33333333333333,0.0,0.0,66.66666666666666
743,0.368,1,0,10,9,10.0,3.68,0.0,10.0,70.0,20.0
744,0.382,1,0,12,11,10.0,3.82,41.66666666666667,0.0,0.0,58.333333333333336
745,0.502,1,0,10,9,10.0,5.02,0.0,10.0,0.0,90.0
746,0.366,1,0,12,11,9.0,3.66,8.333333333333332,0.0,0.0,91.66666666666666
747,0.392,1,0,15,14,10.0,3.92,40.0,6.666666666666667,0.0,53.333333333333336
748,0.446,1,0,18,17,10.0,4.46,16.666666666666664,0.0,0.0,83.33333333333334
749,0.6,1,0,15,14,10.0,6.0,0.0,6.666666666666667,33.33333333333333,60.0
750,0.62,1,0,12,11,10.0,6.2,8.333333333333332,0.0,33.33333333333333,58.333333333333336
751,0.473,1,0,20,19,10.0,4.73,0.0,0.0,75.0,25.0
752,0.54,1,0,10,9,10.0,5.4,0.0,0.0,50.0,50.0
753,0.558,1,0,23,22,10.0,5.58,8.695652173913043,0.0,0.0,91.30434782608695
754,0.353,1,0,16,15,9.0,3.53,0.0,0.0,25.0,75.0
755,0.484,1,0,15,14,10.0,4.84,6.666666666666667,0.0,53.333333333333336,40.0
756,0.832,1,0,17,16,10.0,8.32,35.294117647058826,0.0,35.294117647058826,29.411764705882355
757,0.402,1,0,14,13,8.0,4.02,0.0,0.0,42.857142857142854,57.14285714285714
758,0.371,1,0,16,15,9.0,3.71,0.0,0.0,31.25,68.75
759,0.496,1,0,19,18,10.0,4.96,42.10526315789473,0.0,10.526315789473683,47.368421052631575
760,0.564,1,0,14,13,10.0,5.64,0.0,35.714285714285715,28.57142857142857,35.714285714285715
761,0.549,1,0,13,12,10.0,5.49,0.0,0.0,76.92307692307693,23.076923076923077
762,0.439,1,0,12,11,10.0,4.39,8.333333333333332,8.333333333333332,0.0,83.33333333333334
763,0.442,1,0,17,16,10.0,4.42,29.411764705882355,0.0,41.17647058823529,29.411764705882355
764,0.4,1,0,16,15,10.0,4.0,0.0,0.0,37.5,62.5
765,0.755,1,0,16,15,10.0,7.55,12.5,18.75,0.0,68.75
766,0.394,1,0,10,9,9.0,3.94,10.0,0.0,30.0,60.0
767,0.622,1,0,14,13,10.0,6.22,14.285714285714285,0.0,14.285714285714285,71.42857142857143
768,0.534,1,0,25,24,10.0,5.34,4.0,4.0,44.0,48.0
769,0.48,1,0,12,11,10.0,4.8,16.666666666666664,8.333333333333332,0.0,75.0
770,0.625,1,0,13,12,10.0,6.25,23.076923076923077,7.6923076923076925,38.46153846153847,30.76923076923077
771,0.508,1,0,16,15,10.0,5.08,25.0,6.25,31.25,37.5
772,0.526,1,0,21,20,10.0,5.26,14.285714285714285,4.761904761904762,9.523809523809524,71.42857142857143
773,0.616,1,0,18,17,10.0,6.16,38.88888888888889,0.0,0.0,61.111111111111114
774,0.548,1,0,13,12,10.0,5.48,23.076923076923077,0.0,0.0,76.92307692307693
775,0.466,1,0,15,14,10.0,4.66,0.0,0.0,33.33333333333333,66.66666666666666
776,0.584,1,0,18,17,10.0,5.84,11.11111111111111,33.33333333333333,27.77777777777778,27.77777777777778
777,0.679,1,0,23,22,10.0,6.79,52.17391304347826,0.0,4.3478260869565215,43.47826086956522
778,0.575,1,0,11,10,10.0,5.75,0.0,18.181818181818183,9.090909090909092,72.72727272727273
779,0.596,1,0,14,13,10.0,5.96,28.57142857142857,0.0,0.0,71.42857142857143
780,0.46,1,0,19,18,10.0,4.6,5.263157894736842,36.84210526315789,5.263157894736842,52.63157894736842
781,0.376,1,0,14,13,9.0,3.76,14.285714285714285,0.0,28.57142857142857,57.14285714285714
782,0.552,1,0,17,16,9.0,5.52,11.76470588235294,0.0,0.0,88.23529411764706
783,0.404,1,0,14,13,10.0,4.04,0.0,0.0,64.28571428571429,35.714285714285715
784,0.606,1,0,22,21,10.0,6.06,22.727272727272727,0.0,50.0,27.27272727272727
785,0.72,1,0,20,19,10.0,7.2,30.0,0.0,50.0,20.0
786,0.53,1,0,11,10,10.0,5.3,0.0,0.0,36.36363636363637,63.63636363636363
787,0.83,1,0,16,15,10.0,8.3,31.25,12.5,6.25,50.0
788,0.655,1,0,18,17,10.0,6.55,11.11111111111111,0.0,16.666666666666664,72.22222222222221
789,0.84,1,0,15,14,10.0,8.4,26.666666666666668,0.0,46.666666666666664,26.666666666666668
790,0.364,1,0,15,14,10.0,3.64,6.666666666666667,0.0,26.666666666666668,66.66666666666666
791,0.514,1,0,13,12,10.0,5.14,46.15384615384615,0.0,0.0,53.84615384615385
792,0.571,1,0,20,19,10.0,5.71,0.0,5.0,20.0,75.0
793,0.528,1,0,14,13,10.0,5.28,35.714285714285715,14.285714285714285,0.0,50.0
794,0.61,1,0,13,12,9.0,6.1,23.076923076923077,0.0,0.0,76.92307692307693
795,0.424,1,0,10,9,9.0,4.24,10.0,0.0,0.0,90.0
796,0.76,1,0,13,12,10.0,7.6,30.76923076923077,23.076923076923077,7.6923076923076925,38.46153846153847
797,0.5,1,0,20,19,10.0,5.0,10.0,40.0,20.0,30.0
798,0.634,1,0,25,24,10.0,6.34,8.0,12.0,20.0,60.0
799,0.726,1,0,18,17,10.0,7.26,0.0,11.11111111111111,0.0,88.88888888888889
800,0.51,1,0,16,15,10.0,5.1,25.0,6.25,25.0,43.75
801,0.476,1,0,14,13,10.0,4.76,21.428571428571427,7.142857142857142,7.142857142857142,64.28571428571429
802,0.575,1,0,12,11,10.0,5.75,0.0,0.0,33.33333333333333,66.66666666666666
803,0.272,1,0,8,7,10.0,2.72,0.0,0.0,50.0,50.0
804,0.557,1,0,17,16,10.0,5.57,23.52941176470588,23.52941176470588,0.0,52.94117647058824
805,0.556,1,0,18,17,10.0,5.56,33.33333333333333,0.0,11.11111111111111,55.55555555555556
806,0.704,1,0,14,13,10.0,7.04,21.428571428571427,7.142857142857142,7.142857142857142,64.28571428571429
807,0.406,1,0,13,12,10.0,4.06,23.076923076923077,0.0,23.076923076923077,53.84615384615385
808,0.363,1,0,12,11,10.0,3.63,0.0,0.0,33.33333333333333,66.66666666666666
809,0.43,1,0,14,13,9.0,4.3,0.0,0.0,42.857142857142854,57.14285714285714
810,0.568,1,0,21,20,10.0,5.68,23.809523809523807,19.047619047619047,19.047619047619047,38.095238095238095
811,0.495,1,0,11,10,9.0,4.95,9.090909090909092,0.0,36.36363636363637,54.54545454545454
812,0.776,1,0,23,22,10.0,7.76,60.86956521739131,0.0,8.695652173913043,30.434782608695656
813,0.7,1,0,13,12,10.0,7.0,7.6923076923076925,15.384615384615385,7.6923076923076925,69.23076923076923
814,0.79,1,0,18,17,10.0,7.9,22.22222222222222,0.0,16.666666666666664,61.111111111111114
815,0.53,1,0,14,13,10.0,5.3,21.428571428571427,0.0,0.0,78.57142857142857
816,0.576,1,0,17,16,10.0,5.76,11.76470588235294,23.52941176470588,0.0,64.70588235294117
817,0.352,1,0,11,10,9.0,3.52,9.090909090909092,9.090909090909092,27.27272727272727,54.54545454545454
818,0.572,1,0,19,18,10.0,5.72,0.0,0.0,0.0,100.0
819,0.71,1,0,11,10,10.0,7.1,27.27272727272727,9.090909090909092,18.181818181818183,45.45454545454545
820,0.612,1,0,25,24,10.0,6.12,20.0,0.0,12.0,68.0
821,0.592,1,0,16,15,10.0,5.92,31.25,0.0,0.0,68.75
822,0.484,1,0,15,14,10.0,4.84,6.666666666666667,13.333333333333334,6.666666666666667,73.33333333333333
823,0.4,1,0,13,12,10.0,4.0,38.46153846153847,0.0,0.0,61.53846153846154
824,0.525,1,0,13,12,10.0,5.25,7.6923076923076925,0.0,46.15384615384615,46.15384615384615
825,0.552,1,0,16,15,10.0,5.52,18.75,31.25,18.75,31.25
826,0.516,1,0,18,17,10.0,5.16,0.0,16.666666666666664,16.666666666666664,66.66666666666666
827,0.498,1,0,15,14,9.0,4.98,0.0,0.0,20.0,80.0
828,0.594,1,0,17,16,10.0,5.94,5.88235294117647,0.0,29.411764705882355,64.70588235294117
829,0.408,1,0,12,11,10.0,4.08,25.0,0.0,0.0,75.0
830,0.598,1,0,19,18,10.0,5.98,26.31578947368421,0.0,31.57894736842105,42.10526315789473
831,0.341,1,0,14,13,9.0,3.41,0.0,7.142857142857142,42.857142857142854,50.0
832,0.469,1,0,15,14,10.0,4.69,46.666666666666664,6.666666666666667,0.0,46.666666666666664
833,0.508,1,0,13,12,10.0,5.08,7.6923076923076925,23.076923076923077,7.6923076923076925,61.53846153846154
834,0.606,1,0,18,17,10.0,6.06,33.33333333333333,16.666666666666664,33.33333333333333,16.666666666666664
835,0.644,1,0,19,18,10.0,6.44,10.526315789473683,10.526315789473683,47.368421052631575,31.57894736842105
836,0.291,1,0,9,8,9.0,2.91,0.0,0.0,0.0,100.0
837,0.552,1,0,15,14,10.0,5.52,13.333333333333334,0.0,13.333333333333334,73.33333333333333
838,0.522,1,0,16,15,10.0,5.22,25.0,25.0,6.25,43.75
839,0.505,1,0,15,14,10.0,5.05,13.333333333333334,0.0,26.666666666666668,60.0
840,0.498,1,0,17,16,10.0,4.98,17.647058823529413,0.0,5.88235294117647,76.47058823529412
841,0.628,1,0,15,14,10.0,6.28,0.0,0.0,86.66666666666667,13.333333333333334
842,0.616,1,0,15,14,10.0,6.16,0.0,20.0,13.333333333333334,66.66666666666666
843,0.568,1,0,12,11,10.0,5.68,33.33333333333333,0.0,25.0,41.66666666666667
844,0.454,1,0,16,15,10.0,4.54,12.5,0.0,31.25,56.25
845,0.472,1,0,13,12,10.0,4.72,23.076923076923077,0.0,15.384615384615385,61.53846153846154
846,0.348,1,0,11,10,10.0,3.48,18.181818181818183,0.0,9.090909090909092,72.72727272727273
847,0.488,1,0,15,14,10.0,4.88,20.0,0.0,0.0,80.0
848,0.408,1,0,10,9,10.0,4.08,20.0,0.0,0.0,80.0
849,0.8,1,0,16,15,10.0,8.0,31.25,0.0,12.5,56.25
850,0.693,1,0,19,18,10.0,6.93,15.789473684210526,0.0,47.368421052631575,36.84210526315789
851,0.62,1,0,21,20,10.0,6.2,19.047619047619047,0.0,23.809523809523807,57.14285714285714
852,0.443,1,0,13,12,10.0,4.43,0.0,30.76923076923077,0.0,69.23076923076923
853,0.311,1,0,13,12,10.0,3.11,0.0,15.384615384615385,0.0,84.61538461538461
854,0.835,1,0,16,15,10.0,8.35,18.75,0.0,68.75,12.5
855,0.701,1,0,18,17,10.0,7.01,55.55555555555556,0.0,27.77777777777778,16.666666666666664
856,0.496,1,0,18,17,10.0,4.96,16.666666666666664,0.0,44.44444444444444,38.88888888888889
857,0.579,1,0,16,15,10.0,5.79,31.25,0.0,0.0,68.75
858,0.74,1,0,16,15,10.0,7.4,50.0,6.25,0.0,43.75
859,0.555,1,0,14,13,10.0,5.55,35.714285714285715,0.0,35.714285714285715,28.57142857142857
860,0.587,1,0,13,12,10.0,5.87,0.0,0.0,30.76923076923077,69.23076923076923
861,0.515,1,0,10,9,10.0,5.15,10.0,20.0,0.0,70.0
862,0.554,1,0,16,15,10.0,5.54,6.25,0.0,12.5,81.25
863,0.553,1,0,14,13,10.0,5.53,14.285714285714285,35.714285714285715,0.0,50.0
864,0.644,1,0,26,25,10.0,6.44,11.538461538461538,0.0,34.61538461538461,53.84615384615385
865,0.585,1,0,12,11,10.0,5.85,8.333333333333332,0.0,0.0,91.66666666666666
866,0.405,1,0,10,9,10.0,4.05,50.0,0.0,0.0,50.0
867,0.525,1,0,18,17,9.0,5.25,11.11111111111111,0.0,16.666666666666664,72.22222222222221
868,0.508,1,0,15,14,10.0,5.08,0.0,0.0,40.0,60.0
869,0.602,1,0,21,20,10.0,6.02,38.095238095238095,9.523809523809524,0.0,52.38095238095239
870,0.686,1,0,20,19,10.0,6.86,15.0,0.0,0.0,85.0
871,0.56,1,0,19,18,10.0,5.6,0.0,0.0,21.052631578947366,78.94736842105263
872,0.508,1,0,15,14,10.0,5.08,20.0,0.0,20.0,60.0
873,0.476,1,0,14,13,10.0,4.76,35.714285714285715,0.0,35.714285714285715,28.57142857142857
874,0.494,1,0,21,20,10.0,4.94,23.809523809523807,28.57142857142857,9.523809523809524,38.095238095238095
875,0.563,1,0,17,16,10.0,5.63,5.88235294117647,0.0,35.294117647058826,58.82352941176471
876,0.573,1,0,15,14,10.0,5.73,33.33333333333333,0.0,13.333333333333334,53.333333333333336
877,0.38,1,0,8,7,10.0,3.8,25.0,0.0,50.0,25.0
878,0.73,1,0,16,15,10.0,7.3,18.75,25.0,0.0,56.25
879,0.582,1,0,18,17,10.0,5.82,11.11111111111111,0.0,0.0,88.88888888888889
880,0.65,1,0,14,13,10.0,6.5,21.428571428571427,42.857142857142854,0.0,35.714285714285715
881,0.54,1,0,14,13,10.0,5.4,35.714285714285715,14.285714285714285,7.142857142857142,42.857142857142854
882,0.541,1,0,12,11,10.0,5.41,16.666666666666664,16.666666666666664,41.66666666666667,25.0
883,0.356,1,0,8,7,8.0,3.56,0.0,0.0,50.0,50.0
884,0.443,1,0,16,15,9.0,4.43,0.0,0.0,75.0,25.0
885,0.694,1,0,15,14,10.0,6.94,20.0,6.666666666666667,40.0,33.33333333333333
886,0.75,1,0,15,14,10.0,7.5,13.333333333333334,33.33333333333333,0.0,53.333333333333336
887,0.598,1,0,17,16,10.0,5.98,11.76470588235294,0.0,70.58823529411765,17.647058823529413
888,0.554,1,0,17,16,10.0,5.54,11.76470588235294,0.0,0.0,88.23529411764706
889,0.525,1,0,8,7,10.0,5.25,12.5,37.5,0.0,50.0
890,0.292,1,0,15,14,10.0,2.92,0.0,26.666666666666668,0.0,73.33333333333333
891,0.485,1,0,11,10,10.0,4.85,27.27272727272727,0.0,0.0,72.72727272727273
892,0.685,1,0,13,12,10.0,6.85,30.76923076923077,0.0,0.0,69.23076923076923
893,0.452,1,0,15,14,10.0,4.52,6.666666666666667,0.0,33.33333333333333,60.0
894,0.448,1,0,11,10,10.0,4.48,45.45454545454545,0.0,0.0,54.54545454545454
895,0.486,1,0,15,14,10.0,4.86,60.0,0.0,20.0,20.0
896,0.554,1,0,14,13,10.0,5.54,35.714285714285715,0.0,14.285714285714285,50.0
897,0.643,1,0,13,12,10.0,6.43,15.384615384615385,0.0,30.76923076923077,53.84615384615385
898,0.634,1,0,17,16,10.0,6.34,0.0,0.0,47.05882352941176,52.94117647058824
899,0.536,1,0,15,14,10.0,5.36,13.333333333333334,0.0,20.0,66.66666666666666
900,0.61,1,0,22,21,10.0,6.1,18.181818181818183,0.0,54.54545454545454,27.27272727272727
901,0.482,1,0,15,14,10.0,4.82,0.0,0.0,46.666666666666664,53.333333333333336
902,0.514,1,0,15,14,10.0,5.14,46.666666666666664,0.0,6.666666666666667,46.666666666666664
903,0.56,1,0,24,23,10.0,5.6,25.0,16.666666666666664,0.0,58.333333333333336
904,0.6,1,0,18,17,10.0,6.0,55.55555555555556,11.11111111111111,0.0,33.33333333333333
905,0.605,1,0,14,13,10.0,6.05,35.714285714285715,0.0,0.0,64.28571428571429
906,0.375,1,0,11,10,9.0,3.75,45.45454545454545,0.0,18.181818181818183,36.36363636363637
907,0.598,1,0,24,23,10.0,5.98,0.0,0.0,0.0,100.0
908,0.422,1,0,15,14,10.0,4.22,0.0,0.0,60.0,40.0
909,0.426,1,0,12,11,9.0,4.26,8.333333333333332,0.0,58.333333333333336,33.33333333333333
910,0.73,1,0,12,11,10.0,7.3,33.33333333333333,33.33333333333333,0.0,33.33333333333333
911,0.57,1,0,17,16,10.0,5.7,29.411764705882355,0.0,23.52941176470588,47.05882352941176
912,0.75,1,0,11,10,10.0,7.5,18.181818181818183,18.181818181818183,9.090909090909092,54.54545454545454
913,0.388,1,0,10,9,8.0,3.88,10.0,40.0,0.0,50.0
914,0.614,1,0,24,23,10.0,6.14,0.0,4.166666666666666,37.5,58.333333333333336
915,0.53,1,0,10,9,9.0,5.3,0.0,0.0,30.0,70.0
916,0.344,1,0,14,13,8.0,3.44,7.142857142857142,0.0,14.285714285714285,78.57142857142857
917,0.504,1,0,16,15,10.0,5.04,31.25,18.75,12.5,37.5
918,0.355,1,0,12,11,10.0,3.55,0.0,0.0,66.66666666666666,33.33333333333333
919,0.528,1,0,18,17,10.0,5.28,0.0,16.666666666666664,0.0,83.33333333333334
920,0.597,1,0,16,15,10.0,5.97,25.0,0.0,31.25,43.75
921,0.384,1,0,11,10,9.0,3.84,18.181818181818183,0.0,0.0,81.81818181818183
922,0.408,1,0,12,11,10.0,4.08,8.333333333333332,0.0,33.33333333333333,58.333333333333336
923,0.46,1,0,24,23,10.0,4.6,16.666666666666664,0.0,37.5,45.83333333333333
924,0.88,1,0,16,15,10.0,8.8,37.5,25.0,0.0,37.5
925,0.409,1,0,16,15,10.0,4.09,31.25,0.0,43.75,25.0
926,0.524,1,0,18,17,10.0,5.24,11.11111111111111,0.0,0.0,88.88888888888889
927,0.76,1,0,15,14,10.0,7.6,33.33333333333333,20.0,0.0,46.666666666666664
928,0.466,1,0,20,19,10.0,4.66,40.0,10.0,0.0,50.0
929,0.352,1,0,13,12,10.0,3.52,0.0,0.0,38.46153846153847,61.53846153846154
930,0.512,1,0,19,18,10.0,5.12,36.84210526315789,0.0,10.526315789473683,52.63157894736842
931,0.571,1,0,14,13,10.0,5.71,35.714285714285715,21.428571428571427,0.0,42.857142857142854
932,0.569,1,0,18,17,10.0,5.69,72.22222222222221,0.0,5.555555555555555,22.22222222222222
933,0.436,1,0,11,10,10.0,4.36,9.090909090909092,0.0,9.090909090909092,81.81818181818183
934,0.487,1,0,16,15,10.0,4.87,12.5,0.0,18.75,68.75
935,0.445,1,0,15,14,10.0,4.45,53.333333333333336,0.0,0.0,46.666666666666664
936,0.642,1,0,18,17,10.0,6.42,38.88888888888889,0.0,22.22222222222222,38.88888888888889
937,0.596,1,0,17,16,10.0,5.96,11.76470588235294,0.0,17.647058823529413,70.58823529411765
938,0.583,1,0,15,14,10.0,5.83,13.333333333333334,20.0,6.666666666666667,60.0
939,0.63,1,0,12,11,10.0,6.3,8.333333333333332,8.333333333333332,0.0,83.33333333333334
940,0.72,1,0,14,13,10.0,7.2,28.57142857142857,0.0,21.428571428571427,50.0
941,0.434,1,0,13,12,10.0,4.34,46.15384615384615,0.0,23.076923076923077,30.76923076923077
942,0.56,1,0,17,16,10.0,5.6,17.647058823529413,29.411764705882355,17.647058823529413,35.294117647058826
943,0.404,1,0,14,13,10.0,4.04,0.0,0.0,7.142857142857142,92.85714285714286
944,0.45,1,0,15,14,10.0,4.5,20.0,0.0,0.0,80.0
945,0.428,1,0,13,12,10.0,4.28,15.384615384615385,0.0,7.6923076923076925,76.92307692307693
946,0.524,1,0,16,15,10.0,5.24,6.25,0.0,18.75,75.0
947,0.288,1,0,9,8,8.0,2.88,44.44444444444444,0.0,0.0,55.55555555555556
948,0.62,1,0,18,17,10.0,6.2,22.22222222222222,0.0,11.11111111111111,66.66666666666666
949,0.306,1,0,12,11,9.0,3.06,8.333333333333332,0.0,41.66666666666667,50.0
950,0.517,1,0,15,14,10.0,5.17,60.0,0.0,0.0,40.0
951,0.685,1,0,14,13,9.0,6.85,21.428571428571427,28.57142857142857,0.0,50.0
952,0.584,1,0,19,18,10.0,5.84,26.31578947368421,21.052631578947366,10.526315789473683,42.10526315789473
953,0.508,1,0,15,14,10.0,5.08,13.333333333333334,0.0,6.666666666666667,80.0
954,0.468,1,0,10,9,9.0,4.68,40.0,20.0,0.0,40.0
955,0.805,1,0,16,15,10.0,8.05,6.25,0.0,37.5,56.25
956,0.469,1,0,12,11,10.0,4.69,8.333333333333332,0.0,75.0,16.666666666666664
957,0.412,1,0,10,9,10.0,4.12,0.0,0.0,20.0,80.0
958,0.412,1,0,11,10,9.0,4.12,18.181818181818183,0.0,9.090909090909092,72.72727272727273
959,0.468,1,0,14,13,10.0,4.68,0.0,28.57142857142857,0.0,71.42857142857143
960,0.634,1,0,16,15,10.0,6.34,37.5,0.0,6.25,56.25
961,0.3,1,0,13,12,9.0,3.0,0.0,15.384615384615385,23.076923076923077,61.53846153846154
962,0.52,1,0,9,8,10.0,5.2,11.11111111111111,0.0,0.0,88.88888888888889
963,0.596,1,0,12,11,10.0,5.96,25.0,8.333333333333332,0.0,66.66666666666666
964,0.356,1,0,11,10,10.0,3.56,0.0,9.090909090909092,9.090909090909092,81.81818181818183
965,0.825,1,0,17,16,10.0,8.25,41.17647058823529,0.0,0.0,58.82352941176471
966,0.436,1,0,15,14,10.0,4.36,0.0,0.0,33.33333333333333,66.66666666666666
967,0.54,1,0,11,10,10.0,5.4,0.0,0.0,36.36363636363637,63.63636363636363
968,0.678,1,0,18,17,10.0,6.78,33.33333333333333,11.11111111111111,0.0,55.55555555555556
969,0.625,1,0,14,13,10.0,6.25,0.0,0.0,0.0,100.0
970,0.668,1,0,32,31,10.0,6.68,12.5,6.25,40.625,40.625
971,0.526,1,0,16,15,10.0,5.26,37.5,0.0,12.5,50.0
972,0.596,1,0,14,13,10.0,5.96,14.285714285714285,0.0,57.14285714285714,28.57142857142857
973,0.556,1,0,20,19,10.0,5.56,10.0,0.0,15.0,75.0
974,0.5,1,0,21,20,10.0,5.0,0.0,0.0,0.0,100.0
975,0.428,1,0,15,14,10.0,4.28,13.333333333333334,0.0,6.666666666666667,80.0
976,0.358,1,0,10,9,10.0,3.58,0.0,60.0,0.0,40.0
977,0.672,1,0,19,18,10.0,6.72,26.31578947368421,5.263157894736842,5.263157894736842,63.1578947368421
978,0.404,1,0,11,10,10.0,4.04,0.0,0.0,45.45454545454545,54.54545454545454
979,0.312,1,0,10,9,10.0,3.12,20.0,0.0,0.0,80.0
980,0.406,1,0,13,12,10.0,4.06,23.076923076923077,7.6923076923076925,0.0,69.23076923076923
981,0.328,1,0,8,7,8.0,3.28,0.0,0.0,12.5,87.5
982,0.505,1,0,11,10,10.0,5.05,27.27272727272727,18.181818181818183,9.090909090909092,45.45454545454545
983,0.456,1,0,15,14,10.0,4.56,13.333333333333334,0.0,6.666666666666667,80.0
984,0.304,1,0,10,9,10.0,3.04,10.0,0.0,40.0,50.0
985,0.208,1,0,9,8,8.0,2.08,0.0,22.22222222222222,0.0,77.77777777777779
986,0.875,1,0,14,13,10.0,8.75,28.57142857142857,0.0,57.14285714285714,14.285714285714285
987,0.498,1,0,12,11,10.0,4.98,16.666666666666664,0.0,0.0,83.33333333333334
988,0.693,1,0,15,14,10.0,6.93,33.33333333333333,0.0,33.33333333333333,33.33333333333333
989,0.588,1,0,18,17,10.0,5.88,0.0,0.0,83.33333333333334,16.666666666666664
990,0.635,1,0,10,9,10.0,6.35,10.0,10.0,30.0,50.0
991,0.346,1,0,10,9,9.0,3.46,10.0,0.0,0.0,90.0
992,0.595,1,0,18,17,10.0,5.95,11.11111111111111,0.0,44.44444444444444,44.44444444444444
993,0.36,1,0,13,12,10.0,3.6,7.6923076923076925,0.0,46.15384615384615,46.15384615384615
994,0.64,1,0,13,12,10.0,6.4,30.76923076923077,7.6923076923076925,0.0,61.53846153846154
995,0.542,1,0,12,11,10.0,5.42,16.666666666666664,0.0,41.66666666666667,41.66666666666667
996,0.562,1,0,22,21,10.0,5.62,22.727272727272727,0.0,9.090909090909092,68.18181818181817
997,0.618,1,0,19,18,10.0,6.18,10.526315789473683,5.263157894736842,68.42105263157895,15.789473684210526
998,0.58,1,0,18,17,10.0,5.8,0.0,0.0,11.11111111111111,88.88888888888889
999,0.436,1,0,13,12,10.0,4.36,38.46153846153847,0.0,0.0,61.53846153846154
1000,0.735,1,0,27,26,10.0,7.35,18.51851851851852,22.22222222222222,33.33333333333333,25.925925925925924
1001,0.624,1,0,18,17,10.0,6.24,11.11111111111111,38.88888888888889,0.0,50.0
1002,0.558,1,0,15,14,10.0,5.58,20.0,0.0,46.666666666666664,33.33333333333333
1003,0.384,1,0,13,12,10.0,3.84,15.384615384615385,0.0,38.46153846153847,46.15384615384615
1004,0.62,1,0,12,11,10.0,6.2,0.0,16.666666666666664,25.0,58.333333333333336
1005,0.527,1,0,18,17,10.0,5.27,44.44444444444444,0.0,22.22222222222222,33.33333333333333
1006,0.68,1,0,13,12,10.0,6.8,15.384615384615385,38.46153846153847,0.0,46.15384615384615
1007,0.516,1,0,18,17,10.0,5.16,11.11111111111111,5.555555555555555,27.77777777777778,55.55555555555556
1008,0.633,1,0,14,13,10.0,6.33,42.857142857142854,0.0,14.285714285714285,42.857142857142854
1009,0.53,1,0,11,10,10.0,5.3,0.0,0.0,54.54545454545454,45.45454545454545
1010,0.557,1,0,16,15,10.0,5.57,43.75,0.0,6.25,50.0
1011,0.576,1,0,21,20,10.0,5.76,14.285714285714285,23.809523809523807,9.523809523809524,52.38095238095239
1012,0.64,1,0,16,15,10.0,6.4,6.25,0.0,62.5,31.25
1013,0.65,1,0,11,10,9.0,6.5,18.181818181818183,9.090909090909092,0.0,72.72727272727273
1014,0.55,1,0,14,13,10.0,5.5,7.142857142857142,0.0,0.0,92.85714285714286
1015,0.668,1,0,28,27,10.0,6.68,25.0,0.0,50.0,25.0
1016,0.592,1,0,17,16,10.0,5.92,47.05882352941176,5.88235294117647,11.76470588235294,35.294117647058826
1017,0.805,1,0,13,12,10.0,8.05,46.15384615384615,15.384615384615385,7.6923076923076925,30.76923076923077
1018,0.408,1,0,13,12,10.0,4.08,0.0,0.0,15.384615384615385,84.61538461538461
1019,0.744,1,0,19,18,10.0,7.44,31.57894736842105,0.0,26.31578947368421,42.10526315789473
1020,0.684,1,0,15,14,10.0,6.84,33.33333333333333,0.0,20.0,46.666666666666664
1021,0.484,1,0,13,12,10.0,4.84,0.0,0.0,0.0,100.0
1022,0.437,1,0,16,15,10.0,4.37,12.5,12.5,0.0,75.0
1023,0.601,1,0,15,14,10.0,6.01,0.0,0.0,46.666666666666664,53.333333333333336
1024,0.535,1,0,12,11,10.0,5.35,33.33333333333333,25.0,0.0,41.66666666666667
1025,0.74,1,0,18,17,10.0,7.4,11.11111111111111,5.555555555555555,0.0,83.33333333333334
1026,0.655,1,0,13,12,10.0,6.55,38.46153846153847,0.0,23.076923076923077,38.46153846153847
1027,0.507,1,0,16,15,10.0,5.07,6.25,0.0,18.75,75.0
1028,0.576,1,0,11,10,10.0,5.76,36.36363636363637,0.0,9.090909090909092,54.54545454545454
1029,0.7,1,0,18,17,10.0,7.0,22.22222222222222,0.0,27.77777777777778,50.0
1030,0.71,1,0,13,12,10.0,7.1,30.76923076923077,0.0,0.0,69.23076923076923
1031,0.696,1,0,29,28,10.0,6.96,31.03448275862069,0.0,24.137931034482758,44.827586206896555
1032,0.506,1,0,17,16,10.0,5.06,17.647058823529413,11.76470588235294,5.88235294117647,64.70588235294117
1033,0.462,1,0,17,16,10.0,4.62,23.52941176470588,5.88235294117647,23.52941176470588,47.05882352941176
1034,0.381,1,0,14,13,9.0,3.81,7.142857142857142,0.0,0.0,92.85714285714286
1035,0.552,1,0,17,16,10.0,5.52,5.88235294117647,17.647058823529413,5.88235294117647,70.58823529411765
1036,0.44,1,0,12,11,10.0,4.4,50.0,0.0,8.333333333333332,41.66666666666667
1037,0.744,1,0,19,18,10.0,7.44,42.10526315789473,15.789473684210526,0.0,42.10526315789473
1038,0.636,1,0,20,19,10.0,6.36,25.0,0.0,20.0,55.00000000000001
1039,0.48,1,0,13,12,10.0,4.8,7.6923076923076925,0.0,46.15384615384615,46.15384615384615
1040,0.411,1,0,13,12,10.0,4.11,30.76923076923077,7.6923076923076925,0.0,61.53846153846154
1041,0.428,1,0,15,14,10.0,4.28,6.666666666666667,6.666666666666667,46.666666666666664,40.0
1042,0.499,1,0,11,10,10.0,4.99,0.0,0.0,45.45454545454545,54.54545454545454
1043,0.836,1,0,23,22,10.0,8.36,30.434782608695656,0.0,26.08695652173913,43.47826086956522
1044,0.628,1,0,19,18,10.0,6.28,10.526315789473683,0.0,0.0,89.47368421052632
1045,0.545,1,0,11,10,10.0,5.45,18.181818181818183,45.45454545454545,0.0,36.36363636363637
1046,0.407,1,0,16,15,10.0,4.07,6.25,0.0,31.25,62.5
1047,0.652,1,0,18,17,10.0,6.52,38.88888888888889,16.666666666666664,16.666666666666664,27.77777777777778
1048,0.672,1,0,15,14,10.0,6.72,33.33333333333333,0.0,26.666666666666668,40.0
1049,0.715,1,0,19,18,10.0,7.15,31.57894736842105,0.0,42.10526315789473,26.31578947368421
1050,0.59,1,0,10,9,9.0,5.9,10.0,0.0,10.0,80.0
1051,0.424,1,0,12,11,8.0,4.24,0.0,0.0,50.0,50.0
1052,0.382,1,0,12,11,10.0,3.82,0.0,0.0,0.0,100.0
1053,0.533,1,0,14,13,10.0,5.33,42.857142857142854,0.0,14.285714285714285,42.857142857142854
1054,0.444,1,0,12,11,9.0,4.44,25.0,0.0,0.0,75.0
1055,0.615,1,0,11,10,10.0,6.15,18.181818181818183,18.181818181818183,0.0,63.63636363636363
1056,0.815,1,0,20,19,10.0,8.15,30.0,0.0,10.0,60.0
1057,0.67,1,0,12,11,10.0,6.7,16.666666666666664,8.333333333333332,8.333333333333332,66.66666666666666
1058,0.519,1,0,15,14,10.0,5.19,46.666666666666664,26.666666666666668,13.333333333333334,13.333333333333334
1059,0.4,1,0,12,11,9.0,4.0,16.666666666666664,50.0,16.666666666666664,16.666666666666664
1060,0.725,1,0,10,9,10.0,7.25,10.0,20.0,30.0,40.0
1061,0.396,1,0,14,13,9.0,3.96,0.0,0.0,14.285714285714285,85.71428571428571
1062,0.382,1,0,11,10,9.0,3.82,18.181818181818183,0.0,9.090909090909092,72.72727272727273
1063,0.664,1,0,23,22,10.0,6.64,4.3478260869565215,17.391304347826086,13.043478260869565,65.21739130434783
1064,0.382,1,0,11,10,10.0,3.82,36.36363636363637,0.0,0.0,63.63636363636363
1065,0.53,1,0,17,16,10.0,5.3,23.52941176470588,5.88235294117647,0.0,70.58823529411765
1066,0.605,1,0,13,12,10.0,6.05,15.384615384615385,30.76923076923077,0.0,53.84615384615385
1067,0.52,1,0,18,17,10.0,5.2,33.33333333333333,0.0,11.11111111111111,55.55555555555556
1068,0.484,1,0,16,15,10.0,4.84,0.0,0.0,0.0,100.0
1069,0.428,1,0,13,12,10.0,4.28,23.076923076923077,0.0,0.0,76.92307692307693
1070,0.675,1,0,15,14,10.0,6.75,26.666666666666668,0.0,0.0,73.33333333333333
1071,0.658,1,0,13,12,10.0,6.58,23.076923076923077,0.0,0.0,76.92307692307693
1072,0.318,1,0,10,9,10.0,3.18,0.0,20.0,0.0,80.0
1073,0.648,1,0,19,18,10.0,6.48,36.84210526315789,36.84210526315789,0.0,26.31578947368421
1074,0.566,1,0,23,22,10.0,5.66,17.391304347826086,0.0,30.434782608695656,52.17391304347826
1075,0.54,1,0,10,9,8.0,5.4,10.0,0.0,10.0,80.0
1076,0.4,1,0,10,9,8.0,4.0,0.0,0.0,0.0,100.0
1077,0.55,1,0,12,11,10.0,5.5,16.666666666666664,0.0,0.0,83.33333333333334
1078,0.502,1,0,15,14,9.0,5.02,20.0,6.666666666666667,0.0,73.33333333333333
1079,0.432,1,0,15,14,10.0,4.32,20.0,0.0,33.33333333333333,46.666666666666664
1080,0.564,1,0,16,15,10.0,5.64,18.75,0.0,37.5,43.75
1081,0.35,1,0,11,10,10.0,3.5,0.0,0.0,63.63636363636363,36.36363636363637
1082,0.359,1,0,11,10,10.0,3.59,27.27272727272727,0.0,18.181818181818183,54.54545454545454
1083,0.329,1,0,14,13,9.0,3.29,7.142857142857142,0.0,50.0,42.857142857142854
1084,0.63,1,0,11,10,10.0,6.3,0.0,18.181818181818183,9.090909090909092,72.72727272727273
1085,0.464,1,0,18,17,10.0,4.64,0.0,22.22222222222222,16.666666666666664,61.111111111111114
1086,0.462,1,0,13,12,10.0,4.62,7.6923076923076925,0.0,38.46153846153847,53.84615384615385
1087,0.332,1,0,11,10,10.0,3.32,18.181818181818183,0.0,0.0,81.81818181818183
1088,0.78,1,0,29,28,10.0,7.8,48.275862068965516,6.896551724137931,13.793103448275861,31.03448275862069
1089,0.53,1,0,12,11,10.0,5.3,16.666666666666664,0.0,41.66666666666667,41.66666666666667
1090,0.6,1,0,9,8,9.0,6.0,11.11111111111111,11.11111111111111,22.22222222222222,55.55555555555556
1091,0.51,1,0,18,17,10.0,5.1,5.555555555555555,27.77777777777778,22.22222222222222,44.44444444444444
1092,0.5,1,0,18,17,9.0,5.0,33.33333333333333,0.0,22.22222222222222,44.44444444444444
1093,0.546,1,0,18,17,10.0,5.46,27.77777777777778,0.0,0.0,72.22222222222221
1094,0.424,1,0,13,12,10.0,4.24,23.076923076923077,7.6923076923076925,0.0,69.23076923076923
1095,0.624,1,0,14,13,10.0,6.24,21.428571428571427,0.0,42.857142857142854,35.714285714285715
1096,0.32,1,0,9,8,8.0,3.2,0.0,11.11111111111111,11.11111111111111,77.77777777777779
1097,0.567,1,0,18,17,10.0,5.67,27.77777777777778,0.0,0.0,72.22222222222221
1098,0.575,1,0,10,9,10.0,5.75,30.0,0.0,0.0,70.0
1099,0.568,1,0,16,15,10.0,5.68,50.0,25.0,0.0,25.0
1100,0.472,1,0,14,13,10.0,4.72,28.57142857142857,7.142857142857142,0.0,64.28571428571429
1101,0.539,1,0,22,21,10.0,5.39,50.0,13.636363636363635,0.0,36.36363636363637
1102,0.4,1,0,16,15,10.0,4.0,6.25,0.0,56.25,37.5
1103,0.498,1,0,18,17,10.0,4.98,5.555555555555555,0.0,16.666666666666664,77.77777777777779
1104,0.468,1,0,19,18,10.0,4.68,10.526315789473683,0.0,57.89473684210527,31.57894736842105
1105,0.464,1,0,15,14,10.0,4.64,20.0,0.0,0.0,80.0
1106,0.535,1,0,13,12,10.0,5.35,7.6923076923076925,0.0,53.84615384615385,38.46153846153847
1107,0.276,1,0,7,6,8.0,2.76,0.0,0.0,0.0,100.0
1108,0.544,1,0,11,10,10.0,5.44,9.090909090909092,0.0,45.45454545454545,45.45454545454545
1109,0.37,1,0,13,12,9.0,3.7,0.0,0.0,69.23076923076923,30.76923076923077
1110,0.441,1,0,15,14,10.0,4.41,40.0,0.0,13.333333333333334,46.666666666666664
1111,0.616,1,0,17,16,10.0,6.16,17.647058823529413,0.0,29.411764705882355,52.94117647058824
1112,0.492,1,0,11,10,10.0,4.92,9.090909090909092,0.0,18.181818181818183,72.72727272727273
1113,0.396,1,0,21,20,10.0,3.96,14.285714285714285,0.0,23.809523809523807,61.904761904761905
1114,0.389,1,0,15,14,10.0,3.89,13.333333333333334,26.666666666666668,0.0,60.0
1115,0.69,1,0,15,14,10.0,6.9,0.0,13.333333333333334,13.333333333333334,73.33333333333333
1116,0.436,1,0,15,14,10.0,4.36,33.33333333333333,0.0,26.666666666666668,40.0
1117,0.642,1,0,19,18,10.0,6.42,36.84210526315789,42.10526315789473,0.0,21.052631578947366
1118,0.331,1,0,10,9,10.0,3.31,0.0,0.0,70.0,30.0
1119,0.436,1,0,12,11,10.0,4.36,8.333333333333332,0.0,58.333333333333336,33.33333333333333
1120,0.486,1,0,18,17,10.0,4.86,27.77777777777778,22.22222222222222,5.555555555555555,44.44444444444444
1121,0.552,1,0,16,15,10.0,5.52,0.0,0.0,43.75,56.25
1122,0.755,1,0,17,16,10.0,7.55,29.411764705882355,0.0,17.647058823529413,52.94117647058824
1123,0.543,1,0,19,18,10.0,5.43,21.052631578947366,0.0,26.31578947368421,52.63157894736842
1124,0.436,1,0,15,14,10.0,4.36,20.0,20.0,33.33333333333333,26.666666666666668
1125,0.568,1,0,17,16,10.0,5.68,23.52941176470588,0.0,29.411764705882355,47.05882352941176
1126,0.508,1,0,19,18,10.0,5.08,5.263157894736842,10.526315789473683,0.0,84.21052631578947
1127,0.422,1,0,17,16,10.0,4.22,5.88235294117647,11.76470588235294,0.0,82.35294117647058
1128,0.739,1,0,30,29,10.0,7.39,3.3333333333333335,20.0,6.666666666666667,70.0
1129,0.87,1,0,12,11,10.0,8.7,16.666666666666664,0.0,33.33333333333333,50.0
1130,0.448,1,0,12,11,10.0,4.48,25.0,0.0,0.0,75.0
1131,0.48,1,0,19,18,10.0,4.8,5.263157894736842,5.263157894736842,15.789473684210526,73.68421052631578
1132,0.732,1,0,22,21,10.0,7.32,40.909090909090914,0.0,4.545454545454546,54.54545454545454
1133,0.56,1,0,15,14,10.0,5.6,6.666666666666667,0.0,46.666666666666664,46.666666666666664
1134,0.516,1,0,10,9,10.0,5.16,0.0,0.0,10.0,90.0
1135,0.517,1,0,17,16,10.0,5.17,17.647058823529413,0.0,5.88235294117647,76.47058823529412
1136,0.64,1,0,12,11,10.0,6.4,25.0,16.666666666666664,0.0,58.333333333333336
1137,0.605,1,0,17,16,10.0,6.05,17.647058823529413,0.0,11.76470588235294,70.58823529411765
1138,0.655,1,0,12,11,10.0,6.55,0.0,50.0,8.333333333333332,41.66666666666667
1139,0.497,1,0,13,12,10.0,4.97,0.0,0.0,38.46153846153847,61.53846153846154
1140,0.284,1,0,10,9,10.0,2.84,0.0,0.0,70.0,30.0
1141,0.655,1,0,14,13,10.0,6.55,0.0,0.0,64.28571428571429,35.714285714285715
1142,0.535,1,0,19,18,10.0,5.35,10.526315789473683,26.31578947368421,26.31578947368421,36.84210526315789
1143,0.44,1,0,18,17,10.0,4.4,5.555555555555555,5.555555555555555,22.22222222222222,66.66666666666666
1144,0.586,1,0,16,15,10.0,5.86,12.5,0.0,12.5,75.0
1145,0.516,1,0,19,18,10.0,5.16,42.10526315789473,0.0,15.789473684210526,42.10526315789473
1146,0.79,1,0,18,17,10.0,7.9,16.666666666666664,0.0,27.77777777777778,55.55555555555556
1147,0.212,1,0,11,10,10.0,2.12,0.0,9.090909090909092,0.0,90.9090909090909
1148,0.462,1,0,21,20,10.0,4.62,42.857142857142854,9.523809523809524,9.523809523809524,38.095238095238095
1149,0.53,1,0,19,18,10.0,5.3,47.368421052631575,0.0,0.0,52.63157894736842
1150,0.447,1,0,12,11,10.0,4.47,16.666666666666664,0.0,25.0,58.333333333333336
1151,0.634,1,0,17,16,10.0,6.34,52.94117647058824,0.0,0.0,47.05882352941176
1152,0.455,1,0,11,10,9.0,4.55,27.27272727272727,0.0,0.0,72.72727272727273
1153,0.58,1,0,14,13,10.0,5.8,7.142857142857142,0.0,0.0,92.85714285714286
1154,0.404,1,0,14,13,9.0,4.04,21.428571428571427,0.0,21.428571428571427,57.14285714285714
1155,0.336,1,0,9,8,10.0,3.36,33.33333333333333,0.0,22.22222222222222,44.44444444444444
1156,0.602,1,0,19,18,10.0,6.02,21.052631578947366,0.0,63.1578947368421,15.789473684210526
1157,0.384,1,0,10,9,10.0,3.84,10.0,0.0,50.0,40.0
1158,0.4,1,0,10,9,10.0,4.0,20.0,0.0,20.0,60.0
1159,0.459,1,0,14,13,10.0,4.59,0.0,0.0,50.0,50.0
1160,0.392,1,0,15,14,10.0,3.92,20.0,20.0,6.666666666666667,53.333333333333336
1161,0.328,1,0,11,10,10.0,3.28,0.0,27.27272727272727,36.36363636363637,36.36363636363637
1162,0.79,1,0,13,12,10.0,7.9,53.84615384615385,0.0,23.076923076923077,23.076923076923077
1163,0.451,1,0,14,13,10.0,4.51,21.428571428571427,0.0,7.142857142857142,71.42857142857143
1164,0.7,1,0,11,10,10.0,7.0,27.27272727272727,18.181818181818183,9.090909090909092,45.45454545454545
1165,0.684,1,0,16,15,10.0,6.84,18.75,18.75,0.0,62.5
1166,0.356,1,0,11,10,10.0,3.56,45.45454545454545,0.0,9.090909090909092,45.45454545454545
1167,0.448,1,0,18,17,10.0,4.48,5.555555555555555,38.88888888888889,0.0,55.55555555555556
1168,0.496,1,0,18,17,10.0,4.96,0.0,0.0,61.111111111111114,38.88888888888889
1169,0.462,1,0,17,16,10.0,4.62,11.76470588235294,0.0,29.411764705882355,58.82352941176471
1170,0.508,1,0,18,17,10.0,5.08,0.0,11.11111111111111,11.11111111111111,77.77777777777779
1171,0.524,1,0,16,15,10.0,5.24,6.25,6.25,37.5,50.0
1172,0.745,1,0,16,15,10.0,7.45,18.75,0.0,18.75,62.5
1173,0.564,1,0,16,15,10.0,5.64,6.25,0.0,18.75,75.0
1174,0.68,1,0,14,13,10.0,6.8,7.142857142857142,0.0,28.57142857142857,64.28571428571429
1175,0.613,1,0,18,17,10.0,6.13,38.88888888888889,5.555555555555555,33.33333333333333,22.22222222222222
1176,0.6,1,0,9,8,10.0,6.0,55.55555555555556,0.0,0.0,44.44444444444444
1177,0.64,1,0,15,14,10.0,6.4,46.666666666666664,0.0,0.0,53.333333333333336
1178,0.516,1,0,18,17,10.0,5.16,33.33333333333333,16.666666666666664,0.0,50.0
1179,0.586,1,0,20,19,10.0,5.86,30.0,10.0,30.0,30.0
1180,0.306,1,0,9,8,8.0,3.06,0.0,0.0,0.0,100.0
1181,0.76,1,0,16,15,10.0,7.6,25.0,0.0,18.75,56.25
1182,0.618,1,0,18,17,10.0,6.18,27.77777777777778,33.33333333333333,0.0,38.88888888888889
1183,0.528,1,0,17,16,10.0,5.28,0.0,29.411764705882355,41.17647058823529,29.411764705882355
1184,0.346,1,0,10,9,10.0,3.46,0.0,0.0,0.0,100.0
1185,0.269,1,0,13,12,10.0,2.69,0.0,15.384615384615385,0.0,84.61538461538461
1186,0.624,1,0,19,18,10.0,6.24,21.052631578947366,0.0,5.263157894736842,73.68421052631578
1187,0.64,1,0,18,17,10.0,6.4,5.555555555555555,0.0,72.22222222222221,22.22222222222222
1188,0.472,1,0,15,14,10.0,4.72,0.0,0.0,13.333333333333334,86.66666666666667
1189,0.592,1,0,13,12,10.0,5.92,46.15384615384615,0.0,0.0,53.84615384615385
1190,0.7,1,0,14,13,10.0,7.0,28.57142857142857,0.0,21.428571428571427,50.0
1191,0.486,1,0,12,11,8.0,4.86,16.666666666666664,0.0,33.33333333333333,50.0
1192,0.645,1,0,15,14,10.0,6.45,0.0,13.333333333333334,40.0,46.666666666666664
1193,0.387,1,0,12,11,10.0,3.87,33.33333333333333,0.0,0.0,66.66666666666666
1194,0.768,1,0,19,18,10.0,7.68,26.31578947368421,0.0,15.789473684210526,57.89473684210527
1195,0.78,1,0,17,16,10.0,7.8,35.294117647058826,0.0,17.647058823529413,47.05882352941176
1196,0.49,1,0,17,16,10.0,4.9,17.647058823529413,0.0,11.76470588235294,70.58823529411765
1197,0.68,1,0,15,14,10.0,6.8,20.0,33.33333333333333,0.0,46.666666666666664
1198,0.424,1,0,19,18,10.0,4.24,5.263157894736842,31.57894736842105,0.0,63.1578947368421
1199,0.395,1,0,10,9,10.0,3.95,10.0,60.0,0.0,30.0
1200,0.508,1,0,14,13,10.0,5.08,0.0,0.0,64.28571428571429,35.714285714285715
1201,0.436,1,0,17,16,10.0,4.36,5.88235294117647,23.52941176470588,0.0,70.58823529411765
1202,0.396,1,0,13,12,10.0,3.96,30.76923076923077,0.0,38.46153846153847,30.76923076923077
1203,0.63,1,0,11,10,10.0,6.3,36.36363636363637,0.0,0.0,63.63636363636363
1204,0.52,1,0,17,16,10.0,5.2,5.88235294117647,5.88235294117647,41.17647058823529,47.05882352941176
1205,0.575,1,0,15,14,10.0,5.75,13.333333333333334,0.0,13.333333333333334,73.33333333333333
1206,0.72,1,0,15,14,10.0,7.2,20.0,0.0,13.333333333333334,66.66666666666666
1207,0.57,1,0,16,15,10.0,5.7,6.25,0.0,62.5,31.25
1208,0.481,1,0,14,13,10.0,4.81,7.142857142857142,0.0,57.14285714285714,35.714285714285715
1209,0.451,1,0,14,13,10.0,4.51,0.0,7.142857142857142,0.0,92.85714285714286
1210,0.516,1,0,18,17,10.0,5.16,27.77777777777778,22.22222222222222,0.0,50.0
1211,0.572,1,0,17,16,10.0,5.72,0.0,0.0,29.411764705882355,70.58823529411765
1212,0.551,1,0,16,15,10.0,5.51,0.0,0.0,0.0,100.0
1213,0.418,1,0,16,15,10.0,4.18,0.0,0.0,37.5,62.5
1214,0.473,1,0,14,13,9.0,4.73,7.142857142857142,0.0,35.714285714285715,57.14285714285714
1215,0.42,1,0,11,10,8.0,4.2,9.090909090909092,0.0,27.27272727272727,63.63636363636363
1216,0.51,1,0,15,14,10.0,5.1,0.0,0.0,53.333333333333336,46.666666666666664
1217,0.732,1,0,22,21,10.0,7.32,72.72727272727273,0.0,9.090909090909092,18.181818181818183
1218,0.588,1,0,16,15,10.0,5.88,18.75,50.0,0.0,31.25
1219,0.76,1,0,14,13,10.0,7.6,35.714285714285715,7.142857142857142,35.714285714285715,21.428571428571427
1220,0.46,1,0,11,10,10.0,4.6,27.27272727272727,9.090909090909092,9.090909090909092,54.54545454545454
1221,0.572,1,0,17,16,10.0,5.72,47.05882352941176,0.0,35.294117647058826,17.647058823529413
1222,0.548,1,0,13,12,10.0,5.48,7.6923076923076925,0.0,76.92307692307693,15.384615384615385
1223,0.636,1,0,22,21,10.0,6.36,13.636363636363635,0.0,22.727272727272727,63.63636363636363
1224,0.607,1,0,20,19,10.0,6.07,0.0,45.0,5.0,50.0
1225,0.43,1,0,14,13,10.0,4.3,14.285714285714285,7.142857142857142,42.857142857142854,35.714285714285715
1226,0.391,1,0,19,18,10.0,3.91,0.0,36.84210526315789,0.0,63.1578947368421
1227,0.402,1,0,16,15,10.0,4.02,6.25,18.75,25.0,50.0
1228,0.636,1,0,17,16,10.0,6.36,52.94117647058824,0.0,0.0,47.05882352941176
1229,0.432,1,0,14,13,10.0,4.32,0.0,0.0,21.428571428571427,78.57142857142857
1230,0.75,1,0,11,10,10.0,7.5,27.27272727272727,18.181818181818183,27.27272727272727,27.27272727272727
1231,0.702,1,0,28,27,10.0,7.02,25.0,10.714285714285714,0.0,64.28571428571429
1232,0.512,1,0,12,11,10.0,5.12,16.666666666666664,8.333333333333332,0.0,75.0
1233,0.645,1,0,14,13,10.0,6.45,28.57142857142857,0.0,0.0,71.42857142857143
1234,0.408,1,0,15,14,10.0,4.08,0.0,0.0,0.0,100.0
1235,0.619,1,0,15,14,10.0,6.19,40.0,0.0,20.0,40.0
1236,0.566,1,0,16,15,10.0,5.66,31.25,0.0,31.25,37.5
1237,0.602,1,0,20,19,10.0,6.02,45.0,0.0,0.0,55.00000000000001
1238,0.412,1,0,13,12,9.0,4.12,23.076923076923077,0.0,0.0,76.92307692307693
1239,0.392,1,0,14,13,10.0,3.92,35.714285714285715,7.142857142857142,7.142857142857142,50.0
1240,0.384,1,0,12,11,10.0,3.84,8.333333333333332,0.0,0.0,91.66666666666666
1241,0.648,1,0,25,24,10.0,6.48,28.000000000000004,40.0,8.0,24.0
1242,0.548,1,0,23,22,10.0,5.48,0.0,17.391304347826086,69.56521739130434,13.043478260869565
1243,0.434,1,0,15,14,10.0,4.34,0.0,0.0,13.333333333333334,86.66666666666667
1244,0.565,1,0,10,9,10.0,5.65,20.0,50.0,0.0,30.0
1245,0.388,1,0,17,16,10.0,3.88,23.52941176470588,5.88235294117647,0.0,70.58823529411765
1246,0.272,1,0,13,12,10.0,2.72,0.0,7.6923076923076925,23.076923076923077,69.23076923076923
1247,0.81,1,0,14,13,10.0,8.1,35.714285714285715,14.285714285714285,7.142857142857142,42.857142857142854
1248,0.692,1,0,22,21,10.0,6.92,31.818181818181817,4.545454545454546,9.090909090909092,54.54545454545454
1249,0.56,1,0,12,11,10.0,5.6,16.666666666666664,0.0,50.0,33.33333333333333
1250,0.615,1,0,19,18,10.0,6.15,21.052631578947366,5.263157894736842,0.0,73.68421052631578
1251,0.625,1,0,11,10,10.0,6.25,9.090909090909092,0.0,45.45454545454545,45.45454545454545
1252,0.42,1,0,12,11,10.0,4.2,33.33333333333333,0.0,0.0,66.66666666666666
1253,0.488,1,0,14,13,10.0,4.88,21.428571428571427,28.57142857142857,0.0,50.0
1254,0.459,1,0,14,13,8.0,4.59,50.0,0.0,7.142857142857142,42.857142857142854
1255,0.556,1,0,18,17,10.0,5.56,11.11111111111111,0.0,33.33333333333333,55.55555555555556
1256,0.685,1,0,15,14,9.0,6.85,13.333333333333334,13.333333333333334,6.666666666666667,66.66666666666666
1257,0.43,1,0,17,16,10.0,4.3,0.0,0.0,0.0,100.0
1258,0.683,1,0,13,12,10.0,6.83,7.6923076923076925,0.0,23.076923076923077,69.23076923076923
1259,0.7,1,0,15,14,10.0,7.0,73.33333333333333,0.0,0.0,26.666666666666668
1260,0.412,1,0,12,11,10.0,4.12,0.0,41.66666666666667,0.0,58.333333333333336
1261,0.572,1,0,24,23,10.0,5.72,0.0,16.666666666666664,20.833333333333336,62.5
1262,0.53,1,0,13,12,10.0,5.3,0.0,38.46153846153847,0.0,61.53846153846154
1263,0.525,1,0,17,16,10.0,5.25,0.0,0.0,52.94117647058824,47.05882352941176
1264,0.695,1,0,13,12,10.0,6.95,7.6923076923076925,7.6923076923076925,15.384615384615385,69.23076923076923
1265,0.482,1,0,18,17,10.0,4.82,11.11111111111111,5.555555555555555,5.555555555555555,77.77777777777779
1266,0.525,1,0,10,9,9.0,5.25,20.0,0.0,0.0,80.0
1267,0.596,1,0,20,19,10.0,5.96,5.0,0.0,35.0,60.0
1268,0.845,1,0,16,15,10.0,8.45,43.75,6.25,0.0,50.0
1269,0.69,1,0,13,12,9.0,6.9,7.6923076923076925,7.6923076923076925,0.0,84.61538461538461
1270,0.25,1,0,12,11,10.0,2.5,0.0,41.66666666666667,0.0,58.333333333333336
1271,0.472,1,0,11,10,10.0,4.72,0.0,0.0,9.090909090909092,90.9090909090909
1272,0.632,1,0,22,21,10.0,6.32,4.545454545454546,0.0,45.45454545454545,50.0
1273,0.775,1,0,14,13,10.0,7.75,35.714285714285715,14.285714285714285,7.142857142857142,42.857142857142854
1274,0.58,1,0,9,8,10.0,5.8,33.33333333333333,0.0,11.11111111111111,55.55555555555556
1275,0.4,1,0,11,10,8.0,4.0,9.090909090909092,0.0,18.181818181818183,72.72727272727273
1276,0.459,1,0,13,12,9.0,4.59,15.384615384615385,0.0,7.6923076923076925,76.92307692307693
1277,0.31,1,0,9,8,10.0,3.1,33.33333333333333,0.0,0.0,66.66666666666666
1278,0.8,1,0,16,15,10.0,8.0,18.75,0.0,56.25,25.0
1279,0.544,1,0,16,15,9.0,5.44,6.25,0.0,25.0,68.75
1280,0.494,1,0,12,11,10.0,4.94,25.0,50.0,0.0,25.0
1281,0.615,1,0,12,11,10.0,6.15,0.0,8.333333333333332,41.66666666666667,50.0
1282,0.42,1,0,11,10,10.0,4.2,9.090909090909092,0.0,54.54545454545454,36.36363636363637
1283,0.62,1,0,19,18,10.0,6.2,21.052631578947366,10.526315789473683,0.0,68.42105263157895
1284,0.58,1,0,23,22,10.0,5.8,34.78260869565217,17.391304347826086,8.695652173913043,39.130434782608695
1285,0.695,1,0,15,14,10.0,6.95,20.0,13.333333333333334,13.333333333333334,53.333333333333336
1286,0.366,1,0,12,11,10.0,3.66,0.0,16.666666666666664,0.0,83.33333333333334
1287,0.449,1,0,15,14,10.0,4.49,6.666666666666667,6.666666666666667,0.0,86.66666666666667
1288,0.535,1,0,11,10,10.0,5.35,27.27272727272727,0.0,9.090909090909092,63.63636363636363
1289,0.6,1,0,19,18,10.0,6.0,36.84210526315789,0.0,5.263157894736842,57.89473684210527
1290,0.507,1,0,16,15,10.0,5.07,0.0,0.0,37.5,62.5
1291,0.587,1,0,18,17,10.0,5.87,0.0,0.0,55.55555555555556,44.44444444444444
1292,0.635,1,0,14,13,10.0,6.35,28.57142857142857,0.0,35.714285714285715,35.714285714285715
1293,0.269,1,0,9,8,9.0,2.69,0.0,11.11111111111111,11.11111111111111,77.77777777777779
1294,0.473,1,0,11,10,10.0,4.73,27.27272727272727,0.0,27.27272727272727,45.45454545454545
1295,0.644,1,0,19,18,10.0,6.44,21.052631578947366,5.263157894736842,21.052631578947366,52.63157894736842
1296,0.18,1,0,8,7,6.0,1.8,0.0,0.0,25.0,75.0
1297,0.48,1,0,15,14,10.0,4.8,20.0,0.0,33.33333333333333,46.666666666666664
1298,0.79,1,0,18,17,10.0,7.9,72.22222222222221,0.0,5.555555555555555,22.22222222222222
1299,0.696,1,0,20,19,10.0,6.96,15.0,0.0,30.0,55.00000000000001
1300,0.632,1,0,25,24,10.0,6.32,32.0,0.0,24.0,44.0
1301,0.814,1,0,23,22,10.0,8.14,21.73913043478261,0.0,13.043478260869565,65.21739130434783
1302,0.43,1,0,14,13,9.0,4.3,21.428571428571427,28.57142857142857,0.0,50.0
1303,0.8,1,0,16,15,10.0,8.0,25.0,6.25,12.5,56.25
1304,0.378,1,0,11,10,10.0,3.78,0.0,36.36363636363637,0.0,63.63636363636363
1305,0.78,1,0,17,16,10.0,7.8,17.647058823529413,0.0,11.76470588235294,70.58823529411765
1306,0.568,1,0,19,18,10.0,5.68,10.526315789473683,0.0,47.368421052631575,42.10526315789473
1307,0.563,1,0,12,11,10.0,5.63,0.0,8.333333333333332,41.66666666666667,50.0
1308,0.326,1,0,12,11,9.0,3.26,0.0,0.0,58.333333333333336,41.66666666666667
1309,0.47,1,0,8,7,10.0,4.7,37.5,0.0,0.0,62.5
1310,0.356,1,0,15,14,10.0,3.56,0.0,0.0,0.0,100.0
1311,0.382,1,0,10,9,10.0,3.82,20.0,10.0,0.0,70.0
1312,0.524,1,0,17,16,9.0,5.24,0.0,0.0,52.94117647058824,47.05882352941176
1313,0.735,1,0,14,13,10.0,7.35,7.142857142857142,0.0,14.285714285714285,78.57142857142857
1314,0.7,1,0,11,10,10.0,7.0,45.45454545454545,18.181818181818183,0.0,36.36363636363637
1315,0.54,1,0,17,16,10.0,5.4,5.88235294117647,0.0,11.76470588235294,82.35294117647058
1316,0.671,1,0,17,16,10.0,6.71,5.88235294117647,0.0,35.294117647058826,58.82352941176471
1317,0.332,1,0,14,13,10.0,3.32,7.142857142857142,14.285714285714285,28.57142857142857,50.0
1318,0.744,1,0,16,15,10.0,7.44,31.25,0.0,12.5,56.25
1319,0.559,1,0,17,16,10.0,5.59,17.647058823529413,0.0,0.0,82.35294117647058
1320,0.552,1,0,14,13,10.0,5.52,0.0,0.0,7.142857142857142,92.85714285714286
1321,0.602,1,0,19,18,10.0,6.02,0.0,5.263157894736842,73.68421052631578,21.052631578947366
1322,0.269,1,0,13,12,10.0,2.69,15.384615384615385,0.0,30.76923076923077,53.84615384615385
1323,0.648,1,0,15,14,10.0,6.48,13.333333333333334,0.0,26.666666666666668,60.0
1324,0.604,1,0,21,20,10.0,6.04,42.857142857142854,4.761904761904762,4.761904761904762,47.61904761904761
1325,0.74,1,0,30,29,10.0,7.4,16.666666666666664,16.666666666666664,36.666666666666664,30.0
1326,0.62,1,0,17,16,10.0,6.2,17.647058823529413,0.0,0.0,82.35294117647058
1327,0.74,1,0,14,13,10.0,7.4,14.285714285714285,35.714285714285715,0.0,50.0
1328,0.594,1,0,18,17,10.0,5.94,0.0,0.0,44.44444444444444,55.55555555555556
1329,0.65,1,0,11,10,10.0,6.5,45.45454545454545,0.0,18.181818181818183,36.36363636363637
1330,0.452,1,0,15,14,10.0,4.52,6.666666666666667,20.0,6.666666666666667,66.66666666666666
1331,0.305,1,0,11,10,10.0,3.05,18.181818181818183,0.0,18.181818181818183,63.63636363636363
1332,0.576,1,0,18,17,10.0,5.76,16.666666666666664,0.0,55.55555555555556,27.77777777777778
1333,0.395,1,0,11,10,10.0,3.95,9.090909090909092,9.090909090909092,18.181818181818183,63.63636363636363
1334,0.446,1,0,11,10,10.0,4.46,9.090909090909092,18.181818181818183,0.0,72.72727272727273
1335,0.675,1,0,15,14,10.0,6.75,13.333333333333334,0.0,26.666666666666668,60.0
1336,0.388,1,0,13,12,10.0,3.88,53.84615384615385,0.0,0.0,46.15384615384615
1337,0.514,1,0,10,9,10.0,5.14,10.0,0.0,40.0,50.0
1338,0.82,1,0,17,16,10.0,8.2,23.52941176470588,0.0,17.647058823529413,58.82352941176471
1339,0.523,1,0,16,15,10.0,5.23,6.25,0.0,43.75,50.0
1340,0.543,1,0,17,16,10.0,5.43,29.411764705882355,0.0,52.94117647058824,17.647058823529413
1341,0.664,1,0,15,14,10.0,6.64,6.666666666666667,13.333333333333334,0.0,80.0
1342,0.376,1,0,13,12,10.0,3.76,0.0,7.6923076923076925,0.0,92.3076923076923
1343,0.736,1,0,26,25,10.0,7.36,53.84615384615385,0.0,11.538461538461538,34.61538461538461
1344,0.41,1,0,11,10,9.0,4.1,9.090909090909092,0.0,9.090909090909092,81.81818181818183
1345,0.424,1,0,11,10,10.0,4.24,9.090909090909092,0.0,27.27272727272727,63.63636363636363
1346,0.44,1,0,9,8,10.0,4.4,0.0,33.33333333333333,11.11111111111111,55.55555555555556
1347,0.525,1,0,12,11,10.0,5.25,33.33333333333333,0.0,16.666666666666664,50.0
1348,0.327,1,0,13,12,10.0,3.27,0.0,0.0,15.384615384615385,84.61538461538461
1349,0.875,1,0,10,9,10.0,8.75,20.0,0.0,30.0,50.0
1350,0.565,1,0,15,14,10.0,5.65,20.0,0.0,33.33333333333333,46.666666666666664
1351,0.608,1,0,17,16,10.0,6.08,23.52941176470588,17.647058823529413,0.0,58.82352941176471
1352,0.546,1,0,15,14,10.0,5.46,0.0,40.0,26.666666666666668,33.33333333333333
1353,0.469,1,0,11,10,10.0,4.69,9.090909090909092,9.090909090909092,18.181818181818183,63.63636363636363
1354,0.596,1,0,23,22,10.0,5.96,8.695652173913043,0.0,52.17391304347826,39.130434782608695
1355,0.464,1,0,10,9,9.0,4.64,0.0,0.0,30.0,70.0
1356,0.522,1,0,16,15,10.0,5.22,18.75,0.0,18.75,62.5
1357,0.46,1,0,11,10,8.0,4.6,18.181818181818183,0.0,0.0,81.81818181818183
1358,0.247,1,0,11,10,9.0,2.47,0.0,0.0,36.36363636363637,63.63636363636363
1359,0.522,1,0,18,17,10.0,5.22,5.555555555555555,0.0,55.55555555555556,38.88888888888889
1360,0.556,1,0,18,17,10.0,5.56,16.666666666666664,27.77777777777778,0.0,55.55555555555556
1361,0.629,1,0,17,16,10.0,6.29,5.88235294117647,0.0,11.76470588235294,82.35294117647058
1362,0.352,1,0,16,15,10.0,3.52,12.5,0.0,6.25,81.25
1363,0.372,1,0,12,11,10.0,3.72,0.0,25.0,0.0,75.0
1364,0.336,1,0,11,10,10.0,3.36,0.0,0.0,9.090909090909092,90.9090909090909
1365,0.584,1,0,15,14,8.0,5.84,13.333333333333334,0.0,13.333333333333334,73.33333333333333
1366,0.486,1,0,16,15,10.0,4.86,18.75,0.0,31.25,50.0
1367,0.512,1,0,18,17,10.0,5.12,5.555555555555555,44.44444444444444,16.666666666666664,33.33333333333333
1368,0.79,1,0,15,14,10.0,7.9,33.33333333333333,0.0,26.666666666666668,40.0
1369,0.572,1,0,13,12,10.0,5.72,15.384615384615385,7.6923076923076925,0.0,76.92307692307693
1370,0.347,1,0,11,10,8.0,3.47,0.0,0.0,63.63636363636363,36.36363636363637
1371,0.614,1,0,16,15,10.0,6.14,56.25,0.0,6.25,37.5
1372,0.464,1,0,15,14,10.0,4.64,0.0,0.0,20.0,80.0
1373,0.534,1,0,19,18,10.0,5.34,0.0,36.84210526315789,15.789473684210526,47.368421052631575
1374,0.436,1,0,13,12,10.0,4.36,30.76923076923077,0.0,15.384615384615385,53.84615384615385
1375,0.42,1,0,11,10,10.0,4.2,27.27272727272727,0.0,27.27272727272727,45.45454545454545
1376,0.583,1,0,18,17,10.0,5.83,16.666666666666664,11.11111111111111,5.555555555555555,66.66666666666666
1377,0.6,1,0,13,12,10.0,6.0,38.46153846153847,0.0,7.6923076923076925,53.84615384615385
1378,0.44,1,0,16,15,10.0,4.4,0.0,6.25,18.75,75.0
1379,0.603,1,0,16,15,10.0,6.03,6.25,0.0,25.0,68.75
1380,0.652,1,0,19,18,10.0,6.52,21.052631578947366,5.263157894736842,31.57894736842105,42.10526315789473
1381,0.475,1,0,11,10,10.0,4.75,9.090909090909092,27.27272727272727,0.0,63.63636363636363
1382,0.728,1,0,26,25,10.0,7.28,23.076923076923077,0.0,19.230769230769234,57.692307692307686
1383,0.23,1,0,13,12,10.0,2.3,0.0,15.384615384615385,0.0,84.61538461538461
1384,0.435,1,0,11,10,10.0,4.35,0.0,0.0,0.0,100.0
1385,0.514,1,0,15,14,10.0,5.14,20.0,20.0,0.0,60.0
1386,0.418,1,0,13,12,9.0,4.18,23.076923076923077,0.0,30.76923076923077,46.15384615384615
1387,0.69,1,0,12,11,10.0,6.9,8.333333333333332,16.666666666666664,16.666666666666664,58.333333333333336
1388,0.576,1,0,16,15,10.0,5.76,18.75,0.0,0.0,81.25
1389,0.366,1,0,12,11,10.0,3.66,0.0,0.0,75.0,25.0
1390,0.498,1,0,12,11,10.0,4.98,33.33333333333333,0.0,16.666666666666664,50.0
1391,0.564,1,0,12,11,10.0,5.64,33.33333333333333,0.0,0.0,66.66666666666666
1392,0.376,1,0,9,8,10.0,3.76,0.0,33.33333333333333,0.0,66.66666666666666
1393,0.568,1,0,19,18,10.0,5.68,5.263157894736842,10.526315789473683,0.0,84.21052631578947
1394,0.564,1,0,21,20,10.0,5.64,0.0,0.0,9.523809523809524,90.47619047619048
1395,0.496,1,0,13,12,10.0,4.96,38.46153846153847,23.076923076923077,0.0,38.46153846153847
1396,0.565,1,0,15,14,9.0,5.65,40.0,0.0,6.666666666666667,53.333333333333336
1397,0.4,1,0,13,12,10.0,4.0,23.076923076923077,7.6923076923076925,23.076923076923077,46.15384615384615
1398,0.472,1,0,11,10,8.0,4.72,9.090909090909092,0.0,27.27272727272727,63.63636363636363
1399,0.492,1,0,19,18,10.0,4.92,15.789473684210526,15.789473684210526,0.0,68.42105263157895
1400,0.428,1,0,14,13,9.0,4.28,0.0,50.0,0.0,50.0
1401,0.329,1,0,12,11,10.0,3.29,0.0,0.0,66.66666666666666,33.33333333333333
1402,0.351,1,0,12,11,10.0,3.51,25.0,0.0,0.0,75.0
1403,0.482,1,0,11,10,9.0,4.82,36.36363636363637,0.0,9.090909090909092,54.54545454545454
1404,0.549,1,0,18,17,10.0,5.49,0.0,5.555555555555555,0.0,94.44444444444444
1405,0.429,1,0,16,15,10.0,4.29,0.0,12.5,0.0,87.5
1406,0.688,1,0,17,16,10.0,6.88,5.88235294117647,23.52941176470588,29.411764705882355,41.17647058823529
1407,0.488,1,0,21,20,10.0,4.88,0.0,0.0,66.66666666666666,33.33333333333333
1408,0.58,1,0,14,13,10.0,5.8,7.142857142857142,7.142857142857142,21.428571428571427,64.28571428571429
1409,0.397,1,0,15,14,10.0,3.97,0.0,0.0,20.0,80.0
1410,0.372,1,0,19,18,10.0,3.72,0.0,10.526315789473683,0.0,89.47368421052632
1411,0.334,1,0,13,12,10.0,3.34,0.0,30.76923076923077,0.0,69.23076923076923
1412,0.77,1,0,20,19,10.0,7.7,35.0,0.0,0.0,65.0
1413,0.576,1,0,25,24,10.0,5.76,8.0,0.0,40.0,52.0
1414,0.511,1,0,13,12,10.0,5.11,23.076923076923077,0.0,0.0,76.92307692307693
1415,0.598,1,0,16,15,10.0,5.98,50.0,31.25,0.0,18.75
1416,0.496,1,0,21,20,10.0,4.96,23.809523809523807,4.761904761904762,9.523809523809524,61.904761904761905
1417,0.546,1,0,19,18,10.0,5.46,15.789473684210526,5.263157894736842,15.789473684210526,63.1578947368421
1418,0.424,1,0,11,10,10.0,4.24,0.0,0.0,27.27272727272727,72.72727272727273
1419,0.436,1,0,12,11,10.0,4.36,16.666666666666664,0.0,33.33333333333333,50.0
1420,0.482,1,0,12,11,10.0,4.82,16.666666666666664,0.0,25.0,58.333333333333336
1421,0.332,1,0,9,8,10.0,3.32,0.0,22.22222222222222,0.0,77.77777777777779
1422,0.316,1,0,9,8,10.0,3.16,33.33333333333333,0.0,0.0,66.66666666666666
1423,0.37,1,0,16,15,10.0,3.7,6.25,0.0,37.5,56.25
1424,0.59,1,0,18,17,10.0,5.9,16.666666666666664,5.555555555555555,44.44444444444444,33.33333333333333
1425,0.675,1,0,12,11,10.0,6.75,0.0,25.0,0.0,75.0
1426,0.603,1,0,14,13,10.0,6.03,21.428571428571427,0.0,14.285714285714285,64.28571428571429
1427,0.408,1,0,12,11,10.0,4.08,16.666666666666664,0.0,0.0,83.33333333333334
1428,0.63,1,0,13,12,10.0,6.3,30.76923076923077,0.0,23.076923076923077,46.15384615384615
1429,0.624,1,0,23,22,10.0,6.24,13.043478260869565,0.0,47.82608695652174,39.130434782608695
1430,0.418,1,0,15,14,10.0,4.18,26.666666666666668,0.0,6.666666666666667,66.66666666666666
1431,0.503,1,0,16,15,10.0,5.03,6.25,56.25,0.0,37.5
1432,0.57,1,0,20,19,10.0,5.7,25.0,0.0,15.0,60.0
1433,0.456,1,0,13,12,8.0,4.56,7.6923076923076925,0.0,23.076923076923077,69.23076923076923
1434,0.84,1,0,13,12,10.0,8.4,15.384615384615385,15.384615384615385,15.384615384615385,53.84615384615385
1435,0.336,1,0,12,11,9.0,3.36,0.0,50.0,0.0,50.0
1436,0.49,1,0,15,14,10.0,4.9,6.666666666666667,33.33333333333333,0.0,60.0
1437,0.506,1,0,14,13,10.0,5.06,28.57142857142857,0.0,14.285714285714285,57.14285714285714
1438,0.437,1,0,13,12,10.0,4.37,15.384615384615385,23.076923076923077,0.0,61.53846153846154
1439,0.552,1,0,11,10,9.0,5.52,27.27272727272727,0.0,45.45454545454545,27.27272727272727
1440,0.665,1,0,15,14,9.0,6.65,20.0,13.333333333333334,0.0,66.66666666666666
1441,0.712,1,0,18,17,10.0,7.12,16.666666666666664,0.0,33.33333333333333,50.0
1442,0.705,1,0,13,12,10.0,7.05,30.76923076923077,7.6923076923076925,0.0,61.53846153846154
1443,0.634,1,0,18,17,10.0,6.34,33.33333333333333,5.555555555555555,5.555555555555555,55.55555555555556
1444,0.588,1,0,13,12,10.0,5.88,0.0,0.0,46.15384615384615,53.84615384615385
1445,0.34,1,0,12,11,10.0,3.4,16.666666666666664,8.333333333333332,0.0,75.0
1446,0.367,1,0,12,11,10.0,3.67,0.0,33.33333333333333,0.0,66.66666666666666
1447,0.608,1,0,14,13,10.0,6.08,14.285714285714285,0.0,35.714285714285715,50.0
1448,0.392,1,0,16,15,10.0,3.92,0.0,0.0,6.25,93.75
1449,0.644,1,0,18,17,10.0,6.44,55.55555555555556,11.11111111111111,16.666666666666664,16.666666666666664
1450,0.49,1,0,11,10,10.0,4.9,54.54545454545454,0.0,18.181818181818183,27.27272727272727
1451,0.62,1,0,18,17,10.0,6.2,44.44444444444444,5.555555555555555,0.0,50.0
1452,0.556,1,0,18,17,10.0,5.56,0.0,33.33333333333333,5.555555555555555,61.111111111111114
1453,0.541,1,0,13,12,9.0,5.41,23.076923076923077,0.0,0.0,76.92307692307693
1454,0.464,1,0,18,17,10.0,4.64,5.555555555555555,0.0,22.22222222222222,72.22222222222221
1455,0.725,1,0,16,15,10.0,7.25,31.25,0.0,25.0,43.75
1456,0.576,1,0,16,15,10.0,5.76,6.25,0.0,25.0,68.75
1457,0.592,1,0,22,21,10.0,5.92,0.0,0.0,36.36363636363637,63.63636363636363
1458,0.322,1,0,13,12,10.0,3.22,7.6923076923076925,0.0,30.76923076923077,61.53846153846154
1459,0.387,1,0,10,9,10.0,3.87,0.0,10.0,0.0,90.0
1460,0.564,1,0,16,15,10.0,5.64,25.0,25.0,12.5,37.5
1461,0.59,1,0,10,9,10.0,5.9,0.0,0.0,60.0,40.0
1462,0.536,1,0,15,14,10.0,5.36,26.666666666666668,6.666666666666667,0.0,66.66666666666666
1463,0.416,1,0,14,13,10.0,4.16,21.428571428571427,0.0,0.0,78.57142857142857
1464,0.453,1,0,11,10,10.0,4.53,27.27272727272727,0.0,0.0,72.72727272727273
1465,0.422,1,0,20,19,10.0,4.22,15.0,0.0,5.0,80.0
1466,0.612,1,0,18,17,10.0,6.12,5.555555555555555,11.11111111111111,0.0,83.33333333333334
1467,0.78,1,0,15,14,10.0,7.8,46.666666666666664,0.0,20.0,33.33333333333333
1468,0.468,1,0,13,12,10.0,4.68,0.0,7.6923076923076925,0.0,92.3076923076923
1469,0.442,1,0,14,13,9.0,4.42,0.0,0.0,42.857142857142854,57.14285714285714
1470,0.49,1,0,15,14,10.0,4.9,40.0,0.0,0.0,60.0
1471,0.578,1,0,14,13,10.0,5.78,21.428571428571427,35.714285714285715,0.0,42.857142857142854
1472,0.68,1,0,13,12,10.0,6.8,46.15384615384615,0.0,0.0,53.84615384615385
1473,0.573,1,0,20,19,10.0,5.73,5.0,0.0,45.0,50.0
1474,0.633,1,0,18,17,10.0,6.33,5.555555555555555,38.88888888888889,38.88888888888889,16.666666666666664
1475,0.787,1,0,21,20,10.0,7.87,47.61904761904761,0.0,0.0,52.38095238095239
1476,0.666,1,0,18,17,10.0,6.66,50.0,0.0,0.0,50.0
1477,0.565,1,0,11,10,9.0,5.65,9.090909090909092,27.27272727272727,0.0,63.63636363636363
1478,0.308,1,0,16,15,9.0,3.08,0.0,0.0,0.0,100.0
1479,0.545,1,0,13,12,10.0,5.45,69.23076923076923,0.0,0.0,30.76923076923077
1480,0.72,1,0,16,15,10.0,7.2,31.25,18.75,18.75,31.25
1481,0.428,1,0,12,11,9.0,4.28,8.333333333333332,0.0,25.0,66.66666666666666
1482,0.655,1,0,16,15,10.0,6.55,25.0,0.0,25.0,50.0
1483,0.456,1,0,13,12,10.0,4.56,15.384615384615385,0.0,15.384615384615385,69.23076923076923
1484,0.551,1,0,17,16,10.0,5.51,0.0,0.0,0.0,100.0
1485,0.47,1,0,10,9,10.0,4.7,10.0,0.0,10.0,80.0
1486,0.82,1,0,15,14,10.0,8.2,20.0,0.0,13.333333333333334,66.66666666666666
1487,0.62,1,0,19,18,10.0,6.2,10.526315789473683,5.263157894736842,0.0,84.21052631578947
1488,0.618,1,0,23,22,10.0,6.18,52.17391304347826,0.0,30.434782608695656,17.391304347826086
1489,0.474,1,0,18,17,10.0,4.74,0.0,0.0,50.0,50.0
1490,0.636,1,0,17,16,10.0,6.36,41.17647058823529,0.0,23.52941176470588,35.294117647058826
1491,0.486,1,0,15,14,10.0,4.86,26.666666666666668,0.0,53.333333333333336,20.0
1492,0.434,1,0,15,14,10.0,4.34,20.0,0.0,0.0,80.0
1493,0.55,1,0,24,23,10.0,5.5,4.166666666666666,0.0,41.66666666666667,54.166666666666664
1494,0.418,1,0,18,17,10.0,4.18,16.666666666666664,0.0,27.77777777777778,55.55555555555556
1495,0.536,1,0,16,15,10.0,5.36,12.5,0.0,18.75,68.75
1496,0.445,1,0,11,10,10.0,4.45,0.0,9.090909090909092,0.0,90.9090909090909
1497,0.47,1,0,12,11,10.0,4.7,0.0,0.0,8.333333333333332,91.66666666666666
1498,0.795,1,0,16,15,10.0,7.95,12.5,18.75,18.75,50.0
1499,0.272,1,0,11,10,10.0,2.72,9.090909090909092,0.0,9.090909090909092,81.81818181818183
1500,0.526,1,0,17,16,10.0,5.26,0.0,0.0,0.0,100.0
1501,0.664,1,0,17,16,10.0,6.64,0.0,0.0,11.76470588235294,88.23529411764706
1502,0.524,1,0,18,17,10.0,5.24,27.77777777777778,5.555555555555555,0.0,66.66666666666666
1503,0.435,1,0,10,9,9.0,4.35,10.0,60.0,0.0,30.0
1504,0.452,1,0,15,14,10.0,4.52,13.333333333333334,20.0,0.0,66.66666666666666
1505,0.58,1,0,14,13,10.0,5.8,28.57142857142857,14.285714285714285,14.285714285714285,42.857142857142854
1506,0.435,1,0,15,14,10.0,4.35,46.666666666666664,6.666666666666667,0.0,46.666666666666664
1507,0.404,1,0,13,12,10.0,4.04,7.6923076923076925,0.0,30.76923076923077,61.53846153846154
1508,0.22,1,0,13,12,7.0,2.2,0.0,0.0,0.0,100.0
1509,0.84,1,0,16,15,10.0,8.4,18.75,12.5,6.25,62.5
1510,0.381,1,0,12,11,10.0,3.81,25.0,0.0,41.66666666666667,33.33333333333333
1511,0.632,1,0,14,13,10.0,6.32,35.714285714285715,0.0,14.285714285714285,50.0
1512,0.334,1,0,11,10,10.0,3.34,0.0,18.181818181818183,0.0,81.81818181818183
1513,0.434,1,0,13,12,10.0,4.34,7.6923076923076925,0.0,76.92307692307693,15.384615384615385
1514,0.528,1,0,16,15,10.0,5.28,25.0,6.25,43.75,25.0
1515,0.446,1,0,12,11,9.0,4.46,50.0,0.0,33.33333333333333,16.666666666666664
1516,0.416,1,0,13,12,10.0,4.16,15.384615384615385,0.0,0.0,84.61538461538461
1517,0.442,1,0,17,16,10.0,4.42,17.647058823529413,0.0,52.94117647058824,29.411764705882355
1518,0.63,1,0,24,23,10.0,6.3,29.166666666666668,0.0,4.166666666666666,66.66666666666666
1519,0.5,1,0,10,9,10.0,5.0,0.0,0.0,50.0,50.0
1520,0.484,1,0,10,9,9.0,4.84,0.0,0.0,50.0,50.0
1521,0.67,1,0,13,12,10.0,6.7,7.6923076923076925,23.076923076923077,23.076923076923077,46.15384615384615
1522,0.595,1,0,13,12,10.0,5.95,7.6923076923076925,7.6923076923076925,23.076923076923077,61.53846153846154
1523,0.612,1,0,18,17,10.0,6.12,0.0,0.0,38.88888888888889,61.111111111111114
1524,0.604,1,0,26,25,10.0,6.04,61.53846153846154,0.0,30.76923076923077,7.6923076923076925
1525,0.655,1,0,11,10,10.0,6.55,36.36363636363637,0.0,0.0,63.63636363636363
1526,0.66,1,0,12,11,10.0,6.6,16.666666666666664,0.0,25.0,58.333333333333336
1527,0.485,1,0,9,8,10.0,4.85,11.11111111111111,0.0,22.22222222222222,66.66666666666666
1528,0.474,1,0,14,13,10.0,4.74,21.428571428571427,14.285714285714285,0.0,64.28571428571429
1529,0.54,1,0,11,10,10.0,5.4,18.181818181818183,0.0,9.090909090909092,72.72727272727273
1530,0.576,1,0,17,16,10.0,5.76,5.88235294117647,0.0,29.411764705882355,64.70588235294117
1531,0.489,1,0,14,13,10.0,4.89,7.142857142857142,0.0,14.285714285714285,78.57142857142857
1532,0.517,1,0,14,13,10.0,5.17,7.142857142857142,0.0,0.0,92.85714285714286
1533,0.302,1,0,12,11,8.0,3.02,8.333333333333332,16.666666666666664,8.333333333333332,66.66666666666666
1534,0.353,1,0,12,11,10.0,3.53,8.333333333333332,0.0,50.0,41.66666666666667
1535,0.452,1,0,13,12,10.0,4.52,30.76923076923077,0.0,0.0,69.23076923076923
1536,0.446,1,0,14,13,10.0,4.46,7.142857142857142,0.0,21.428571428571427,71.42857142857143
1537,0.42,1,0,18,17,10.0,4.2,16.666666666666664,16.666666666666664,11.11111111111111,55.55555555555556
1538,0.702,1,0,17,16,10.0,7.02,35.294117647058826,11.76470588235294,0.0,52.94117647058824
1539,0.46,1,0,9,8,10.0,4.6,0.0,0.0,22.22222222222222,77.77777777777779
1540,0.603,1,0,19,18,10.0,6.03,52.63157894736842,0.0,0.0,47.368421052631575
1541,0.805,1,0,14,13,10.0,8.05,28.57142857142857,35.714285714285715,0.0,35.714285714285715
1542,0.202,1,0,10,9,8.0,2.02,0.0,20.0,0.0,80.0
1543,0.552,1,0,18,17,10.0,5.52,27.77777777777778,0.0,5.555555555555555,66.66666666666666
1544,0.615,1,0,17,16,10.0,6.15,35.294117647058826,0.0,29.411764705882355,35.294117647058826
1545,0.562,1,0,13,12,10.0,5.62,15.384615384615385,0.0,23.076923076923077,61.53846153846154
1546,0.65,1,0,21,20,10.0,6.5,4.761904761904762,0.0,38.095238095238095,57.14285714285714
1547,0.399,1,0,15,14,10.0,3.99,0.0,0.0,0.0,100.0
1548,0.314,1,0,14,13,10.0,3.14,0.0,21.428571428571427,21.428571428571427,57.14285714285714
1549,0.555,1,0,10,9,10.0,5.55,0.0,0.0,30.0,70.0
1550,0.49,1,0,12,11,10.0,4.9,0.0,0.0,50.0,50.0
1551,0.376,1,0,16,15,10.0,3.76,0.0,25.0,0.0,75.0
1552,0.335,1,0,13,12,9.0,3.35,15.384615384615385,0.0,23.076923076923077,61.53846153846154
1553,0.443,1,0,16,15,10.0,4.43,12.5,0.0,37.5,50.0
1554,0.534,1,0,13,12,10.0,5.34,15.384615384615385,0.0,30.76923076923077,53.84615384615385
1555,0.46,1,0,11,10,10.0,4.6,0.0,0.0,45.45454545454545,54.54545454545454
1556,0.38,1,0,12,11,10.0,3.8,0.0,0.0,50.0,50.0
1557,0.418,1,0,18,17,10.0,4.18,16.666666666666664,0.0,27.77777777777778,55.55555555555556
1558,0.456,1,0,13,12,9.0,4.56,7.6923076923076925,0.0,0.0,92.3076923076923
1559,0.597,1,0,17,16,10.0,5.97,29.411764705882355,0.0,0.0,70.58823529411765
1560,0.57,1,0,23,22,10.0,5.7,52.17391304347826,0.0,0.0,47.82608695652174
1561,0.44,1,0,11,10,10.0,4.4,0.0,0.0,81.81818181818183,18.181818181818183
1562,0.484,1,0,20,19,10.0,4.84,35.0,5.0,30.0,30.0
1563,0.552,1,0,17,16,10.0,5.52,0.0,0.0,64.70588235294117,35.294117647058826
1564,0.438,1,0,15,14,10.0,4.38,0.0,0.0,0.0,100.0
1565,0.42,1,0,9,8,10.0,4.2,22.22222222222222,0.0,22.22222222222222,55.55555555555556
1566,0.58,1,0,12,11,10.0,5.8,8.333333333333332,41.66666666666667,0.0,50.0
1567,0.508,1,0,20,19,10.0,5.08,0.0,0.0,30.0,70.0
1568,0.528,1,0,13,12,10.0,5.28,0.0,15.384615384615385,23.076923076923077,61.53846153846154
1569,0.442,1,0,15,14,10.0,4.42,6.666666666666667,46.666666666666664,0.0,46.666666666666664
1570,0.393,1,0,11,10,7.0,3.93,0.0,0.0,9.090909090909092,90.9090909090909
1571,0.58,1,0,16,15,10.0,5.8,25.0,0.0,0.0,75.0
1572,0.686,1,0,13,12,10.0,6.86,7.6923076923076925,0.0,38.46153846153847,53.84615384615385
1573,0.744,1,0,20,19,10.0,7.44,40.0,0.0,5.0,55.00000000000001
1574,0.528,1,0,17,16,10.0,5.28,11.76470588235294,0.0,0.0,88.23529411764706
1575,0.315,1,0,15,14,10.0,3.15,0.0,0.0,33.33333333333333,66.66666666666666
1576,0.404,1,0,9,8,10.0,4.04,11.11111111111111,0.0,33.33333333333333,55.55555555555556
1577,0.391,1,0,11,10,10.0,3.91,0.0,0.0,0.0,100.0
1578,0.182,1,0,8,7,10.0,1.82,0.0,12.5,0.0,87.5
1579,0.286,1,0,8,7,10.0,2.86,0.0,0.0,0.0,100.0
1580,0.616,1,0,23,22,10.0,6.16,8.695652173913043,4.3478260869565215,0.0,86.95652173913044
1581,0.406,1,0,17,16,10.0,4.06,17.647058823529413,0.0,52.94117647058824,29.411764705882355
1582,0.488,1,0,18,17,10.0,4.88,0.0,5.555555555555555,0.0,94.44444444444444
1583,0.42,1,0,13,12,10.0,4.2,0.0,7.6923076923076925,46.15384615384615,46.15384615384615
1584,0.516,1,0,13,12,10.0,5.16,30.76923076923077,0.0,38.46153846153847,30.76923076923077
1585,0.508,1,0,17,16,10.0,5.08,0.0,0.0,17.647058823529413,82.35294117647058
1586,0.556,1,0,16,15,10.0,5.56,0.0,0.0,0.0,100.0
1587,0.745,1,0,15,14,10.0,7.45,40.0,0.0,33.33333333333333,26.666666666666668
1588,0.674,1,0,25,24,10.0,6.74,28.000000000000004,0.0,4.0,68.0
1589,0.57,1,0,19,18,10.0,5.7,10.526315789473683,26.31578947368421,36.84210526315789,26.31578947368421
1590,0.638,1,0,18,17,10.0,6.38,5.555555555555555,5.555555555555555,38.88888888888889,50.0
1591,0.415,1,0,9,8,10.0,4.15,0.0,11.11111111111111,0.0,88.88888888888889
1592,0.85,1,0,17,16,10.0,8.5,35.294117647058826,0.0,41.17647058823529,23.52941176470588
1593,0.616,1,0,23,22,10.0,6.16,56.52173913043478,0.0,0.0,43.47826086956522
1594,0.67,1,0,12,11,10.0,6.7,41.66666666666667,0.0,25.0,33.33333333333333
1595,0.39,1,0,13,12,10.0,3.9,7.6923076923076925,7.6923076923076925,0.0,84.61538461538461
1596,0.64,1,0,13,12,10.0,6.4,0.0,7.6923076923076925,0.0,92.3076923076923
1597,0.7,1,0,17,16,10.0,7.0,58.82352941176471,0.0,0.0,41.17647058823529
1598,0.463,1,0,15,14,10.0,4.63,13.333333333333334,0.0,46.666666666666664,40.0
1599,0.54,1,0,14,13,10.0,5.4,21.428571428571427,0.0,21.428571428571427,57.14285714285714
1600,0.388,1,0,10,9,9.0,3.88,0.0,0.0,30.0,70.0
1601,0.608,1,0,16,15,10.0,6.08,0.0,18.75,31.25,50.0
1602,0.312,1,0,9,8,10.0,3.12,0.0,22.22222222222222,33.33333333333333,44.44444444444444
1603,0.472,1,0,10,9,10.0,4.72,20.0,0.0,30.0,50.0
1604,0.521,1,0,11,10,10.0,5.21,9.090909090909092,18.181818181818183,27.27272727272727,45.45454545454545
1605,0.494,1,0,16,15,10.0,4.94,0.0,0.0,43.75,56.25
1606,0.438,1,0,10,9,10.0,4.38,10.0,20.0,30.0,40.0
1607,0.527,1,0,14,13,10.0,5.27,21.428571428571427,0.0,7.142857142857142,71.42857142857143
1608,0.845,1,0,15,14,10.0,8.45,13.333333333333334,0.0,46.666666666666664,40.0
1609,0.456,1,0,15,14,9.0,4.56,20.0,20.0,0.0,60.0
1610,0.434,1,0,12,11,10.0,4.34,33.33333333333333,0.0,0.0,66.66666666666666
1611,0.466,1,0,16,15,10.0,4.66,6.25,0.0,43.75,50.0
1612,0.62,1,0,14,13,10.0,6.2,7.142857142857142,7.142857142857142,35.714285714285715,50.0
1613,0.617,1,0,13,12,10.0,6.17,23.076923076923077,0.0,38.46153846153847,38.46153846153847
1614,0.686,1,0,11,10,10.0,6.86,18.181818181818183,9.090909090909092,0.0,72.72727272727273
1615,0.466,1,0,15,14,10.0,4.66,13.333333333333334,0.0,33.33333333333333,53.333333333333336
1616,0.5,1,0,15,14,10.0,5.0,26.666666666666668,0.0,6.666666666666667,66.66666666666666
1617,0.474,1,0,14,13,10.0,4.74,35.714285714285715,7.142857142857142,0.0,57.14285714285714
1618,0.61,1,0,12,11,10.0,6.1,33.33333333333333,8.333333333333332,8.333333333333332,50.0
1619,0.348,1,0,12,11,10.0,3.48,0.0,75.0,0.0,25.0
1620,0.592,1,0,18,17,10.0,5.92,27.77777777777778,0.0,27.77777777777778,44.44444444444444
1621,0.541,1,0,13,12,10.0,5.41,0.0,0.0,84.61538461538461,15.384615384615385
1622,0.536,1,0,19,18,10.0,5.36,10.526315789473683,21.052631578947366,0.0,68.42105263157895
1623,0.498,1,0,14,13,9.0,4.98,14.285714285714285,0.0,42.857142857142854,42.857142857142854
1624,0.73,1,0,15,14,10.0,7.3,60.0,13.333333333333334,0.0,26.666666666666668
1625,0.7,1,0,20,19,10.0,7.0,30.0,15.0,0.0,55.00000000000001
1626,0.403,1,0,15,14,10.0,4.03,0.0,13.333333333333334,26.666666666666668,60.0
1627,0.468,1,0,13,12,10.0,4.68,23.076923076923077,0.0,15.384615384615385,61.53846153846154
1628,0.645,1,0,25,24,10.0,6.45,20.0,4.0,16.0,60.0
1629,0.596,1,0,16,15,10.0,5.96,18.75,0.0,43.75,37.5
1630,0.387,1,0,11,10,10.0,3.87,0.0,36.36363636363637,9.090909090909092,54.54545454545454
1631,0.788,1,0,31,30,10.0,7.88,19.35483870967742,0.0,0.0,80.64516129032258
1632,0.444,1,0,19,18,10.0,4.44,0.0,0.0,0.0,100.0
1633,0.406,1,0,14,13,10.0,4.06,0.0,71.42857142857143,0.0,28.57142857142857
1634,0.585,1,0,13,12,10.0,5.85,53.84615384615385,0.0,0.0,46.15384615384615
1635,0.649,1,0,17,16,10.0,6.49,41.17647058823529,0.0,5.88235294117647,52.94117647058824
1636,0.422,1,0,18,17,9.0,4.22,0.0,16.666666666666664,61.111111111111114,22.22222222222222
1637,0.472,1,0,15,14,10.0,4.72,0.0,6.666666666666667,0.0,93.33333333333333
1638,0.53,1,0,17,16,10.0,5.3,35.294117647058826,0.0,35.294117647058826,29.411764705882355
1639,0.451,1,0,12,11,9.0,4.51,0.0,0.0,41.66666666666667,58.333333333333336
1640,0.594,1,0,19,18,10.0,5.94,47.368421052631575,0.0,5.263157894736842,47.368421052631575
1641,0.444,1,0,17,16,10.0,4.44,17.647058823529413,0.0,17.647058823529413,64.70588235294117
1642,0.572,1,0,19,18,10.0,5.72,26.31578947368421,0.0,57.89473684210527,15.789473684210526
1643,0.393,1,0,12,11,9.0,3.93,8.333333333333332,0.0,0.0,91.66666666666666
1644,0.482,1,0,17,16,10.0,4.82,11.76470588235294,0.0,0.0,88.23529411764706
1645,0.516,1,0,21,20,10.0,5.16,42.857142857142854,0.0,23.809523809523807,33.33333333333333
1646,0.655,1,0,19,18,10.0,6.55,10.526315789473683,47.368421052631575,5.263157894736842,36.84210526315789
1647,0.554,1,0,27,26,10.0,5.54,14.814814814814813,3.7037037037037033,14.814814814814813,66.66666666666666
1648,0.492,1,0,15,14,10.0,4.92,13.333333333333334,0.0,0.0,86.66666666666667
1649,0.63,1,0,13,12,10.0,6.3,30.76923076923077,0.0,0.0,69.23076923076923
1650,0.388,1,0,9,8,8.0,3.88,11.11111111111111,0.0,33.33333333333333,55.55555555555556
1651,0.482,1,0,15,14,10.0,4.82,6.666666666666667,26.666666666666668,13.333333333333334,53.333333333333336
1652,0.516,1,0,24,23,10.0,5.16,25.0,4.166666666666666,8.333333333333332,62.5
1653,0.59,1,0,23,22,10.0,5.9,47.82608695652174,0.0,0.0,52.17391304347826
1654,0.486,1,0,10,9,10.0,4.86,50.0,0.0,10.0,40.0
1655,0.352,1,0,17,16,10.0,3.52,5.88235294117647,23.52941176470588,29.411764705882355,41.17647058823529
1656,0.75,1,0,16,15,10.0,7.5,12.5,0.0,25.0,62.5
1657,0.443,1,0,14,13,10.0,4.43,0.0,0.0,21.428571428571427,78.57142857142857
1658,0.668,1,0,21,20,10.0,6.68,33.33333333333333,0.0,19.047619047619047,47.61904761904761
1659,0.596,1,0,24,23,10.0,5.96,41.66666666666667,0.0,8.333333333333332,50.0
1660,0.644,1,0,22,21,10.0,6.44,31.818181818181817,0.0,0.0,68.18181818181817
1661,0.46,1,0,18,17,10.0,4.6,5.555555555555555,0.0,33.33333333333333,61.111111111111114
1662,0.515,1,0,17,16,10.0,5.15,17.647058823529413,0.0,0.0,82.35294117647058
1663,0.45,1,0,14,13,10.0,4.5,0.0,0.0,35.714285714285715,64.28571428571429
1664,0.77,1,0,16,15,10.0,7.7,25.0,0.0,25.0,50.0
1665,0.604,1,0,19,18,10.0,6.04,31.57894736842105,0.0,21.052631578947366,47.368421052631575
1666,0.504,1,0,17,16,10.0,5.04,11.76470588235294,17.647058823529413,0.0,70.58823529411765
1667,0.337,1,0,12,11,9.0,3.37,16.666666666666664,0.0,33.33333333333333,50.0
1668,0.422,1,0,16,15,10.0,4.22,25.0,6.25,18.75,50.0
1669,0.66,1,0,10,9,10.0,6.6,0.0,0.0,80.0,20.0
1670,0.43,1,0,11,10,10.0,4.3,0.0,0.0,54.54545454545454,45.45454545454545
1671,0.644,1,0,23,22,10.0,6.44,8.695652173913043,17.391304347826086,43.47826086956522,30.434782608695656
1672,0.495,1,0,11,10,10.0,4.95,0.0,27.27272727272727,0.0,72.72727272727273
1673,0.604,1,0,16,15,9.0,6.04,12.5,6.25,31.25,50.0
1674,0.473,1,0,15,14,10.0,4.73,6.666666666666667,6.666666666666667,0.0,86.66666666666667
1675,0.576,1,0,15,14,10.0,5.76,13.333333333333334,20.0,20.0,46.666666666666664
1676,0.512,1,0,17,16,10.0,5.12,29.411764705882355,0.0,11.76470588235294,58.82352941176471
1677,0.614,1,0,18,17,10.0,6.14,44.44444444444444,5.555555555555555,0.0,50.0
1678,0.586,1,0,25,24,10.0,5.86,12.0,0.0,60.0,28.000000000000004
1679,0.499,1,0,14,13,10.0,4.99,0.0,0.0,7.142857142857142,92.85714285714286
1680,0.555,1,0,11,10,10.0,5.55,54.54545454545454,0.0,0.0,45.45454545454545
1681,0.544,1,0,12,11,10.0,5.44,8.333333333333332,0.0,16.666666666666664,75.0
1682,0.5,1,0,16,15,10.0,5.0,25.0,37.5,0.0,37.5
1683,0.697,1,0,25,24,10.0,6.97,20.0,4.0,4.0,72.0
1684,0.85,1,0,14,13,10.0,8.5,42.857142857142854,14.285714285714285,7.142857142857142,35.714285714285715
1685,0.539,1,0,17,16,10.0,5.39,23.52941176470588,0.0,23.52941176470588,52.94117647058824
1686,0.765,1,0,13,12,10.0,7.65,23.076923076923077,0.0,23.076923076923077,53.84615384615385
1687,0.675,1,0,10,9,10.0,6.75,0.0,0.0,80.0,20.0
1688,0.69,1,0,16,15,10.0,6.9,25.0,6.25,43.75,25.0
1689,0.674,1,0,18,17,10.0,6.74,38.88888888888889,0.0,0.0,61.111111111111114
1690,0.514,1,0,16,15,10.0,5.14,31.25,0.0,0.0,68.75
1691,0.357,1,0,13,12,9.0,3.57,7.6923076923076925,0.0,0.0,92.3076923076923
1692,0.462,1,0,15,14,10.0,4.62,26.666666666666668,0.0,26.666666666666668,46.666666666666664
1693,0.33,1,0,13,12,10.0,3.3,0.0,15.384615384615385,7.6923076923076925,76.92307692307693
1694,0.384,1,0,10,9,10.0,3.84,0.0,10.0,0.0,90.0
1695,0.694,1,0,20,19,10.0,6.94,25.0,10.0,20.0,45.0
1696,0.498,1,0,22,21,10.0,4.98,36.36363636363637,9.090909090909092,0.0,54.54545454545454
1697,0.675,1,0,13,12,10.0,6.75,0.0,23.076923076923077,15.384615384615385,61.53846153846154
1698,0.41,1,0,10,9,10.0,4.1,0.0,0.0,10.0,90.0
1699,0.49,1,0,19,18,10.0,4.9,36.84210526315789,0.0,26.31578947368421,36.84210526315789
1700,0.472,1,0,14,13,10.0,4.72,7.142857142857142,0.0,7.142857142857142,85.71428571428571
1701,0.496,1,0,15,14,10.0,4.96,13.333333333333334,40.0,0.0,46.666666666666664
1702,0.516,1,0,11,10,10.0,5.16,27.27272727272727,0.0,36.36363636363637,36.36363636363637
1703,0.358,1,0,12,11,10.0,3.58,8.333333333333332,0.0,8.333333333333332,83.33333333333334
1704,0.64,1,0,13,12,10.0,6.4,23.076923076923077,30.76923076923077,7.6923076923076925,38.46153846153847
1705,0.54,1,0,15,14,10.0,5.4,33.33333333333333,13.333333333333334,13.333333333333334,40.0
1706,0.67,1,0,11,10,10.0,6.7,18.181818181818183,18.181818181818183,27.27272727272727,36.36363636363637
1707,0.392,1,0,10,9,8.0,3.92,0.0,0.0,70.0,30.0
1708,0.513,1,0,16,15,10.0,5.13,25.0,0.0,37.5,37.5
1709,0.526,1,0,16,15,10.0,5.26,6.25,6.25,6.25,81.25
1710,0.492,1,0,14,13,10.0,4.92,28.57142857142857,0.0,28.57142857142857,42.857142857142854
1711,0.428,1,0,10,9,10.0,4.28,10.0,30.0,0.0,60.0
1712,0.579,1,0,13,12,10.0,5.79,46.15384615384615,0.0,0.0,53.84615384615385
1713,0.434,1,0,16,15,10.0,4.34,6.25,43.75,0.0,50.0
1714,0.486,1,0,20,19,10.0,4.86,0.0,0.0,20.0,80.0
1715,0.448,1,0,20,19,10.0,4.48,0.0,5.0,0.0,95.0
1716,0.463,1,0,13,12,10.0,4.63,0.0,0.0,0.0,100.0
1717,0.478,1,0,18,17,10.0,4.78,0.0,0.0,55.55555555555556,44.44444444444444
1718,0.505,1,0,10,9,10.0,5.05,20.0,10.0,10.0,60.0
1719,0.542,1,0,18,17,10.0,5.42,38.88888888888889,5.555555555555555,33.33333333333333,22.22222222222222
1720,0.522,1,0,22,21,10.0,5.22,18.181818181818183,0.0,9.090909090909092,72.72727272727273
1721,0.362,1,0,15,14,10.0,3.62,26.666666666666668,0.0,6.666666666666667,66.66666666666666
1722,0.546,1,0,14,13,10.0,5.46,21.428571428571427,21.428571428571427,7.142857142857142,50.0
1723,0.44,1,0,8,7,10.0,4.4,25.0,0.0,0.0,75.0
1724,0.327,1,0,12,11,10.0,3.27,16.666666666666664,0.0,16.666666666666664,66.66666666666666
1725,0.545,1,0,13,12,9.0,5.45,23.076923076923077,0.0,0.0,76.92307692307693
1726,0.75,1,0,15,14,10.0,7.5,13.333333333333334,13.333333333333334,26.666666666666668,46.666666666666664
1727,0.66,1,0,15,14,10.0,6.6,53.333333333333336,0.0,6.666666666666667,40.0
1728,0.385,1,0,12,11,10.0,3.85,33.33333333333333,0.0,50.0,16.666666666666664
1729,0.708,1,0,22,21,10.0,7.08,9.090909090909092,0.0,31.818181818181817,59.09090909090909
1730,0.508,1,0,15,14,10.0,5.08,13.333333333333334,0.0,0.0,86.66666666666667
1731,0.538,1,0,16,15,10.0,5.38,56.25,0.0,6.25,37.5
1732,0.405,1,0,14,13,10.0,4.05,21.428571428571427,0.0,42.857142857142854,35.714285714285715
1733,0.634,1,0,23,22,10.0,6.34,8.695652173913043,0.0,78.26086956521739,13.043478260869565
1734,0.675,1,0,22,21,10.0,6.75,22.727272727272727,9.090909090909092,9.090909090909092,59.09090909090909
1735,0.428,1,0,12,11,10.0,4.28,0.0,75.0,0.0,25.0
1736,0.64,1,0,30,29,10.0,6.4,10.0,3.3333333333333335,0.0,86.66666666666667
1737,0.497,1,0,15,14,10.0,4.97,20.0,0.0,33.33333333333333,46.666666666666664
1738,0.84,1,0,18,17,10.0,8.4,5.555555555555555,16.666666666666664,11.11111111111111,66.66666666666666
1739,0.536,1,0,21,20,10.0,5.36,0.0,0.0,14.285714285714285,85.71428571428571
1740,0.34,1,0,12,11,10.0,3.4,0.0,25.0,0.0,75.0
1741,0.678,1,0,18,17,10.0,6.78,38.88888888888889,22.22222222222222,0.0,38.88888888888889
1742,0.596,1,0,14,13,10.0,5.96,0.0,71.42857142857143,7.142857142857142,21.428571428571427
1743,0.584,1,0,13,12,10.0,5.84,15.384615384615385,0.0,0.0,84.61538461538461
1744,0.308,1,0,10,9,10.0,3.08,40.0,0.0,20.0,40.0
1745,0.295,1,0,9,8,9.0,2.95,33.33333333333333,0.0,0.0,66.66666666666666
1746,0.294,1,0,10,9,9.0,2.94,0.0,10.0,0.0,90.0
1747,0.556,1,0,18,17,10.0,5.56,5.555555555555555,0.0,38.88888888888889,55.55555555555556
1748,0.48,1,0,15,14,10.0,4.8,0.0,0.0,6.666666666666667,93.33333333333333
1749,0.466,1,0,13,12,10.0,4.66,23.076923076923077,23.076923076923077,23.076923076923077,30.76923076923077
1750,0.496,1,0,18,17,10.0,4.96,0.0,0.0,77.77777777777779,22.22222222222222
1751,0.592,1,0,15,14,10.0,5.92,53.333333333333336,0.0,0.0,46.666666666666664
1752,0.429,1,0,13,12,10.0,4.29,0.0,0.0,30.76923076923077,69.23076923076923
1753,0.642,1,0,27,26,10.0,6.42,22.22222222222222,0.0,33.33333333333333,44.44444444444444
1754,0.496,1,0,13,12,10.0,4.96,38.46153846153847,0.0,0.0,61.53846153846154
1755,0.436,1,0,15,14,10.0,4.36,13.333333333333334,6.666666666666667,33.33333333333333,46.666666666666664
1756,0.714,1,0,16,15,10.0,7.14,37.5,0.0,18.75,43.75
1757,0.77,1,0,16,15,10.0,7.7,12.5,0.0,6.25,81.25
1758,0.514,1,0,15,14,10.0,5.14,0.0,0.0,26.666666666666668,73.33333333333333
1759,0.6,1,0,24,23,10.0,6.0,20.833333333333336,0.0,0.0,79.16666666666666
1760,0.543,1,0,19,18,10.0,5.43,0.0,31.57894736842105,0.0,68.42105263157895
1761,0.308,1,0,17,16,10.0,3.08,0.0,11.76470588235294,23.52941176470588,64.70588235294117
1762,0.528,1,0,20,19,10.0,5.28,35.0,0.0,15.0,50.0
1763,0.682,1,0,14,13,10.0,6.82,14.285714285714285,0.0,35.714285714285715,50.0
1764,0.488,1,0,13,12,10.0,4.88,23.076923076923077,0.0,30.76923076923077,46.15384615384615
1765,0.53,1,0,10,9,10.0,5.3,20.0,0.0,0.0,80.0
1766,0.67,1,0,22,21,10.0,6.7,36.36363636363637,13.636363636363635,22.727272727272727,27.27272727272727
1767,0.728,1,0,25,24,10.0,7.28,52.0,0.0,8.0,40.0
1768,0.575,1,0,11,10,10.0,5.75,27.27272727272727,0.0,18.181818181818183,54.54545454545454
1769,0.34,1,0,9,8,8.0,3.4,11.11111111111111,0.0,33.33333333333333,55.55555555555556
1770,0.655,1,0,15,14,10.0,6.55,6.666666666666667,0.0,53.333333333333336,40.0
1771,0.682,1,0,20,19,10.0,6.82,20.0,15.0,0.0,65.0
1772,0.501,1,0,17,16,10.0,5.01,23.52941176470588,35.294117647058826,0.0,41.17647058823529
1773,0.63,1,0,18,17,10.0,6.3,16.666666666666664,0.0,50.0,33.33333333333333
1774,0.61,1,0,14,13,10.0,6.1,14.285714285714285,21.428571428571427,7.142857142857142,57.14285714285714
1775,0.436,1,0,12,11,10.0,4.36,41.66666666666667,0.0,41.66666666666667,16.666666666666664
1776,0.374,1,0,11,10,10.0,3.74,27.27272727272727,18.181818181818183,0.0,54.54545454545454
1777,0.396,1,0,16,15,9.0,3.96,12.5,12.5,0.0,75.0
1778,0.559,1,0,15,14,10.0,5.59,13.333333333333334,0.0,66.66666666666666,20.0
1779,0.685,1,0,14,13,10.0,6.85,28.57142857142857,0.0,0.0,71.42857142857143
1780,0.686,1,0,20,19,10.0,6.86,5.0,0.0,0.0,95.0
1781,0.77,1,0,18,17,10.0,7.7,5.555555555555555,22.22222222222222,11.11111111111111,61.111111111111114
1782,0.43,1,0,11,10,9.0,4.3,0.0,0.0,54.54545454545454,45.45454545454545
1783,0.487,1,0,16,15,10.0,4.87,6.25,0.0,62.5,31.25
1784,0.413,1,0,11,10,10.0,4.13,27.27272727272727,9.090909090909092,0.0,63.63636363636363
1785,0.632,1,0,19,18,10.0,6.32,15.789473684210526,0.0,57.89473684210527,26.31578947368421
1786,0.54,1,0,16,15,9.0,5.4,6.25,31.25,12.5,50.0
1787,0.57,1,0,8,7,10.0,5.7,12.5,0.0,50.0,37.5
1788,0.583,1,0,11,10,10.0,5.83,18.181818181818183,0.0,9.090909090909092,72.72727272727273
1789,0.432,1,0,20,19,10.0,4.32,10.0,0.0,10.0,80.0
1790,0.574,1,0,13,12,10.0,5.74,46.15384615384615,0.0,30.76923076923077,23.076923076923077
1791,0.504,1,0,15,14,10.0,5.04,13.333333333333334,6.666666666666667,13.333333333333334,66.66666666666666
1792,0.476,1,0,12,11,10.0,4.76,0.0,0.0,83.33333333333334,16.666666666666664
1793,0.395,1,0,11,10,8.0,3.95,0.0,45.45454545454545,9.090909090909092,45.45454545454545
1794,0.248,1,0,11,10,10.0,2.48,0.0,0.0,0.0,100.0
1795,0.709,1,0,18,17,10.0,7.09,27.77777777777778,27.77777777777778,5.555555555555555,38.88888888888889
1796,0.456,1,0,10,9,8.0,4.56,20.0,10.0,0.0,70.0
1797,0.465,1,0,15,14,10.0,4.65,0.0,0.0,66.66666666666666,33.33333333333333
1798,0.338,1,0,14,13,10.0,3.38,42.857142857142854,7.142857142857142,7.142857142857142,42.857142857142854
1799,0.607,1,0,17,16,10.0,6.07,23.52941176470588,5.88235294117647,23.52941176470588,47.05882352941176
1800,0.482,1,0,17,16,10.0,4.82,5.88235294117647,0.0,0.0,94.11764705882352
1801,0.504,1,0,13,12,10.0,5.04,53.84615384615385,0.0,0.0,46.15384615384615
1802,0.56,1,0,13,12,10.0,5.6,15.384615384615385,0.0,15.384615384615385,69.23076923076923
1803,0.536,1,0,13,12,10.0,5.36,23.076923076923077,15.384615384615385,0.0,61.53846153846154
1804,0.53,1,0,12,11,10.0,5.3,25.0,0.0,41.66666666666667,33.33333333333333
1805,0.484,1,0,18,17,10.0,4.84,0.0,0.0,38.88888888888889,61.111111111111114
1806,0.176,1,0,8,7,6.0,1.76,0.0,0.0,12.5,87.5
1807,0.592,1,0,18,17,10.0,5.92,0.0,0.0,16.666666666666664,83.33333333333334
1808,0.462,1,0,15,14,10.0,4.62,0.0,26.666666666666668,46.666666666666664,26.666666666666668
1809,0.546,1,0,16,15,10.0,5.46,6.25,0.0,25.0,68.75
1810,0.48,1,0,13,12,10.0,4.8,23.076923076923077,23.076923076923077,0.0,53.84615384615385
1811,0.398,1,0,9,8,10.0,3.98,0.0,77.77777777777779,0.0,22.22222222222222
1812,0.317,1,0,13,12,10.0,3.17,7.6923076923076925,0.0,53.84615384615385,38.46153846153847
1813,0.49,1,0,17,16,10.0,4.9,23.52941176470588,0.0,11.76470588235294,64.70588235294117
1814,0.606,1,0,25,24,10.0,6.06,32.0,20.0,12.0,36.0
1815,0.344,1,0,12,11,10.0,3.44,0.0,0.0,58.333333333333336,41.66666666666667
1816,0.405,1,0,10,9,10.0,4.05,30.0,0.0,20.0,50.0
1817,0.601,1,0,16,15,10.0,6.01,0.0,0.0,37.5,62.5
1818,0.586,1,0,13,12,10.0,5.86,7.6923076923076925,30.76923076923077,0.0,61.53846153846154
1819,0.63,1,0,15,14,10.0,6.3,0.0,0.0,53.333333333333336,46.666666666666664
1820,0.354,1,0,8,7,9.0,3.54,0.0,0.0,50.0,50.0
1821,0.6,1,0,14,13,9.0,6.0,57.14285714285714,0.0,14.285714285714285,28.57142857142857
1822,0.534,1,0,19,18,10.0,5.34,10.526315789473683,0.0,47.368421052631575,42.10526315789473
1823,0.426,1,0,14,13,10.0,4.26,21.428571428571427,0.0,7.142857142857142,71.42857142857143
1824,0.696,1,0,29,28,10.0,6.96,20.689655172413794,6.896551724137931,24.137931034482758,48.275862068965516
1825,0.56,1,0,23,22,10.0,5.6,13.043478260869565,0.0,34.78260869565217,52.17391304347826
1826,0.675,1,0,17,16,10.0,6.75,23.52941176470588,0.0,23.52941176470588,52.94117647058824
1827,0.408,1,0,16,15,9.0,4.08,25.0,0.0,0.0,75.0
1828,0.445,1,0,17,16,10.0,4.45,41.17647058823529,0.0,0.0,58.82352941176471
1829,0.492,1,0,17,16,10.0,4.92,5.88235294117647,17.647058823529413,5.88235294117647,70.58823529411765
1830,0.608,1,0,28,27,10.0,6.08,32.142857142857146,0.0,21.428571428571427,46.42857142857143
1831,0.508,1,0,14,13,10.0,5.08,28.57142857142857,7.142857142857142,28.57142857142857,35.714285714285715
1832,0.44,1,0,16,15,10.0,4.4,0.0,62.5,0.0,37.5
1833,0.432,1,0,12,11,10.0,4.32,16.666666666666664,8.333333333333332,0.0,75.0
1834,0.632,1,0,19,18,10.0,6.32,31.57894736842105,5.263157894736842,0.0,63.1578947368421
1835,0.73,1,0,13,12,10.0,7.3,38.46153846153847,0.0,0.0,61.53846153846154
1836,0.54,1,0,12,11,10.0,5.4,0.0,0.0,83.33333333333334,16.666666666666664
1837,0.576,1,0,17,16,10.0,5.76,11.76470588235294,0.0,58.82352941176471,29.411764705882355
1838,0.388,1,0,12,11,8.0,3.88,0.0,0.0,16.666666666666664,83.33333333333334
1839,0.433,1,0,12,11,10.0,4.33,25.0,8.333333333333332,0.0,66.66666666666666
1840,0.65,1,0,16,15,10.0,6.5,0.0,6.25,25.0,68.75
1841,0.572,1,0,18,17,10.0,5.72,16.666666666666664,0.0,11.11111111111111,72.22222222222221
1842,0.544,1,0,24,23,10.0,5.44,4.166666666666666,4.166666666666666,58.333333333333336,33.33333333333333
1843,0.62,1,0,14,13,10.0,6.2,0.0,14.285714285714285,7.142857142857142,78.57142857142857
1844,0.425,1,0,12,11,10.0,4.25,0.0,0.0,16.666666666666664,83.33333333333334
1845,0.43,1,0,15,14,10.0,4.3,26.666666666666668,20.0,0.0,53.333333333333336
1846,0.476,1,0,16,15,10.0,4.76,12.5,0.0,37.5,50.0
1847,0.424,1,0,13,12,10.0,4.24,7.6923076923076925,0.0,7.6923076923076925,84.61538461538461
1848,0.316,1,0,12,11,9.0,3.16,8.333333333333332,0.0,16.666666666666664,75.0
1849,0.44,1,0,12,11,8.0,4.4,25.0,0.0,0.0,75.0
1850,0.528,1,0,13,12,10.0,5.28,38.46153846153847,0.0,0.0,61.53846153846154
1851,0.4,1,0,11,10,10.0,4.0,27.27272727272727,0.0,0.0,72.72727272727273
1852,0.552,1,0,19,18,10.0,5.52,36.84210526315789,0.0,10.526315789473683,52.63157894736842
1853,0.382,1,0,8,7,10.0,3.82,25.0,0.0,0.0,75.0
1854,0.44,1,0,19,18,10.0,4.4,0.0,0.0,36.84210526315789,63.1578947368421
1855,0.62,1,0,24,23,10.0,6.2,4.166666666666666,4.166666666666666,0.0,91.66666666666666
1856,0.595,1,0,14,13,10.0,5.95,28.57142857142857,0.0,21.428571428571427,50.0
1857,0.514,1,0,16,15,10.0,5.14,31.25,0.0,12.5,56.25
1858,0.58,1,0,19,18,10.0,5.8,0.0,15.789473684210526,31.57894736842105,52.63157894736842
1859,0.38,1,0,12,11,9.0,3.8,0.0,0.0,50.0,50.0
1860,0.648,1,0,13,12,10.0,6.48,46.15384615384615,0.0,15.384615384615385,38.46153846153847
1861,0.8,1,0,14,13,10.0,8.0,21.428571428571427,0.0,21.428571428571427,57.14285714285714
1862,0.645,1,0,14,13,10.0,6.45,7.142857142857142,14.285714285714285,35.714285714285715,42.857142857142854
1863,0.526,1,0,14,13,10.0,5.26,7.142857142857142,0.0,14.285714285714285,78.57142857142857
1864,0.382,1,0,11,10,9.0,3.82,0.0,36.36363636363637,18.181818181818183,45.45454545454545
1865,0.548,1,0,14,13,10.0,5.48,14.285714285714285,42.857142857142854,7.142857142857142,35.714285714285715
1866,0.49,1,0,18,17,10.0,4.9,27.77777777777778,0.0,5.555555555555555,66.66666666666666
1867,0.58,1,0,13,12,10.0,5.8,38.46153846153847,15.384615384615385,0.0,46.15384615384615
1868,0.865,1,0,11,10,10.0,8.65,36.36363636363637,0.0,27.27272727272727,36.36363636363637
1869,0.5,1,0,16,15,10.0,5.0,43.75,0.0,6.25,50.0
1870,0.648,1,0,16,15,10.0,6.48,18.75,6.25,18.75,56.25
1871,0.672,1,0,19,18,10.0,6.72,0.0,0.0,68.42105263157895,31.57894736842105
1872,0.504,1,0,17,16,10.0,5.04,0.0,5.88235294117647,0.0,94.11764705882352
1873,0.75,1,0,16,15,10.0,7.5,12.5,6.25,0.0,81.25
1874,0.474,1,0,16,15,9.0,4.74,6.25,0.0,43.75,50.0
1875,0.535,1,0,11,10,10.0,5.35,9.090909090909092,0.0,0.0,90.9090909090909
1876,0.668,1,0,18,17,10.0,6.68,27.77777777777778,0.0,44.44444444444444,27.77777777777778
1877,0.485,1,0,19,18,10.0,4.85,0.0,36.84210526315789,0.0,63.1578947368421
1878,0.572,1,0,18,17,10.0,5.72,33.33333333333333,16.666666666666664,22.22222222222222,27.77777777777778
1879,0.621,1,0,17,16,10.0,6.21,23.52941176470588,11.76470588235294,5.88235294117647,58.82352941176471
1880,0.41,1,0,8,7,10.0,4.1,0.0,12.5,0.0,87.5
1881,0.337,1,0,9,8,10.0,3.37,0.0,66.66666666666666,0.0,33.33333333333333
1882,0.543,1,0,16,15,10.0,5.43,12.5,12.5,18.75,56.25
1883,0.49,1,0,15,14,10.0,4.9,0.0,0.0,66.66666666666666,33.33333333333333
1884,0.499,1,0,10,9,10.0,4.99,10.0,0.0,30.0,60.0
1885,0.431,1,0,13,12,8.0,4.31,7.6923076923076925,0.0,46.15384615384615,46.15384615384615
1886,0.408,1,0,11,10,10.0,4.08,18.181818181818183,0.0,18.181818181818183,63.63636363636363
1887,0.504,1,0,18,17,10.0,5.04,27.77777777777778,16.666666666666664,0.0,55.55555555555556
1888,0.4,1,0,13,12,10.0,4.0,30.76923076923077,0.0,0.0,69.23076923076923
1889,0.367,1,0,10,9,10.0,3.67,0.0,0.0,60.0,40.0
1890,0.612,1,0,24,23,10.0,6.12,8.333333333333332,41.66666666666667,25.0,25.0
1891,0.656,1,0,15,14,9.0,6.56,46.666666666666664,6.666666666666667,6.666666666666667,40.0
1892,0.575,1,0,22,21,10.0,5.75,4.545454545454546,18.181818181818183,0.0,77.27272727272727
1893,0.698,1,0,19,18,10.0,6.98,21.052631578947366,0.0,0.0,78.94736842105263
1894,0.762,1,0,20,19,10.0,7.62,25.0,0.0,10.0,65.0
1895,0.44,1,0,17,16,10.0,4.4,0.0,11.76470588235294,23.52941176470588,64.70588235294117
1896,0.588,1,0,14,13,10.0,5.88,21.428571428571427,0.0,35.714285714285715,42.857142857142854
1897,0.486,1,0,13,12,10.0,4.86,15.384615384615385,0.0,0.0,84.61538461538461
1898,0.697,1,0,19,18,10.0,6.97,42.10526315789473,26.31578947368421,0.0,31.57894736842105
1899,0.488,1,0,19,18,10.0,4.88,0.0,0.0,0.0,100.0
1900,0.572,1,0,21,20,10.0,5.72,19.047619047619047,28.57142857142857,19.047619047619047,33.33333333333333
1901,0.488,1,0,15,14,10.0,4.88,33.33333333333333,0.0,0.0,66.66666666666666
1902,0.6,1,0,17,16,10.0,6.0,5.88235294117647,23.52941176470588,5.88235294117647,64.70588235294117
1903,0.73,1,0,16,15,10.0,7.3,6.25,0.0,56.25,37.5
1904,0.514,1,0,16,15,10.0,5.14,31.25,25.0,0.0,43.75
1905,0.448,1,0,15,14,10.0,4.48,20.0,0.0,0.0,80.0
1906,0.478,1,0,14,13,10.0,4.78,21.428571428571427,14.285714285714285,0.0,64.28571428571429
1907,0.652,1,0,16,15,10.0,6.52,56.25,12.5,0.0,31.25
1908,0.508,1,0,16,15,10.0,5.08,0.0,6.25,6.25,87.5
1909,0.584,1,0,17,16,10.0,5.84,0.0,5.88235294117647,11.76470588235294,82.35294117647058
1910,0.58,1,0,19,18,10.0,5.8,31.57894736842105,10.526315789473683,0.0,57.89473684210527
1911,0.352,1,0,13,12,10.0,3.52,0.0,0.0,69.23076923076923,30.76923076923077
1912,0.676,1,0,17,16,10.0,6.76,47.05882352941176,0.0,0.0,52.94117647058824
1913,0.501,1,0,12,11,10.0,5.01,25.0,0.0,0.0,75.0
1914,0.575,1,0,10,9,10.0,5.75,50.0,0.0,20.0,30.0
1915,0.603,1,0,15,14,10.0,6.03,20.0,6.666666666666667,0.0,73.33333333333333
1916,0.64,1,0,17,16,10.0,6.4,17.647058823529413,0.0,17.647058823529413,64.70588235294117
1917,0.359,1,0,11,10,9.0,3.59,36.36363636363637,27.27272727272727,0.0,36.36363636363637
1918,0.398,1,0,19,18,10.0,3.98,31.57894736842105,0.0,10.526315789473683,57.89473684210527
1919,0.705,1,0,11,10,10.0,7.05,36.36363636363637,9.090909090909092,0.0,54.54545454545454
1920,0.66,1,0,15,14,10.0,6.6,0.0,6.666666666666667,80.0,13.333333333333334
1921,0.612,1,0,22,21,10.0,6.12,0.0,4.545454545454546,27.27272727272727,68.18181818181817
1922,0.476,1,0,12,11,10.0,4.76,0.0,0.0,25.0,75.0
1923,0.624,1,0,16,15,10.0,6.24,18.75,6.25,0.0,75.0
1924,0.571,1,0,21,20,10.0,5.71,28.57142857142857,0.0,47.61904761904761,23.809523809523807
1925,0.754,1,0,33,32,10.0,7.54,42.42424242424242,33.33333333333333,0.0,24.242424242424242
1926,0.492,1,0,16,15,10.0,4.92,12.5,0.0,37.5,50.0
1927,0.424,1,0,13,12,10.0,4.24,7.6923076923076925,30.76923076923077,15.384615384615385,46.15384615384615
1928,0.686,1,0,18,17,10.0,6.86,16.666666666666664,11.11111111111111,16.666666666666664,55.55555555555556
1929,0.55,1,0,10,9,10.0,5.5,20.0,0.0,30.0,50.0
1930,0.75,1,0,8,7,10.0,7.5,37.5,12.5,0.0,50.0
1931,0.455,1,0,11,10,10.0,4.55,36.36363636363637,0.0,0.0,63.63636363636363
1932,0.65,1,0,15,14,10.0,6.5,26.666666666666668,20.0,0.0,53.333333333333336
1933,0.274,1,0,11,10,9.0,2.74,0.0,0.0,45.45454545454545,54.54545454545454
1934,0.7,1,0,18,17,10.0,7.0,16.666666666666664,0.0,0.0,83.33333333333334
1935,0.426,1,0,16,15,10.0,4.26,6.25,0.0,6.25,87.5
1936,0.52,1,0,14,13,10.0,5.2,21.428571428571427,0.0,14.285714285714285,64.28571428571429
1937,0.478,1,0,12,11,10.0,4.78,0.0,16.666666666666664,8.333333333333332,75.0
1938,0.445,1,0,15,14,10.0,4.45,20.0,6.666666666666667,0.0,73.33333333333333
1939,0.48,1,0,12,11,9.0,4.8,16.666666666666664,0.0,8.333333333333332,75.0
1940,0.75,1,0,10,9,10.0,7.5,10.0,0.0,30.0,60.0
1941,0.484,1,0,17,16,9.0,4.84,29.411764705882355,0.0,0.0,70.58823529411765
1942,0.364,1,0,12,11,9.0,3.64,33.33333333333333,0.0,0.0,66.66666666666666
1943,0.7,1,0,23,22,10.0,7.0,8.695652173913043,0.0,39.130434782608695,52.17391304347826
1944,0.59,1,0,10,9,10.0,5.9,10.0,30.0,0.0,60.0
1945,0.559,1,0,13,12,10.0,5.59,38.46153846153847,0.0,15.384615384615385,46.15384615384615
1946,0.472,1,0,23,22,10.0,4.72,0.0,0.0,43.47826086956522,56.52173913043478
1947,0.448,1,0,16,15,10.0,4.48,12.5,0.0,50.0,37.5
1948,0.459,1,0,9,8,10.0,4.59,11.11111111111111,0.0,11.11111111111111,77.77777777777779
1949,0.519,1,0,13,12,10.0,5.19,0.0,0.0,30.76923076923077,69.23076923076923
1950,0.515,1,0,15,14,10.0,5.15,0.0,6.666666666666667,46.666666666666664,46.666666666666664
1951,0.726,1,0,27,26,10.0,7.26,33.33333333333333,0.0,14.814814814814813,51.85185185185185
1952,0.644,1,0,17,16,10.0,6.44,11.76470588235294,5.88235294117647,0.0,82.35294117647058
1953,0.538,1,0,13,12,10.0,5.38,7.6923076923076925,0.0,30.76923076923077,61.53846153846154
1954,0.23,1,0,11,10,10.0,2.3,0.0,0.0,45.45454545454545,54.54545454545454
1955,0.427,1,0,12,11,10.0,4.27,25.0,8.333333333333332,16.666666666666664,50.0
1956,0.65,1,0,19,18,10.0,6.5,26.31578947368421,5.263157894736842,36.84210526315789,31.57894736842105
1957,0.53,1,0,12,11,10.0,5.3,16.666666666666664,0.0,33.33333333333333,50.0
1958,0.527,1,0,16,15,10.0,5.27,25.0,18.75,31.25,25.0
1959,0.366,1,0,10,9,8.0,3.66,10.0,0.0,0.0,90.0
1960,0.532,1,0,13,12,10.0,5.32,0.0,0.0,53.84615384615385,46.15384615384615
1961,0.484,1,0,14,13,10.0,4.84,14.285714285714285,7.142857142857142,14.285714285714285,64.28571428571429
1962,0.664,1,0,26,25,10.0,6.64,3.8461538461538463,0.0,19.230769230769234,76.92307692307693
1963,0.472,1,0,14,13,10.0,4.72,21.428571428571427,0.0,0.0,78.57142857142857
1964,0.638,1,0,17,16,10.0,6.38,35.294117647058826,0.0,23.52941176470588,41.17647058823529
1965,0.784,1,0,23,22,10.0,7.84,13.043478260869565,0.0,34.78260869565217,52.17391304347826
1966,0.432,1,0,15,14,10.0,4.32,33.33333333333333,0.0,6.666666666666667,60.0
1967,0.162,1,0,8,7,5.0,1.62,12.5,0.0,0.0,87.5
1968,0.416,1,0,21,20,10.0,4.16,9.523809523809524,0.0,52.38095238095239,38.095238095238095
1969,0.541,1,0,12,11,10.0,5.41,33.33333333333333,25.0,8.333333333333332,33.33333333333333
1970,0.725,1,0,17,16,10.0,7.25,52.94117647058824,0.0,23.52941176470588,23.52941176470588
1971,0.459,1,0,15,14,10.0,4.59,0.0,0.0,33.33333333333333,66.66666666666666
1972,0.565,1,0,9,8,9.0,5.65,0.0,0.0,44.44444444444444,55.55555555555556
1973,0.62,1,0,12,11,10.0,6.2,0.0,16.666666666666664,0.0,83.33333333333334
1974,0.512,1,0,16,15,10.0,5.12,62.5,0.0,12.5,25.0
1975,0.645,1,0,15,14,10.0,6.45,46.666666666666664,0.0,26.666666666666668,26.666666666666668
1976,0.395,1,0,13,12,10.0,3.95,23.076923076923077,0.0,15.384615384615385,61.53846153846154
1977,0.75,1,0,14,13,10.0,7.5,28.57142857142857,0.0,21.428571428571427,50.0
1978,0.58,1,0,16,15,10.0,5.8,56.25,0.0,12.5,31.25
1979,0.536,1,0,17,16,9.0,5.36,5.88235294117647,0.0,29.411764705882355,64.70588235294117
1980,0.603,1,0,19,18,10.0,6.03,84.21052631578947,0.0,0.0,15.789473684210526
1981,0.447,1,0,20,19,10.0,4.47,20.0,0.0,0.0,80.0
1982,0.535,1,0,10,9,10.0,5.35,30.0,0.0,30.0,40.0
1983,0.484,1,0,14,13,10.0,4.84,0.0,0.0,64.28571428571429,35.714285714285715
1984,0.544,1,0,18,17,10.0,5.44,0.0,11.11111111111111,44.44444444444444,44.44444444444444
1985,0.68,1,0,15,14,10.0,6.8,33.33333333333333,0.0,20.0,46.666666666666664
1986,0.76,1,0,16,15,10.0,7.6,50.0,0.0,12.5,37.5
1987,0.466,1,0,15,14,10.0,4.66,20.0,0.0,20.0,60.0
1988,0.463,1,0,11,10,9.0,4.63,0.0,9.090909090909092,9.090909090909092,81.81818181818183
1989,0.4,1,0,11,10,9.0,4.0,0.0,0.0,18.181818181818183,81.81818181818183
1990,0.64,1,0,13,12,10.0,6.4,7.6923076923076925,0.0,46.15384615384615,46.15384615384615
1991,0.515,1,0,16,15,9.0,5.15,0.0,6.25,0.0,93.75
1992,0.568,1,0,17,16,10.0,5.68,11.76470588235294,0.0,41.17647058823529,47.05882352941176
1993,0.548,1,0,16,15,10.0,5.48,25.0,0.0,43.75,31.25
1994,0.336,1,0,12,11,10.0,3.36,0.0,0.0,8.333333333333332,91.66666666666666
1995,0.479,1,0,11,10,10.0,4.79,0.0,9.090909090909092,27.27272727272727,63.63636363636363
1996,0.436,1,0,9,8,10.0,4.36,22.22222222222222,0.0,0.0,77.77777777777779
1997,0.452,1,0,11,10,10.0,4.52,9.090909090909092,18.181818181818183,9.090909090909092,63.63636363636363
1998,0.528,1,0,16,15,10.0,5.28,12.5,6.25,18.75,62.5
1999,0.46,1,0,18,17,10.0,4.6,0.0,50.0,5.555555555555555,44.44444444444444
2000,0.594,1,0,20,19,10.0,5.94,5.0,0.0,15.0,80.0
2001,0.87,1,0,16,15,10.0,8.7,56.25,0.0,0.0,43.75
2002,0.592,1,0,19,18,10.0,5.92,47.368421052631575,10.526315789473683,0.0,42.10526315789473
2003,0.512,1,0,14,13,10.0,5.12,0.0,50.0,14.285714285714285,35.714285714285715
2004,0.556,1,0,14,13,10.0,5.56,35.714285714285715,0.0,0.0,64.28571428571429
2005,0.402,1,0,15,14,10.0,4.02,33.33333333333333,0.0,20.0,46.666666666666664
2006,0.6,1,0,13,12,10.0,6.0,7.6923076923076925,0.0,61.53846153846154,30.76923076923077
2007,0.538,1,0,18,17,10.0,5.38,11.11111111111111,5.555555555555555,44.44444444444444,38.88888888888889
2008,0.588,1,0,20,19,10.0,5.88,15.0,5.0,15.0,65.0
2009,0.434,1,0,22,21,10.0,4.34,0.0,4.545454545454546,0.0,95.45454545454545
2010,0.372,1,0,9,8,10.0,3.72,22.22222222222222,0.0,0.0,77.77777777777779
2011,0.478,1,0,18,17,10.0,4.78,0.0,0.0,27.77777777777778,72.22222222222221
2012,0.532,1,0,11,10,10.0,5.32,0.0,0.0,18.181818181818183,81.81818181818183
2013,0.463,1,0,16,15,10.0,4.63,56.25,12.5,6.25,25.0
2014,0.279,1,0,11,10,10.0,2.79,0.0,27.27272727272727,0.0,72.72727272727273
2015,0.615,1,0,9,8,10.0,6.15,33.33333333333333,11.11111111111111,0.0,55.55555555555556
2016,0.38,1,0,11,10,10.0,3.8,0.0,0.0,9.090909090909092,90.9090909090909
2017,0.456,1,0,23,22,10.0,4.56,8.695652173913043,0.0,65.21739130434783,26.08695652173913
2018,0.63,1,0,15,14,10.0,6.3,20.0,6.666666666666667,6.666666666666667,66.66666666666666
2019,0.761,1,0,22,21,10.0,7.61,4.545454545454546,0.0,36.36363636363637,59.09090909090909
2020,0.387,1,0,11,10,10.0,3.87,9.090909090909092,9.090909090909092,9.090909090909092,72.72727272727273
2021,0.586,1,0,21,20,10.0,5.86,14.285714285714285,0.0,19.047619047619047,66.66666666666666
2022,0.72,1,0,14,13,10.0,7.2,28.57142857142857,0.0,7.142857142857142,64.28571428571429
2023,0.596,1,0,21,20,10.0,5.96,9.523809523809524,4.761904761904762,33.33333333333333,52.38095238095239
2024,0.592,1,0,14,13,10.0,5.92,42.857142857142854,0.0,0.0,57.14285714285714
2025,0.375,1,0,12,11,10.0,3.75,8.333333333333332,0.0,16.666666666666664,75.0
2026,0.506,1,0,14,13,10.0,5.06,0.0,0.0,14.285714285714285,85.71428571428571
2027,0.384,1,0,14,13,10.0,3.84,0.0,7.142857142857142,28.57142857142857,64.28571428571429
2028,0.472,1,0,11,10,10.0,4.72,0.0,0.0,45.45454545454545,54.54545454545454
2029,0.656,1,0,23,22,10.0,6.56,34.78260869565217,0.0,21.73913043478261,43.47826086956522
2030,0.599,1,0,26,25,10.0,5.99,11.538461538461538,7.6923076923076925,38.46153846153847,42.30769230769231
2031,0.626,1,0,27,26,10.0,6.26,14.814814814814813,0.0,29.629629629629626,55.55555555555556
2032,0.59,1,0,22,21,10.0,5.9,18.181818181818183,0.0,31.818181818181817,50.0
2033,0.61,1,0,18,17,10.0,6.1,0.0,11.11111111111111,5.555555555555555,83.33333333333334
2034,0.72,1,0,14,13,10.0,7.2,7.142857142857142,14.285714285714285,7.142857142857142,71.42857142857143
2035,0.681,1,0,16,15,10.0,6.81,12.5,0.0,6.25,81.25
2036,0.467,1,0,16,15,10.0,4.67,0.0,0.0,87.5,12.5
2037,0.534,1,0,15,14,10.0,5.34,13.333333333333334,6.666666666666667,0.0,80.0
2038,0.336,1,0,10,9,10.0,3.36,30.0,0.0,0.0,70.0
2039,0.448,1,0,18,17,10.0,4.48,5.555555555555555,55.55555555555556,5.555555555555555,33.33333333333333
2040,0.56,1,0,13,12,10.0,5.6,0.0,0.0,61.53846153846154,38.46153846153847
2041,0.423,1,0,15,14,9.0,4.23,13.333333333333334,0.0,0.0,86.66666666666667
2042,0.604,1,0,24,23,10.0,6.04,29.166666666666668,0.0,33.33333333333333,37.5
2043,0.448,1,0,14,13,10.0,4.48,42.857142857142854,0.0,14.285714285714285,42.857142857142854
2044,0.489,1,0,22,21,10.0,4.89,4.545454545454546,0.0,18.181818181818183,77.27272727272727
2045,0.556,1,0,16,15,10.0,5.56,25.0,0.0,0.0,75.0
2046,0.646,1,0,19,18,10.0,6.46,15.789473684210526,0.0,5.263157894736842,78.94736842105263
2047,0.381,1,0,14,13,9.0,3.81,21.428571428571427,14.285714285714285,28.57142857142857,35.714285714285715
2048,0.602,1,0,20,19,10.0,6.02,30.0,50.0,5.0,15.0
2049,0.459,1,0,16,15,10.0,4.59,18.75,0.0,12.5,68.75
2050,0.63,1,0,19,18,10.0,6.3,57.89473684210527,0.0,5.263157894736842,36.84210526315789
2051,0.52,1,0,12,11,10.0,5.2,33.33333333333333,0.0,0.0,66.66666666666666
2052,0.508,1,0,18,17,10.0,5.08,0.0,11.11111111111111,55.55555555555556,33.33333333333333
2053,0.522,1,0,16,15,10.0,5.22,18.75,0.0,37.5,43.75
2054,0.474,1,0,18,17,10.0,4.74,0.0,0.0,44.44444444444444,55.55555555555556
2055,0.455,1,0,10,9,10.0,4.55,0.0,40.0,0.0,60.0
2056,0.468,1,0,14,13,10.0,4.68,14.285714285714285,7.142857142857142,0.0,78.57142857142857
2057,0.388,1,0,16,15,9.0,3.88,18.75,12.5,25.0,43.75
2058,0.577,1,0,18,17,10.0,5.77,27.77777777777778,5.555555555555555,0.0,66.66666666666666
2059,0.443,1,0,14,13,10.0,4.43,0.0,0.0,21.428571428571427,78.57142857142857
2060,0.556,1,0,19,18,10.0,5.56,5.263157894736842,0.0,15.789473684210526,78.94736842105263
2061,0.6,1,0,10,9,10.0,6.0,20.0,40.0,10.0,30.0
2062,0.422,1,0,16,15,10.0,4.22,0.0,0.0,0.0,100.0
2063,0.61,1,0,17,16,10.0,6.1,29.411764705882355,5.88235294117647,5.88235294117647,58.82352941176471
2064,0.57,1,0,21,20,10.0,5.7,0.0,28.57142857142857,0.0,71.42857142857143
2065,0.725,1,0,13,12,10.0,7.25,15.384615384615385,23.076923076923077,0.0,61.53846153846154
2066,0.403,1,0,14,13,10.0,4.03,7.142857142857142,0.0,14.285714285714285,78.57142857142857
2067,0.46,1,0,14,13,10.0,4.6,0.0,14.285714285714285,7.142857142857142,78.57142857142857
2068,0.512,1,0,19,18,9.0,5.12,0.0,5.263157894736842,10.526315789473683,84.21052631578947
2069,0.696,1,0,22,21,10.0,6.96,36.36363636363637,13.636363636363635,4.545454545454546,45.45454545454545
2070,0.62,1,0,12,11,9.0,6.2,25.0,8.333333333333332,8.333333333333332,58.333333333333336
2071,0.496,1,0,15,14,10.0,4.96,20.0,0.0,0.0,80.0
2072,0.357,1,0,10,9,8.0,3.57,0.0,0.0,40.0,60.0
2073,0.629,1,0,19,18,10.0,6.29,63.1578947368421,10.526315789473683,0.0,26.31578947368421
2074,0.322,1,0,9,8,8.0,3.22,0.0,0.0,0.0,100.0
2075,0.422,1,0,14,13,9.0,4.22,0.0,0.0,42.857142857142854,57.14285714285714
2076,0.708,1,0,24,23,10.0,7.08,37.5,12.5,0.0,50.0
2077,0.63,1,0,16,15,10.0,6.3,25.0,0.0,0.0,75.0
2078,0.672,1,0,26,25,10.0,6.72,42.30769230769231,19.230769230769234,0.0,38.46153846153847
2079,0.555,1,0,14,13,9.0,5.55,42.857142857142854,0.0,21.428571428571427,35.714285714285715
2080,0.576,1,0,15,14,10.0,5.76,40.0,0.0,26.666666666666668,33.33333333333333
2081,0.457,1,0,13,12,10.0,4.57,15.384615384615385,0.0,53.84615384615385,30.76923076923077
2082,0.45,1,0,11,10,9.0,4.5,0.0,36.36363636363637,9.090909090909092,54.54545454545454
2083,0.522,1,0,17,16,10.0,5.22,5.88235294117647,0.0,0.0,94.11764705882352
2084,0.86,1,0,15,14,10.0,8.6,33.33333333333333,0.0,13.333333333333334,53.333333333333336
2085,0.52,1,0,9,8,10.0,5.2,11.11111111111111,0.0,44.44444444444444,44.44444444444444
2086,0.795,1,0,15,14,10.0,7.95,33.33333333333333,0.0,0.0,66.66666666666666
2087,0.328,1,0,13,12,10.0,3.28,7.6923076923076925,0.0,30.76923076923077,61.53846153846154
2088,0.418,1,0,13,12,10.0,4.18,15.384615384615385,0.0,53.84615384615385,30.76923076923077
2089,0.676,1,0,20,19,10.0,6.76,10.0,0.0,35.0,55.00000000000001
2090,0.52,1,0,23,22,10.0,5.2,30.434782608695656,4.3478260869565215,13.043478260869565,52.17391304347826
2091,0.63,1,0,16,15,10.0,6.3,37.5,6.25,0.0,56.25
2092,0.578,1,0,17,16,10.0,5.78,17.647058823529413,5.88235294117647,0.0,76.47058823529412
2093,0.428,1,0,21,20,10.0,4.28,33.33333333333333,4.761904761904762,9.523809523809524,52.38095238095239
2094,0.533,1,0,13,12,9.0,5.33,15.384615384615385,7.6923076923076925,0.0,76.92307692307693
2095,0.386,1,0,16,15,10.0,3.86,0.0,0.0,81.25,18.75
2096,0.522,1,0,18,17,10.0,5.22,5.555555555555555,0.0,27.77777777777778,66.66666666666666
2097,0.42,1,0,17,16,10.0,4.2,0.0,17.647058823529413,0.0,82.35294117647058
2098,0.638,1,0,18,17,10.0,6.38,33.33333333333333,22.22222222222222,16.666666666666664,27.77777777777778
2099,0.76,1,0,16,15,10.0,7.6,37.5,0.0,25.0,37.5
2100,0.423,1,0,12,11,9.0,4.23,8.333333333333332,0.0,33.33333333333333,58.333333333333336
SUMMARY,0.529148095238095,2100,0,,,,,20.036553479759103,10.721446367262043,19.31318712726528,49.92881302571357
