episode,utilization,invalid_learned,invalid_attempted,boxes_attempted,placed_boxes,max_height,avg_height,perc_stacking,perc_best_fit,perc_semi_perfect_fit,perc_random_fit
1,0.67,1,0,13,12,10.0,6.7,15.384615384615385,30.76923076923077,15.384615384615385,38.46153846153847
2,0.576,1,0,19,18,10.0,5.76,21.052631578947366,10.526315789473683,26.31578947368421,42.10526315789473
3,0.394,1,0,12,11,10.0,3.94,50.0,25.0,8.333333333333332,16.666666666666664
4,0.319,1,0,10,9,9.0,3.19,30.0,20.0,30.0,20.0
5,0.63,1,0,18,17,10.0,6.3,33.33333333333333,5.555555555555555,38.88888888888889,22.22222222222222
6,0.628,1,0,22,21,10.0,6.28,27.27272727272727,36.36363636363637,22.727272727272727,13.636363636363635
7,0.516,1,0,13,12,10.0,5.16,7.6923076923076925,30.76923076923077,23.076923076923077,38.46153846153847
8,0.62,1,0,15,14,10.0,6.2,46.666666666666664,46.666666666666664,0.0,6.666666666666667
9,0.71,1,0,14,13,10.0,7.1,14.285714285714285,42.857142857142854,21.428571428571427,21.428571428571427
10,0.564,1,0,19,18,10.0,5.64,15.789473684210526,47.368421052631575,15.789473684210526,21.052631578947366
11,0.55,1,0,13,12,10.0,5.5,30.76923076923077,7.6923076923076925,23.076923076923077,38.46153846153847
12,0.58,1,0,9,8,10.0,5.8,33.33333333333333,44.44444444444444,22.22222222222222,0.0
13,0.575,1,0,10,9,10.0,5.75,30.0,40.0,0.0,30.0
14,0.698,1,0,20,19,10.0,6.98,40.0,20.0,20.0,20.0
15,0.547,1,0,17,16,9.0,5.47,17.647058823529413,23.52941176470588,47.05882352941176,11.76470588235294
16,0.46,1,0,14,13,9.0,4.6,21.428571428571427,21.428571428571427,7.142857142857142,50.0
17,0.748,1,0,20,19,10.0,7.48,25.0,30.0,20.0,25.0
18,0.487,1,0,14,13,10.0,4.87,28.57142857142857,35.714285714285715,14.285714285714285,21.428571428571427
19,0.32,1,0,19,18,10.0,3.2,31.57894736842105,26.31578947368421,31.57894736842105,10.526315789473683
20,0.422,1,0,11,10,9.0,4.22,9.090909090909092,54.54545454545454,18.181818181818183,18.181818181818183
21,0.78,1,0,15,14,10.0,7.8,6.666666666666667,46.666666666666664,13.333333333333334,33.33333333333333
22,0.413,1,0,12,11,9.0,4.13,16.666666666666664,16.666666666666664,33.33333333333333,33.33333333333333
23,0.532,1,0,18,17,10.0,5.32,27.77777777777778,11.11111111111111,22.22222222222222,38.88888888888889
24,0.487,1,0,12,11,10.0,4.87,75.0,0.0,8.333333333333332,16.666666666666664
25,0.4,1,0,10,9,10.0,4.0,30.0,20.0,30.0,20.0
26,0.47,1,0,14,13,9.0,4.7,7.142857142857142,50.0,14.285714285714285,28.57142857142857
27,0.75,1,0,14,13,10.0,7.5,7.142857142857142,42.857142857142854,28.57142857142857,21.428571428571427
28,0.456,1,0,15,14,10.0,4.56,6.666666666666667,26.666666666666668,26.666666666666668,40.0
29,0.416,1,0,15,14,10.0,4.16,26.666666666666668,46.666666666666664,20.0,6.666666666666667
30,0.7,1,0,16,15,10.0,7.0,25.0,31.25,25.0,18.75
31,0.6,1,0,21,20,10.0,6.0,14.285714285714285,23.809523809523807,38.095238095238095,23.809523809523807
32,0.492,1,0,17,16,10.0,4.92,29.411764705882355,29.411764705882355,29.411764705882355,11.76470588235294
33,0.635,1,0,14,13,9.0,6.35,7.142857142857142,28.57142857142857,7.142857142857142,57.14285714285714
34,0.299,1,0,10,9,9.0,2.99,30.0,40.0,10.0,20.0
35,0.53,1,0,14,13,10.0,5.3,28.57142857142857,28.57142857142857,42.857142857142854,0.0
36,0.657,1,0,18,17,10.0,6.57,16.666666666666664,33.33333333333333,22.22222222222222,27.77777777777778
37,0.504,1,0,19,18,10.0,5.04,31.57894736842105,42.10526315789473,10.526315789473683,15.789473684210526
38,0.524,1,0,16,15,10.0,5.24,43.75,31.25,18.75,6.25
39,0.692,1,0,15,14,10.0,6.92,33.33333333333333,13.333333333333334,40.0,13.333333333333334
40,0.37,1,0,13,12,8.0,3.7,38.46153846153847,30.76923076923077,23.076923076923077,7.6923076923076925
41,0.49,1,0,10,9,10.0,4.9,50.0,10.0,30.0,10.0
42,0.543,1,0,16,15,10.0,5.43,18.75,25.0,18.75,37.5
43,0.531,1,0,13,12,10.0,5.31,23.076923076923077,30.76923076923077,38.46153846153847,7.6923076923076925
44,0.582,1,0,20,19,10.0,5.82,10.0,35.0,35.0,20.0
45,0.43,1,0,15,14,10.0,4.3,6.666666666666667,33.33333333333333,26.666666666666668,33.33333333333333
46,0.36,1,0,14,13,10.0,3.6,35.714285714285715,14.285714285714285,28.57142857142857,21.428571428571427
47,0.768,1,0,18,17,10.0,7.68,27.77777777777778,22.22222222222222,38.88888888888889,11.11111111111111
48,0.612,1,0,21,20,10.0,6.12,38.095238095238095,33.33333333333333,14.285714285714285,14.285714285714285
49,0.34,1,0,9,8,9.0,3.4,22.22222222222222,22.22222222222222,22.22222222222222,33.33333333333333
50,0.504,1,0,19,18,10.0,5.04,31.57894736842105,5.263157894736842,47.368421052631575,15.789473684210526
51,0.458,1,0,15,14,10.0,4.58,13.333333333333334,20.0,20.0,46.666666666666664
52,0.504,1,0,14,13,9.0,5.04,21.428571428571427,28.57142857142857,28.57142857142857,21.428571428571427
53,0.487,1,0,13,12,10.0,4.87,53.84615384615385,38.46153846153847,0.0,7.6923076923076925
54,0.42,1,0,10,9,10.0,4.2,50.0,10.0,10.0,30.0
55,0.326,1,0,10,9,10.0,3.26,40.0,30.0,20.0,10.0
56,0.545,1,0,19,18,10.0,5.45,36.84210526315789,31.57894736842105,21.052631578947366,10.526315789473683
57,0.618,1,0,14,13,10.0,6.18,21.428571428571427,28.57142857142857,21.428571428571427,28.57142857142857
58,0.48,1,0,14,13,9.0,4.8,35.714285714285715,28.57142857142857,14.285714285714285,21.428571428571427
59,0.462,1,0,14,13,9.0,4.62,7.142857142857142,28.57142857142857,42.857142857142854,21.428571428571427
60,0.71,1,0,17,16,10.0,7.1,23.52941176470588,11.76470588235294,29.411764705882355,35.294117647058826
61,0.364,1,0,10,9,9.0,3.64,10.0,40.0,20.0,30.0
62,0.546,1,0,15,14,10.0,5.46,46.666666666666664,13.333333333333334,33.33333333333333,6.666666666666667
63,0.6,1,0,15,14,10.0,6.0,13.333333333333334,53.333333333333336,13.333333333333334,20.0
64,0.52,1,0,10,9,9.0,5.2,20.0,10.0,60.0,10.0
65,0.442,1,0,15,14,10.0,4.42,20.0,40.0,13.333333333333334,26.666666666666668
66,0.625,1,0,11,10,10.0,6.25,18.181818181818183,36.36363636363637,36.36363636363637,9.090909090909092
67,0.576,1,0,10,9,10.0,5.76,10.0,20.0,40.0,30.0
68,0.576,1,0,15,14,10.0,5.76,13.333333333333334,40.0,0.0,46.666666666666664
69,0.77,1,0,15,14,10.0,7.7,20.0,33.33333333333333,26.666666666666668,20.0
70,0.38,1,0,11,10,10.0,3.8,27.27272727272727,36.36363636363637,9.090909090909092,27.27272727272727
71,0.393,1,0,11,10,10.0,3.93,18.181818181818183,27.27272727272727,27.27272727272727,27.27272727272727
72,0.466,1,0,12,11,10.0,4.66,8.333333333333332,41.66666666666667,33.33333333333333,16.666666666666664
73,0.538,1,0,17,16,10.0,5.38,29.411764705882355,35.294117647058826,23.52941176470588,11.76470588235294
74,0.41,1,0,9,8,10.0,4.1,22.22222222222222,33.33333333333333,33.33333333333333,11.11111111111111
75,0.65,1,0,12,11,10.0,6.5,33.33333333333333,16.666666666666664,33.33333333333333,16.666666666666664
76,0.364,1,0,14,13,10.0,3.64,7.142857142857142,35.714285714285715,28.57142857142857,28.57142857142857
77,0.575,1,0,12,11,10.0,5.75,25.0,8.333333333333332,25.0,41.66666666666667
78,0.251,1,0,8,7,9.0,2.51,25.0,25.0,37.5,12.5
79,0.516,1,0,19,18,10.0,5.16,26.31578947368421,31.57894736842105,21.052631578947366,21.052631578947366
80,0.36,1,0,13,12,10.0,3.6,23.076923076923077,61.53846153846154,7.6923076923076925,7.6923076923076925
81,0.72,1,0,15,14,10.0,7.2,26.666666666666668,20.0,26.666666666666668,26.666666666666668
82,0.51,1,0,12,11,10.0,5.1,50.0,16.666666666666664,8.333333333333332,25.0
83,0.42,1,0,12,11,10.0,4.2,41.66666666666667,16.666666666666664,16.666666666666664,25.0
84,0.488,1,0,16,15,10.0,4.88,43.75,18.75,12.5,25.0
85,0.64,1,0,15,14,10.0,6.4,20.0,33.33333333333333,13.333333333333334,33.33333333333333
86,0.594,1,0,18,17,10.0,5.94,33.33333333333333,11.11111111111111,33.33333333333333,22.22222222222222
87,0.755,1,0,12,11,10.0,7.55,16.666666666666664,16.666666666666664,16.666666666666664,50.0
88,0.624,1,0,20,19,10.0,6.24,25.0,35.0,15.0,25.0
89,0.384,1,0,11,10,8.0,3.84,27.27272727272727,27.27272727272727,18.181818181818183,27.27272727272727
90,0.4,1,0,7,6,10.0,4.0,42.857142857142854,28.57142857142857,14.285714285714285,14.285714285714285
91,0.46,1,0,15,14,10.0,4.6,6.666666666666667,46.666666666666664,6.666666666666667,40.0
92,0.598,1,0,14,13,10.0,5.98,7.142857142857142,28.57142857142857,0.0,64.28571428571429
93,0.592,1,0,19,18,10.0,5.92,21.052631578947366,42.10526315789473,5.263157894736842,31.57894736842105
94,0.535,1,0,21,20,10.0,5.35,28.57142857142857,14.285714285714285,14.285714285714285,42.857142857142854
95,0.508,1,0,16,15,10.0,5.08,25.0,6.25,31.25,37.5
96,0.635,1,0,11,10,10.0,6.35,18.181818181818183,36.36363636363637,27.27272727272727,18.181818181818183
97,0.408,1,0,10,9,10.0,4.08,40.0,10.0,20.0,30.0
98,0.264,1,0,7,6,6.0,2.64,28.57142857142857,14.285714285714285,42.857142857142854,14.285714285714285
99,0.624,1,0,22,21,10.0,6.24,54.54545454545454,9.090909090909092,18.181818181818183,18.181818181818183
100,0.556,1,0,14,13,10.0,5.56,21.428571428571427,35.714285714285715,28.57142857142857,14.285714285714285
101,0.552,1,0,18,17,9.0,5.52,16.666666666666664,44.44444444444444,33.33333333333333,5.555555555555555
102,0.428,1,0,17,16,10.0,4.28,70.58823529411765,11.76470588235294,5.88235294117647,11.76470588235294
103,0.514,1,0,22,21,10.0,5.14,31.818181818181817,9.090909090909092,45.45454545454545,13.636363636363635
104,0.384,1,0,9,8,9.0,3.84,55.55555555555556,33.33333333333333,0.0,11.11111111111111
105,0.312,1,0,11,10,8.0,3.12,72.72727272727273,18.181818181818183,0.0,9.090909090909092
106,0.392,1,0,19,18,10.0,3.92,21.052631578947366,21.052631578947366,15.789473684210526,42.10526315789473
107,0.692,1,0,18,17,10.0,6.92,11.11111111111111,16.666666666666664,44.44444444444444,27.77777777777778
108,0.36,1,0,13,12,9.0,3.6,30.76923076923077,38.46153846153847,0.0,30.76923076923077
109,0.52,1,0,12,11,8.0,5.2,16.666666666666664,50.0,16.666666666666664,16.666666666666664
110,0.63,1,0,11,10,10.0,6.3,27.27272727272727,27.27272727272727,36.36363636363637,9.090909090909092
111,0.5,1,0,12,11,10.0,5.0,25.0,41.66666666666667,33.33333333333333,0.0
112,0.522,1,0,17,16,10.0,5.22,23.52941176470588,17.647058823529413,29.411764705882355,29.411764705882355
113,0.338,1,0,12,11,10.0,3.38,41.66666666666667,41.66666666666667,8.333333333333332,8.333333333333332
114,0.472,1,0,17,16,10.0,4.72,41.17647058823529,5.88235294117647,35.294117647058826,17.647058823529413
115,0.62,1,0,20,19,10.0,6.2,15.0,25.0,30.0,30.0
116,0.55,1,0,18,17,10.0,5.5,33.33333333333333,22.22222222222222,38.88888888888889,5.555555555555555
117,0.61,1,0,13,12,10.0,6.1,46.15384615384615,0.0,46.15384615384615,7.6923076923076925
118,0.345,1,0,11,10,10.0,3.45,9.090909090909092,36.36363636363637,27.27272727272727,27.27272727272727
119,0.601,1,0,16,15,10.0,6.01,31.25,6.25,31.25,31.25
120,0.552,1,0,17,16,8.0,5.52,23.52941176470588,23.52941176470588,23.52941176470588,29.411764705882355
121,0.624,1,0,16,15,10.0,6.24,43.75,6.25,12.5,37.5
122,0.544,1,0,18,17,10.0,5.44,33.33333333333333,16.666666666666664,16.666666666666664,33.33333333333333
123,0.536,1,0,14,13,8.0,5.36,28.57142857142857,35.714285714285715,7.142857142857142,28.57142857142857
124,0.42,1,0,12,11,9.0,4.2,25.0,25.0,25.0,25.0
125,0.616,1,0,19,18,10.0,6.16,36.84210526315789,5.263157894736842,26.31578947368421,31.57894736842105
126,0.452,1,0,12,11,9.0,4.52,33.33333333333333,16.666666666666664,16.666666666666664,33.33333333333333
127,0.636,1,0,13,12,10.0,6.36,7.6923076923076925,0.0,38.46153846153847,53.84615384615385
128,0.532,1,0,13,12,10.0,5.32,53.84615384615385,7.6923076923076925,38.46153846153847,0.0
129,0.543,1,0,14,13,10.0,5.43,42.857142857142854,35.714285714285715,7.142857142857142,14.285714285714285
130,0.42,1,0,13,12,10.0,4.2,23.076923076923077,23.076923076923077,23.076923076923077,30.76923076923077
131,0.82,1,0,16,15,10.0,8.2,12.5,6.25,43.75,37.5
132,0.454,1,0,14,13,10.0,4.54,35.714285714285715,7.142857142857142,21.428571428571427,35.714285714285715
133,0.6,1,0,13,12,10.0,6.0,15.384615384615385,30.76923076923077,7.6923076923076925,46.15384615384615
134,0.338,1,0,14,13,9.0,3.38,21.428571428571427,21.428571428571427,21.428571428571427,35.714285714285715
135,0.365,1,0,9,8,10.0,3.65,22.22222222222222,33.33333333333333,11.11111111111111,33.33333333333333
136,0.62,1,0,18,17,10.0,6.2,22.22222222222222,22.22222222222222,33.33333333333333,22.22222222222222
137,0.54,1,0,10,9,10.0,5.4,10.0,40.0,20.0,30.0
138,0.602,1,0,22,21,10.0,6.02,31.818181818181817,9.090909090909092,18.181818181818183,40.909090909090914
139,0.63,1,0,17,16,10.0,6.3,35.294117647058826,35.294117647058826,5.88235294117647,23.52941176470588
140,0.65,1,0,13,12,10.0,6.5,30.76923076923077,7.6923076923076925,61.53846153846154,0.0
141,0.718,1,0,18,17,10.0,7.18,27.77777777777778,16.666666666666664,33.33333333333333,22.22222222222222
142,0.592,1,0,18,17,10.0,5.92,50.0,11.11111111111111,16.666666666666664,22.22222222222222
143,0.354,1,0,19,18,10.0,3.54,47.368421052631575,36.84210526315789,10.526315789473683,5.263157894736842
144,0.312,1,0,11,10,10.0,3.12,63.63636363636363,27.27272727272727,0.0,9.090909090909092
145,0.53,1,0,12,11,9.0,5.3,25.0,33.33333333333333,25.0,16.666666666666664
146,0.544,1,0,14,13,10.0,5.44,21.428571428571427,50.0,21.428571428571427,7.142857142857142
147,0.652,1,0,14,13,10.0,6.52,21.428571428571427,14.285714285714285,57.14285714285714,7.142857142857142
148,0.542,1,0,15,14,10.0,5.42,33.33333333333333,26.666666666666668,20.0,20.0
149,0.528,1,0,18,17,9.0,5.28,5.555555555555555,38.88888888888889,11.11111111111111,44.44444444444444
150,0.51,1,0,17,16,10.0,5.1,41.17647058823529,41.17647058823529,17.647058823529413,0.0
151,0.2,1,0,10,9,6.0,2.0,10.0,60.0,20.0,10.0
152,0.55,1,0,12,11,10.0,5.5,41.66666666666667,25.0,16.666666666666664,16.666666666666664
153,0.292,1,0,13,12,10.0,2.92,61.53846153846154,7.6923076923076925,15.384615384615385,15.384615384615385
154,0.66,1,0,11,10,10.0,6.6,18.181818181818183,27.27272727272727,27.27272727272727,27.27272727272727
155,0.571,1,0,20,19,10.0,5.71,20.0,50.0,15.0,15.0
156,0.73,1,0,12,11,10.0,7.3,16.666666666666664,58.333333333333336,8.333333333333332,16.666666666666664
157,0.4,1,0,12,11,10.0,4.0,41.66666666666667,33.33333333333333,8.333333333333332,16.666666666666664
158,0.507,1,0,14,13,10.0,5.07,14.285714285714285,35.714285714285715,7.142857142857142,42.857142857142854
159,0.446,1,0,13,12,10.0,4.46,23.076923076923077,15.384615384615385,46.15384615384615,15.384615384615385
160,0.407,1,0,9,8,10.0,4.07,22.22222222222222,22.22222222222222,22.22222222222222,33.33333333333333
161,0.58,1,0,12,11,10.0,5.8,50.0,16.666666666666664,8.333333333333332,25.0
162,0.544,1,0,15,14,10.0,5.44,40.0,20.0,33.33333333333333,6.666666666666667
163,0.421,1,0,13,12,10.0,4.21,30.76923076923077,23.076923076923077,38.46153846153847,7.6923076923076925
164,0.34,1,0,10,9,9.0,3.4,10.0,30.0,50.0,10.0
165,0.46,1,0,9,8,10.0,4.6,11.11111111111111,33.33333333333333,44.44444444444444,11.11111111111111
166,0.502,1,0,11,10,10.0,5.02,27.27272727272727,45.45454545454545,18.181818181818183,9.090909090909092
167,0.455,1,0,13,12,10.0,4.55,15.384615384615385,15.384615384615385,46.15384615384615,23.076923076923077
168,0.684,1,0,17,16,10.0,6.84,11.76470588235294,23.52941176470588,35.294117647058826,29.411764705882355
169,0.49,1,0,14,13,10.0,4.9,14.285714285714285,28.57142857142857,28.57142857142857,28.57142857142857
170,0.665,1,0,15,14,10.0,6.65,6.666666666666667,40.0,26.666666666666668,26.666666666666668
171,0.68,1,0,13,12,10.0,6.8,30.76923076923077,38.46153846153847,0.0,30.76923076923077
172,0.335,1,0,10,9,7.0,3.35,10.0,30.0,30.0,30.0
173,0.536,1,0,18,17,10.0,5.36,16.666666666666664,16.666666666666664,33.33333333333333,33.33333333333333
174,0.428,1,0,11,10,10.0,4.28,27.27272727272727,18.181818181818183,27.27272727272727,27.27272727272727
175,0.514,1,0,16,15,9.0,5.14,31.25,18.75,6.25,43.75
176,0.698,1,0,15,14,10.0,6.98,33.33333333333333,13.333333333333334,33.33333333333333,20.0
177,0.536,1,0,14,13,10.0,5.36,21.428571428571427,21.428571428571427,42.857142857142854,14.285714285714285
178,0.522,1,0,14,13,10.0,5.22,35.714285714285715,21.428571428571427,7.142857142857142,35.714285714285715
179,0.224,1,0,11,10,8.0,2.24,45.45454545454545,9.090909090909092,18.181818181818183,27.27272727272727
180,0.56,1,0,23,22,10.0,5.6,34.78260869565217,21.73913043478261,8.695652173913043,34.78260869565217
181,0.672,1,0,23,22,10.0,6.72,34.78260869565217,30.434782608695656,21.73913043478261,13.043478260869565
182,0.38,1,0,14,13,10.0,3.8,78.57142857142857,14.285714285714285,7.142857142857142,0.0
183,0.688,1,0,21,20,10.0,6.88,23.809523809523807,23.809523809523807,38.095238095238095,14.285714285714285
184,0.544,1,0,18,17,10.0,5.44,22.22222222222222,33.33333333333333,22.22222222222222,22.22222222222222
185,0.648,1,0,17,16,10.0,6.48,0.0,47.05882352941176,11.76470588235294,41.17647058823529
186,0.535,1,0,9,8,10.0,5.35,22.22222222222222,22.22222222222222,22.22222222222222,33.33333333333333
187,0.574,1,0,12,11,9.0,5.74,58.333333333333336,0.0,41.66666666666667,0.0
188,0.52,1,0,14,13,10.0,5.2,35.714285714285715,7.142857142857142,35.714285714285715,21.428571428571427
189,0.408,1,0,14,13,10.0,4.08,14.285714285714285,35.714285714285715,14.285714285714285,35.714285714285715
190,0.48,1,0,12,11,10.0,4.8,33.33333333333333,25.0,16.666666666666664,25.0
191,0.458,1,0,12,11,10.0,4.58,66.66666666666666,25.0,0.0,8.333333333333332
192,0.436,1,0,12,11,10.0,4.36,16.666666666666664,25.0,33.33333333333333,25.0
193,0.588,1,0,16,15,10.0,5.88,18.75,31.25,25.0,25.0
194,0.504,1,0,14,13,10.0,5.04,7.142857142857142,42.857142857142854,14.285714285714285,35.714285714285715
195,0.6,1,0,17,16,9.0,6.0,17.647058823529413,23.52941176470588,35.294117647058826,23.52941176470588
196,0.434,1,0,17,16,10.0,4.34,35.294117647058826,47.05882352941176,11.76470588235294,5.88235294117647
197,0.369,1,0,14,13,10.0,3.69,35.714285714285715,50.0,7.142857142857142,7.142857142857142
198,0.59,1,0,13,12,10.0,5.9,30.76923076923077,38.46153846153847,0.0,30.76923076923077
199,0.375,1,0,11,10,10.0,3.75,72.72727272727273,9.090909090909092,9.090909090909092,9.090909090909092
200,0.475,1,0,13,12,10.0,4.75,30.76923076923077,0.0,7.6923076923076925,61.53846153846154
201,0.436,1,0,12,11,9.0,4.36,33.33333333333333,25.0,25.0,16.666666666666664
202,0.4,1,0,9,8,9.0,4.0,11.11111111111111,0.0,55.55555555555556,33.33333333333333
203,0.51,1,0,13,12,10.0,5.1,0.0,30.76923076923077,30.76923076923077,38.46153846153847
204,0.341,1,0,8,7,8.0,3.41,25.0,25.0,12.5,37.5
205,0.404,1,0,11,10,10.0,4.04,18.181818181818183,18.181818181818183,27.27272727272727,36.36363636363637
206,0.696,1,0,16,15,10.0,6.96,18.75,31.25,12.5,37.5
207,0.555,1,0,17,16,10.0,5.55,5.88235294117647,29.411764705882355,5.88235294117647,58.82352941176471
208,0.326,1,0,10,9,8.0,3.26,10.0,0.0,20.0,70.0
209,0.68,1,0,15,14,10.0,6.8,6.666666666666667,66.66666666666666,13.333333333333334,13.333333333333334
210,0.73,1,0,12,11,9.0,7.3,0.0,33.33333333333333,8.333333333333332,58.333333333333336
211,0.58,1,0,9,8,9.0,5.8,0.0,11.11111111111111,11.11111111111111,77.77777777777779
212,0.484,1,0,18,17,9.0,4.84,5.555555555555555,77.77777777777779,5.555555555555555,11.11111111111111
213,0.412,1,0,13,12,10.0,4.12,23.076923076923077,30.76923076923077,23.076923076923077,23.076923076923077
214,0.375,1,0,10,9,10.0,3.75,10.0,30.0,40.0,20.0
215,0.63,1,0,19,18,10.0,6.3,26.31578947368421,26.31578947368421,42.10526315789473,5.263157894736842
216,0.62,1,0,14,13,10.0,6.2,64.28571428571429,7.142857142857142,21.428571428571427,7.142857142857142
217,0.32,1,0,11,10,9.0,3.2,54.54545454545454,9.090909090909092,27.27272727272727,9.090909090909092
218,0.418,1,0,15,14,10.0,4.18,26.666666666666668,40.0,20.0,13.333333333333334
219,0.72,1,0,19,18,10.0,7.2,15.789473684210526,31.57894736842105,26.31578947368421,26.31578947368421
220,0.433,1,0,14,13,10.0,4.33,35.714285714285715,35.714285714285715,0.0,28.57142857142857
221,0.92,1,0,16,15,10.0,9.2,31.25,18.75,37.5,12.5
222,0.618,1,0,16,15,10.0,6.18,12.5,25.0,56.25,6.25
223,0.572,1,0,16,15,10.0,5.72,6.25,37.5,43.75,12.5
224,0.534,1,0,14,13,10.0,5.34,7.142857142857142,7.142857142857142,57.14285714285714,28.57142857142857
225,0.764,1,0,23,22,10.0,7.64,13.043478260869565,39.130434782608695,26.08695652173913,21.73913043478261
226,0.37,1,0,19,18,10.0,3.7,21.052631578947366,31.57894736842105,5.263157894736842,42.10526315789473
227,0.735,1,0,17,16,10.0,7.35,52.94117647058824,35.294117647058826,5.88235294117647,5.88235294117647
228,0.664,1,0,18,17,10.0,6.64,22.22222222222222,11.11111111111111,11.11111111111111,55.55555555555556
229,0.502,1,0,15,14,10.0,5.02,6.666666666666667,0.0,33.33333333333333,60.0
230,0.727,1,0,20,19,10.0,7.27,15.0,15.0,45.0,25.0
231,0.464,1,0,15,14,10.0,4.64,6.666666666666667,40.0,13.333333333333334,40.0
232,0.645,1,0,11,10,10.0,6.45,0.0,45.45454545454545,9.090909090909092,45.45454545454545
233,0.444,1,0,12,11,9.0,4.44,16.666666666666664,41.66666666666667,16.666666666666664,25.0
234,0.46,1,0,13,12,9.0,4.6,23.076923076923077,7.6923076923076925,38.46153846153847,30.76923076923077
235,0.483,1,0,13,12,10.0,4.83,7.6923076923076925,23.076923076923077,53.84615384615385,15.384615384615385
236,0.57,1,0,17,16,10.0,5.7,11.76470588235294,64.70588235294117,17.647058823529413,5.88235294117647
237,0.548,1,0,15,14,10.0,5.48,20.0,66.66666666666666,13.333333333333334,0.0
238,0.578,1,0,16,15,10.0,5.78,25.0,18.75,37.5,18.75
239,0.362,1,0,13,12,10.0,3.62,15.384615384615385,7.6923076923076925,76.92307692307693,0.0
240,0.49,1,0,15,14,10.0,4.9,13.333333333333334,26.666666666666668,53.333333333333336,6.666666666666667
241,0.468,1,0,12,11,10.0,4.68,8.333333333333332,25.0,50.0,16.666666666666664
242,0.504,1,0,14,13,10.0,5.04,35.714285714285715,7.142857142857142,28.57142857142857,28.57142857142857
243,0.504,1,0,10,9,10.0,5.04,40.0,0.0,40.0,20.0
244,0.452,1,0,16,15,10.0,4.52,75.0,18.75,6.25,0.0
245,0.556,1,0,16,15,9.0,5.56,18.75,31.25,18.75,31.25
246,0.652,1,0,23,22,10.0,6.52,60.86956521739131,0.0,21.73913043478261,17.391304347826086
247,0.8,1,0,16,15,10.0,8.0,12.5,25.0,25.0,37.5
248,0.65,1,0,17,16,10.0,6.5,11.76470588235294,35.294117647058826,29.411764705882355,23.52941176470588
249,0.427,1,0,14,13,9.0,4.27,21.428571428571427,14.285714285714285,35.714285714285715,28.57142857142857
250,0.45,1,0,13,12,10.0,4.5,15.384615384615385,7.6923076923076925,23.076923076923077,53.84615384615385
251,0.343,1,0,15,14,10.0,3.43,20.0,46.666666666666664,6.666666666666667,26.666666666666668
252,0.836,1,0,23,22,10.0,8.36,39.130434782608695,13.043478260869565,26.08695652173913,21.73913043478261
253,0.268,1,0,10,9,6.0,2.68,30.0,20.0,10.0,40.0
254,0.87,1,0,15,14,10.0,8.7,6.666666666666667,60.0,0.0,33.33333333333333
255,0.462,1,0,16,15,10.0,4.62,0.0,50.0,43.75,6.25
256,0.394,1,0,9,8,10.0,3.94,0.0,55.55555555555556,22.22222222222222,22.22222222222222
257,0.484,1,0,15,14,10.0,4.84,13.333333333333334,46.666666666666664,26.666666666666668,13.333333333333334
258,0.532,1,0,14,13,9.0,5.32,14.285714285714285,14.285714285714285,21.428571428571427,50.0
259,0.57,1,0,12,11,10.0,5.7,16.666666666666664,8.333333333333332,0.0,75.0
260,0.5,1,0,13,12,10.0,5.0,7.6923076923076925,15.384615384615385,15.384615384615385,61.53846153846154
261,0.64,1,0,21,20,10.0,6.4,14.285714285714285,38.095238095238095,4.761904761904762,42.857142857142854
262,0.516,1,0,19,18,9.0,5.16,31.57894736842105,5.263157894736842,26.31578947368421,36.84210526315789
263,0.476,1,0,13,12,10.0,4.76,7.6923076923076925,15.384615384615385,38.46153846153847,38.46153846153847
264,0.444,1,0,14,13,10.0,4.44,21.428571428571427,28.57142857142857,28.57142857142857,21.428571428571427
265,0.74,1,0,15,14,10.0,7.4,20.0,6.666666666666667,60.0,13.333333333333334
266,0.528,1,0,15,14,10.0,5.28,26.666666666666668,13.333333333333334,53.333333333333336,6.666666666666667
267,0.3,1,0,10,9,10.0,3.0,60.0,30.0,0.0,10.0
268,0.315,1,0,11,10,9.0,3.15,0.0,18.181818181818183,9.090909090909092,72.72727272727273
269,0.578,1,0,15,14,10.0,5.78,6.666666666666667,33.33333333333333,13.333333333333334,46.666666666666664
270,0.584,1,0,17,16,10.0,5.84,5.88235294117647,5.88235294117647,52.94117647058824,35.294117647058826
271,0.504,1,0,13,12,10.0,5.04,15.384615384615385,53.84615384615385,7.6923076923076925,23.076923076923077
272,0.563,1,0,15,14,10.0,5.63,0.0,86.66666666666667,0.0,13.333333333333334
273,0.45,1,0,14,13,10.0,4.5,0.0,50.0,28.57142857142857,21.428571428571427
274,0.356,1,0,9,8,10.0,3.56,22.22222222222222,22.22222222222222,44.44444444444444,11.11111111111111
275,0.342,1,0,11,10,9.0,3.42,9.090909090909092,18.181818181818183,54.54545454545454,18.181818181818183
276,0.54,1,0,20,19,10.0,5.4,0.0,15.0,30.0,55.00000000000001
277,0.66,1,0,15,14,10.0,6.6,6.666666666666667,6.666666666666667,66.66666666666666,20.0
278,0.554,1,0,16,15,10.0,5.54,6.25,0.0,18.75,75.0
279,0.49,1,0,14,13,10.0,4.9,21.428571428571427,7.142857142857142,35.714285714285715,35.714285714285715
280,0.428,1,0,9,8,9.0,4.28,0.0,55.55555555555556,11.11111111111111,33.33333333333333
281,0.596,1,0,19,18,10.0,5.96,47.368421052631575,10.526315789473683,21.052631578947366,21.052631578947366
282,0.501,1,0,16,15,10.0,5.01,6.25,0.0,68.75,25.0
283,0.224,1,0,7,6,8.0,2.24,42.857142857142854,14.285714285714285,0.0,42.857142857142854
284,0.384,1,0,10,9,8.0,3.84,20.0,0.0,60.0,20.0
285,0.705,1,0,12,11,10.0,7.05,8.333333333333332,8.333333333333332,41.66666666666667,41.66666666666667
286,0.467,1,0,14,13,10.0,4.67,0.0,21.428571428571427,42.857142857142854,35.714285714285715
287,0.534,1,0,19,18,10.0,5.34,26.31578947368421,31.57894736842105,21.052631578947366,21.052631578947366
288,0.499,1,0,16,15,10.0,4.99,56.25,6.25,12.5,25.0
289,0.585,1,0,12,11,10.0,5.85,0.0,41.66666666666667,25.0,33.33333333333333
290,0.52,1,0,11,10,10.0,5.2,18.181818181818183,54.54545454545454,9.090909090909092,18.181818181818183
291,0.71,1,0,15,14,10.0,7.1,6.666666666666667,13.333333333333334,40.0,40.0
292,0.46,1,0,15,14,10.0,4.6,26.666666666666668,6.666666666666667,26.666666666666668,40.0
293,0.464,1,0,11,10,9.0,4.64,36.36363636363637,18.181818181818183,27.27272727272727,18.181818181818183
294,0.74,1,0,16,15,10.0,7.4,6.25,0.0,18.75,75.0
295,0.532,1,0,13,12,10.0,5.32,0.0,23.076923076923077,7.6923076923076925,69.23076923076923
296,0.568,1,0,17,16,10.0,5.68,35.294117647058826,23.52941176470588,23.52941176470588,17.647058823529413
297,0.463,1,0,10,9,10.0,4.63,20.0,0.0,30.0,50.0
298,0.54,1,0,13,12,10.0,5.4,7.6923076923076925,0.0,76.92307692307693,15.384615384615385
299,0.49,1,0,16,15,10.0,4.9,0.0,0.0,43.75,56.25
300,0.306,1,0,9,8,10.0,3.06,11.11111111111111,0.0,44.44444444444444,44.44444444444444
301,0.368,1,0,14,13,10.0,3.68,64.28571428571429,0.0,7.142857142857142,28.57142857142857
302,0.526,1,0,12,11,10.0,5.26,91.66666666666666,0.0,0.0,8.333333333333332
303,0.624,1,0,15,14,10.0,6.24,20.0,0.0,6.666666666666667,73.33333333333333
304,0.359,1,0,11,10,9.0,3.59,9.090909090909092,0.0,9.090909090909092,81.81818181818183
305,0.6,1,0,12,11,10.0,6.0,25.0,66.66666666666666,0.0,8.333333333333332
306,0.475,1,0,13,12,8.0,4.75,23.076923076923077,61.53846153846154,0.0,15.384615384615385
307,0.55,1,0,12,11,8.0,5.5,8.333333333333332,50.0,8.333333333333332,33.33333333333333
308,0.647,1,0,18,17,10.0,6.47,0.0,38.88888888888889,33.33333333333333,27.77777777777778
309,0.542,1,0,14,13,10.0,5.42,28.57142857142857,7.142857142857142,42.857142857142854,21.428571428571427
310,0.245,1,0,11,10,10.0,2.45,9.090909090909092,0.0,54.54545454545454,36.36363636363637
311,0.511,1,0,14,13,10.0,5.11,0.0,14.285714285714285,42.857142857142854,42.857142857142854
312,0.6,1,0,21,20,10.0,6.0,4.761904761904762,57.14285714285714,28.57142857142857,9.523809523809524
313,0.616,1,0,16,15,10.0,6.16,12.5,25.0,43.75,18.75
314,0.343,1,0,11,10,10.0,3.43,36.36363636363637,18.181818181818183,27.27272727272727,18.181818181818183
315,0.468,1,0,14,13,10.0,4.68,7.142857142857142,21.428571428571427,21.428571428571427,50.0
316,0.52,1,0,17,16,10.0,5.2,11.76470588235294,29.411764705882355,35.294117647058826,23.52941176470588
317,0.72,1,0,16,15,10.0,7.2,0.0,75.0,18.75,6.25
318,0.797,1,0,15,14,10.0,7.97,0.0,53.333333333333336,13.333333333333334,33.33333333333333
319,0.5,1,0,10,9,10.0,5.0,0.0,70.0,30.0,0.0
320,0.416,1,0,14,13,10.0,4.16,50.0,7.142857142857142,35.714285714285715,7.142857142857142
321,0.51,1,0,15,14,10.0,5.1,6.666666666666667,33.33333333333333,13.333333333333334,46.666666666666664
322,0.524,1,0,17,16,10.0,5.24,23.52941176470588,11.76470588235294,29.411764705882355,35.294117647058826
323,0.455,1,0,12,11,10.0,4.55,16.666666666666664,8.333333333333332,16.666666666666664,58.333333333333336
324,0.672,1,0,23,22,10.0,6.72,4.3478260869565215,8.695652173913043,56.52173913043478,30.434782608695656
325,0.68,1,0,15,14,10.0,6.8,13.333333333333334,26.666666666666668,40.0,20.0
326,0.375,1,0,13,12,10.0,3.75,0.0,15.384615384615385,76.92307692307693,7.6923076923076925
327,0.472,1,0,16,15,10.0,4.72,6.25,62.5,0.0,31.25
328,0.548,1,0,15,14,10.0,5.48,6.666666666666667,26.666666666666668,46.666666666666664,20.0
329,0.46,1,0,15,14,10.0,4.6,6.666666666666667,0.0,46.666666666666664,46.666666666666664
330,0.46,1,0,17,16,9.0,4.6,17.647058823529413,58.82352941176471,5.88235294117647,17.647058823529413
331,0.408,1,0,11,10,10.0,4.08,0.0,18.181818181818183,45.45454545454545,36.36363636363637
332,0.512,1,0,12,11,10.0,5.12,8.333333333333332,16.666666666666664,50.0,25.0
333,0.622,1,0,17,16,10.0,6.22,5.88235294117647,11.76470588235294,52.94117647058824,29.411764705882355
334,0.53,1,0,14,13,10.0,5.3,7.142857142857142,50.0,35.714285714285715,7.142857142857142
335,0.572,1,0,15,14,10.0,5.72,13.333333333333334,6.666666666666667,60.0,20.0
336,0.578,1,0,20,19,10.0,5.78,0.0,50.0,35.0,15.0
337,0.56,1,0,11,10,10.0,5.6,0.0,0.0,72.72727272727273,27.27272727272727
338,0.56,1,0,19,18,10.0,5.6,15.789473684210526,68.42105263157895,5.263157894736842,10.526315789473683
339,0.272,1,0,10,9,10.0,2.72,60.0,30.0,10.0,0.0
340,0.408,1,0,12,11,10.0,4.08,8.333333333333332,75.0,16.666666666666664,0.0
341,0.768,1,0,24,23,10.0,7.68,16.666666666666664,37.5,41.66666666666667,4.166666666666666
342,0.47,1,0,9,8,9.0,4.7,0.0,55.55555555555556,22.22222222222222,22.22222222222222
343,0.629,1,0,17,16,10.0,6.29,5.88235294117647,11.76470588235294,52.94117647058824,29.411764705882355
344,0.504,1,0,16,15,10.0,5.04,12.5,6.25,56.25,25.0
345,0.508,1,0,14,13,10.0,5.08,28.57142857142857,0.0,71.42857142857143,0.0
346,0.7,1,0,15,14,10.0,7.0,0.0,33.33333333333333,53.333333333333336,13.333333333333334
347,0.398,1,0,12,11,10.0,3.98,8.333333333333332,8.333333333333332,33.33333333333333,50.0
348,0.535,1,0,16,15,10.0,5.35,31.25,0.0,56.25,12.5
349,0.35,1,0,13,12,10.0,3.5,30.76923076923077,7.6923076923076925,15.384615384615385,46.15384615384615
350,0.42,1,0,10,9,9.0,4.2,20.0,0.0,60.0,20.0
351,0.444,1,0,16,15,9.0,4.44,68.75,0.0,12.5,18.75
352,0.536,1,0,16,15,10.0,5.36,43.75,6.25,37.5,12.5
353,0.68,1,0,18,17,10.0,6.8,11.11111111111111,11.11111111111111,33.33333333333333,44.44444444444444
354,0.34,1,0,10,9,10.0,3.4,70.0,0.0,20.0,10.0
355,0.637,1,0,18,17,10.0,6.37,44.44444444444444,22.22222222222222,33.33333333333333,0.0
356,0.75,1,0,15,14,10.0,7.5,0.0,20.0,46.666666666666664,33.33333333333333
357,0.525,1,0,12,11,9.0,5.25,41.66666666666667,0.0,41.66666666666667,16.666666666666664
358,0.458,1,0,11,10,10.0,4.58,9.090909090909092,9.090909090909092,72.72727272727273,9.090909090909092
359,0.56,1,0,14,13,10.0,5.6,64.28571428571429,14.285714285714285,21.428571428571427,0.0
360,0.466,1,0,20,19,9.0,4.66,55.00000000000001,30.0,5.0,10.0
361,0.42,1,0,12,11,10.0,4.2,0.0,16.666666666666664,33.33333333333333,50.0
362,0.66,1,0,20,19,10.0,6.6,10.0,35.0,45.0,10.0
363,0.567,1,0,12,11,10.0,5.67,33.33333333333333,25.0,8.333333333333332,33.33333333333333
364,0.468,1,0,11,10,10.0,4.68,18.181818181818183,18.181818181818183,36.36363636363637,27.27272727272727
365,0.44,1,0,14,13,10.0,4.4,35.714285714285715,42.857142857142854,14.285714285714285,7.142857142857142
366,0.748,1,0,25,24,10.0,7.48,20.0,0.0,28.000000000000004,52.0
367,0.58,1,0,12,11,10.0,5.8,50.0,8.333333333333332,33.33333333333333,8.333333333333332
368,0.41,1,0,13,12,10.0,4.1,38.46153846153847,23.076923076923077,7.6923076923076925,30.76923076923077
369,0.578,1,0,17,16,10.0,5.78,11.76470588235294,29.411764705882355,29.411764705882355,29.411764705882355
370,0.644,1,0,19,18,10.0,6.44,5.263157894736842,26.31578947368421,31.57894736842105,36.84210526315789
371,0.724,1,0,18,17,10.0,7.24,22.22222222222222,0.0,22.22222222222222,55.55555555555556
372,0.304,1,0,11,10,10.0,3.04,9.090909090909092,36.36363636363637,27.27272727272727,27.27272727272727
373,0.39,1,0,13,12,9.0,3.9,38.46153846153847,7.6923076923076925,30.76923076923077,23.076923076923077
374,0.389,1,0,16,15,10.0,3.89,12.5,31.25,25.0,31.25
375,0.816,1,0,21,20,10.0,8.16,23.809523809523807,23.809523809523807,14.285714285714285,38.095238095238095
376,0.522,1,0,14,13,10.0,5.22,0.0,42.857142857142854,21.428571428571427,35.714285714285715
377,0.8,1,0,19,18,10.0,8.0,15.789473684210526,47.368421052631575,5.263157894736842,31.57894736842105
378,0.52,1,0,13,12,10.0,5.2,23.076923076923077,7.6923076923076925,30.76923076923077,38.46153846153847
379,0.412,1,0,12,11,8.0,4.12,33.33333333333333,0.0,33.33333333333333,33.33333333333333
380,0.332,1,0,10,9,9.0,3.32,30.0,20.0,30.0,20.0
381,0.76,1,0,14,13,10.0,7.6,14.285714285714285,14.285714285714285,7.142857142857142,64.28571428571429
382,0.528,1,0,22,21,10.0,5.28,0.0,68.18181818181817,4.545454545454546,27.27272727272727
383,0.452,1,0,14,13,10.0,4.52,14.285714285714285,50.0,28.57142857142857,7.142857142857142
384,0.495,1,0,11,10,9.0,4.95,18.181818181818183,27.27272727272727,9.090909090909092,45.45454545454545
385,0.54,1,0,11,10,10.0,5.4,0.0,9.090909090909092,63.63636363636363,27.27272727272727
386,0.334,1,0,10,9,10.0,3.34,60.0,10.0,10.0,20.0
387,0.79,1,0,18,17,10.0,7.9,5.555555555555555,11.11111111111111,55.55555555555556,27.77777777777778
388,1.0,0,0,16,16,10.0,10.0,0.0,81.25,0.0,18.75
389,0.55,1,0,12,11,10.0,5.5,8.333333333333332,33.33333333333333,33.33333333333333,25.0
390,0.601,1,0,20,19,10.0,6.01,10.0,15.0,30.0,45.0
391,0.484,1,0,14,13,10.0,4.84,0.0,42.857142857142854,14.285714285714285,42.857142857142854
392,0.54,1,0,11,10,10.0,5.4,27.27272727272727,0.0,18.181818181818183,54.54545454545454
393,0.44,1,0,13,12,10.0,4.4,7.6923076923076925,7.6923076923076925,38.46153846153847,46.15384615384615
394,0.576,1,0,14,13,10.0,5.76,14.285714285714285,28.57142857142857,21.428571428571427,35.714285714285715
395,0.452,1,0,16,15,10.0,4.52,25.0,25.0,6.25,43.75
396,0.725,1,0,20,19,9.0,7.25,20.0,15.0,10.0,55.00000000000001
397,0.575,1,0,9,8,8.0,5.75,44.44444444444444,0.0,11.11111111111111,44.44444444444444
398,0.494,1,0,16,15,10.0,4.94,6.25,37.5,0.0,56.25
399,0.645,1,0,15,14,10.0,6.45,40.0,13.333333333333334,26.666666666666668,20.0
400,0.64,1,0,12,11,10.0,6.4,16.666666666666664,33.33333333333333,25.0,25.0
401,0.467,1,0,14,13,10.0,4.67,14.285714285714285,42.857142857142854,21.428571428571427,21.428571428571427
402,0.596,1,0,15,14,10.0,5.96,6.666666666666667,6.666666666666667,13.333333333333334,73.33333333333333
403,0.438,1,0,19,18,10.0,4.38,26.31578947368421,5.263157894736842,26.31578947368421,42.10526315789473
404,0.54,1,0,15,14,10.0,5.4,0.0,26.666666666666668,20.0,53.333333333333336
405,0.538,1,0,13,12,10.0,5.38,15.384615384615385,61.53846153846154,0.0,23.076923076923077
406,0.83,1,0,12,11,10.0,8.3,0.0,41.66666666666667,25.0,33.33333333333333
407,0.497,1,0,14,13,10.0,4.97,42.857142857142854,7.142857142857142,21.428571428571427,28.57142857142857
408,0.568,1,0,19,18,10.0,5.68,5.263157894736842,26.31578947368421,47.368421052631575,21.052631578947366
409,0.67,1,0,23,22,10.0,6.7,4.3478260869565215,34.78260869565217,30.434782608695656,30.434782608695656
410,0.58,1,0,16,15,10.0,5.8,25.0,18.75,0.0,56.25
411,0.48,1,0,12,11,10.0,4.8,0.0,33.33333333333333,41.66666666666667,25.0
412,0.576,1,0,13,12,10.0,5.76,38.46153846153847,23.076923076923077,15.384615384615385,23.076923076923077
413,0.456,1,0,11,10,9.0,4.56,9.090909090909092,9.090909090909092,18.181818181818183,63.63636363636363
414,0.528,1,0,12,11,9.0,5.28,0.0,16.666666666666664,25.0,58.333333333333336
415,0.455,1,0,14,13,10.0,4.55,7.142857142857142,85.71428571428571,0.0,7.142857142857142
416,0.548,1,0,15,14,10.0,5.48,0.0,6.666666666666667,46.666666666666664,46.666666666666664
417,0.5,1,0,9,8,9.0,5.0,11.11111111111111,0.0,33.33333333333333,55.55555555555556
418,0.522,1,0,17,16,10.0,5.22,5.88235294117647,29.411764705882355,41.17647058823529,23.52941176470588
419,0.512,1,0,10,9,10.0,5.12,40.0,30.0,10.0,20.0
420,0.508,1,0,20,19,10.0,5.08,0.0,65.0,20.0,15.0
421,0.51,1,0,19,18,10.0,5.1,21.052631578947366,36.84210526315789,5.263157894736842,36.84210526315789
422,0.404,1,0,21,20,10.0,4.04,4.761904761904762,47.61904761904761,4.761904761904762,42.857142857142854
423,0.2,1,0,9,8,8.0,2.0,11.11111111111111,44.44444444444444,0.0,44.44444444444444
424,0.56,1,0,17,16,10.0,5.6,0.0,29.411764705882355,23.52941176470588,47.05882352941176
425,0.6,1,0,11,10,10.0,6.0,9.090909090909092,27.27272727272727,0.0,63.63636363636363
426,0.56,1,0,14,13,9.0,5.6,0.0,78.57142857142857,0.0,21.428571428571427
427,0.644,1,0,17,16,10.0,6.44,11.76470588235294,29.411764705882355,41.17647058823529,17.647058823529413
428,0.52,1,0,15,14,10.0,5.2,13.333333333333334,13.333333333333334,60.0,13.333333333333334
429,0.83,1,0,11,10,9.0,8.3,9.090909090909092,27.27272727272727,27.27272727272727,36.36363636363637
430,0.42,1,0,18,17,10.0,4.2,50.0,16.666666666666664,0.0,33.33333333333333
431,0.597,1,0,13,12,10.0,5.97,15.384615384615385,61.53846153846154,7.6923076923076925,15.384615384615385
432,0.484,1,0,14,13,9.0,4.84,50.0,28.57142857142857,14.285714285714285,7.142857142857142
433,0.396,1,0,13,12,9.0,3.96,23.076923076923077,0.0,38.46153846153847,38.46153846153847
434,0.41,1,0,10,9,10.0,4.1,10.0,40.0,0.0,50.0
435,0.382,1,0,21,20,10.0,3.82,66.66666666666666,9.523809523809524,9.523809523809524,14.285714285714285
436,0.65,1,0,14,13,10.0,6.5,7.142857142857142,7.142857142857142,28.57142857142857,57.14285714285714
437,0.4,1,0,13,12,10.0,4.0,7.6923076923076925,46.15384615384615,38.46153846153847,7.6923076923076925
438,0.72,1,0,13,12,10.0,7.2,0.0,15.384615384615385,38.46153846153847,46.15384615384615
439,0.478,1,0,13,12,10.0,4.78,15.384615384615385,15.384615384615385,15.384615384615385,53.84615384615385
440,0.42,1,0,13,12,10.0,4.2,38.46153846153847,30.76923076923077,15.384615384615385,15.384615384615385
441,0.42,1,0,13,12,10.0,4.2,30.76923076923077,23.076923076923077,0.0,46.15384615384615
442,0.169,1,0,6,5,10.0,1.69,0.0,0.0,33.33333333333333,66.66666666666666
443,0.54,1,0,14,13,10.0,5.4,0.0,35.714285714285715,28.57142857142857,35.714285714285715
444,0.65,1,0,12,11,10.0,6.5,0.0,58.333333333333336,16.666666666666664,25.0
445,0.555,1,0,15,14,10.0,5.55,6.666666666666667,40.0,0.0,53.333333333333336
446,0.528,1,0,16,15,10.0,5.28,0.0,43.75,25.0,31.25
447,0.46,1,0,13,12,10.0,4.6,23.076923076923077,0.0,61.53846153846154,15.384615384615385
448,0.42,1,0,9,8,10.0,4.2,11.11111111111111,11.11111111111111,44.44444444444444,33.33333333333333
449,0.162,1,0,5,4,6.0,1.62,0.0,20.0,20.0,60.0
450,0.64,1,0,16,15,10.0,6.4,12.5,50.0,25.0,12.5
451,0.48,1,0,18,17,10.0,4.8,33.33333333333333,38.88888888888889,16.666666666666664,11.11111111111111
452,0.36,1,0,15,14,10.0,3.6,6.666666666666667,33.33333333333333,0.0,60.0
453,0.496,1,0,19,18,10.0,4.96,31.57894736842105,0.0,10.526315789473683,57.89473684210527
454,0.576,1,0,18,17,10.0,5.76,16.666666666666664,0.0,38.88888888888889,44.44444444444444
455,0.452,1,0,15,14,10.0,4.52,0.0,33.33333333333333,40.0,26.666666666666668
456,0.328,1,0,15,14,10.0,3.28,0.0,33.33333333333333,6.666666666666667,60.0
457,0.625,1,0,12,11,10.0,6.25,8.333333333333332,50.0,16.666666666666664,25.0
458,0.388,1,0,16,15,10.0,3.88,18.75,37.5,0.0,43.75
459,0.471,1,0,19,18,10.0,4.71,0.0,26.31578947368421,36.84210526315789,36.84210526315789
460,0.512,1,0,13,12,10.0,5.12,7.6923076923076925,7.6923076923076925,69.23076923076923,15.384615384615385
461,0.44,1,0,10,9,10.0,4.4,10.0,10.0,60.0,20.0
462,0.412,1,0,17,16,8.0,4.12,0.0,35.294117647058826,5.88235294117647,58.82352941176471
463,0.316,1,0,12,11,10.0,3.16,16.666666666666664,16.666666666666664,25.0,41.66666666666667
464,0.554,1,0,14,13,10.0,5.54,14.285714285714285,35.714285714285715,42.857142857142854,7.142857142857142
465,0.492,1,0,14,13,10.0,4.92,7.142857142857142,7.142857142857142,42.857142857142854,42.857142857142854
466,0.668,1,0,16,15,10.0,6.68,6.25,50.0,31.25,12.5
467,0.752,1,0,20,19,10.0,7.52,0.0,0.0,50.0,50.0
468,0.516,1,0,20,19,10.0,5.16,0.0,20.0,35.0,45.0
469,0.378,1,0,11,10,10.0,3.78,0.0,9.090909090909092,36.36363636363637,54.54545454545454
470,0.432,1,0,11,10,10.0,4.32,0.0,9.090909090909092,54.54545454545454,36.36363636363637
471,0.425,1,0,13,12,10.0,4.25,7.6923076923076925,61.53846153846154,7.6923076923076925,23.076923076923077
472,0.73,1,0,16,15,10.0,7.3,43.75,0.0,12.5,43.75
473,0.686,1,0,11,10,10.0,6.86,0.0,27.27272727272727,0.0,72.72727272727273
474,0.531,1,0,18,17,10.0,5.31,11.11111111111111,22.22222222222222,33.33333333333333,33.33333333333333
475,0.612,1,0,15,14,10.0,6.12,6.666666666666667,33.33333333333333,40.0,20.0
476,0.55,1,0,12,11,10.0,5.5,25.0,33.33333333333333,8.333333333333332,33.33333333333333
477,0.684,1,0,19,18,10.0,6.84,5.263157894736842,15.789473684210526,10.526315789473683,68.42105263157895
478,0.336,1,0,11,10,10.0,3.36,0.0,45.45454545454545,0.0,54.54545454545454
479,0.446,1,0,17,16,9.0,4.46,23.52941176470588,41.17647058823529,11.76470588235294,23.52941176470588
480,0.356,1,0,18,17,10.0,3.56,5.555555555555555,61.111111111111114,0.0,33.33333333333333
481,0.494,1,0,14,13,8.0,4.94,14.285714285714285,14.285714285714285,7.142857142857142,64.28571428571429
482,0.524,1,0,14,13,10.0,5.24,0.0,0.0,42.857142857142854,57.14285714285714
483,0.572,1,0,14,13,10.0,5.72,7.142857142857142,0.0,21.428571428571427,71.42857142857143
484,0.38,1,0,13,12,10.0,3.8,0.0,30.76923076923077,0.0,69.23076923076923
485,0.54,1,0,11,10,10.0,5.4,18.181818181818183,9.090909090909092,36.36363636363637,36.36363636363637
486,0.513,1,0,11,10,10.0,5.13,0.0,18.181818181818183,18.181818181818183,63.63636363636363
487,0.62,1,0,18,17,10.0,6.2,16.666666666666664,66.66666666666666,0.0,16.666666666666664
488,0.484,1,0,14,13,10.0,4.84,7.142857142857142,21.428571428571427,71.42857142857143,0.0
489,0.528,1,0,14,13,10.0,5.28,7.142857142857142,7.142857142857142,42.857142857142854,42.857142857142854
490,0.4,1,0,12,11,10.0,4.0,8.333333333333332,0.0,33.33333333333333,58.333333333333336
491,0.54,1,0,14,13,10.0,5.4,0.0,7.142857142857142,14.285714285714285,78.57142857142857
492,0.772,1,0,20,19,10.0,7.72,5.0,35.0,30.0,30.0
493,0.542,1,0,12,11,10.0,5.42,25.0,0.0,25.0,50.0
494,0.426,1,0,19,18,10.0,4.26,5.263157894736842,21.052631578947366,0.0,73.68421052631578
495,0.438,1,0,13,12,10.0,4.38,23.076923076923077,7.6923076923076925,23.076923076923077,46.15384615384615
496,0.517,1,0,15,14,10.0,5.17,0.0,20.0,33.33333333333333,46.666666666666664
497,0.68,1,0,14,13,10.0,6.8,7.142857142857142,28.57142857142857,21.428571428571427,42.857142857142854
498,0.4,1,0,10,9,8.0,4.0,20.0,50.0,0.0,30.0
499,0.352,1,0,16,15,10.0,3.52,31.25,6.25,12.5,50.0
500,0.3,1,0,8,7,9.0,3.0,25.0,25.0,25.0,25.0
501,0.478,1,0,11,10,9.0,4.78,9.090909090909092,9.090909090909092,72.72727272727273,9.090909090909092
502,0.432,1,0,10,9,9.0,4.32,10.0,30.0,10.0,50.0
503,0.52,1,0,16,15,10.0,5.2,6.25,0.0,75.0,18.75
504,0.484,1,0,15,14,10.0,4.84,13.333333333333334,0.0,40.0,46.666666666666664
505,0.544,1,0,17,16,10.0,5.44,5.88235294117647,64.70588235294117,17.647058823529413,11.76470588235294
506,0.548,1,0,14,13,10.0,5.48,14.285714285714285,0.0,7.142857142857142,78.57142857142857
507,0.456,1,0,11,10,10.0,4.56,0.0,9.090909090909092,54.54545454545454,36.36363636363637
508,0.724,1,0,22,21,10.0,7.24,13.636363636363635,27.27272727272727,0.0,59.09090909090909
509,0.516,1,0,17,16,10.0,5.16,23.52941176470588,11.76470588235294,23.52941176470588,41.17647058823529
510,0.755,1,0,13,12,10.0,7.55,15.384615384615385,23.076923076923077,15.384615384615385,46.15384615384615
511,0.558,1,0,15,14,10.0,5.58,6.666666666666667,6.666666666666667,26.666666666666668,60.0
512,0.63,1,0,18,17,10.0,6.3,5.555555555555555,55.55555555555556,5.555555555555555,33.33333333333333
513,0.373,1,0,13,12,9.0,3.73,0.0,0.0,30.76923076923077,69.23076923076923
514,0.57,1,0,23,22,10.0,5.7,4.3478260869565215,26.08695652173913,43.47826086956522,26.08695652173913
515,0.63,1,0,15,14,10.0,6.3,6.666666666666667,13.333333333333334,26.666666666666668,53.333333333333336
516,0.712,1,0,20,19,10.0,7.12,10.0,40.0,5.0,45.0
517,0.484,1,0,16,15,9.0,4.84,12.5,6.25,43.75,37.5
518,0.614,1,0,15,14,10.0,6.14,0.0,13.333333333333334,33.33333333333333,53.333333333333336
519,0.5,1,0,13,12,9.0,5.0,7.6923076923076925,0.0,61.53846153846154,30.76923076923077
520,0.705,1,0,13,12,10.0,7.05,7.6923076923076925,61.53846153846154,7.6923076923076925,23.076923076923077
521,0.388,1,0,11,10,8.0,3.88,9.090909090909092,36.36363636363637,45.45454545454545,9.090909090909092
522,0.449,1,0,19,18,10.0,4.49,5.263157894736842,21.052631578947366,52.63157894736842,21.052631578947366
523,0.39,1,0,14,13,9.0,3.9,0.0,64.28571428571429,21.428571428571427,14.285714285714285
524,0.518,1,0,17,16,10.0,5.18,35.294117647058826,5.88235294117647,11.76470588235294,47.05882352941176
525,0.59,1,0,13,12,10.0,5.9,7.6923076923076925,30.76923076923077,23.076923076923077,38.46153846153847
526,0.5,1,0,10,9,10.0,5.0,0.0,40.0,10.0,50.0
527,0.536,1,0,16,15,10.0,5.36,0.0,31.25,18.75,50.0
528,0.508,1,0,15,14,10.0,5.08,0.0,20.0,26.666666666666668,53.333333333333336
529,0.358,1,0,14,13,9.0,3.58,35.714285714285715,14.285714285714285,28.57142857142857,21.428571428571427
530,0.408,1,0,14,13,9.0,4.08,14.285714285714285,0.0,42.857142857142854,42.857142857142854
531,0.425,1,0,14,13,10.0,4.25,64.28571428571429,14.285714285714285,0.0,21.428571428571427
532,0.425,1,0,11,10,10.0,4.25,9.090909090909092,0.0,27.27272727272727,63.63636363636363
533,0.45,1,0,13,12,9.0,4.5,0.0,0.0,0.0,100.0
534,0.518,1,0,14,13,9.0,5.18,0.0,42.857142857142854,0.0,57.14285714285714
535,0.6,1,0,13,12,10.0,6.0,0.0,15.384615384615385,61.53846153846154,23.076923076923077
536,0.69,1,0,12,11,10.0,6.9,8.333333333333332,25.0,0.0,66.66666666666666
537,0.576,1,0,19,18,10.0,5.76,0.0,36.84210526315789,36.84210526315789,26.31578947368421
538,0.464,1,0,15,14,10.0,4.64,0.0,13.333333333333334,46.666666666666664,40.0
539,0.4,1,0,12,11,8.0,4.0,0.0,8.333333333333332,58.333333333333336,33.33333333333333
540,0.575,1,0,11,10,10.0,5.75,36.36363636363637,0.0,36.36363636363637,27.27272727272727
541,0.28,1,0,11,10,9.0,2.8,36.36363636363637,9.090909090909092,27.27272727272727,27.27272727272727
542,0.595,1,0,12,11,10.0,5.95,16.666666666666664,33.33333333333333,16.666666666666664,33.33333333333333
543,0.702,1,0,25,24,10.0,7.02,12.0,36.0,20.0,32.0
544,0.488,1,0,19,18,10.0,4.88,5.263157894736842,47.368421052631575,36.84210526315789,10.526315789473683
545,0.53,1,0,17,16,10.0,5.3,0.0,17.647058823529413,47.05882352941176,35.294117647058826
546,0.675,1,0,16,15,10.0,6.75,37.5,6.25,31.25,25.0
547,0.85,1,0,14,13,10.0,8.5,7.142857142857142,14.285714285714285,28.57142857142857,50.0
548,0.404,1,0,9,8,10.0,4.04,11.11111111111111,0.0,55.55555555555556,33.33333333333333
549,0.5,1,0,13,12,10.0,5.0,0.0,46.15384615384615,38.46153846153847,15.384615384615385
550,0.48,1,0,20,19,10.0,4.8,25.0,40.0,25.0,10.0
551,0.394,1,0,13,12,10.0,3.94,53.84615384615385,0.0,38.46153846153847,7.6923076923076925
552,0.5,1,0,16,15,10.0,5.0,12.5,31.25,0.0,56.25
553,0.362,1,0,9,8,10.0,3.62,11.11111111111111,22.22222222222222,0.0,66.66666666666666
554,0.574,1,0,13,12,10.0,5.74,7.6923076923076925,7.6923076923076925,15.384615384615385,69.23076923076923
555,0.42,1,0,9,8,10.0,4.2,11.11111111111111,11.11111111111111,33.33333333333333,44.44444444444444
556,0.75,1,0,12,11,10.0,7.5,0.0,25.0,25.0,50.0
557,0.618,1,0,22,21,10.0,6.18,22.727272727272727,22.727272727272727,4.545454545454546,50.0
558,0.5,1,0,12,11,10.0,5.0,8.333333333333332,8.333333333333332,16.666666666666664,66.66666666666666
559,0.374,1,0,14,13,8.0,3.74,0.0,21.428571428571427,28.57142857142857,50.0
560,0.58,1,0,17,16,10.0,5.8,5.88235294117647,11.76470588235294,47.05882352941176,35.294117647058826
561,0.4,1,0,9,8,8.0,4.0,22.22222222222222,55.55555555555556,11.11111111111111,11.11111111111111
562,0.684,1,0,22,21,10.0,6.84,4.545454545454546,13.636363636363635,45.45454545454545,36.36363636363637
563,0.449,1,0,14,13,10.0,4.49,0.0,14.285714285714285,28.57142857142857,57.14285714285714
564,0.55,1,0,19,18,10.0,5.5,15.789473684210526,42.10526315789473,0.0,42.10526315789473
565,0.396,1,0,15,14,10.0,3.96,0.0,33.33333333333333,13.333333333333334,53.333333333333336
566,0.514,1,0,12,11,8.0,5.14,8.333333333333332,8.333333333333332,0.0,83.33333333333334
567,0.345,1,0,9,8,9.0,3.45,22.22222222222222,33.33333333333333,11.11111111111111,33.33333333333333
568,0.584,1,0,18,17,10.0,5.84,5.555555555555555,5.555555555555555,61.111111111111114,27.77777777777778
569,0.7,1,0,16,15,10.0,7.0,6.25,0.0,31.25,62.5
570,0.392,1,0,13,12,10.0,3.92,7.6923076923076925,38.46153846153847,30.76923076923077,23.076923076923077
571,0.416,1,0,14,13,10.0,4.16,14.285714285714285,35.714285714285715,21.428571428571427,28.57142857142857
572,0.456,1,0,16,15,9.0,4.56,12.5,18.75,18.75,50.0
573,0.472,1,0,15,14,10.0,4.72,0.0,46.666666666666664,0.0,53.333333333333336
574,0.568,1,0,20,19,10.0,5.68,20.0,50.0,10.0,20.0
575,0.44,1,0,11,10,10.0,4.4,18.181818181818183,9.090909090909092,63.63636363636363,9.090909090909092
576,0.264,1,0,7,6,7.0,2.64,14.285714285714285,42.857142857142854,14.285714285714285,28.57142857142857
577,0.44,1,0,15,14,10.0,4.4,6.666666666666667,33.33333333333333,0.0,60.0
578,0.57,1,0,16,15,10.0,5.7,37.5,0.0,37.5,25.0
579,0.347,1,0,15,14,10.0,3.47,13.333333333333334,46.666666666666664,20.0,20.0
580,0.503,1,0,15,14,10.0,5.03,0.0,13.333333333333334,13.333333333333334,73.33333333333333
581,0.74,1,0,18,17,10.0,7.4,0.0,22.22222222222222,38.88888888888889,38.88888888888889
582,0.485,1,0,10,9,9.0,4.85,10.0,10.0,20.0,60.0
583,0.641,1,0,17,16,8.0,6.41,0.0,23.52941176470588,11.76470588235294,64.70588235294117
584,0.512,1,0,17,16,10.0,5.12,5.88235294117647,47.05882352941176,0.0,47.05882352941176
585,0.78,1,0,13,12,10.0,7.8,30.76923076923077,23.076923076923077,23.076923076923077,23.076923076923077
586,0.636,1,0,17,16,10.0,6.36,17.647058823529413,5.88235294117647,17.647058823529413,58.82352941176471
587,0.527,1,0,16,15,10.0,5.27,25.0,12.5,6.25,56.25
588,0.665,1,0,9,8,10.0,6.65,11.11111111111111,11.11111111111111,11.11111111111111,66.66666666666666
589,0.59,1,0,16,15,10.0,5.9,0.0,0.0,0.0,100.0
590,0.614,1,0,15,14,10.0,6.14,13.333333333333334,20.0,13.333333333333334,53.333333333333336
591,0.428,1,0,14,13,10.0,4.28,14.285714285714285,57.14285714285714,7.142857142857142,21.428571428571427
592,0.41,1,0,13,12,10.0,4.1,38.46153846153847,30.76923076923077,23.076923076923077,7.6923076923076925
593,0.424,1,0,19,18,10.0,4.24,63.1578947368421,0.0,10.526315789473683,26.31578947368421
594,0.428,1,0,15,14,9.0,4.28,13.333333333333334,6.666666666666667,46.666666666666664,33.33333333333333
595,0.868,1,0,15,14,10.0,8.68,13.333333333333334,20.0,26.666666666666668,40.0
596,0.607,1,0,15,14,10.0,6.07,0.0,46.666666666666664,13.333333333333334,40.0
597,0.508,1,0,14,13,10.0,5.08,14.285714285714285,64.28571428571429,0.0,21.428571428571427
598,0.605,1,0,12,11,10.0,6.05,16.666666666666664,0.0,41.66666666666667,41.66666666666667
599,0.81,1,0,14,13,10.0,8.1,0.0,28.57142857142857,28.57142857142857,42.857142857142854
600,0.584,1,0,22,21,10.0,5.84,18.181818181818183,0.0,45.45454545454545,36.36363636363637
601,0.26,1,0,11,10,10.0,2.6,18.181818181818183,0.0,18.181818181818183,63.63636363636363
602,0.57,1,0,16,15,10.0,5.7,0.0,25.0,0.0,75.0
603,0.474,1,0,12,11,10.0,4.74,0.0,50.0,33.33333333333333,16.666666666666664
604,0.684,1,0,26,25,10.0,6.84,7.6923076923076925,3.8461538461538463,80.76923076923077,7.6923076923076925
605,0.43,1,0,13,12,10.0,4.3,0.0,53.84615384615385,0.0,46.15384615384615
606,0.505,1,0,16,15,10.0,5.05,18.75,37.5,18.75,25.0
607,0.648,1,0,15,14,10.0,6.48,0.0,26.666666666666668,33.33333333333333,40.0
608,0.37,1,0,10,9,9.0,3.7,30.0,0.0,40.0,30.0
609,0.427,1,0,10,9,8.0,4.27,10.0,70.0,10.0,10.0
610,0.364,1,0,19,18,10.0,3.64,0.0,0.0,5.263157894736842,94.73684210526315
611,0.56,1,0,15,14,10.0,5.6,26.666666666666668,0.0,20.0,53.333333333333336
612,0.424,1,0,19,18,10.0,4.24,0.0,26.31578947368421,0.0,73.68421052631578
613,0.51,1,0,15,14,10.0,5.1,0.0,6.666666666666667,20.0,73.33333333333333
614,0.514,1,0,16,15,10.0,5.14,6.25,50.0,18.75,25.0
615,0.3,1,0,9,8,9.0,3.0,11.11111111111111,33.33333333333333,11.11111111111111,44.44444444444444
616,0.64,1,0,14,13,10.0,6.4,7.142857142857142,14.285714285714285,35.714285714285715,42.857142857142854
617,0.7,1,0,12,11,10.0,7.0,16.666666666666664,0.0,41.66666666666667,41.66666666666667
618,0.285,1,0,7,6,10.0,2.85,28.57142857142857,42.857142857142854,0.0,28.57142857142857
619,0.875,1,0,12,11,10.0,8.75,0.0,33.33333333333333,33.33333333333333,33.33333333333333
620,0.615,1,0,13,12,10.0,6.15,15.384615384615385,38.46153846153847,38.46153846153847,7.6923076923076925
621,0.705,1,0,12,11,10.0,7.05,0.0,41.66666666666667,8.333333333333332,50.0
622,0.55,1,0,15,14,10.0,5.5,20.0,33.33333333333333,6.666666666666667,40.0
623,0.512,1,0,14,13,10.0,5.12,0.0,7.142857142857142,14.285714285714285,78.57142857142857
624,0.64,1,0,13,12,10.0,6.4,0.0,7.6923076923076925,30.76923076923077,61.53846153846154
625,0.544,1,0,15,14,10.0,5.44,0.0,0.0,53.333333333333336,46.666666666666664
626,0.516,1,0,15,14,10.0,5.16,6.666666666666667,13.333333333333334,46.666666666666664,33.33333333333333
627,0.555,1,0,17,16,10.0,5.55,5.88235294117647,5.88235294117647,17.647058823529413,70.58823529411765
628,0.49,1,0,17,16,10.0,4.9,0.0,41.17647058823529,5.88235294117647,52.94117647058824
629,0.592,1,0,17,16,10.0,5.92,0.0,52.94117647058824,0.0,47.05882352941176
630,0.648,1,0,18,17,10.0,6.48,11.11111111111111,16.666666666666664,66.66666666666666,5.555555555555555
631,0.584,1,0,18,17,10.0,5.84,5.555555555555555,11.11111111111111,38.88888888888889,44.44444444444444
632,0.627,1,0,16,15,10.0,6.27,6.25,18.75,50.0,25.0
633,0.544,1,0,16,15,10.0,5.44,6.25,43.75,25.0,25.0
634,0.476,1,0,15,14,10.0,4.76,20.0,26.666666666666668,33.33333333333333,20.0
635,0.436,1,0,14,13,9.0,4.36,0.0,0.0,50.0,50.0
636,0.364,1,0,12,11,9.0,3.64,0.0,16.666666666666664,25.0,58.333333333333336
637,0.5,1,0,10,9,10.0,5.0,0.0,0.0,80.0,20.0
638,0.4,1,0,11,10,8.0,4.0,0.0,72.72727272727273,9.090909090909092,18.181818181818183
639,0.6,1,0,17,16,10.0,6.0,17.647058823529413,29.411764705882355,23.52941176470588,29.411764705882355
640,0.552,1,0,17,16,10.0,5.52,0.0,11.76470588235294,52.94117647058824,35.294117647058826
641,0.475,1,0,13,12,10.0,4.75,53.84615384615385,0.0,15.384615384615385,30.76923076923077
642,0.468,1,0,15,14,10.0,4.68,20.0,66.66666666666666,0.0,13.333333333333334
643,0.564,1,0,22,21,10.0,5.64,0.0,36.36363636363637,22.727272727272727,40.909090909090914
644,0.375,1,0,14,13,10.0,3.75,28.57142857142857,7.142857142857142,42.857142857142854,21.428571428571427
645,0.352,1,0,11,10,9.0,3.52,27.27272727272727,9.090909090909092,27.27272727272727,36.36363636363637
646,0.352,1,0,11,10,10.0,3.52,63.63636363636363,9.090909090909092,18.181818181818183,9.090909090909092
647,0.63,1,0,17,16,10.0,6.3,5.88235294117647,35.294117647058826,11.76470588235294,47.05882352941176
648,0.434,1,0,18,17,10.0,4.34,0.0,55.55555555555556,33.33333333333333,11.11111111111111
649,0.245,1,0,7,6,9.0,2.45,57.14285714285714,14.285714285714285,0.0,28.57142857142857
650,0.396,1,0,11,10,10.0,3.96,9.090909090909092,54.54545454545454,18.181818181818183,18.181818181818183
651,0.48,1,0,15,14,10.0,4.8,0.0,33.33333333333333,33.33333333333333,33.33333333333333
652,0.604,1,0,16,15,10.0,6.04,6.25,6.25,37.5,50.0
653,0.488,1,0,19,18,10.0,4.88,5.263157894736842,26.31578947368421,31.57894736842105,36.84210526315789
654,0.504,1,0,15,14,10.0,5.04,0.0,33.33333333333333,46.666666666666664,20.0
655,0.648,1,0,17,16,10.0,6.48,23.52941176470588,29.411764705882355,0.0,47.05882352941176
656,0.526,1,0,13,12,10.0,5.26,30.76923076923077,0.0,0.0,69.23076923076923
657,0.35,1,0,12,11,9.0,3.5,8.333333333333332,33.33333333333333,41.66666666666667,16.666666666666664
658,0.692,1,0,15,14,10.0,6.92,0.0,6.666666666666667,73.33333333333333,20.0
659,0.736,1,0,22,21,10.0,7.36,0.0,36.36363636363637,4.545454545454546,59.09090909090909
660,0.479,1,0,15,14,10.0,4.79,26.666666666666668,40.0,6.666666666666667,26.666666666666668
661,0.492,1,0,15,14,9.0,4.92,0.0,20.0,26.666666666666668,53.333333333333336
662,0.456,1,0,17,16,10.0,4.56,0.0,23.52941176470588,0.0,76.47058823529412
663,0.518,1,0,13,12,10.0,5.18,15.384615384615385,38.46153846153847,38.46153846153847,7.6923076923076925
664,0.464,1,0,16,15,10.0,4.64,0.0,62.5,0.0,37.5
665,0.3,1,0,12,11,9.0,3.0,0.0,0.0,83.33333333333334,16.666666666666664
666,0.51,1,0,13,12,10.0,5.1,15.384615384615385,61.53846153846154,7.6923076923076925,15.384615384615385
667,0.43,1,0,10,9,9.0,4.3,50.0,20.0,20.0,10.0
668,0.516,1,0,22,21,10.0,5.16,0.0,18.181818181818183,36.36363636363637,45.45454545454545
669,0.9,1,0,14,13,10.0,9.0,7.142857142857142,42.857142857142854,7.142857142857142,42.857142857142854
670,0.362,1,0,9,8,10.0,3.62,0.0,11.11111111111111,66.66666666666666,22.22222222222222
671,0.84,1,0,14,13,10.0,8.4,0.0,0.0,57.14285714285714,42.857142857142854
672,0.625,1,0,15,14,10.0,6.25,33.33333333333333,0.0,46.666666666666664,20.0
673,0.88,1,0,15,14,10.0,8.8,6.666666666666667,40.0,13.333333333333334,40.0
674,0.3,1,0,14,13,10.0,3.0,28.57142857142857,35.714285714285715,21.428571428571427,14.285714285714285
675,0.642,1,0,19,18,10.0,6.42,5.263157894736842,47.368421052631575,15.789473684210526,31.57894736842105
676,0.612,1,0,20,19,10.0,6.12,40.0,5.0,20.0,35.0
677,0.443,1,0,13,12,10.0,4.43,0.0,7.6923076923076925,69.23076923076923,23.076923076923077
678,0.402,1,0,14,13,10.0,4.02,0.0,0.0,7.142857142857142,92.85714285714286
679,0.6,1,0,23,22,10.0,6.0,4.3478260869565215,21.73913043478261,47.82608695652174,26.08695652173913
680,0.472,1,0,12,11,10.0,4.72,16.666666666666664,58.333333333333336,16.666666666666664,8.333333333333332
681,0.747,1,0,21,20,10.0,7.47,4.761904761904762,23.809523809523807,42.857142857142854,28.57142857142857
682,0.538,1,0,17,16,10.0,5.38,0.0,23.52941176470588,64.70588235294117,11.76470588235294
683,0.6,1,0,18,17,10.0,6.0,5.555555555555555,66.66666666666666,11.11111111111111,16.666666666666664
684,0.496,1,0,22,21,10.0,4.96,0.0,31.818181818181817,45.45454545454545,22.727272727272727
685,0.76,1,0,14,13,10.0,7.6,7.142857142857142,21.428571428571427,7.142857142857142,64.28571428571429
686,0.766,1,0,25,24,10.0,7.66,12.0,20.0,48.0,20.0
687,0.308,1,0,11,10,10.0,3.08,0.0,18.181818181818183,63.63636363636363,18.181818181818183
688,0.728,1,0,24,23,10.0,7.28,0.0,0.0,54.166666666666664,45.83333333333333
689,0.455,1,0,9,8,8.0,4.55,0.0,33.33333333333333,0.0,66.66666666666666
690,0.552,1,0,19,18,10.0,5.52,0.0,26.31578947368421,26.31578947368421,47.368421052631575
691,0.476,1,0,11,10,10.0,4.76,18.181818181818183,9.090909090909092,45.45454545454545,27.27272727272727
692,0.633,1,0,18,17,10.0,6.33,11.11111111111111,55.55555555555556,16.666666666666664,16.666666666666664
693,0.61,1,0,19,18,10.0,6.1,26.31578947368421,0.0,57.89473684210527,15.789473684210526
694,0.611,1,0,12,11,10.0,6.11,0.0,0.0,66.66666666666666,33.33333333333333
695,0.63,1,0,21,20,10.0,6.3,9.523809523809524,0.0,57.14285714285714,33.33333333333333
696,0.72,1,0,15,14,10.0,7.2,13.333333333333334,6.666666666666667,46.666666666666664,33.33333333333333
697,0.37,1,0,14,13,9.0,3.7,14.285714285714285,21.428571428571427,14.285714285714285,50.0
698,0.58,1,0,27,26,10.0,5.8,14.814814814814813,55.55555555555556,18.51851851851852,11.11111111111111
699,0.54,1,0,19,18,10.0,5.4,0.0,5.263157894736842,68.42105263157895,26.31578947368421
700,0.55,1,0,11,10,10.0,5.5,0.0,36.36363636363637,36.36363636363637,27.27272727272727
701,0.564,1,0,16,15,10.0,5.64,0.0,12.5,18.75,68.75
702,0.606,1,0,15,14,10.0,6.06,20.0,40.0,0.0,40.0
703,0.2,1,0,11,10,10.0,2.0,9.090909090909092,0.0,0.0,90.9090909090909
704,0.558,1,0,16,15,10.0,5.58,43.75,6.25,50.0,0.0
705,0.616,1,0,18,17,10.0,6.16,33.33333333333333,11.11111111111111,33.33333333333333,22.22222222222222
706,0.5,1,0,19,18,10.0,5.0,36.84210526315789,15.789473684210526,21.052631578947366,26.31578947368421
707,0.62,1,0,16,15,10.0,6.2,0.0,12.5,18.75,68.75
708,0.544,1,0,20,19,10.0,5.44,0.0,30.0,15.0,55.00000000000001
709,0.554,1,0,15,14,10.0,5.54,0.0,0.0,60.0,40.0
710,0.61,1,0,13,12,10.0,6.1,38.46153846153847,0.0,46.15384615384615,15.384615384615385
711,0.546,1,0,16,15,10.0,5.46,18.75,0.0,6.25,75.0
712,0.508,1,0,15,14,10.0,5.08,0.0,0.0,33.33333333333333,66.66666666666666
713,0.785,1,0,16,15,10.0,7.85,6.25,6.25,56.25,31.25
714,0.451,1,0,13,12,10.0,4.51,15.384615384615385,0.0,69.23076923076923,15.384615384615385
715,0.76,1,0,28,27,10.0,7.6,3.571428571428571,7.142857142857142,39.285714285714285,50.0
716,0.515,1,0,10,9,10.0,5.15,0.0,10.0,60.0,30.0
717,0.44,1,0,17,16,10.0,4.4,47.05882352941176,11.76470588235294,0.0,41.17647058823529
718,0.37,1,0,14,13,10.0,3.7,0.0,0.0,21.428571428571427,78.57142857142857
719,0.612,1,0,18,17,10.0,6.12,5.555555555555555,0.0,27.77777777777778,66.66666666666666
720,0.645,1,0,13,12,10.0,6.45,7.6923076923076925,38.46153846153847,38.46153846153847,15.384615384615385
721,0.83,1,0,14,13,10.0,8.3,7.142857142857142,0.0,28.57142857142857,64.28571428571429
722,0.376,1,0,18,17,10.0,3.76,55.55555555555556,27.77777777777778,0.0,16.666666666666664
723,0.58,1,0,11,10,8.0,5.8,0.0,54.54545454545454,36.36363636363637,9.090909090909092
724,0.773,1,0,18,17,10.0,7.73,0.0,66.66666666666666,11.11111111111111,22.22222222222222
725,0.366,1,0,11,10,10.0,3.66,18.181818181818183,72.72727272727273,0.0,9.090909090909092
726,0.476,1,0,14,13,10.0,4.76,21.428571428571427,42.857142857142854,21.428571428571427,14.285714285714285
727,0.527,1,0,11,10,10.0,5.27,18.181818181818183,54.54545454545454,9.090909090909092,18.181818181818183
728,0.472,1,0,14,13,10.0,4.72,0.0,28.57142857142857,14.285714285714285,57.14285714285714
729,0.536,1,0,18,17,9.0,5.36,11.11111111111111,11.11111111111111,0.0,77.77777777777779
730,0.496,1,0,15,14,10.0,4.96,6.666666666666667,13.333333333333334,46.666666666666664,33.33333333333333
731,0.616,1,0,22,21,10.0,6.16,18.181818181818183,0.0,13.636363636363635,68.18181818181817
732,0.6,1,0,25,24,10.0,6.0,16.0,32.0,24.0,28.000000000000004
733,0.427,1,0,13,12,9.0,4.27,15.384615384615385,15.384615384615385,53.84615384615385,15.384615384615385
734,0.58,1,0,19,18,10.0,5.8,21.052631578947366,36.84210526315789,31.57894736842105,10.526315789473683
735,0.6,1,0,17,16,10.0,6.0,11.76470588235294,17.647058823529413,41.17647058823529,29.411764705882355
736,0.618,1,0,25,24,10.0,6.18,8.0,28.000000000000004,20.0,44.0
737,0.588,1,0,17,16,10.0,5.88,0.0,11.76470588235294,0.0,88.23529411764706
738,0.445,1,0,11,10,8.0,4.45,9.090909090909092,54.54545454545454,9.090909090909092,27.27272727272727
739,0.71,1,0,14,13,10.0,7.1,7.142857142857142,21.428571428571427,21.428571428571427,50.0
740,0.564,1,0,17,16,10.0,5.64,17.647058823529413,5.88235294117647,29.411764705882355,47.05882352941176
741,0.506,1,0,11,10,10.0,5.06,18.181818181818183,0.0,27.27272727272727,54.54545454545454
742,0.655,1,0,19,18,10.0,6.55,5.263157894736842,36.84210526315789,15.789473684210526,42.10526315789473
743,0.38,1,0,15,14,10.0,3.8,26.666666666666668,6.666666666666667,20.0,46.666666666666664
744,0.468,1,0,12,11,10.0,4.68,0.0,8.333333333333332,25.0,66.66666666666666
745,0.4,1,0,11,10,10.0,4.0,18.181818181818183,9.090909090909092,54.54545454545454,18.181818181818183
746,0.44,1,0,11,10,9.0,4.4,9.090909090909092,9.090909090909092,18.181818181818183,63.63636363636363
747,0.55,1,0,14,13,10.0,5.5,0.0,35.714285714285715,28.57142857142857,35.714285714285715
748,0.53,1,0,20,19,10.0,5.3,25.0,35.0,5.0,35.0
749,0.472,1,0,19,18,10.0,4.72,57.89473684210527,0.0,31.57894736842105,10.526315789473683
750,0.615,1,0,13,12,10.0,6.15,15.384615384615385,7.6923076923076925,30.76923076923077,46.15384615384615
751,0.222,1,0,9,8,10.0,2.22,44.44444444444444,22.22222222222222,0.0,33.33333333333333
752,0.5,1,0,10,9,10.0,5.0,0.0,10.0,50.0,40.0
753,0.695,1,0,12,11,10.0,6.95,0.0,8.333333333333332,50.0,41.66666666666667
754,0.58,1,0,14,13,10.0,5.8,7.142857142857142,0.0,71.42857142857143,21.428571428571427
755,0.44,1,0,18,17,10.0,4.4,38.88888888888889,0.0,38.88888888888889,22.22222222222222
756,0.76,1,0,13,12,10.0,7.6,15.384615384615385,0.0,23.076923076923077,61.53846153846154
757,0.62,1,0,15,14,10.0,6.2,0.0,33.33333333333333,53.333333333333336,13.333333333333334
758,0.5,1,0,10,9,10.0,5.0,0.0,10.0,50.0,40.0
759,0.502,1,0,24,23,10.0,5.02,4.166666666666666,16.666666666666664,29.166666666666668,50.0
760,0.336,1,0,8,7,8.0,3.36,37.5,12.5,25.0,25.0
761,0.518,1,0,15,14,10.0,5.18,13.333333333333334,20.0,46.666666666666664,20.0
762,0.266,1,0,12,11,9.0,2.66,0.0,41.66666666666667,8.333333333333332,50.0
763,0.562,1,0,20,19,10.0,5.62,25.0,50.0,10.0,15.0
764,0.451,1,0,13,12,10.0,4.51,38.46153846153847,7.6923076923076925,15.384615384615385,38.46153846153847
765,0.49,1,0,15,14,10.0,4.9,26.666666666666668,40.0,20.0,13.333333333333334
766,0.572,1,0,14,13,10.0,5.72,35.714285714285715,0.0,57.14285714285714,7.142857142857142
767,0.324,1,0,9,8,10.0,3.24,22.22222222222222,44.44444444444444,11.11111111111111,22.22222222222222
768,0.544,1,0,16,15,10.0,5.44,12.5,50.0,25.0,12.5
769,0.77,1,0,15,14,10.0,7.7,0.0,40.0,33.33333333333333,26.666666666666668
770,0.484,1,0,11,10,10.0,4.84,9.090909090909092,9.090909090909092,63.63636363636363,18.181818181818183
771,0.42,1,0,12,11,9.0,4.2,16.666666666666664,16.666666666666664,25.0,41.66666666666667
772,0.62,1,0,13,12,10.0,6.2,23.076923076923077,23.076923076923077,46.15384615384615,7.6923076923076925
773,0.7,1,0,16,15,10.0,7.0,0.0,6.25,56.25,37.5
774,0.36,1,0,9,8,9.0,3.6,0.0,44.44444444444444,44.44444444444444,11.11111111111111
775,0.606,1,0,14,13,10.0,6.06,14.285714285714285,28.57142857142857,42.857142857142854,14.285714285714285
776,0.532,1,0,17,16,10.0,5.32,0.0,29.411764705882355,41.17647058823529,29.411764705882355
777,0.516,1,0,19,18,10.0,5.16,15.789473684210526,47.368421052631575,26.31578947368421,10.526315789473683
778,0.51,1,0,20,19,10.0,5.1,20.0,35.0,20.0,25.0
779,0.44,1,0,15,14,10.0,4.4,0.0,13.333333333333334,26.666666666666668,60.0
780,0.469,1,0,17,16,10.0,4.69,5.88235294117647,0.0,41.17647058823529,52.94117647058824
781,0.2,1,0,10,9,8.0,2.0,20.0,30.0,0.0,50.0
782,0.36,1,0,13,12,10.0,3.6,30.76923076923077,0.0,7.6923076923076925,61.53846153846154
783,0.508,1,0,16,15,9.0,5.08,0.0,0.0,56.25,43.75
784,0.302,1,0,8,7,10.0,3.02,12.5,0.0,25.0,62.5
785,0.631,1,0,14,13,10.0,6.31,28.57142857142857,35.714285714285715,21.428571428571427,14.285714285714285
786,0.616,1,0,17,16,10.0,6.16,5.88235294117647,23.52941176470588,35.294117647058826,35.294117647058826
787,0.519,1,0,12,11,10.0,5.19,0.0,0.0,91.66666666666666,8.333333333333332
788,0.498,1,0,15,14,10.0,4.98,6.666666666666667,0.0,26.666666666666668,66.66666666666666
789,0.765,1,0,21,20,10.0,7.65,28.57142857142857,19.047619047619047,4.761904761904762,47.61904761904761
790,0.26,1,0,12,11,8.0,2.6,41.66666666666667,0.0,0.0,58.333333333333336
791,0.73,1,0,12,11,10.0,7.3,16.666666666666664,8.333333333333332,41.66666666666667,33.33333333333333
792,0.523,1,0,19,18,10.0,5.23,15.789473684210526,0.0,42.10526315789473,42.10526315789473
793,0.368,1,0,15,14,10.0,3.68,33.33333333333333,13.333333333333334,6.666666666666667,46.666666666666664
794,0.562,1,0,17,16,10.0,5.62,0.0,35.294117647058826,17.647058823529413,47.05882352941176
795,0.392,1,0,13,12,10.0,3.92,0.0,46.15384615384615,23.076923076923077,30.76923076923077
796,0.592,1,0,20,19,10.0,5.92,15.0,5.0,20.0,60.0
797,0.592,1,0,20,19,10.0,5.92,30.0,15.0,40.0,15.0
798,0.388,1,0,12,11,10.0,3.88,75.0,8.333333333333332,0.0,16.666666666666664
799,0.444,1,0,14,13,10.0,4.44,21.428571428571427,0.0,14.285714285714285,64.28571428571429
800,0.512,1,0,17,16,10.0,5.12,47.05882352941176,17.647058823529413,5.88235294117647,29.411764705882355
801,0.58,1,0,12,11,10.0,5.8,8.333333333333332,8.333333333333332,58.333333333333336,25.0
802,0.51,1,0,20,19,10.0,5.1,10.0,10.0,55.00000000000001,25.0
803,0.6,1,0,23,22,10.0,6.0,0.0,52.17391304347826,30.434782608695656,17.391304347826086
804,0.529,1,0,16,15,9.0,5.29,31.25,25.0,18.75,25.0
805,0.605,1,0,12,11,10.0,6.05,41.66666666666667,0.0,25.0,33.33333333333333
806,0.391,1,0,15,14,10.0,3.91,13.333333333333334,46.666666666666664,6.666666666666667,33.33333333333333
807,0.56,1,0,11,10,10.0,5.6,0.0,0.0,45.45454545454545,54.54545454545454
808,0.564,1,0,14,13,10.0,5.64,7.142857142857142,14.285714285714285,57.14285714285714,21.428571428571427
809,0.44,1,0,13,12,10.0,4.4,38.46153846153847,7.6923076923076925,30.76923076923077,23.076923076923077
810,0.628,1,0,21,20,10.0,6.28,28.57142857142857,14.285714285714285,23.809523809523807,33.33333333333333
811,0.432,1,0,12,11,10.0,4.32,0.0,16.666666666666664,16.666666666666664,66.66666666666666
812,0.517,1,0,15,14,10.0,5.17,20.0,26.666666666666668,40.0,13.333333333333334
813,0.3,1,0,9,8,8.0,3.0,11.11111111111111,0.0,66.66666666666666,22.22222222222222
814,0.514,1,0,10,9,10.0,5.14,0.0,40.0,10.0,50.0
815,0.79,1,0,15,14,10.0,7.9,13.333333333333334,26.666666666666668,33.33333333333333,26.666666666666668
816,0.81,1,0,14,13,10.0,8.1,0.0,42.857142857142854,35.714285714285715,21.428571428571427
817,0.31,1,0,13,12,9.0,3.1,0.0,0.0,15.384615384615385,84.61538461538461
818,0.63,1,0,12,11,10.0,6.3,0.0,58.333333333333336,16.666666666666664,25.0
819,0.369,1,0,12,11,10.0,3.69,0.0,33.33333333333333,16.666666666666664,50.0
820,0.32,1,0,12,11,10.0,3.2,25.0,0.0,41.66666666666667,33.33333333333333
821,0.43,1,0,11,10,10.0,4.3,9.090909090909092,0.0,27.27272727272727,63.63636363636363
822,0.43,1,0,15,14,9.0,4.3,6.666666666666667,0.0,33.33333333333333,60.0
823,0.39,1,0,13,12,10.0,3.9,30.76923076923077,0.0,38.46153846153847,30.76923076923077
824,0.69,1,0,13,12,10.0,6.9,7.6923076923076925,23.076923076923077,7.6923076923076925,61.53846153846154
825,0.44,1,0,12,11,10.0,4.4,0.0,41.66666666666667,58.333333333333336,0.0
826,0.474,1,0,13,12,9.0,4.74,7.6923076923076925,38.46153846153847,23.076923076923077,30.76923076923077
827,0.516,1,0,16,15,8.0,5.16,12.5,12.5,43.75,31.25
828,0.618,1,0,15,14,10.0,6.18,0.0,73.33333333333333,6.666666666666667,20.0
829,0.5,1,0,9,8,10.0,5.0,22.22222222222222,33.33333333333333,33.33333333333333,11.11111111111111
830,0.565,1,0,12,11,10.0,5.65,41.66666666666667,8.333333333333332,41.66666666666667,8.333333333333332
831,0.504,1,0,16,15,10.0,5.04,6.25,0.0,25.0,68.75
832,0.508,1,0,17,16,10.0,5.08,17.647058823529413,35.294117647058826,35.294117647058826,11.76470588235294
833,0.592,1,0,14,13,10.0,5.92,0.0,57.14285714285714,21.428571428571427,21.428571428571427
834,0.43,1,0,13,12,10.0,4.3,38.46153846153847,0.0,15.384615384615385,46.15384615384615
835,0.4,1,0,11,10,9.0,4.0,9.090909090909092,0.0,9.090909090909092,81.81818181818183
836,0.364,1,0,12,11,8.0,3.64,33.33333333333333,0.0,0.0,66.66666666666666
837,0.85,1,0,12,11,10.0,8.5,0.0,33.33333333333333,50.0,16.666666666666664
838,0.334,1,0,9,8,10.0,3.34,11.11111111111111,11.11111111111111,11.11111111111111,66.66666666666666
839,0.5,1,0,9,8,10.0,5.0,11.11111111111111,0.0,44.44444444444444,44.44444444444444
840,0.678,1,0,28,27,10.0,6.78,10.714285714285714,14.285714285714285,50.0,25.0
841,0.438,1,0,17,16,10.0,4.38,23.52941176470588,5.88235294117647,11.76470588235294,58.82352941176471
842,0.476,1,0,14,13,10.0,4.76,0.0,0.0,28.57142857142857,71.42857142857143
843,0.422,1,0,13,12,10.0,4.22,15.384615384615385,7.6923076923076925,0.0,76.92307692307693
844,0.4,1,0,9,8,8.0,4.0,0.0,33.33333333333333,0.0,66.66666666666666
845,0.64,1,0,18,17,10.0,6.4,5.555555555555555,0.0,77.77777777777779,16.666666666666664
846,0.318,1,0,10,9,8.0,3.18,30.0,0.0,20.0,50.0
847,0.392,1,0,14,13,10.0,3.92,0.0,0.0,0.0,100.0
848,0.406,1,0,17,16,10.0,4.06,5.88235294117647,47.05882352941176,17.647058823529413,29.411764705882355
849,0.528,1,0,14,13,10.0,5.28,0.0,35.714285714285715,28.57142857142857,35.714285714285715
850,0.289,1,0,9,8,10.0,2.89,22.22222222222222,11.11111111111111,44.44444444444444,22.22222222222222
851,0.644,1,0,15,14,10.0,6.44,6.666666666666667,0.0,26.666666666666668,66.66666666666666
852,0.76,1,0,20,19,10.0,7.6,0.0,0.0,35.0,65.0
853,0.622,1,0,18,17,10.0,6.22,0.0,0.0,38.88888888888889,61.111111111111114
854,0.605,1,0,17,16,10.0,6.05,5.88235294117647,0.0,17.647058823529413,76.47058823529412
855,0.73,1,0,17,16,10.0,7.3,23.52941176470588,52.94117647058824,11.76470588235294,11.76470588235294
856,0.59,1,0,18,17,10.0,5.9,27.77777777777778,0.0,61.111111111111114,11.11111111111111
857,0.67,1,0,21,20,10.0,6.7,4.761904761904762,47.61904761904761,4.761904761904762,42.857142857142854
858,0.494,1,0,19,18,10.0,4.94,21.052631578947366,42.10526315789473,15.789473684210526,21.052631578947366
859,0.76,1,0,14,13,10.0,7.6,21.428571428571427,57.14285714285714,14.285714285714285,7.142857142857142
860,0.535,1,0,18,17,10.0,5.35,11.11111111111111,5.555555555555555,61.111111111111114,22.22222222222222
861,0.246,1,0,8,7,10.0,2.46,12.5,0.0,75.0,12.5
862,0.664,1,0,16,15,10.0,6.64,0.0,12.5,62.5,25.0
863,0.51,1,0,12,11,10.0,5.1,25.0,8.333333333333332,41.66666666666667,25.0
864,0.79,1,0,16,15,10.0,7.9,0.0,25.0,6.25,68.75
865,0.547,1,0,16,15,10.0,5.47,0.0,18.75,31.25,50.0
866,0.482,1,0,14,13,10.0,4.82,7.142857142857142,42.857142857142854,28.57142857142857,21.428571428571427
867,0.403,1,0,12,11,10.0,4.03,8.333333333333332,8.333333333333332,16.666666666666664,66.66666666666666
868,0.88,1,0,16,15,10.0,8.8,6.25,31.25,31.25,31.25
869,0.67,1,0,13,12,10.0,6.7,7.6923076923076925,0.0,53.84615384615385,38.46153846153847
870,0.293,1,0,9,8,10.0,2.93,44.44444444444444,22.22222222222222,22.22222222222222,11.11111111111111
871,0.5,1,0,13,12,10.0,5.0,30.76923076923077,7.6923076923076925,30.76923076923077,30.76923076923077
872,0.474,1,0,14,13,10.0,4.74,14.285714285714285,28.57142857142857,14.285714285714285,42.857142857142854
873,0.52,1,0,14,13,9.0,5.2,0.0,14.285714285714285,42.857142857142854,42.857142857142854
874,0.322,1,0,11,10,10.0,3.22,36.36363636363637,18.181818181818183,18.181818181818183,27.27272727272727
875,0.64,1,0,15,14,10.0,6.4,26.666666666666668,13.333333333333334,20.0,40.0
876,0.55,1,0,11,10,10.0,5.5,9.090909090909092,45.45454545454545,18.181818181818183,27.27272727272727
877,0.5,1,0,10,9,10.0,5.0,10.0,20.0,60.0,10.0
878,0.472,1,0,11,10,10.0,4.72,0.0,9.090909090909092,27.27272727272727,63.63636363636363
879,0.62,1,0,17,16,10.0,6.2,0.0,29.411764705882355,64.70588235294117,5.88235294117647
880,0.502,1,0,13,12,9.0,5.02,30.76923076923077,15.384615384615385,38.46153846153847,15.384615384615385
881,0.461,1,0,16,15,8.0,4.61,12.5,31.25,25.0,31.25
882,0.456,1,0,11,10,10.0,4.56,0.0,27.27272727272727,18.181818181818183,54.54545454545454
883,0.442,1,0,14,13,10.0,4.42,0.0,14.285714285714285,50.0,35.714285714285715
884,0.5,1,0,11,10,10.0,5.0,27.27272727272727,45.45454545454545,9.090909090909092,18.181818181818183
885,0.422,1,0,13,12,9.0,4.22,53.84615384615385,15.384615384615385,15.384615384615385,15.384615384615385
886,0.64,1,0,21,20,10.0,6.4,9.523809523809524,0.0,33.33333333333333,57.14285714285714
887,0.61,1,0,15,14,10.0,6.1,6.666666666666667,33.33333333333333,33.33333333333333,26.666666666666668
888,0.476,1,0,16,15,10.0,4.76,0.0,6.25,31.25,62.5
889,0.575,1,0,12,11,10.0,5.75,0.0,16.666666666666664,75.0,8.333333333333332
890,0.6,1,0,13,12,10.0,6.0,0.0,0.0,38.46153846153847,61.53846153846154
891,0.638,1,0,18,17,10.0,6.38,16.666666666666664,27.77777777777778,0.0,55.55555555555556
892,0.61,1,0,11,10,9.0,6.1,18.181818181818183,18.181818181818183,9.090909090909092,54.54545454545454
893,0.46,1,0,20,19,10.0,4.6,50.0,0.0,25.0,25.0
894,0.386,1,0,12,11,10.0,3.86,0.0,8.333333333333332,8.333333333333332,83.33333333333334
895,0.46,1,0,14,13,9.0,4.6,28.57142857142857,0.0,42.857142857142854,28.57142857142857
896,0.4,1,0,10,9,8.0,4.0,0.0,30.0,50.0,20.0
897,0.614,1,0,17,16,10.0,6.14,11.76470588235294,35.294117647058826,47.05882352941176,5.88235294117647
898,0.398,1,0,14,13,9.0,3.98,28.57142857142857,14.285714285714285,35.714285714285715,21.428571428571427
899,0.583,1,0,16,15,10.0,5.83,31.25,12.5,12.5,43.75
900,0.354,1,0,12,11,10.0,3.54,50.0,16.666666666666664,16.666666666666664,16.666666666666664
901,0.532,1,0,15,14,10.0,5.32,6.666666666666667,13.333333333333334,53.333333333333336,26.666666666666668
902,0.59,1,0,17,16,10.0,5.9,35.294117647058826,0.0,29.411764705882355,35.294117647058826
903,0.6,1,0,18,17,10.0,6.0,5.555555555555555,22.22222222222222,61.111111111111114,11.11111111111111
904,0.553,1,0,16,15,10.0,5.53,0.0,25.0,18.75,56.25
905,0.525,1,0,10,9,10.0,5.25,10.0,10.0,40.0,40.0
906,0.556,1,0,16,15,10.0,5.56,0.0,18.75,50.0,31.25
907,0.55,1,0,14,13,9.0,5.5,7.142857142857142,28.57142857142857,35.714285714285715,28.57142857142857
908,0.39,1,0,11,10,10.0,3.9,0.0,54.54545454545454,0.0,45.45454545454545
909,0.536,1,0,17,16,10.0,5.36,11.76470588235294,5.88235294117647,11.76470588235294,70.58823529411765
910,0.472,1,0,14,13,10.0,4.72,28.57142857142857,0.0,42.857142857142854,28.57142857142857
911,0.5,1,0,15,14,10.0,5.0,6.666666666666667,6.666666666666667,33.33333333333333,53.333333333333336
912,0.592,1,0,17,16,9.0,5.92,11.76470588235294,17.647058823529413,41.17647058823529,29.411764705882355
913,0.72,1,0,17,16,10.0,7.2,11.76470588235294,35.294117647058826,17.647058823529413,35.294117647058826
914,0.552,1,0,19,18,9.0,5.52,5.263157894736842,42.10526315789473,10.526315789473683,42.10526315789473
915,0.636,1,0,22,21,10.0,6.36,9.090909090909092,4.545454545454546,13.636363636363635,72.72727272727273
916,0.532,1,0,25,24,10.0,5.32,16.0,48.0,12.0,24.0
917,0.32,1,0,10,9,8.0,3.2,10.0,10.0,50.0,30.0
918,0.3,1,0,11,10,9.0,3.0,18.181818181818183,72.72727272727273,0.0,9.090909090909092
919,0.344,1,0,13,12,10.0,3.44,23.076923076923077,23.076923076923077,15.384615384615385,38.46153846153847
920,0.544,1,0,14,13,9.0,5.44,0.0,35.714285714285715,50.0,14.285714285714285
921,0.672,1,0,21,20,10.0,6.72,14.285714285714285,0.0,38.095238095238095,47.61904761904761
922,0.712,1,0,17,16,10.0,7.12,11.76470588235294,35.294117647058826,11.76470588235294,41.17647058823529
923,0.51,1,0,17,16,10.0,5.1,17.647058823529413,0.0,35.294117647058826,47.05882352941176
924,0.542,1,0,12,11,10.0,5.42,0.0,8.333333333333332,33.33333333333333,58.333333333333336
925,0.632,1,0,21,20,10.0,6.32,23.809523809523807,14.285714285714285,9.523809523809524,52.38095238095239
926,0.7,1,0,11,10,10.0,7.0,0.0,9.090909090909092,36.36363636363637,54.54545454545454
927,0.735,1,0,16,15,10.0,7.35,18.75,0.0,50.0,31.25
928,0.784,1,0,19,18,10.0,7.84,21.052631578947366,36.84210526315789,5.263157894736842,36.84210526315789
929,0.5,1,0,11,10,10.0,5.0,18.181818181818183,18.181818181818183,54.54545454545454,9.090909090909092
930,0.632,1,0,18,17,10.0,6.32,0.0,5.555555555555555,0.0,94.44444444444444
931,0.627,1,0,18,17,10.0,6.27,38.88888888888889,5.555555555555555,44.44444444444444,11.11111111111111
932,0.52,1,0,14,13,10.0,5.2,7.142857142857142,21.428571428571427,35.714285714285715,35.714285714285715
933,0.452,1,0,18,17,10.0,4.52,11.11111111111111,16.666666666666664,44.44444444444444,27.77777777777778
934,0.556,1,0,15,14,9.0,5.56,20.0,13.333333333333334,33.33333333333333,33.33333333333333
935,0.44,1,0,14,13,10.0,4.4,21.428571428571427,14.285714285714285,50.0,14.285714285714285
936,0.568,1,0,16,15,10.0,5.68,6.25,43.75,12.5,37.5
937,0.256,1,0,10,9,10.0,2.56,50.0,40.0,0.0,10.0
938,0.538,1,0,19,18,10.0,5.38,10.526315789473683,10.526315789473683,68.42105263157895,10.526315789473683
939,0.572,1,0,15,14,10.0,5.72,0.0,13.333333333333334,60.0,26.666666666666668
940,0.592,1,0,17,16,10.0,5.92,5.88235294117647,23.52941176470588,47.05882352941176,23.52941176470588
941,0.516,1,0,17,16,10.0,5.16,5.88235294117647,29.411764705882355,47.05882352941176,17.647058823529413
942,0.28,1,0,6,5,9.0,2.8,16.666666666666664,33.33333333333333,16.666666666666664,33.33333333333333
943,0.605,1,0,10,9,10.0,6.05,0.0,70.0,10.0,20.0
944,0.284,1,0,13,12,10.0,2.84,69.23076923076923,7.6923076923076925,7.6923076923076925,15.384615384615385
945,0.708,1,0,19,18,10.0,7.08,5.263157894736842,52.63157894736842,21.052631578947366,21.052631578947366
946,0.412,1,0,16,15,10.0,4.12,25.0,6.25,6.25,62.5
947,0.51,1,0,9,8,10.0,5.1,22.22222222222222,0.0,11.11111111111111,66.66666666666666
948,0.508,1,0,19,18,10.0,5.08,10.526315789473683,15.789473684210526,63.1578947368421,10.526315789473683
949,0.615,1,0,13,12,10.0,6.15,7.6923076923076925,0.0,23.076923076923077,69.23076923076923
950,0.36,1,0,11,10,9.0,3.6,36.36363636363637,0.0,36.36363636363637,27.27272727272727
951,0.4,1,0,10,9,8.0,4.0,0.0,30.0,30.0,40.0
952,0.71,1,0,22,21,10.0,7.1,0.0,31.818181818181817,27.27272727272727,40.909090909090914
953,0.526,1,0,19,18,9.0,5.26,15.789473684210526,0.0,47.368421052631575,36.84210526315789
954,0.463,1,0,13,12,10.0,4.63,23.076923076923077,30.76923076923077,30.76923076923077,15.384615384615385
955,0.295,1,0,9,8,10.0,2.95,55.55555555555556,0.0,22.22222222222222,22.22222222222222
956,0.469,1,0,13,12,10.0,4.69,38.46153846153847,15.384615384615385,38.46153846153847,7.6923076923076925
957,0.3,1,0,9,8,8.0,3.0,44.44444444444444,0.0,33.33333333333333,22.22222222222222
958,0.58,1,0,25,24,10.0,5.8,16.0,32.0,8.0,44.0
959,0.618,1,0,25,24,10.0,6.18,16.0,52.0,28.000000000000004,4.0
960,0.4,1,0,11,10,8.0,4.0,0.0,27.27272727272727,63.63636363636363,9.090909090909092
961,0.368,1,0,14,13,10.0,3.68,14.285714285714285,57.14285714285714,0.0,28.57142857142857
962,0.43,1,0,10,9,10.0,4.3,20.0,20.0,20.0,40.0
963,0.524,1,0,16,15,10.0,5.24,12.5,25.0,6.25,56.25
964,0.414,1,0,16,15,10.0,4.14,0.0,25.0,12.5,62.5
965,0.466,1,0,16,15,10.0,4.66,25.0,6.25,12.5,56.25
966,0.64,1,0,14,13,10.0,6.4,0.0,21.428571428571427,35.714285714285715,42.857142857142854
967,0.542,1,0,16,15,10.0,5.42,0.0,6.25,31.25,62.5
968,0.49,1,0,17,16,10.0,4.9,0.0,58.82352941176471,0.0,41.17647058823529
969,0.8,1,0,17,16,10.0,8.0,29.411764705882355,5.88235294117647,11.76470588235294,52.94117647058824
970,0.385,1,0,15,14,10.0,3.85,60.0,0.0,6.666666666666667,33.33333333333333
971,0.696,1,0,16,15,10.0,6.96,0.0,62.5,18.75,18.75
972,0.523,1,0,15,14,9.0,5.23,26.666666666666668,6.666666666666667,26.666666666666668,40.0
973,0.65,1,0,13,12,10.0,6.5,7.6923076923076925,0.0,38.46153846153847,53.84615384615385
974,0.443,1,0,12,11,10.0,4.43,16.666666666666664,16.666666666666664,41.66666666666667,25.0
975,0.644,1,0,20,19,10.0,6.44,15.0,15.0,55.00000000000001,15.0
976,0.452,1,0,15,14,10.0,4.52,26.666666666666668,13.333333333333334,40.0,20.0
977,0.496,1,0,12,11,10.0,4.96,8.333333333333332,8.333333333333332,50.0,33.33333333333333
978,0.565,1,0,13,12,10.0,5.65,15.384615384615385,30.76923076923077,0.0,53.84615384615385
979,0.432,1,0,14,13,10.0,4.32,0.0,71.42857142857143,0.0,28.57142857142857
980,0.371,1,0,13,12,10.0,3.71,15.384615384615385,46.15384615384615,23.076923076923077,15.384615384615385
981,0.434,1,0,13,12,10.0,4.34,7.6923076923076925,61.53846153846154,0.0,30.76923076923077
982,0.404,1,0,18,17,10.0,4.04,27.77777777777778,5.555555555555555,5.555555555555555,61.111111111111114
983,0.622,1,0,14,13,10.0,6.22,0.0,0.0,78.57142857142857,21.428571428571427
984,0.48,1,0,12,11,10.0,4.8,0.0,25.0,41.66666666666667,33.33333333333333
985,0.68,1,0,13,12,10.0,6.8,0.0,38.46153846153847,38.46153846153847,23.076923076923077
986,0.317,1,0,10,9,9.0,3.17,50.0,0.0,20.0,30.0
987,0.655,1,0,14,13,9.0,6.55,7.142857142857142,50.0,28.57142857142857,14.285714285714285
988,0.54,1,0,19,18,10.0,5.4,36.84210526315789,26.31578947368421,31.57894736842105,5.263157894736842
989,0.586,1,0,20,19,10.0,5.86,0.0,5.0,80.0,15.0
990,0.285,1,0,11,10,8.0,2.85,9.090909090909092,9.090909090909092,0.0,81.81818181818183
991,0.552,1,0,16,15,10.0,5.52,6.25,25.0,6.25,62.5
992,0.58,1,0,15,14,10.0,5.8,0.0,53.333333333333336,33.33333333333333,13.333333333333334
993,0.504,1,0,21,20,10.0,5.04,38.095238095238095,0.0,9.523809523809524,52.38095238095239
994,0.56,1,0,11,10,10.0,5.6,0.0,9.090909090909092,36.36363636363637,54.54545454545454
995,0.416,1,0,11,10,8.0,4.16,9.090909090909092,45.45454545454545,18.181818181818183,27.27272727272727
996,0.598,1,0,17,16,10.0,5.98,0.0,17.647058823529413,52.94117647058824,29.411764705882355
997,0.449,1,0,11,10,10.0,4.49,27.27272727272727,9.090909090909092,36.36363636363637,27.27272727272727
998,0.69,1,0,13,12,10.0,6.9,23.076923076923077,7.6923076923076925,38.46153846153847,30.76923076923077
999,0.61,1,0,23,22,10.0,6.1,0.0,34.78260869565217,21.73913043478261,43.47826086956522
1000,0.62,1,0,15,14,10.0,6.2,40.0,13.333333333333334,26.666666666666668,20.0
1001,0.262,1,0,10,9,8.0,2.62,10.0,10.0,30.0,50.0
1002,0.5,1,0,15,14,9.0,5.0,46.666666666666664,0.0,33.33333333333333,20.0
1003,0.404,1,0,13,12,10.0,4.04,15.384615384615385,7.6923076923076925,53.84615384615385,23.076923076923077
1004,0.625,1,0,11,10,10.0,6.25,0.0,18.181818181818183,18.181818181818183,63.63636363636363
1005,0.384,1,0,12,11,10.0,3.84,0.0,16.666666666666664,25.0,58.333333333333336
1006,0.576,1,0,15,14,10.0,5.76,13.333333333333334,33.33333333333333,20.0,33.33333333333333
1007,0.588,1,0,16,15,10.0,5.88,6.25,0.0,56.25,37.5
1008,0.481,1,0,13,12,10.0,4.81,7.6923076923076925,46.15384615384615,15.384615384615385,30.76923076923077
1009,0.326,1,0,11,10,10.0,3.26,18.181818181818183,27.27272727272727,27.27272727272727,27.27272727272727
1010,0.486,1,0,10,9,10.0,4.86,10.0,10.0,30.0,50.0
1011,0.778,1,0,19,18,10.0,7.78,26.31578947368421,5.263157894736842,36.84210526315789,31.57894736842105
1012,0.392,1,0,16,15,10.0,3.92,0.0,6.25,37.5,56.25
1013,0.736,1,0,20,19,10.0,7.36,0.0,35.0,20.0,45.0
1014,0.516,1,0,16,15,10.0,5.16,0.0,31.25,12.5,56.25
1015,0.476,1,0,13,12,10.0,4.76,0.0,0.0,38.46153846153847,61.53846153846154
1016,0.696,1,0,19,18,10.0,6.96,10.526315789473683,21.052631578947366,36.84210526315789,31.57894736842105
1017,0.386,1,0,16,15,10.0,3.86,25.0,6.25,25.0,43.75
1018,0.52,1,0,11,10,10.0,5.2,45.45454545454545,0.0,36.36363636363637,18.181818181818183
1019,0.76,1,0,16,15,10.0,7.6,6.25,25.0,12.5,56.25
1020,0.487,1,0,13,12,10.0,4.87,0.0,15.384615384615385,0.0,84.61538461538461
1021,0.742,1,0,17,16,10.0,7.42,5.88235294117647,0.0,41.17647058823529,52.94117647058824
1022,0.648,1,0,19,18,10.0,6.48,0.0,21.052631578947366,63.1578947368421,15.789473684210526
1023,0.559,1,0,18,17,10.0,5.59,5.555555555555555,33.33333333333333,55.55555555555556,5.555555555555555
1024,0.565,1,0,11,10,10.0,5.65,9.090909090909092,36.36363636363637,9.090909090909092,45.45454545454545
1025,0.455,1,0,11,10,10.0,4.55,18.181818181818183,18.181818181818183,45.45454545454545,18.181818181818183
1026,0.57,1,0,15,14,10.0,5.7,0.0,46.666666666666664,6.666666666666667,46.666666666666664
1027,0.512,1,0,14,13,10.0,5.12,21.428571428571427,0.0,28.57142857142857,50.0
1028,0.668,1,0,20,19,10.0,6.68,5.0,65.0,25.0,5.0
1029,0.34,1,0,12,11,9.0,3.4,16.666666666666664,0.0,50.0,33.33333333333333
1030,0.32,1,0,11,10,8.0,3.2,0.0,18.181818181818183,45.45454545454545,36.36363636363637
1031,0.528,1,0,17,16,10.0,5.28,35.294117647058826,0.0,35.294117647058826,29.411764705882355
1032,0.406,1,0,13,12,10.0,4.06,15.384615384615385,38.46153846153847,15.384615384615385,30.76923076923077
1033,0.46,1,0,8,7,10.0,4.6,12.5,12.5,62.5,12.5
1034,0.556,1,0,13,12,10.0,5.56,0.0,7.6923076923076925,84.61538461538461,7.6923076923076925
1035,0.74,1,0,14,13,10.0,7.4,14.285714285714285,0.0,42.857142857142854,42.857142857142854
1036,0.705,1,0,14,13,10.0,7.05,14.285714285714285,0.0,42.857142857142854,42.857142857142854
1037,0.725,1,0,10,9,10.0,7.25,0.0,60.0,10.0,30.0
1038,0.578,1,0,18,17,10.0,5.78,0.0,38.88888888888889,0.0,61.111111111111114
1039,0.587,1,0,14,13,10.0,5.87,0.0,21.428571428571427,21.428571428571427,57.14285714285714
1040,0.63,1,0,14,13,10.0,6.3,7.142857142857142,42.857142857142854,21.428571428571427,28.57142857142857
1041,0.52,1,0,15,14,10.0,5.2,13.333333333333334,6.666666666666667,0.0,80.0
1042,0.572,1,0,23,22,10.0,5.72,17.391304347826086,43.47826086956522,26.08695652173913,13.043478260869565
1043,0.512,1,0,14,13,10.0,5.12,21.428571428571427,21.428571428571427,7.142857142857142,50.0
1044,0.45,1,0,18,17,10.0,4.5,5.555555555555555,55.55555555555556,0.0,38.88888888888889
1045,0.66,1,0,13,12,10.0,6.6,0.0,46.15384615384615,38.46153846153847,15.384615384615385
1046,0.497,1,0,16,15,9.0,4.97,0.0,12.5,37.5,50.0
1047,0.522,1,0,16,15,10.0,5.22,0.0,31.25,37.5,31.25
1048,0.476,1,0,23,22,10.0,4.76,4.3478260869565215,56.52173913043478,21.73913043478261,17.391304347826086
1049,0.385,1,0,14,13,10.0,3.85,0.0,42.857142857142854,0.0,57.14285714285714
1050,0.766,1,0,16,15,10.0,7.66,25.0,25.0,6.25,43.75
1051,0.418,1,0,15,14,10.0,4.18,40.0,26.666666666666668,26.666666666666668,6.666666666666667
1052,0.468,1,0,17,16,10.0,4.68,0.0,47.05882352941176,29.411764705882355,23.52941176470588
1053,0.464,1,0,15,14,10.0,4.64,20.0,0.0,53.333333333333336,26.666666666666668
1054,0.544,1,0,16,15,10.0,5.44,12.5,0.0,37.5,50.0
1055,0.22,1,0,13,12,8.0,2.2,15.384615384615385,69.23076923076923,0.0,15.384615384615385
1056,0.765,1,0,14,13,10.0,7.65,28.57142857142857,14.285714285714285,14.285714285714285,42.857142857142854
1057,0.245,1,0,8,7,9.0,2.45,0.0,0.0,25.0,75.0
1058,0.496,1,0,11,10,10.0,4.96,0.0,27.27272727272727,27.27272727272727,45.45454545454545
1059,0.24,1,0,8,7,9.0,2.4,50.0,0.0,25.0,25.0
1060,0.432,1,0,17,16,9.0,4.32,5.88235294117647,47.05882352941176,0.0,47.05882352941176
1061,0.474,1,0,19,18,9.0,4.74,21.052631578947366,10.526315789473683,26.31578947368421,42.10526315789473
1062,0.366,1,0,11,10,10.0,3.66,18.181818181818183,27.27272727272727,36.36363636363637,18.181818181818183
1063,0.627,1,0,18,17,10.0,6.27,0.0,27.77777777777778,33.33333333333333,38.88888888888889
1064,0.474,1,0,13,12,10.0,4.74,7.6923076923076925,7.6923076923076925,61.53846153846154,23.076923076923077
1065,0.825,1,0,13,12,10.0,8.25,0.0,0.0,53.84615384615385,46.15384615384615
1066,0.568,1,0,16,15,10.0,5.68,25.0,6.25,12.5,56.25
1067,0.45,1,0,11,10,10.0,4.5,27.27272727272727,9.090909090909092,18.181818181818183,45.45454545454545
1068,0.632,1,0,25,24,10.0,6.32,12.0,48.0,12.0,28.000000000000004
1069,0.515,1,0,12,11,9.0,5.15,0.0,8.333333333333332,58.333333333333336,33.33333333333333
1070,0.54,1,0,11,10,10.0,5.4,0.0,27.27272727272727,18.181818181818183,54.54545454545454
1071,0.443,1,0,11,10,9.0,4.43,9.090909090909092,45.45454545454545,36.36363636363637,9.090909090909092
1072,0.67,1,0,18,17,10.0,6.7,16.666666666666664,5.555555555555555,72.22222222222221,5.555555555555555
1073,0.484,1,0,21,20,10.0,4.84,47.61904761904761,0.0,33.33333333333333,19.047619047619047
1074,0.685,1,0,15,14,10.0,6.85,0.0,26.666666666666668,26.666666666666668,46.666666666666664
1075,0.552,1,0,16,15,9.0,5.52,12.5,12.5,56.25,18.75
1076,0.474,1,0,17,16,10.0,4.74,64.70588235294117,0.0,11.76470588235294,23.52941176470588
1077,0.548,1,0,13,12,10.0,5.48,23.076923076923077,0.0,69.23076923076923,7.6923076923076925
1078,0.318,1,0,13,12,9.0,3.18,15.384615384615385,0.0,53.84615384615385,30.76923076923077
1079,0.48,1,0,13,12,10.0,4.8,15.384615384615385,38.46153846153847,15.384615384615385,30.76923076923077
1080,0.68,1,0,14,13,10.0,6.8,21.428571428571427,0.0,35.714285714285715,42.857142857142854
1081,0.554,1,0,19,18,10.0,5.54,0.0,68.42105263157895,10.526315789473683,21.052631578947366
1082,0.536,1,0,15,14,10.0,5.36,13.333333333333334,0.0,0.0,86.66666666666667
1083,0.488,1,0,15,14,10.0,4.88,0.0,26.666666666666668,6.666666666666667,66.66666666666666
1084,0.598,1,0,17,16,9.0,5.98,0.0,11.76470588235294,52.94117647058824,35.294117647058826
1085,0.562,1,0,14,13,10.0,5.62,21.428571428571427,50.0,21.428571428571427,7.142857142857142
1086,0.428,1,0,13,12,10.0,4.28,7.6923076923076925,23.076923076923077,30.76923076923077,38.46153846153847
1087,0.39,1,0,15,14,9.0,3.9,0.0,26.666666666666668,40.0,33.33333333333333
1088,0.348,1,0,13,12,9.0,3.48,30.76923076923077,7.6923076923076925,7.6923076923076925,53.84615384615385
1089,0.316,1,0,10,9,9.0,3.16,20.0,50.0,0.0,30.0
1090,0.58,1,0,19,18,10.0,5.8,5.263157894736842,36.84210526315789,36.84210526315789,21.052631578947366
1091,0.5,1,0,10,9,9.0,5.0,0.0,0.0,20.0,80.0
1092,0.29,1,0,13,12,9.0,2.9,38.46153846153847,38.46153846153847,0.0,23.076923076923077
1093,0.692,1,0,16,15,10.0,6.92,0.0,31.25,62.5,6.25
1094,0.36,1,0,16,15,10.0,3.6,0.0,81.25,0.0,18.75
1095,0.288,1,0,11,10,10.0,2.88,9.090909090909092,9.090909090909092,36.36363636363637,45.45454545454545
1096,0.486,1,0,15,14,10.0,4.86,6.666666666666667,6.666666666666667,46.666666666666664,40.0
1097,0.346,1,0,11,10,10.0,3.46,0.0,27.27272727272727,63.63636363636363,9.090909090909092
1098,0.418,1,0,16,15,10.0,4.18,56.25,18.75,12.5,12.5
1099,0.281,1,0,11,10,10.0,2.81,27.27272727272727,45.45454545454545,9.090909090909092,18.181818181818183
1100,0.479,1,0,17,16,10.0,4.79,0.0,29.411764705882355,0.0,70.58823529411765
1101,0.6,1,0,11,10,10.0,6.0,0.0,0.0,45.45454545454545,54.54545454545454
1102,0.342,1,0,11,10,8.0,3.42,18.181818181818183,9.090909090909092,9.090909090909092,63.63636363636363
1103,0.62,1,0,17,16,10.0,6.2,11.76470588235294,5.88235294117647,23.52941176470588,58.82352941176471
1104,0.85,1,0,11,10,9.0,8.5,0.0,27.27272727272727,27.27272727272727,45.45454545454545
1105,0.424,1,0,13,12,10.0,4.24,7.6923076923076925,38.46153846153847,0.0,53.84615384615385
1106,0.662,1,0,16,15,10.0,6.62,12.5,0.0,18.75,68.75
1107,0.48,1,0,13,12,10.0,4.8,23.076923076923077,0.0,0.0,76.92307692307693
1108,0.54,1,0,15,14,10.0,5.4,6.666666666666667,13.333333333333334,46.666666666666664,33.33333333333333
1109,0.66,1,0,17,16,10.0,6.6,0.0,35.294117647058826,5.88235294117647,58.82352941176471
1110,0.461,1,0,12,11,9.0,4.61,0.0,0.0,16.666666666666664,83.33333333333334
1111,0.28,1,0,8,7,8.0,2.8,25.0,12.5,12.5,50.0
1112,0.556,1,0,17,16,10.0,5.56,11.76470588235294,0.0,64.70588235294117,23.52941176470588
1113,0.549,1,0,15,14,10.0,5.49,13.333333333333334,20.0,40.0,26.666666666666668
1114,0.63,1,0,10,9,10.0,6.3,10.0,20.0,20.0,50.0
1115,0.444,1,0,15,14,9.0,4.44,13.333333333333334,46.666666666666664,13.333333333333334,26.666666666666668
1116,0.825,1,0,11,10,10.0,8.25,0.0,27.27272727272727,45.45454545454545,27.27272727272727
1117,0.645,1,0,19,18,10.0,6.45,5.263157894736842,36.84210526315789,21.052631578947366,36.84210526315789
1118,0.6,1,0,20,19,10.0,6.0,25.0,10.0,35.0,30.0
1119,0.679,1,0,19,18,10.0,6.79,31.57894736842105,0.0,57.89473684210527,10.526315789473683
1120,0.52,1,0,16,15,10.0,5.2,6.25,0.0,43.75,50.0
1121,0.504,1,0,15,14,10.0,5.04,26.666666666666668,46.666666666666664,13.333333333333334,13.333333333333334
1122,0.57,1,0,15,14,10.0,5.7,26.666666666666668,20.0,26.666666666666668,26.666666666666668
1123,0.42,1,0,11,10,10.0,4.2,9.090909090909092,54.54545454545454,18.181818181818183,18.181818181818183
1124,0.63,1,0,13,12,9.0,6.3,23.076923076923077,0.0,30.76923076923077,46.15384615384615
1125,0.52,1,0,12,11,10.0,5.2,0.0,25.0,25.0,50.0
1126,0.516,1,0,16,15,10.0,5.16,25.0,6.25,37.5,31.25
1127,0.569,1,0,15,14,10.0,5.69,66.66666666666666,0.0,26.666666666666668,6.666666666666667
1128,0.464,1,0,17,16,10.0,4.64,5.88235294117647,47.05882352941176,35.294117647058826,11.76470588235294
1129,0.428,1,0,13,12,9.0,4.28,15.384615384615385,7.6923076923076925,30.76923076923077,46.15384615384615
1130,0.429,1,0,16,15,10.0,4.29,0.0,25.0,6.25,68.75
1131,0.274,1,0,9,8,9.0,2.74,11.11111111111111,11.11111111111111,33.33333333333333,44.44444444444444
1132,0.68,1,0,15,14,10.0,6.8,0.0,26.666666666666668,33.33333333333333,40.0
1133,0.718,1,0,22,21,10.0,7.18,22.727272727272727,45.45454545454545,0.0,31.818181818181817
1134,0.456,1,0,13,12,10.0,4.56,15.384615384615385,0.0,38.46153846153847,46.15384615384615
1135,0.21,1,0,7,6,10.0,2.1,0.0,28.57142857142857,28.57142857142857,42.857142857142854
1136,0.635,1,0,11,10,10.0,6.35,18.181818181818183,27.27272727272727,27.27272727272727,27.27272727272727
1137,0.606,1,0,17,16,9.0,6.06,11.76470588235294,23.52941176470588,47.05882352941176,17.647058823529413
1138,0.66,1,0,16,15,10.0,6.6,0.0,62.5,6.25,31.25
1139,0.56,1,0,11,10,10.0,5.6,27.27272727272727,0.0,36.36363636363637,36.36363636363637
1140,0.442,1,0,12,11,10.0,4.42,33.33333333333333,0.0,58.333333333333336,8.333333333333332
1141,0.566,1,0,15,14,10.0,5.66,6.666666666666667,0.0,13.333333333333334,80.0
1142,0.656,1,0,20,19,10.0,6.56,5.0,15.0,50.0,30.0
1143,0.66,1,0,11,10,10.0,6.6,0.0,18.181818181818183,36.36363636363637,45.45454545454545
1144,0.648,1,0,23,22,10.0,6.48,0.0,21.73913043478261,60.86956521739131,17.391304347826086
1145,0.7,1,0,13,12,10.0,7.0,30.76923076923077,7.6923076923076925,23.076923076923077,38.46153846153847
1146,0.334,1,0,9,8,10.0,3.34,22.22222222222222,0.0,66.66666666666666,11.11111111111111
1147,0.54,1,0,20,19,10.0,5.4,0.0,5.0,10.0,85.0
1148,0.65,1,0,14,13,10.0,6.5,0.0,28.57142857142857,0.0,71.42857142857143
1149,0.62,1,0,19,18,10.0,6.2,0.0,10.526315789473683,73.68421052631578,15.789473684210526
1150,0.414,1,0,16,15,10.0,4.14,18.75,0.0,0.0,81.25
1151,0.634,1,0,16,15,10.0,6.34,6.25,25.0,12.5,56.25
1152,0.6,1,0,11,10,10.0,6.0,9.090909090909092,0.0,27.27272727272727,63.63636363636363
1153,0.275,1,0,7,6,10.0,2.75,0.0,28.57142857142857,57.14285714285714,14.285714285714285
1154,0.674,1,0,21,20,10.0,6.74,4.761904761904762,0.0,38.095238095238095,57.14285714285714
1155,0.62,1,0,13,12,10.0,6.2,7.6923076923076925,0.0,46.15384615384615,46.15384615384615
1156,0.532,1,0,14,13,10.0,5.32,7.142857142857142,42.857142857142854,7.142857142857142,42.857142857142854
1157,0.588,1,0,16,15,10.0,5.88,6.25,6.25,75.0,12.5
1158,0.356,1,0,13,12,10.0,3.56,15.384615384615385,15.384615384615385,30.76923076923077,38.46153846153847
1159,0.617,1,0,13,12,10.0,6.17,0.0,15.384615384615385,76.92307692307693,7.6923076923076925
1160,0.38,1,0,12,11,9.0,3.8,16.666666666666664,0.0,58.333333333333336,25.0
1161,0.668,1,0,18,17,10.0,6.68,0.0,11.11111111111111,50.0,38.88888888888889
1162,0.656,1,0,16,15,10.0,6.56,12.5,0.0,56.25,31.25
1163,0.82,1,0,22,21,10.0,8.2,4.545454545454546,31.818181818181817,36.36363636363637,27.27272727272727
1164,0.668,1,0,14,13,10.0,6.68,0.0,21.428571428571427,35.714285714285715,42.857142857142854
1165,0.424,1,0,13,12,10.0,4.24,23.076923076923077,0.0,38.46153846153847,38.46153846153847
1166,0.468,1,0,18,17,10.0,4.68,66.66666666666666,16.666666666666664,5.555555555555555,11.11111111111111
1167,0.504,1,0,11,10,10.0,5.04,18.181818181818183,0.0,27.27272727272727,54.54545454545454
1168,0.22,1,0,9,8,10.0,2.2,22.22222222222222,33.33333333333333,0.0,44.44444444444444
1169,0.468,1,0,14,13,10.0,4.68,7.142857142857142,35.714285714285715,21.428571428571427,35.714285714285715
1170,0.684,1,0,17,16,10.0,6.84,0.0,17.647058823529413,47.05882352941176,35.294117647058826
1171,0.62,1,0,17,16,10.0,6.2,0.0,5.88235294117647,35.294117647058826,58.82352941176471
1172,0.8,1,0,20,19,10.0,8.0,0.0,35.0,20.0,45.0
1173,0.74,1,0,18,17,10.0,7.4,0.0,5.555555555555555,0.0,94.44444444444444
1174,0.472,1,0,17,16,10.0,4.72,5.88235294117647,76.47058823529412,5.88235294117647,11.76470588235294
1175,0.452,1,0,16,15,10.0,4.52,18.75,50.0,18.75,12.5
1176,0.3,1,0,9,8,8.0,3.0,33.33333333333333,33.33333333333333,0.0,33.33333333333333
1177,0.52,1,0,19,18,10.0,5.2,15.789473684210526,0.0,10.526315789473683,73.68421052631578
1178,0.56,1,0,15,14,10.0,5.6,6.666666666666667,0.0,26.666666666666668,66.66666666666666
1179,0.639,1,0,16,15,10.0,6.39,0.0,37.5,31.25,31.25
1180,0.865,1,0,17,16,10.0,8.65,11.76470588235294,5.88235294117647,29.411764705882355,52.94117647058824
1181,0.519,1,0,16,15,9.0,5.19,6.25,6.25,75.0,12.5
1182,0.54,1,0,9,8,10.0,5.4,11.11111111111111,44.44444444444444,11.11111111111111,33.33333333333333
1183,0.576,1,0,17,16,10.0,5.76,0.0,0.0,52.94117647058824,47.05882352941176
1184,0.74,1,0,12,11,10.0,7.4,25.0,0.0,25.0,50.0
1185,0.604,1,0,16,15,10.0,6.04,12.5,0.0,31.25,56.25
1186,0.44,1,0,16,15,10.0,4.4,6.25,0.0,56.25,37.5
1187,0.16,1,0,9,8,6.0,1.6,0.0,44.44444444444444,0.0,55.55555555555556
1188,0.56,1,0,18,17,10.0,5.6,11.11111111111111,16.666666666666664,55.55555555555556,16.666666666666664
1189,0.481,1,0,12,11,10.0,4.81,33.33333333333333,0.0,50.0,16.666666666666664
1190,0.332,1,0,15,14,10.0,3.32,60.0,6.666666666666667,13.333333333333334,20.0
1191,0.448,1,0,21,20,10.0,4.48,0.0,71.42857142857143,4.761904761904762,23.809523809523807
1192,0.284,1,0,12,11,8.0,2.84,16.666666666666664,8.333333333333332,25.0,50.0
1193,0.625,1,0,10,9,10.0,6.25,0.0,50.0,30.0,20.0
1194,0.308,1,0,13,12,10.0,3.08,15.384615384615385,23.076923076923077,15.384615384615385,46.15384615384615
1195,0.276,1,0,16,15,10.0,2.76,0.0,6.25,0.0,93.75
1196,0.314,1,0,11,10,9.0,3.14,9.090909090909092,45.45454545454545,9.090909090909092,36.36363636363637
1197,0.357,1,0,11,10,9.0,3.57,0.0,27.27272727272727,0.0,72.72727272727273
1198,0.258,1,0,10,9,10.0,2.58,10.0,70.0,0.0,20.0
1199,0.436,1,0,11,10,8.0,4.36,18.181818181818183,18.181818181818183,45.45454545454545,18.181818181818183
1200,0.488,1,0,19,18,10.0,4.88,5.263157894736842,26.31578947368421,26.31578947368421,42.10526315789473
1201,0.56,1,0,17,16,9.0,5.6,5.88235294117647,17.647058823529413,23.52941176470588,52.94117647058824
1202,0.85,1,0,20,19,10.0,8.5,0.0,10.0,75.0,15.0
1203,0.71,1,0,17,16,10.0,7.1,17.647058823529413,5.88235294117647,17.647058823529413,58.82352941176471
1204,0.446,1,0,15,14,10.0,4.46,6.666666666666667,0.0,46.666666666666664,46.666666666666664
1205,0.399,1,0,15,14,10.0,3.99,13.333333333333334,26.666666666666668,53.333333333333336,6.666666666666667
1206,0.7,1,0,21,20,10.0,7.0,9.523809523809524,42.857142857142854,4.761904761904762,42.857142857142854
1207,0.328,1,0,11,10,10.0,3.28,81.81818181818183,0.0,0.0,18.181818181818183
1208,0.719,1,0,16,15,10.0,7.19,50.0,0.0,12.5,37.5
1209,0.81,1,0,14,13,10.0,8.1,0.0,7.142857142857142,14.285714285714285,78.57142857142857
1210,0.508,1,0,12,11,10.0,5.08,0.0,33.33333333333333,41.66666666666667,25.0
1211,0.67,1,0,14,13,10.0,6.7,50.0,0.0,14.285714285714285,35.714285714285715
1212,0.424,1,0,13,12,10.0,4.24,23.076923076923077,46.15384615384615,0.0,30.76923076923077
1213,0.604,1,0,15,14,10.0,6.04,20.0,0.0,66.66666666666666,13.333333333333334
1214,0.609,1,0,16,15,10.0,6.09,25.0,12.5,56.25,6.25
1215,0.223,1,0,9,8,9.0,2.23,33.33333333333333,0.0,55.55555555555556,11.11111111111111
1216,0.416,1,0,11,10,10.0,4.16,9.090909090909092,9.090909090909092,72.72727272727273,9.090909090909092
1217,0.8,1,0,12,11,10.0,8.0,16.666666666666664,8.333333333333332,41.66666666666667,33.33333333333333
1218,0.567,1,0,14,13,10.0,5.67,28.57142857142857,28.57142857142857,14.285714285714285,28.57142857142857
1219,0.704,1,0,23,22,10.0,7.04,0.0,60.86956521739131,8.695652173913043,30.434782608695656
1220,0.59,1,0,12,11,10.0,5.9,8.333333333333332,0.0,50.0,41.66666666666667
1221,0.37,1,0,12,11,10.0,3.7,8.333333333333332,75.0,0.0,16.666666666666664
1222,0.504,1,0,15,14,10.0,5.04,46.666666666666664,6.666666666666667,33.33333333333333,13.333333333333334
1223,0.525,1,0,16,15,10.0,5.25,6.25,12.5,18.75,62.5
1224,0.354,1,0,20,19,10.0,3.54,15.0,0.0,20.0,65.0
1225,0.515,1,0,16,15,10.0,5.15,6.25,6.25,43.75,43.75
1226,0.363,1,0,13,12,10.0,3.63,0.0,30.76923076923077,46.15384615384615,23.076923076923077
1227,0.476,1,0,10,9,10.0,4.76,0.0,20.0,10.0,70.0
1228,0.43,1,0,10,9,10.0,4.3,10.0,30.0,50.0,10.0
1229,0.54,1,0,18,17,10.0,5.4,11.11111111111111,16.666666666666664,11.11111111111111,61.111111111111114
1230,0.5,1,0,8,7,10.0,5.0,0.0,37.5,0.0,62.5
1231,0.56,1,0,17,16,9.0,5.6,23.52941176470588,5.88235294117647,17.647058823529413,52.94117647058824
1232,0.42,1,0,11,10,10.0,4.2,45.45454545454545,18.181818181818183,9.090909090909092,27.27272727272727
1233,0.679,1,0,19,18,10.0,6.79,5.263157894736842,0.0,52.63157894736842,42.10526315789473
1234,0.46,1,0,13,12,10.0,4.6,7.6923076923076925,46.15384615384615,30.76923076923077,15.384615384615385
1235,0.47,1,0,20,19,10.0,4.7,50.0,5.0,5.0,40.0
1236,0.356,1,0,11,10,10.0,3.56,0.0,18.181818181818183,27.27272727272727,54.54545454545454
1237,0.51,1,0,13,12,10.0,5.1,7.6923076923076925,46.15384615384615,38.46153846153847,7.6923076923076925
1238,0.428,1,0,16,15,9.0,4.28,12.5,0.0,31.25,56.25
1239,0.44,1,0,14,13,10.0,4.4,21.428571428571427,21.428571428571427,42.857142857142854,14.285714285714285
1240,0.606,1,0,17,16,10.0,6.06,17.647058823529413,0.0,58.82352941176471,23.52941176470588
1241,0.538,1,0,15,14,10.0,5.38,6.666666666666667,46.666666666666664,13.333333333333334,33.33333333333333
1242,0.511,1,0,11,10,10.0,5.11,9.090909090909092,9.090909090909092,27.27272727272727,54.54545454545454
1243,0.384,1,0,11,10,8.0,3.84,45.45454545454545,27.27272727272727,9.090909090909092,18.181818181818183
1244,0.508,1,0,21,20,9.0,5.08,28.57142857142857,28.57142857142857,28.57142857142857,14.285714285714285
1245,0.6,1,0,13,12,10.0,6.0,0.0,38.46153846153847,30.76923076923077,30.76923076923077
1246,0.59,1,0,19,18,10.0,5.9,15.789473684210526,47.368421052631575,26.31578947368421,10.526315789473683
1247,0.555,1,0,10,9,10.0,5.55,0.0,60.0,0.0,40.0
1248,0.85,1,0,10,9,10.0,8.5,10.0,20.0,30.0,40.0
1249,0.498,1,0,15,14,8.0,4.98,6.666666666666667,6.666666666666667,33.33333333333333,53.333333333333336
1250,0.78,1,0,13,12,10.0,7.8,0.0,7.6923076923076925,15.384615384615385,76.92307692307693
1251,0.308,1,0,12,11,9.0,3.08,25.0,16.666666666666664,8.333333333333332,50.0
1252,0.514,1,0,13,12,10.0,5.14,0.0,30.76923076923077,53.84615384615385,15.384615384615385
1253,0.48,1,0,15,14,10.0,4.8,13.333333333333334,26.666666666666668,26.666666666666668,33.33333333333333
1254,0.589,1,0,16,15,10.0,5.89,0.0,12.5,50.0,37.5
1255,0.536,1,0,16,15,10.0,5.36,43.75,0.0,18.75,37.5
1256,0.77,1,0,24,23,10.0,7.7,16.666666666666664,8.333333333333332,41.66666666666667,33.33333333333333
1257,0.55,1,0,12,11,9.0,5.5,8.333333333333332,33.33333333333333,25.0,33.33333333333333
1258,0.404,1,0,13,12,10.0,4.04,0.0,0.0,46.15384615384615,53.84615384615385
1259,0.684,1,0,23,22,10.0,6.84,21.73913043478261,30.434782608695656,21.73913043478261,26.08695652173913
1260,0.61,1,0,24,23,10.0,6.1,4.166666666666666,16.666666666666664,70.83333333333334,8.333333333333332
1261,0.517,1,0,14,13,9.0,5.17,7.142857142857142,35.714285714285715,42.857142857142854,14.285714285714285
1262,0.4,1,0,13,12,10.0,4.0,0.0,0.0,7.6923076923076925,92.3076923076923
1263,0.606,1,0,23,22,10.0,6.06,4.3478260869565215,30.434782608695656,26.08695652173913,39.130434782608695
1264,0.432,1,0,13,12,10.0,4.32,15.384615384615385,0.0,69.23076923076923,15.384615384615385
1265,0.52,1,0,26,25,10.0,5.2,11.538461538461538,53.84615384615385,0.0,34.61538461538461
1266,0.78,1,0,14,13,10.0,7.8,14.285714285714285,0.0,50.0,35.714285714285715
1267,0.528,1,0,17,16,10.0,5.28,0.0,52.94117647058824,23.52941176470588,23.52941176470588
1268,0.524,1,0,15,14,10.0,5.24,40.0,20.0,33.33333333333333,6.666666666666667
1269,0.538,1,0,15,14,10.0,5.38,13.333333333333334,40.0,6.666666666666667,40.0
1270,0.36,1,0,12,11,9.0,3.6,33.33333333333333,41.66666666666667,0.0,25.0
1271,0.434,1,0,13,12,10.0,4.34,0.0,7.6923076923076925,30.76923076923077,61.53846153846154
1272,0.55,1,0,11,10,9.0,5.5,27.27272727272727,18.181818181818183,27.27272727272727,27.27272727272727
1273,0.625,1,0,10,9,9.0,6.25,0.0,20.0,30.0,50.0
1274,0.45,1,0,9,8,10.0,4.5,11.11111111111111,33.33333333333333,0.0,55.55555555555556
1275,0.608,1,0,20,19,10.0,6.08,0.0,0.0,90.0,10.0
1276,0.433,1,0,14,13,9.0,4.33,78.57142857142857,0.0,0.0,21.428571428571427
1277,0.444,1,0,13,12,10.0,4.44,38.46153846153847,0.0,30.76923076923077,30.76923076923077
1278,0.353,1,0,13,12,9.0,3.53,38.46153846153847,7.6923076923076925,46.15384615384615,7.6923076923076925
1279,0.52,1,0,15,14,10.0,5.2,6.666666666666667,26.666666666666668,33.33333333333333,33.33333333333333
1280,0.62,1,0,11,10,10.0,6.2,27.27272727272727,45.45454545454545,18.181818181818183,9.090909090909092
1281,0.88,1,0,17,16,10.0,8.8,0.0,41.17647058823529,17.647058823529413,41.17647058823529
1282,0.403,1,0,10,9,10.0,4.03,40.0,0.0,50.0,10.0
1283,0.515,1,0,21,20,10.0,5.15,9.523809523809524,23.809523809523807,38.095238095238095,28.57142857142857
1284,0.775,1,0,11,10,10.0,7.75,9.090909090909092,0.0,27.27272727272727,63.63636363636363
1285,0.72,1,0,22,21,10.0,7.2,0.0,9.090909090909092,86.36363636363636,4.545454545454546
1286,0.436,1,0,13,12,10.0,4.36,30.76923076923077,0.0,15.384615384615385,53.84615384615385
1287,0.45,1,0,12,11,10.0,4.5,16.666666666666664,8.333333333333332,25.0,50.0
1288,0.54,1,0,21,20,10.0,5.4,0.0,28.57142857142857,9.523809523809524,61.904761904761905
1289,0.352,1,0,13,12,10.0,3.52,46.15384615384615,23.076923076923077,7.6923076923076925,23.076923076923077
1290,0.563,1,0,16,15,10.0,5.63,25.0,6.25,50.0,18.75
1291,0.501,1,0,15,14,10.0,5.01,13.333333333333334,6.666666666666667,26.666666666666668,53.333333333333336
1292,0.408,1,0,13,12,10.0,4.08,0.0,30.76923076923077,30.76923076923077,38.46153846153847
1293,0.499,1,0,16,15,10.0,4.99,18.75,31.25,12.5,37.5
1294,0.6,1,0,17,16,10.0,6.0,17.647058823529413,0.0,47.05882352941176,35.294117647058826
1295,0.575,1,0,10,9,10.0,5.75,0.0,40.0,40.0,20.0
1296,0.594,1,0,16,15,10.0,5.94,0.0,6.25,75.0,18.75
1297,0.49,1,0,15,14,10.0,4.9,13.333333333333334,33.33333333333333,33.33333333333333,20.0
1298,0.625,1,0,10,9,9.0,6.25,0.0,0.0,10.0,90.0
1299,0.366,1,0,12,11,9.0,3.66,0.0,16.666666666666664,8.333333333333332,75.0
1300,0.354,1,0,11,10,9.0,3.54,9.090909090909092,18.181818181818183,9.090909090909092,63.63636363636363
1301,0.556,1,0,13,12,9.0,5.56,15.384615384615385,0.0,46.15384615384615,38.46153846153847
1302,0.72,1,0,14,13,10.0,7.2,35.714285714285715,7.142857142857142,28.57142857142857,28.57142857142857
1303,0.423,1,0,16,15,10.0,4.23,25.0,0.0,12.5,62.5
1304,0.67,1,0,21,20,10.0,6.7,4.761904761904762,4.761904761904762,42.857142857142854,47.61904761904761
1305,0.5,1,0,18,17,9.0,5.0,38.88888888888889,0.0,16.666666666666664,44.44444444444444
1306,0.58,1,0,14,13,10.0,5.8,7.142857142857142,14.285714285714285,28.57142857142857,50.0
1307,0.592,1,0,13,12,10.0,5.92,15.384615384615385,23.076923076923077,0.0,61.53846153846154
1308,0.53,1,0,12,11,10.0,5.3,16.666666666666664,8.333333333333332,0.0,75.0
1309,0.49,1,0,15,14,10.0,4.9,20.0,0.0,60.0,20.0
1310,0.604,1,0,17,16,10.0,6.04,29.411764705882355,11.76470588235294,11.76470588235294,47.05882352941176
1311,0.64,1,0,12,11,10.0,6.4,8.333333333333332,33.33333333333333,16.666666666666664,41.66666666666667
1312,0.672,1,0,23,22,10.0,6.72,21.73913043478261,30.434782608695656,30.434782608695656,17.391304347826086
1313,0.44,1,0,12,11,9.0,4.4,66.66666666666666,0.0,16.666666666666664,16.666666666666664
1314,0.324,1,0,9,8,10.0,3.24,22.22222222222222,44.44444444444444,0.0,33.33333333333333
1315,0.434,1,0,13,12,10.0,4.34,46.15384615384615,7.6923076923076925,15.384615384615385,30.76923076923077
1316,0.7,1,0,28,27,10.0,7.0,17.857142857142858,21.428571428571427,28.57142857142857,32.142857142857146
1317,0.55,1,0,11,10,10.0,5.5,18.181818181818183,0.0,72.72727272727273,9.090909090909092
1318,0.65,1,0,10,9,10.0,6.5,0.0,20.0,20.0,60.0
1319,0.466,1,0,15,14,10.0,4.66,20.0,6.666666666666667,60.0,13.333333333333334
1320,0.53,1,0,11,10,10.0,5.3,0.0,36.36363636363637,27.27272727272727,36.36363636363637
1321,0.422,1,0,19,18,10.0,4.22,47.368421052631575,0.0,31.57894736842105,21.052631578947366
1322,0.472,1,0,17,16,10.0,4.72,5.88235294117647,11.76470588235294,58.82352941176471,23.52941176470588
1323,0.366,1,0,10,9,10.0,3.66,10.0,0.0,30.0,60.0
1324,0.517,1,0,14,13,10.0,5.17,7.142857142857142,57.14285714285714,0.0,35.714285714285715
1325,0.525,1,0,12,11,9.0,5.25,16.666666666666664,33.33333333333333,33.33333333333333,16.666666666666664
1326,0.717,1,0,19,18,10.0,7.17,0.0,15.789473684210526,15.789473684210526,68.42105263157895
1327,0.626,1,0,16,15,10.0,6.26,0.0,31.25,12.5,56.25
1328,0.556,1,0,22,21,10.0,5.56,18.181818181818183,45.45454545454545,4.545454545454546,31.818181818181817
1329,0.56,1,0,21,20,10.0,5.6,19.047619047619047,52.38095238095239,9.523809523809524,19.047619047619047
1330,0.35,1,0,10,9,9.0,3.5,60.0,0.0,20.0,20.0
1331,0.441,1,0,15,14,10.0,4.41,0.0,40.0,0.0,60.0
1332,0.35,1,0,14,13,8.0,3.5,7.142857142857142,50.0,7.142857142857142,35.714285714285715
1333,0.458,1,0,16,15,10.0,4.58,25.0,56.25,12.5,6.25
1334,0.454,1,0,16,15,10.0,4.54,12.5,6.25,37.5,43.75
1335,0.365,1,0,10,9,9.0,3.65,60.0,10.0,0.0,30.0
1336,0.55,1,0,11,10,10.0,5.5,45.45454545454545,36.36363636363637,9.090909090909092,9.090909090909092
1337,0.47,1,0,8,7,9.0,4.7,0.0,12.5,0.0,87.5
1338,0.71,1,0,24,23,10.0,7.1,0.0,41.66666666666667,29.166666666666668,29.166666666666668
1339,0.67,1,0,10,9,10.0,6.7,10.0,20.0,30.0,40.0
1340,0.635,1,0,17,16,10.0,6.35,0.0,5.88235294117647,17.647058823529413,76.47058823529412
1341,0.458,1,0,13,12,9.0,4.58,23.076923076923077,23.076923076923077,15.384615384615385,38.46153846153847
1342,0.718,1,0,17,16,10.0,7.18,17.647058823529413,0.0,29.411764705882355,52.94117647058824
1343,0.72,1,0,14,13,10.0,7.2,14.285714285714285,7.142857142857142,7.142857142857142,71.42857142857143
1344,0.395,1,0,11,10,10.0,3.95,45.45454545454545,18.181818181818183,18.181818181818183,18.181818181818183
1345,0.458,1,0,15,14,9.0,4.58,6.666666666666667,13.333333333333334,53.333333333333336,26.666666666666668
1346,0.338,1,0,10,9,10.0,3.38,0.0,0.0,0.0,100.0
1347,0.366,1,0,12,11,10.0,3.66,0.0,41.66666666666667,8.333333333333332,50.0
1348,0.65,1,0,11,10,10.0,6.5,0.0,27.27272727272727,54.54545454545454,18.181818181818183
1349,0.51,1,0,19,18,9.0,5.1,15.789473684210526,10.526315789473683,47.368421052631575,26.31578947368421
1350,0.516,1,0,19,18,10.0,5.16,15.789473684210526,21.052631578947366,42.10526315789473,21.052631578947366
1351,0.579,1,0,14,13,9.0,5.79,50.0,0.0,42.857142857142854,7.142857142857142
1352,0.506,1,0,15,14,10.0,5.06,6.666666666666667,13.333333333333334,33.33333333333333,46.666666666666664
1353,0.604,1,0,23,22,10.0,6.04,13.043478260869565,17.391304347826086,26.08695652173913,43.47826086956522
1354,0.526,1,0,17,16,10.0,5.26,0.0,5.88235294117647,41.17647058823529,52.94117647058824
1355,0.416,1,0,10,9,10.0,4.16,10.0,0.0,30.0,60.0
1356,0.534,1,0,23,22,10.0,5.34,4.3478260869565215,4.3478260869565215,39.130434782608695,52.17391304347826
1357,0.624,1,0,18,17,10.0,6.24,5.555555555555555,5.555555555555555,61.111111111111114,27.77777777777778
1358,0.3,1,0,9,8,9.0,3.0,11.11111111111111,11.11111111111111,55.55555555555556,22.22222222222222
1359,0.487,1,0,19,18,10.0,4.87,0.0,5.263157894736842,52.63157894736842,42.10526315789473
1360,0.544,1,0,13,12,10.0,5.44,0.0,7.6923076923076925,0.0,92.3076923076923
1361,0.56,1,0,23,22,10.0,5.6,17.391304347826086,52.17391304347826,8.695652173913043,21.73913043478261
1362,0.312,1,0,13,12,9.0,3.12,7.6923076923076925,23.076923076923077,46.15384615384615,23.076923076923077
1363,0.292,1,0,10,9,9.0,2.92,10.0,20.0,10.0,60.0
1364,0.608,1,0,18,17,10.0,6.08,27.77777777777778,5.555555555555555,55.55555555555556,11.11111111111111
1365,0.36,1,0,11,10,9.0,3.6,18.181818181818183,9.090909090909092,36.36363636363637,36.36363636363637
1366,0.482,1,0,16,15,9.0,4.82,12.5,37.5,0.0,50.0
1367,0.367,1,0,14,13,10.0,3.67,0.0,0.0,21.428571428571427,78.57142857142857
1368,0.514,1,0,16,15,10.0,5.14,6.25,0.0,43.75,50.0
1369,0.506,1,0,19,18,10.0,5.06,10.526315789473683,36.84210526315789,31.57894736842105,21.052631578947366
1370,0.48,1,0,16,15,10.0,4.8,12.5,68.75,12.5,6.25
1371,0.474,1,0,13,12,10.0,4.74,30.76923076923077,7.6923076923076925,7.6923076923076925,53.84615384615385
1372,0.308,1,0,10,9,9.0,3.08,0.0,30.0,10.0,60.0
1373,0.418,1,0,12,11,10.0,4.18,50.0,25.0,0.0,25.0
1374,0.468,1,0,15,14,9.0,4.68,0.0,20.0,0.0,80.0
1375,0.512,1,0,16,15,10.0,5.12,25.0,6.25,43.75,25.0
1376,0.525,1,0,17,16,9.0,5.25,17.647058823529413,11.76470588235294,23.52941176470588,47.05882352941176
1377,0.495,1,0,10,9,10.0,4.95,10.0,20.0,40.0,30.0
1378,0.484,1,0,15,14,10.0,4.84,0.0,40.0,0.0,60.0
1379,0.356,1,0,17,16,10.0,3.56,52.94117647058824,5.88235294117647,0.0,41.17647058823529
1380,0.296,1,0,13,12,8.0,2.96,46.15384615384615,0.0,38.46153846153847,15.384615384615385
1381,0.552,1,0,16,15,10.0,5.52,0.0,0.0,68.75,31.25
1382,0.598,1,0,23,22,10.0,5.98,8.695652173913043,34.78260869565217,43.47826086956522,13.043478260869565
1383,0.615,1,0,13,12,10.0,6.15,30.76923076923077,15.384615384615385,46.15384615384615,7.6923076923076925
1384,0.581,1,0,18,17,10.0,5.81,22.22222222222222,22.22222222222222,33.33333333333333,22.22222222222222
1385,0.525,1,0,9,8,9.0,5.25,0.0,55.55555555555556,33.33333333333333,11.11111111111111
1386,0.452,1,0,13,12,9.0,4.52,23.076923076923077,23.076923076923077,38.46153846153847,15.384615384615385
1387,0.572,1,0,18,17,10.0,5.72,11.11111111111111,33.33333333333333,0.0,55.55555555555556
1388,0.548,1,0,14,13,10.0,5.48,0.0,28.57142857142857,28.57142857142857,42.857142857142854
1389,0.76,1,0,14,13,10.0,7.6,14.285714285714285,42.857142857142854,14.285714285714285,28.57142857142857
1390,0.578,1,0,14,13,10.0,5.78,0.0,28.57142857142857,64.28571428571429,7.142857142857142
1391,0.54,1,0,17,16,9.0,5.4,17.647058823529413,5.88235294117647,41.17647058823529,35.294117647058826
1392,0.4,1,0,10,9,10.0,4.0,20.0,20.0,30.0,30.0
1393,0.588,1,0,13,12,10.0,5.88,7.6923076923076925,0.0,23.076923076923077,69.23076923076923
1394,0.5,1,0,17,16,10.0,5.0,0.0,5.88235294117647,41.17647058823529,52.94117647058824
1395,0.44,1,0,14,13,9.0,4.4,7.142857142857142,7.142857142857142,35.714285714285715,50.0
1396,0.372,1,0,13,12,10.0,3.72,0.0,30.76923076923077,0.0,69.23076923076923
1397,0.426,1,0,14,13,10.0,4.26,14.285714285714285,0.0,35.714285714285715,50.0
1398,0.566,1,0,19,18,10.0,5.66,36.84210526315789,0.0,52.63157894736842,10.526315789473683
1399,0.372,1,0,11,10,9.0,3.72,9.090909090909092,9.090909090909092,63.63636363636363,18.181818181818183
1400,0.73,1,0,16,15,10.0,7.3,0.0,18.75,62.5,18.75
1401,0.604,1,0,19,18,10.0,6.04,5.263157894736842,15.789473684210526,68.42105263157895,10.526315789473683
1402,0.53,1,0,11,10,10.0,5.3,36.36363636363637,0.0,36.36363636363637,27.27272727272727
1403,0.48,1,0,12,11,9.0,4.8,16.666666666666664,0.0,50.0,33.33333333333333
1404,0.363,1,0,10,9,10.0,3.63,10.0,0.0,50.0,40.0
1405,0.42,1,0,11,10,8.0,4.2,0.0,0.0,36.36363636363637,63.63636363636363
1406,0.382,1,0,14,13,10.0,3.82,28.57142857142857,35.714285714285715,14.285714285714285,21.428571428571427
1407,0.588,1,0,21,20,10.0,5.88,0.0,14.285714285714285,61.904761904761905,23.809523809523807
1408,0.522,1,0,16,15,9.0,5.22,6.25,6.25,43.75,43.75
1409,0.438,1,0,15,14,10.0,4.38,0.0,20.0,26.666666666666668,53.333333333333336
1410,0.414,1,0,14,13,10.0,4.14,42.857142857142854,14.285714285714285,35.714285714285715,7.142857142857142
1411,0.536,1,0,11,10,10.0,5.36,9.090909090909092,27.27272727272727,45.45454545454545,18.181818181818183
1412,0.452,1,0,13,12,9.0,4.52,23.076923076923077,7.6923076923076925,61.53846153846154,7.6923076923076925
1413,0.44,1,0,13,12,9.0,4.4,30.76923076923077,7.6923076923076925,46.15384615384615,15.384615384615385
1414,0.632,1,0,25,24,10.0,6.32,12.0,32.0,16.0,40.0
1415,0.494,1,0,13,12,10.0,4.94,7.6923076923076925,15.384615384615385,53.84615384615385,23.076923076923077
1416,0.643,1,0,14,13,10.0,6.43,14.285714285714285,0.0,21.428571428571427,64.28571428571429
1417,0.735,1,0,13,12,10.0,7.35,0.0,15.384615384615385,23.076923076923077,61.53846153846154
1418,0.615,1,0,24,23,10.0,6.15,0.0,25.0,66.66666666666666,8.333333333333332
1419,0.61,1,0,13,12,10.0,6.1,7.6923076923076925,0.0,38.46153846153847,53.84615384615385
1420,0.56,1,0,19,18,10.0,5.6,5.263157894736842,0.0,15.789473684210526,78.94736842105263
1421,0.408,1,0,14,13,10.0,4.08,0.0,7.142857142857142,0.0,92.85714285714286
1422,0.576,1,0,14,13,10.0,5.76,0.0,21.428571428571427,35.714285714285715,42.857142857142854
1423,0.34,1,0,12,11,9.0,3.4,25.0,8.333333333333332,8.333333333333332,58.333333333333336
1424,0.3,1,0,8,7,10.0,3.0,0.0,37.5,12.5,50.0
1425,0.629,1,0,15,14,10.0,6.29,13.333333333333334,0.0,80.0,6.666666666666667
1426,0.635,1,0,14,13,10.0,6.35,28.57142857142857,14.285714285714285,28.57142857142857,28.57142857142857
1427,0.624,1,0,19,18,10.0,6.24,42.10526315789473,0.0,26.31578947368421,31.57894736842105
1428,0.489,1,0,14,13,9.0,4.89,14.285714285714285,7.142857142857142,64.28571428571429,14.285714285714285
1429,0.598,1,0,18,17,10.0,5.98,0.0,27.77777777777778,11.11111111111111,61.111111111111114
1430,0.3,1,0,10,9,9.0,3.0,20.0,0.0,30.0,50.0
1431,0.695,1,0,13,12,10.0,6.95,7.6923076923076925,46.15384615384615,15.384615384615385,30.76923076923077
1432,0.308,1,0,13,12,10.0,3.08,0.0,7.6923076923076925,0.0,92.3076923076923
1433,0.589,1,0,15,14,10.0,5.89,6.666666666666667,0.0,53.333333333333336,40.0
1434,0.508,1,0,13,12,10.0,5.08,0.0,53.84615384615385,30.76923076923077,15.384615384615385
1435,0.472,1,0,17,16,10.0,4.72,5.88235294117647,0.0,47.05882352941176,47.05882352941176
1436,0.592,1,0,23,22,10.0,5.92,4.3478260869565215,39.130434782608695,21.73913043478261,34.78260869565217
1437,0.491,1,0,12,11,10.0,4.91,8.333333333333332,50.0,0.0,41.66666666666667
1438,0.4,1,0,12,11,10.0,4.0,25.0,41.66666666666667,0.0,33.33333333333333
1439,0.476,1,0,20,19,10.0,4.76,10.0,60.0,20.0,10.0
1440,0.464,1,0,23,22,10.0,4.64,4.3478260869565215,43.47826086956522,21.73913043478261,30.434782608695656
1441,0.775,1,0,14,13,10.0,7.75,0.0,64.28571428571429,14.285714285714285,21.428571428571427
1442,0.55,1,0,12,11,9.0,5.5,16.666666666666664,41.66666666666667,8.333333333333332,33.33333333333333
1443,0.468,1,0,13,12,10.0,4.68,0.0,7.6923076923076925,46.15384615384615,46.15384615384615
1444,0.426,1,0,14,13,9.0,4.26,35.714285714285715,14.285714285714285,7.142857142857142,42.857142857142854
1445,0.435,1,0,18,17,10.0,4.35,11.11111111111111,38.88888888888889,38.88888888888889,11.11111111111111
1446,0.69,1,0,13,12,10.0,6.9,7.6923076923076925,23.076923076923077,23.076923076923077,46.15384615384615
1447,0.825,1,0,16,15,10.0,8.25,12.5,12.5,62.5,12.5
1448,0.454,1,0,12,11,10.0,4.54,0.0,0.0,58.333333333333336,41.66666666666667
1449,0.84,1,0,19,18,10.0,8.4,0.0,5.263157894736842,73.68421052631578,21.052631578947366
1450,0.564,1,0,20,19,10.0,5.64,5.0,5.0,25.0,65.0
1451,0.5,1,0,11,10,10.0,5.0,0.0,18.181818181818183,72.72727272727273,9.090909090909092
1452,0.586,1,0,19,18,10.0,5.86,15.789473684210526,0.0,68.42105263157895,15.789473684210526
1453,0.81,1,0,14,13,10.0,8.1,0.0,57.14285714285714,28.57142857142857,14.285714285714285
1454,0.44,1,0,17,16,10.0,4.4,0.0,23.52941176470588,0.0,76.47058823529412
1455,0.4,1,0,10,9,8.0,4.0,20.0,40.0,20.0,20.0
1456,0.614,1,0,16,15,10.0,6.14,0.0,31.25,31.25,37.5
1457,0.71,1,0,16,15,10.0,7.1,6.25,25.0,31.25,37.5
1458,0.432,1,0,13,12,10.0,4.32,0.0,23.076923076923077,61.53846153846154,15.384615384615385
1459,0.609,1,0,16,15,10.0,6.09,6.25,31.25,6.25,56.25
1460,0.41,1,0,13,12,8.0,4.1,38.46153846153847,0.0,23.076923076923077,38.46153846153847
1461,0.496,1,0,16,15,10.0,4.96,31.25,25.0,37.5,6.25
1462,0.612,1,0,16,15,10.0,6.12,0.0,31.25,12.5,56.25
1463,0.516,1,0,14,13,10.0,5.16,35.714285714285715,0.0,50.0,14.285714285714285
1464,0.8,1,0,18,17,10.0,8.0,22.22222222222222,16.666666666666664,5.555555555555555,55.55555555555556
1465,0.592,1,0,16,15,10.0,5.92,37.5,0.0,37.5,25.0
1466,0.436,1,0,11,10,8.0,4.36,9.090909090909092,9.090909090909092,36.36363636363637,45.45454545454545
1467,0.259,1,0,8,7,6.0,2.59,25.0,12.5,25.0,37.5
1468,0.575,1,0,11,10,10.0,5.75,0.0,0.0,27.27272727272727,72.72727272727273
1469,0.57,1,0,11,10,10.0,5.7,0.0,0.0,9.090909090909092,90.9090909090909
1470,0.74,1,0,15,14,10.0,7.4,0.0,40.0,13.333333333333334,46.666666666666664
1471,0.529,1,0,15,14,10.0,5.29,0.0,6.666666666666667,13.333333333333334,80.0
1472,0.77,1,0,16,15,10.0,7.7,18.75,25.0,25.0,31.25
1473,0.432,1,0,19,18,10.0,4.32,0.0,10.526315789473683,5.263157894736842,84.21052631578947
1474,0.82,1,0,15,14,10.0,8.2,0.0,26.666666666666668,26.666666666666668,46.666666666666664
1475,0.649,1,0,17,16,10.0,6.49,17.647058823529413,0.0,29.411764705882355,52.94117647058824
1476,0.538,1,0,23,22,10.0,5.38,65.21739130434783,17.391304347826086,0.0,17.391304347826086
1477,0.5,1,0,10,9,10.0,5.0,10.0,30.0,40.0,20.0
1478,0.56,1,0,13,12,10.0,5.6,0.0,23.076923076923077,69.23076923076923,7.6923076923076925
1479,0.52,1,0,13,12,10.0,5.2,0.0,23.076923076923077,30.76923076923077,46.15384615384615
1480,0.56,1,0,17,16,10.0,5.6,5.88235294117647,47.05882352941176,29.411764705882355,17.647058823529413
1481,0.381,1,0,10,9,9.0,3.81,10.0,50.0,10.0,30.0
1482,0.64,1,0,22,21,10.0,6.4,4.545454545454546,9.090909090909092,68.18181818181817,18.181818181818183
1483,0.496,1,0,13,12,10.0,4.96,0.0,30.76923076923077,53.84615384615385,15.384615384615385
1484,0.46,1,0,12,11,8.0,4.6,16.666666666666664,50.0,0.0,33.33333333333333
1485,0.54,1,0,16,15,10.0,5.4,18.75,31.25,37.5,12.5
1486,0.572,1,0,12,11,10.0,5.72,0.0,41.66666666666667,16.666666666666664,41.66666666666667
1487,0.485,1,0,11,10,10.0,4.85,9.090909090909092,0.0,0.0,90.9090909090909
1488,0.4,1,0,10,9,8.0,4.0,0.0,10.0,30.0,60.0
1489,0.488,1,0,14,13,10.0,4.88,28.57142857142857,0.0,50.0,21.428571428571427
1490,0.58,1,0,11,10,10.0,5.8,9.090909090909092,9.090909090909092,9.090909090909092,72.72727272727273
1491,0.586,1,0,17,16,10.0,5.86,0.0,29.411764705882355,23.52941176470588,47.05882352941176
1492,0.475,1,0,14,13,10.0,4.75,42.857142857142854,0.0,35.714285714285715,21.428571428571427
1493,0.626,1,0,15,14,10.0,6.26,6.666666666666667,33.33333333333333,33.33333333333333,26.666666666666668
1494,0.636,1,0,14,13,10.0,6.36,0.0,7.142857142857142,35.714285714285715,57.14285714285714
1495,0.44,1,0,16,15,10.0,4.4,25.0,0.0,37.5,37.5
1496,0.58,1,0,17,16,10.0,5.8,17.647058823529413,11.76470588235294,58.82352941176471,11.76470588235294
1497,0.608,1,0,19,18,10.0,6.08,31.57894736842105,0.0,42.10526315789473,26.31578947368421
1498,0.55,1,0,11,10,10.0,5.5,9.090909090909092,45.45454545454545,18.181818181818183,27.27272727272727
1499,0.54,1,0,12,11,10.0,5.4,0.0,33.33333333333333,33.33333333333333,33.33333333333333
1500,0.502,1,0,16,15,10.0,5.02,0.0,43.75,37.5,18.75
1501,0.538,1,0,15,14,10.0,5.38,0.0,6.666666666666667,53.333333333333336,40.0
1502,0.582,1,0,20,19,10.0,5.82,0.0,0.0,85.0,15.0
1503,0.399,1,0,13,12,10.0,3.99,15.384615384615385,7.6923076923076925,53.84615384615385,23.076923076923077
1504,0.42,1,0,15,14,10.0,4.2,33.33333333333333,33.33333333333333,26.666666666666668,6.666666666666667
1505,0.57,1,0,22,21,10.0,5.7,31.818181818181817,18.181818181818183,0.0,50.0
1506,0.438,1,0,14,13,10.0,4.38,35.714285714285715,0.0,35.714285714285715,28.57142857142857
1507,0.496,1,0,14,13,10.0,4.96,7.142857142857142,35.714285714285715,21.428571428571427,35.714285714285715
1508,0.521,1,0,17,16,10.0,5.21,17.647058823529413,29.411764705882355,47.05882352941176,5.88235294117647
1509,0.68,1,0,13,12,10.0,6.8,15.384615384615385,15.384615384615385,46.15384615384615,23.076923076923077
1510,0.364,1,0,10,9,9.0,3.64,40.0,0.0,40.0,20.0
1511,0.69,1,0,16,15,10.0,6.9,12.5,56.25,6.25,25.0
1512,0.5,1,0,13,12,10.0,5.0,15.384615384615385,7.6923076923076925,15.384615384615385,61.53846153846154
1513,0.624,1,0,19,18,10.0,6.24,5.263157894736842,0.0,36.84210526315789,57.89473684210527
1514,0.385,1,0,9,8,8.0,3.85,11.11111111111111,11.11111111111111,0.0,77.77777777777779
1515,0.584,1,0,15,14,8.0,5.84,0.0,13.333333333333334,33.33333333333333,53.333333333333336
1516,0.48,1,0,12,11,8.0,4.8,0.0,0.0,50.0,50.0
1517,0.55,1,0,12,11,10.0,5.5,25.0,8.333333333333332,8.333333333333332,58.333333333333336
1518,0.815,1,0,17,16,10.0,8.15,17.647058823529413,41.17647058823529,17.647058823529413,23.52941176470588
1519,0.61,1,0,17,16,10.0,6.1,5.88235294117647,41.17647058823529,11.76470588235294,41.17647058823529
1520,0.42,1,0,12,11,9.0,4.2,0.0,16.666666666666664,50.0,33.33333333333333
1521,0.48,1,0,12,11,9.0,4.8,8.333333333333332,16.666666666666664,25.0,50.0
1522,0.323,1,0,14,13,10.0,3.23,7.142857142857142,0.0,50.0,42.857142857142854
1523,0.496,1,0,15,14,10.0,4.96,0.0,53.333333333333336,0.0,46.666666666666664
1524,0.44,1,0,8,7,10.0,4.4,37.5,0.0,25.0,37.5
1525,0.652,1,0,16,15,10.0,6.52,0.0,0.0,43.75,56.25
1526,0.613,1,0,22,21,10.0,6.13,0.0,22.727272727272727,50.0,27.27272727272727
1527,0.53,1,0,16,15,10.0,5.3,18.75,6.25,50.0,25.0
1528,0.228,1,0,11,10,6.0,2.28,9.090909090909092,18.181818181818183,45.45454545454545,27.27272727272727
1529,0.47,1,0,14,13,10.0,4.7,0.0,7.142857142857142,71.42857142857143,21.428571428571427
1530,0.517,1,0,17,16,10.0,5.17,11.76470588235294,23.52941176470588,11.76470588235294,52.94117647058824
1531,0.665,1,0,10,9,10.0,6.65,0.0,20.0,60.0,20.0
1532,0.516,1,0,14,13,10.0,5.16,7.142857142857142,21.428571428571427,42.857142857142854,28.57142857142857
1533,0.63,1,0,11,10,10.0,6.3,9.090909090909092,18.181818181818183,36.36363636363637,36.36363636363637
1534,0.489,1,0,14,13,10.0,4.89,14.285714285714285,28.57142857142857,21.428571428571427,35.714285714285715
1535,0.336,1,0,11,10,10.0,3.36,0.0,45.45454545454545,0.0,54.54545454545454
1536,0.471,1,0,14,13,10.0,4.71,7.142857142857142,14.285714285714285,64.28571428571429,14.285714285714285
1537,0.401,1,0,12,11,9.0,4.01,0.0,50.0,0.0,50.0
1538,0.441,1,0,12,11,10.0,4.41,16.666666666666664,0.0,41.66666666666667,41.66666666666667
1539,0.81,1,0,12,11,10.0,8.1,8.333333333333332,16.666666666666664,25.0,50.0
1540,0.462,1,0,17,16,10.0,4.62,5.88235294117647,17.647058823529413,41.17647058823529,35.294117647058826
1541,0.74,1,0,14,13,10.0,7.4,14.285714285714285,50.0,14.285714285714285,21.428571428571427
1542,0.694,1,0,20,19,10.0,6.94,10.0,0.0,40.0,50.0
1543,0.66,1,0,21,20,10.0,6.6,9.523809523809524,52.38095238095239,14.285714285714285,23.809523809523807
1544,0.708,1,0,17,16,10.0,7.08,5.88235294117647,17.647058823529413,23.52941176470588,52.94117647058824
1545,0.68,1,0,16,15,10.0,6.8,0.0,37.5,0.0,62.5
1546,0.628,1,0,16,15,10.0,6.28,12.5,37.5,31.25,18.75
1547,0.548,1,0,13,12,10.0,5.48,0.0,23.076923076923077,15.384615384615385,61.53846153846154
1548,0.524,1,0,18,17,10.0,5.24,5.555555555555555,0.0,33.33333333333333,61.111111111111114
1549,0.68,1,0,23,22,10.0,6.8,17.391304347826086,8.695652173913043,21.73913043478261,52.17391304347826
1550,0.478,1,0,16,15,10.0,4.78,0.0,18.75,18.75,62.5
1551,0.528,1,0,19,18,10.0,5.28,0.0,78.94736842105263,5.263157894736842,15.789473684210526
1552,0.471,1,0,15,14,10.0,4.71,13.333333333333334,0.0,26.666666666666668,60.0
1553,0.532,1,0,14,13,10.0,5.32,7.142857142857142,14.285714285714285,35.714285714285715,42.857142857142854
1554,0.626,1,0,18,17,10.0,6.26,33.33333333333333,11.11111111111111,27.77777777777778,27.77777777777778
1555,0.399,1,0,12,11,10.0,3.99,0.0,8.333333333333332,16.666666666666664,75.0
1556,0.76,1,0,13,12,10.0,7.6,0.0,30.76923076923077,53.84615384615385,15.384615384615385
1557,0.592,1,0,16,15,10.0,5.92,25.0,31.25,18.75,25.0
1558,0.552,1,0,14,13,9.0,5.52,28.57142857142857,42.857142857142854,21.428571428571427,7.142857142857142
1559,0.48,1,0,14,13,10.0,4.8,7.142857142857142,7.142857142857142,21.428571428571427,64.28571428571429
1560,0.56,1,0,16,15,10.0,5.6,6.25,50.0,31.25,12.5
1561,0.53,1,0,18,17,10.0,5.3,0.0,16.666666666666664,16.666666666666664,66.66666666666666
1562,0.62,1,0,11,10,10.0,6.2,0.0,27.27272727272727,54.54545454545454,18.181818181818183
1563,0.348,1,0,13,12,9.0,3.48,0.0,0.0,84.61538461538461,15.384615384615385
1564,0.78,1,0,21,20,10.0,7.8,28.57142857142857,14.285714285714285,14.285714285714285,42.857142857142854
1565,0.476,1,0,13,12,9.0,4.76,0.0,7.6923076923076925,53.84615384615385,38.46153846153847
1566,0.63,1,0,13,12,10.0,6.3,30.76923076923077,0.0,15.384615384615385,53.84615384615385
1567,0.416,1,0,13,12,10.0,4.16,38.46153846153847,7.6923076923076925,38.46153846153847,15.384615384615385
1568,0.508,1,0,17,16,10.0,5.08,11.76470588235294,41.17647058823529,5.88235294117647,41.17647058823529
1569,0.495,1,0,14,13,10.0,4.95,35.714285714285715,7.142857142857142,21.428571428571427,35.714285714285715
1570,0.604,1,0,19,18,10.0,6.04,21.052631578947366,15.789473684210526,47.368421052631575,15.789473684210526
1571,0.51,1,0,12,11,10.0,5.1,8.333333333333332,8.333333333333332,58.333333333333336,25.0
1572,0.625,1,0,12,11,10.0,6.25,8.333333333333332,8.333333333333332,8.333333333333332,75.0
1573,0.491,1,0,12,11,10.0,4.91,8.333333333333332,33.33333333333333,33.33333333333333,25.0
1574,0.439,1,0,12,11,10.0,4.39,8.333333333333332,50.0,0.0,41.66666666666667
1575,0.588,1,0,25,24,10.0,5.88,20.0,36.0,20.0,24.0
1576,0.675,1,0,12,11,10.0,6.75,8.333333333333332,16.666666666666664,41.66666666666667,33.33333333333333
1577,0.328,1,0,12,11,10.0,3.28,50.0,0.0,41.66666666666667,8.333333333333332
1578,0.68,1,0,13,12,10.0,6.8,7.6923076923076925,15.384615384615385,30.76923076923077,46.15384615384615
1579,0.65,1,0,15,14,10.0,6.5,26.666666666666668,0.0,33.33333333333333,40.0
1580,0.602,1,0,15,14,10.0,6.02,13.333333333333334,13.333333333333334,33.33333333333333,40.0
1581,0.79,1,0,17,16,10.0,7.9,0.0,11.76470588235294,52.94117647058824,35.294117647058826
1582,0.526,1,0,15,14,8.0,5.26,20.0,0.0,66.66666666666666,13.333333333333334
1583,0.54,1,0,11,10,10.0,5.4,9.090909090909092,9.090909090909092,45.45454545454545,36.36363636363637
1584,0.596,1,0,17,16,10.0,5.96,17.647058823529413,5.88235294117647,11.76470588235294,64.70588235294117
1585,0.576,1,0,16,15,10.0,5.76,0.0,0.0,56.25,43.75
1586,0.431,1,0,11,10,10.0,4.31,0.0,27.27272727272727,0.0,72.72727272727273
1587,0.704,1,0,21,20,10.0,7.04,4.761904761904762,0.0,14.285714285714285,80.95238095238095
1588,0.304,1,0,12,11,9.0,3.04,0.0,8.333333333333332,33.33333333333333,58.333333333333336
1589,0.391,1,0,12,11,9.0,3.91,16.666666666666664,66.66666666666666,8.333333333333332,8.333333333333332
1590,0.368,1,0,11,10,10.0,3.68,0.0,54.54545454545454,27.27272727272727,18.181818181818183
1591,0.54,1,0,13,12,10.0,5.4,0.0,38.46153846153847,38.46153846153847,23.076923076923077
1592,0.52,1,0,15,14,9.0,5.2,13.333333333333334,60.0,6.666666666666667,20.0
1593,0.376,1,0,14,13,10.0,3.76,0.0,57.14285714285714,0.0,42.857142857142854
1594,0.378,1,0,12,11,10.0,3.78,0.0,16.666666666666664,33.33333333333333,50.0
1595,0.424,1,0,14,13,10.0,4.24,21.428571428571427,57.14285714285714,7.142857142857142,14.285714285714285
1596,0.32,1,0,8,7,8.0,3.2,0.0,50.0,37.5,12.5
1597,0.67,1,0,17,16,10.0,6.7,11.76470588235294,0.0,35.294117647058826,52.94117647058824
1598,0.275,1,0,8,7,9.0,2.75,12.5,62.5,0.0,25.0
1599,0.64,1,0,21,20,10.0,6.4,9.523809523809524,14.285714285714285,61.904761904761905,14.285714285714285
1600,0.536,1,0,16,15,10.0,5.36,0.0,75.0,0.0,25.0
1601,0.59,1,0,14,13,10.0,5.9,7.142857142857142,57.14285714285714,28.57142857142857,7.142857142857142
1602,0.832,1,0,25,24,10.0,8.32,4.0,0.0,84.0,12.0
1603,0.614,1,0,14,13,10.0,6.14,14.285714285714285,50.0,21.428571428571427,14.285714285714285
1604,0.49,1,0,15,14,10.0,4.9,13.333333333333334,26.666666666666668,0.0,60.0
1605,0.359,1,0,11,10,9.0,3.59,0.0,27.27272727272727,0.0,72.72727272727273
1606,0.767,1,0,23,22,10.0,7.67,0.0,56.52173913043478,26.08695652173913,17.391304347826086
1607,0.566,1,0,20,19,10.0,5.66,5.0,25.0,55.00000000000001,15.0
1608,0.632,1,0,18,17,10.0,6.32,11.11111111111111,11.11111111111111,33.33333333333333,44.44444444444444
1609,0.377,1,0,11,10,10.0,3.77,9.090909090909092,54.54545454545454,9.090909090909092,27.27272727272727
1610,0.344,1,0,11,10,10.0,3.44,27.27272727272727,0.0,54.54545454545454,18.181818181818183
1611,0.625,1,0,10,9,10.0,6.25,20.0,20.0,10.0,50.0
1612,0.416,1,0,12,11,10.0,4.16,0.0,16.666666666666664,41.66666666666667,41.66666666666667
1613,0.552,1,0,21,20,10.0,5.52,9.523809523809524,38.095238095238095,28.57142857142857,23.809523809523807
1614,0.584,1,0,14,13,10.0,5.84,50.0,14.285714285714285,7.142857142857142,28.57142857142857
1615,0.328,1,0,13,12,10.0,3.28,38.46153846153847,15.384615384615385,23.076923076923077,23.076923076923077
1616,0.312,1,0,13,12,10.0,3.12,7.6923076923076925,15.384615384615385,30.76923076923077,46.15384615384615
1617,0.64,1,0,17,16,10.0,6.4,0.0,0.0,35.294117647058826,64.70588235294117
1618,0.78,1,0,17,16,10.0,7.8,0.0,35.294117647058826,58.82352941176471,5.88235294117647
1619,0.45,1,0,9,8,10.0,4.5,11.11111111111111,33.33333333333333,0.0,55.55555555555556
1620,0.548,1,0,19,18,10.0,5.48,15.789473684210526,10.526315789473683,57.89473684210527,15.789473684210526
1621,0.526,1,0,15,14,10.0,5.26,0.0,6.666666666666667,33.33333333333333,60.0
1622,0.614,1,0,16,15,10.0,6.14,0.0,6.25,31.25,62.5
1623,0.74,1,0,15,14,10.0,7.4,20.0,26.666666666666668,13.333333333333334,40.0
1624,0.614,1,0,16,15,10.0,6.14,12.5,31.25,12.5,43.75
1625,0.465,1,0,10,9,10.0,4.65,0.0,20.0,0.0,80.0
1626,0.245,1,0,12,11,8.0,2.45,66.66666666666666,0.0,0.0,33.33333333333333
1627,0.626,1,0,14,13,10.0,6.26,0.0,7.142857142857142,28.57142857142857,64.28571428571429
1628,0.4,1,0,14,13,10.0,4.0,7.142857142857142,7.142857142857142,28.57142857142857,57.14285714285714
1629,0.465,1,0,13,12,10.0,4.65,0.0,23.076923076923077,30.76923076923077,46.15384615384615
1630,0.414,1,0,13,12,10.0,4.14,7.6923076923076925,76.92307692307693,0.0,15.384615384615385
1631,0.527,1,0,15,14,10.0,5.27,26.666666666666668,0.0,26.666666666666668,46.666666666666664
1632,0.284,1,0,10,9,8.0,2.84,30.0,0.0,60.0,10.0
1633,0.432,1,0,14,13,10.0,4.32,0.0,0.0,71.42857142857143,28.57142857142857
1634,0.48,1,0,13,12,9.0,4.8,7.6923076923076925,38.46153846153847,30.76923076923077,23.076923076923077
1635,0.536,1,0,14,13,10.0,5.36,0.0,14.285714285714285,21.428571428571427,64.28571428571429
1636,0.578,1,0,19,18,10.0,5.78,0.0,15.789473684210526,52.63157894736842,31.57894736842105
1637,0.395,1,0,15,14,10.0,3.95,20.0,60.0,0.0,20.0
1638,0.368,1,0,12,11,9.0,3.68,0.0,0.0,8.333333333333332,91.66666666666666
1639,0.42,1,0,12,11,9.0,4.2,0.0,66.66666666666666,8.333333333333332,25.0
1640,0.4,1,0,10,9,8.0,4.0,20.0,10.0,50.0,20.0
1641,0.465,1,0,16,15,10.0,4.65,0.0,31.25,6.25,62.5
1642,0.433,1,0,12,11,9.0,4.33,0.0,8.333333333333332,33.33333333333333,58.333333333333336
1643,0.31,1,0,9,8,10.0,3.1,77.77777777777779,0.0,11.11111111111111,11.11111111111111
1644,0.825,1,0,18,17,10.0,8.25,0.0,72.22222222222221,5.555555555555555,22.22222222222222
1645,0.735,1,0,14,13,10.0,7.35,35.714285714285715,0.0,50.0,14.285714285714285
1646,0.326,1,0,10,9,10.0,3.26,10.0,0.0,20.0,70.0
1647,0.39,1,0,13,12,9.0,3.9,15.384615384615385,15.384615384615385,46.15384615384615,23.076923076923077
1648,0.6,1,0,15,14,10.0,6.0,6.666666666666667,53.333333333333336,6.666666666666667,33.33333333333333
1649,0.481,1,0,21,20,10.0,4.81,14.285714285714285,42.857142857142854,0.0,42.857142857142854
1650,0.552,1,0,16,15,10.0,5.52,6.25,6.25,25.0,62.5
1651,0.788,1,0,21,20,10.0,7.88,0.0,38.095238095238095,52.38095238095239,9.523809523809524
1652,0.308,1,0,12,11,10.0,3.08,58.333333333333336,25.0,0.0,16.666666666666664
1653,0.672,1,0,18,17,10.0,6.72,16.666666666666664,0.0,72.22222222222221,11.11111111111111
1654,0.572,1,0,20,19,10.0,5.72,0.0,30.0,30.0,40.0
1655,0.548,1,0,14,13,10.0,5.48,7.142857142857142,42.857142857142854,28.57142857142857,21.428571428571427
1656,0.476,1,0,20,19,10.0,4.76,55.00000000000001,5.0,10.0,30.0
1657,0.46,1,0,14,13,10.0,4.6,14.285714285714285,14.285714285714285,14.285714285714285,57.14285714285714
1658,0.52,1,0,15,14,10.0,5.2,13.333333333333334,20.0,53.333333333333336,13.333333333333334
1659,0.556,1,0,19,18,10.0,5.56,15.789473684210526,21.052631578947366,21.052631578947366,42.10526315789473
1660,0.71,1,0,11,10,10.0,7.1,18.181818181818183,0.0,18.181818181818183,63.63636363636363
1661,0.78,1,0,13,12,9.0,7.8,0.0,30.76923076923077,15.384615384615385,53.84615384615385
1662,0.508,1,0,12,11,10.0,5.08,16.666666666666664,25.0,25.0,33.33333333333333
1663,0.374,1,0,18,17,10.0,3.74,27.77777777777778,0.0,44.44444444444444,27.77777777777778
1664,0.446,1,0,15,14,10.0,4.46,33.33333333333333,0.0,13.333333333333334,53.333333333333336
1665,0.464,1,0,16,15,10.0,4.64,12.5,31.25,25.0,31.25
1666,0.377,1,0,12,11,10.0,3.77,0.0,41.66666666666667,0.0,58.333333333333336
1667,0.528,1,0,15,14,10.0,5.28,6.666666666666667,20.0,66.66666666666666,6.666666666666667
1668,0.5,1,0,16,15,10.0,5.0,0.0,37.5,0.0,62.5
1669,0.426,1,0,16,15,10.0,4.26,18.75,31.25,37.5,12.5
1670,0.478,1,0,14,13,10.0,4.78,7.142857142857142,7.142857142857142,57.14285714285714,28.57142857142857
1671,0.388,1,0,14,13,10.0,3.88,0.0,14.285714285714285,57.14285714285714,28.57142857142857
1672,0.56,1,0,16,15,8.0,5.6,6.25,25.0,62.5,6.25
1673,0.335,1,0,11,10,10.0,3.35,27.27272727272727,45.45454545454545,9.090909090909092,18.181818181818183
1674,0.375,1,0,9,8,10.0,3.75,11.11111111111111,55.55555555555556,22.22222222222222,11.11111111111111
1675,0.315,1,0,12,11,10.0,3.15,41.66666666666667,0.0,25.0,33.33333333333333
1676,0.532,1,0,10,9,10.0,5.32,0.0,0.0,40.0,60.0
1677,0.404,1,0,10,9,10.0,4.04,10.0,20.0,30.0,40.0
1678,0.5,1,0,19,18,10.0,5.0,0.0,5.263157894736842,0.0,94.73684210526315
1679,0.427,1,0,12,11,10.0,4.27,0.0,8.333333333333332,58.333333333333336,33.33333333333333
1680,0.4,1,0,10,9,8.0,4.0,10.0,20.0,50.0,20.0
1681,0.46,1,0,11,10,9.0,4.6,36.36363636363637,9.090909090909092,9.090909090909092,45.45454545454545
1682,0.492,1,0,12,11,10.0,4.92,8.333333333333332,8.333333333333332,41.66666666666667,41.66666666666667
1683,0.404,1,0,12,11,10.0,4.04,16.666666666666664,8.333333333333332,41.66666666666667,33.33333333333333
1684,0.566,1,0,12,11,10.0,5.66,8.333333333333332,16.666666666666664,33.33333333333333,41.66666666666667
1685,0.626,1,0,24,23,10.0,6.26,16.666666666666664,29.166666666666668,41.66666666666667,12.5
1686,0.54,1,0,17,16,10.0,5.4,5.88235294117647,5.88235294117647,11.76470588235294,76.47058823529412
1687,0.734,1,0,14,13,10.0,7.34,0.0,0.0,35.714285714285715,64.28571428571429
1688,0.38,1,0,12,11,10.0,3.8,0.0,0.0,91.66666666666666,8.333333333333332
1689,0.615,1,0,13,12,10.0,6.15,30.76923076923077,0.0,30.76923076923077,38.46153846153847
1690,0.424,1,0,12,11,10.0,4.24,0.0,33.33333333333333,50.0,16.666666666666664
1691,0.509,1,0,14,13,10.0,5.09,7.142857142857142,50.0,28.57142857142857,14.285714285714285
1692,0.48,1,0,15,14,10.0,4.8,13.333333333333334,33.33333333333333,6.666666666666667,46.666666666666664
1693,0.417,1,0,15,14,10.0,4.17,20.0,0.0,26.666666666666668,53.333333333333336
1694,0.656,1,0,21,20,10.0,6.56,0.0,47.61904761904761,14.285714285714285,38.095238095238095
1695,0.62,1,0,16,15,10.0,6.2,12.5,18.75,18.75,50.0
1696,0.575,1,0,12,11,10.0,5.75,16.666666666666664,8.333333333333332,58.333333333333336,16.666666666666664
1697,0.408,1,0,14,13,9.0,4.08,14.285714285714285,0.0,57.14285714285714,28.57142857142857
1698,0.612,1,0,17,16,10.0,6.12,0.0,5.88235294117647,35.294117647058826,58.82352941176471
1699,0.408,1,0,13,12,10.0,4.08,15.384615384615385,0.0,61.53846153846154,23.076923076923077
1700,0.56,1,0,16,15,10.0,5.6,0.0,18.75,50.0,31.25
1701,0.5,1,0,18,17,10.0,5.0,11.11111111111111,38.88888888888889,33.33333333333333,16.666666666666664
1702,0.5,1,0,8,7,10.0,5.0,0.0,37.5,37.5,25.0
1703,0.414,1,0,17,16,10.0,4.14,5.88235294117647,76.47058823529412,0.0,17.647058823529413
1704,0.672,1,0,18,17,10.0,6.72,16.666666666666664,0.0,33.33333333333333,50.0
1705,0.596,1,0,20,19,10.0,5.96,0.0,20.0,10.0,70.0
1706,0.451,1,0,14,13,10.0,4.51,14.285714285714285,64.28571428571429,0.0,21.428571428571427
1707,0.672,1,0,19,18,10.0,6.72,10.526315789473683,0.0,73.68421052631578,15.789473684210526
1708,0.137,1,0,7,6,7.0,1.37,57.14285714285714,14.285714285714285,0.0,28.57142857142857
1709,0.348,1,0,14,13,10.0,3.48,0.0,28.57142857142857,7.142857142857142,64.28571428571429
1710,0.375,1,0,9,8,10.0,3.75,0.0,22.22222222222222,55.55555555555556,22.22222222222222
1711,0.552,1,0,19,18,10.0,5.52,36.84210526315789,15.789473684210526,26.31578947368421,21.052631578947366
1712,0.496,1,0,16,15,10.0,4.96,25.0,31.25,37.5,6.25
1713,0.544,1,0,17,16,10.0,5.44,11.76470588235294,0.0,23.52941176470588,64.70588235294117
1714,0.74,1,0,21,20,10.0,7.4,38.095238095238095,4.761904761904762,47.61904761904761,9.523809523809524
1715,0.538,1,0,22,21,10.0,5.38,4.545454545454546,40.909090909090914,9.090909090909092,45.45454545454545
1716,0.577,1,0,18,17,10.0,5.77,11.11111111111111,16.666666666666664,33.33333333333333,38.88888888888889
1717,0.5,1,0,16,15,10.0,5.0,0.0,6.25,75.0,18.75
1718,0.72,1,0,14,13,10.0,7.2,14.285714285714285,0.0,0.0,85.71428571428571
1719,0.47,1,0,13,12,10.0,4.7,0.0,61.53846153846154,0.0,38.46153846153847
1720,0.71,1,0,15,14,10.0,7.1,13.333333333333334,26.666666666666668,33.33333333333333,26.666666666666668
1721,0.381,1,0,16,15,10.0,3.81,0.0,37.5,6.25,56.25
1722,0.856,1,0,25,24,10.0,8.56,16.0,32.0,0.0,52.0
1723,0.52,1,0,12,11,8.0,5.2,8.333333333333332,0.0,50.0,41.66666666666667
1724,0.672,1,0,23,22,10.0,6.72,13.043478260869565,17.391304347826086,0.0,69.56521739130434
1725,0.638,1,0,26,25,10.0,6.38,0.0,34.61538461538461,38.46153846153847,26.923076923076923
1726,0.39,1,0,15,14,10.0,3.9,6.666666666666667,53.333333333333336,0.0,40.0
1727,0.32,1,0,15,14,10.0,3.2,60.0,0.0,13.333333333333334,26.666666666666668
1728,0.432,1,0,19,18,10.0,4.32,21.052631578947366,26.31578947368421,15.789473684210526,36.84210526315789
1729,0.748,1,0,12,11,10.0,7.48,8.333333333333332,25.0,50.0,16.666666666666664
1730,0.564,1,0,18,17,10.0,5.64,38.88888888888889,0.0,50.0,11.11111111111111
1731,0.636,1,0,14,13,10.0,6.36,21.428571428571427,7.142857142857142,21.428571428571427,50.0
1732,0.442,1,0,14,13,8.0,4.42,0.0,21.428571428571427,50.0,28.57142857142857
1733,0.512,1,0,13,12,10.0,5.12,23.076923076923077,23.076923076923077,7.6923076923076925,46.15384615384615
1734,0.56,1,0,13,12,10.0,5.6,15.384615384615385,15.384615384615385,61.53846153846154,7.6923076923076925
1735,0.52,1,0,12,11,10.0,5.2,0.0,16.666666666666664,25.0,58.333333333333336
1736,0.604,1,0,14,13,10.0,6.04,7.142857142857142,21.428571428571427,57.14285714285714,14.285714285714285
1737,0.575,1,0,12,11,10.0,5.75,25.0,8.333333333333332,16.666666666666664,50.0
1738,0.425,1,0,9,8,10.0,4.25,0.0,44.44444444444444,33.33333333333333,22.22222222222222
1739,0.414,1,0,12,11,10.0,4.14,8.333333333333332,25.0,16.666666666666664,50.0
1740,0.49,1,0,13,12,9.0,4.9,7.6923076923076925,0.0,30.76923076923077,61.53846153846154
1741,0.624,1,0,17,16,10.0,6.24,5.88235294117647,5.88235294117647,64.70588235294117,23.52941176470588
1742,0.378,1,0,12,11,9.0,3.78,0.0,66.66666666666666,0.0,33.33333333333333
1743,0.724,1,0,22,21,10.0,7.24,0.0,68.18181818181817,0.0,31.818181818181817
1744,0.5,1,0,14,13,10.0,5.0,0.0,42.857142857142854,7.142857142857142,50.0
1745,0.6,1,0,15,14,10.0,6.0,6.666666666666667,20.0,33.33333333333333,40.0
1746,0.628,1,0,19,18,10.0,6.28,0.0,15.789473684210526,21.052631578947366,63.1578947368421
1747,0.445,1,0,9,8,9.0,4.45,0.0,0.0,33.33333333333333,66.66666666666666
1748,0.706,1,0,17,16,10.0,7.06,23.52941176470588,23.52941176470588,0.0,52.94117647058824
1749,0.6,1,0,20,19,10.0,6.0,15.0,5.0,65.0,15.0
1750,0.507,1,0,16,15,10.0,5.07,6.25,31.25,18.75,43.75
1751,0.616,1,0,15,14,10.0,6.16,0.0,13.333333333333334,40.0,46.666666666666664
1752,0.67,1,0,18,17,10.0,6.7,33.33333333333333,0.0,27.77777777777778,38.88888888888889
1753,0.47,1,0,15,14,10.0,4.7,20.0,6.666666666666667,53.333333333333336,20.0
1754,0.585,1,0,16,15,10.0,5.85,0.0,75.0,18.75,6.25
1755,0.508,1,0,12,11,10.0,5.08,0.0,16.666666666666664,25.0,58.333333333333336
1756,0.536,1,0,15,14,10.0,5.36,13.333333333333334,26.666666666666668,6.666666666666667,53.333333333333336
1757,0.584,1,0,17,16,10.0,5.84,17.647058823529413,17.647058823529413,58.82352941176471,5.88235294117647
1758,0.448,1,0,12,11,10.0,4.48,25.0,33.33333333333333,16.666666666666664,25.0
1759,0.63,1,0,15,14,9.0,6.3,0.0,26.666666666666668,33.33333333333333,40.0
1760,0.369,1,0,11,10,9.0,3.69,18.181818181818183,9.090909090909092,0.0,72.72727272727273
1761,0.266,1,0,11,10,8.0,2.66,36.36363636363637,18.181818181818183,0.0,45.45454545454545
1762,0.47,1,0,19,18,10.0,4.7,52.63157894736842,31.57894736842105,0.0,15.789473684210526
1763,0.562,1,0,19,18,10.0,5.62,10.526315789473683,21.052631578947366,0.0,68.42105263157895
1764,0.381,1,0,12,11,9.0,3.81,33.33333333333333,8.333333333333332,41.66666666666667,16.666666666666664
1765,0.55,1,0,21,20,9.0,5.5,9.523809523809524,0.0,80.95238095238095,9.523809523809524
1766,0.564,1,0,22,21,10.0,5.64,9.090909090909092,50.0,0.0,40.909090909090914
1767,0.323,1,0,13,12,10.0,3.23,38.46153846153847,23.076923076923077,7.6923076923076925,30.76923076923077
1768,0.46,1,0,14,13,10.0,4.6,21.428571428571427,7.142857142857142,0.0,71.42857142857143
1769,0.443,1,0,12,11,10.0,4.43,8.333333333333332,33.33333333333333,16.666666666666664,41.66666666666667
1770,0.596,1,0,25,24,10.0,5.96,28.000000000000004,32.0,12.0,28.000000000000004
1771,0.436,1,0,12,11,10.0,4.36,33.33333333333333,0.0,0.0,66.66666666666666
1772,0.658,1,0,16,15,10.0,6.58,0.0,43.75,25.0,31.25
1773,0.824,1,0,21,20,10.0,8.24,0.0,28.57142857142857,42.857142857142854,28.57142857142857
1774,0.64,1,0,15,14,10.0,6.4,13.333333333333334,20.0,53.333333333333336,13.333333333333334
1775,0.576,1,0,18,17,10.0,5.76,38.88888888888889,22.22222222222222,16.666666666666664,22.22222222222222
1776,0.47,1,0,14,13,10.0,4.7,0.0,21.428571428571427,35.714285714285715,42.857142857142854
1777,0.68,1,0,11,10,10.0,6.8,0.0,45.45454545454545,36.36363636363637,18.181818181818183
1778,0.785,1,0,12,11,10.0,7.85,0.0,0.0,25.0,75.0
1779,0.459,1,0,12,11,10.0,4.59,0.0,33.33333333333333,0.0,66.66666666666666
1780,0.608,1,0,19,18,10.0,6.08,0.0,10.526315789473683,42.10526315789473,47.368421052631575
1781,0.471,1,0,15,14,9.0,4.71,13.333333333333334,6.666666666666667,40.0,40.0
1782,0.62,1,0,14,13,10.0,6.2,28.57142857142857,21.428571428571427,7.142857142857142,42.857142857142854
1783,0.325,1,0,14,13,10.0,3.25,14.285714285714285,7.142857142857142,14.285714285714285,64.28571428571429
1784,0.448,1,0,16,15,10.0,4.48,50.0,6.25,31.25,12.5
1785,0.52,1,0,18,17,10.0,5.2,5.555555555555555,50.0,33.33333333333333,11.11111111111111
1786,0.59,1,0,18,17,10.0,5.9,33.33333333333333,11.11111111111111,44.44444444444444,11.11111111111111
1787,0.572,1,0,15,14,10.0,5.72,6.666666666666667,20.0,60.0,13.333333333333334
1788,0.565,1,0,19,18,10.0,5.65,5.263157894736842,15.789473684210526,63.1578947368421,15.789473684210526
1789,0.452,1,0,13,12,10.0,4.52,23.076923076923077,30.76923076923077,7.6923076923076925,38.46153846153847
1790,0.488,1,0,13,12,10.0,4.88,0.0,7.6923076923076925,46.15384615384615,46.15384615384615
1791,0.322,1,0,9,8,10.0,3.22,55.55555555555556,0.0,22.22222222222222,22.22222222222222
1792,0.605,1,0,14,13,10.0,6.05,0.0,0.0,28.57142857142857,71.42857142857143
1793,0.625,1,0,11,10,10.0,6.25,27.27272727272727,0.0,36.36363636363637,36.36363636363637
1794,0.604,1,0,21,20,10.0,6.04,0.0,38.095238095238095,14.285714285714285,47.61904761904761
1795,0.565,1,0,15,14,10.0,5.65,26.666666666666668,6.666666666666667,40.0,26.666666666666668
1796,0.556,1,0,16,15,9.0,5.56,6.25,0.0,87.5,6.25
1797,0.744,1,0,21,20,10.0,7.44,0.0,14.285714285714285,42.857142857142854,42.857142857142854
1798,0.328,1,0,13,12,9.0,3.28,0.0,15.384615384615385,7.6923076923076925,76.92307692307693
1799,0.584,1,0,17,16,10.0,5.84,5.88235294117647,17.647058823529413,70.58823529411765,5.88235294117647
1800,0.736,1,0,14,13,10.0,7.36,7.142857142857142,21.428571428571427,14.285714285714285,57.14285714285714
1801,0.82,1,0,20,19,10.0,8.2,10.0,20.0,50.0,20.0
1802,0.47,1,0,13,12,10.0,4.7,0.0,0.0,38.46153846153847,61.53846153846154
1803,0.415,1,0,9,8,9.0,4.15,44.44444444444444,0.0,44.44444444444444,11.11111111111111
1804,0.59,1,0,17,16,10.0,5.9,23.52941176470588,11.76470588235294,5.88235294117647,58.82352941176471
1805,0.474,1,0,18,17,9.0,4.74,16.666666666666664,16.666666666666664,0.0,66.66666666666666
1806,0.448,1,0,13,12,10.0,4.48,0.0,38.46153846153847,30.76923076923077,30.76923076923077
1807,0.502,1,0,12,11,9.0,5.02,0.0,91.66666666666666,0.0,8.333333333333332
1808,0.43,1,0,10,9,8.0,4.3,30.0,10.0,20.0,40.0
1809,0.524,1,0,17,16,10.0,5.24,5.88235294117647,0.0,29.411764705882355,64.70588235294117
1810,0.698,1,0,17,16,10.0,6.98,5.88235294117647,23.52941176470588,35.294117647058826,35.294117647058826
1811,0.492,1,0,17,16,10.0,4.92,23.52941176470588,5.88235294117647,47.05882352941176,23.52941176470588
1812,0.626,1,0,23,22,10.0,6.26,4.3478260869565215,13.043478260869565,13.043478260869565,69.56521739130434
1813,0.652,1,0,15,14,10.0,6.52,6.666666666666667,13.333333333333334,6.666666666666667,73.33333333333333
1814,0.586,1,0,15,14,10.0,5.86,0.0,0.0,33.33333333333333,66.66666666666666
1815,0.792,1,0,17,16,10.0,7.92,0.0,17.647058823529413,41.17647058823529,41.17647058823529
1816,0.29,1,0,8,7,9.0,2.9,25.0,12.5,0.0,62.5
1817,0.46,1,0,10,9,8.0,4.6,0.0,30.0,20.0,50.0
1818,0.53,1,0,11,10,10.0,5.3,0.0,18.181818181818183,54.54545454545454,27.27272727272727
1819,0.476,1,0,13,12,10.0,4.76,15.384615384615385,7.6923076923076925,38.46153846153847,38.46153846153847
1820,0.148,1,0,7,6,6.0,1.48,0.0,28.57142857142857,14.285714285714285,57.14285714285714
1821,0.568,1,0,15,14,10.0,5.68,6.666666666666667,0.0,46.666666666666664,46.666666666666664
1822,0.46,1,0,11,10,10.0,4.6,0.0,9.090909090909092,18.181818181818183,72.72727272727273
1823,0.542,1,0,17,16,10.0,5.42,29.411764705882355,35.294117647058826,23.52941176470588,11.76470588235294
1824,0.442,1,0,16,15,8.0,4.42,18.75,6.25,31.25,43.75
1825,0.654,1,0,24,23,10.0,6.54,12.5,0.0,20.833333333333336,66.66666666666666
1826,0.584,1,0,16,15,10.0,5.84,25.0,31.25,12.5,31.25
1827,0.442,1,0,11,10,9.0,4.42,0.0,9.090909090909092,45.45454545454545,45.45454545454545
1828,0.508,1,0,14,13,10.0,5.08,28.57142857142857,0.0,28.57142857142857,42.857142857142854
1829,0.568,1,0,16,15,10.0,5.68,6.25,6.25,75.0,12.5
1830,0.573,1,0,16,15,10.0,5.73,37.5,0.0,50.0,12.5
1831,0.562,1,0,20,19,10.0,5.62,20.0,5.0,45.0,30.0
1832,0.575,1,0,13,12,10.0,5.75,30.76923076923077,0.0,23.076923076923077,46.15384615384615
1833,0.344,1,0,19,18,10.0,3.44,0.0,10.526315789473683,0.0,89.47368421052632
1834,0.413,1,0,13,12,10.0,4.13,0.0,15.384615384615385,30.76923076923077,53.84615384615385
1835,0.49,1,0,17,16,10.0,4.9,0.0,35.294117647058826,35.294117647058826,29.411764705882355
1836,0.698,1,0,18,17,10.0,6.98,5.555555555555555,0.0,72.22222222222221,22.22222222222222
1837,0.62,1,0,17,16,10.0,6.2,41.17647058823529,0.0,47.05882352941176,11.76470588235294
1838,0.256,1,0,12,11,10.0,2.56,83.33333333333334,0.0,0.0,16.666666666666664
1839,0.72,1,0,14,13,10.0,7.2,7.142857142857142,42.857142857142854,14.285714285714285,35.714285714285715
1840,0.4,1,0,10,9,8.0,4.0,20.0,10.0,20.0,50.0
1841,0.512,1,0,11,10,10.0,5.12,27.27272727272727,0.0,27.27272727272727,45.45454545454545
1842,0.568,1,0,13,12,10.0,5.68,7.6923076923076925,46.15384615384615,30.76923076923077,15.384615384615385
1843,0.304,1,0,11,10,8.0,3.04,27.27272727272727,36.36363636363637,27.27272727272727,9.090909090909092
1844,0.6,1,0,15,14,10.0,6.0,0.0,40.0,53.333333333333336,6.666666666666667
1845,0.77,1,0,16,15,10.0,7.7,6.25,37.5,18.75,37.5
1846,0.478,1,0,12,11,10.0,4.78,16.666666666666664,41.66666666666667,0.0,41.66666666666667
1847,0.51,1,0,13,12,10.0,5.1,0.0,38.46153846153847,0.0,61.53846153846154
1848,0.552,1,0,18,17,10.0,5.52,27.77777777777778,27.77777777777778,27.77777777777778,16.666666666666664
1849,0.95,1,0,12,11,10.0,9.5,0.0,16.666666666666664,33.33333333333333,50.0
1850,0.576,1,0,14,13,10.0,5.76,0.0,64.28571428571429,7.142857142857142,28.57142857142857
1851,0.55,1,0,9,8,10.0,5.5,0.0,55.55555555555556,22.22222222222222,22.22222222222222
1852,0.84,1,0,18,17,10.0,8.4,5.555555555555555,38.88888888888889,44.44444444444444,11.11111111111111
1853,0.195,1,0,5,4,8.0,1.95,40.0,20.0,20.0,20.0
1854,0.49,1,0,15,14,10.0,4.9,6.666666666666667,0.0,66.66666666666666,26.666666666666668
1855,0.416,1,0,10,9,9.0,4.16,0.0,40.0,50.0,10.0
1856,0.37,1,0,14,13,10.0,3.7,0.0,21.428571428571427,57.14285714285714,21.428571428571427
1857,0.126,1,0,7,6,6.0,1.26,42.857142857142854,28.57142857142857,0.0,28.57142857142857
1858,0.572,1,0,16,15,10.0,5.72,25.0,0.0,12.5,62.5
1859,0.416,1,0,15,14,9.0,4.16,33.33333333333333,53.333333333333336,6.666666666666667,6.666666666666667
1860,0.302,1,0,13,12,9.0,3.02,53.84615384615385,23.076923076923077,0.0,23.076923076923077
1861,0.4,1,0,10,9,8.0,4.0,20.0,10.0,50.0,20.0
1862,0.626,1,0,21,20,10.0,6.26,0.0,9.523809523809524,66.66666666666666,23.809523809523807
1863,0.586,1,0,20,19,10.0,5.86,5.0,45.0,20.0,30.0
1864,0.56,1,0,16,15,10.0,5.6,6.25,12.5,68.75,12.5
1865,0.588,1,0,17,16,10.0,5.88,11.76470588235294,0.0,23.52941176470588,64.70588235294117
1866,0.4,1,0,9,8,8.0,4.0,22.22222222222222,0.0,33.33333333333333,44.44444444444444
1867,0.412,1,0,10,9,9.0,4.12,0.0,10.0,50.0,40.0
1868,0.62,1,0,13,12,10.0,6.2,15.384615384615385,30.76923076923077,46.15384615384615,7.6923076923076925
1869,0.58,1,0,15,14,10.0,5.8,20.0,33.33333333333333,26.666666666666668,20.0
1870,0.4,1,0,13,12,10.0,4.0,0.0,0.0,30.76923076923077,69.23076923076923
1871,0.654,1,0,15,14,10.0,6.54,40.0,0.0,26.666666666666668,33.33333333333333
1872,0.5,1,0,18,17,10.0,5.0,55.55555555555556,0.0,22.22222222222222,22.22222222222222
1873,0.299,1,0,10,9,9.0,2.99,20.0,20.0,40.0,20.0
1874,0.44,1,0,10,9,10.0,4.4,30.0,30.0,0.0,40.0
1875,0.592,1,0,15,14,10.0,5.92,13.333333333333334,53.333333333333336,20.0,13.333333333333334
1876,0.382,1,0,12,11,8.0,3.82,25.0,41.66666666666667,0.0,33.33333333333333
1877,0.85,1,0,15,14,10.0,8.5,13.333333333333334,20.0,46.666666666666664,20.0
1878,0.615,1,0,12,11,10.0,6.15,8.333333333333332,8.333333333333332,16.666666666666664,66.66666666666666
1879,0.688,1,0,20,19,10.0,6.88,10.0,15.0,35.0,40.0
1880,0.83,1,0,18,17,10.0,8.3,33.33333333333333,0.0,27.77777777777778,38.88888888888889
1881,0.584,1,0,22,21,10.0,5.84,13.636363636363635,4.545454545454546,45.45454545454545,36.36363636363637
1882,0.425,1,0,16,15,10.0,4.25,31.25,18.75,31.25,18.75
1883,0.372,1,0,15,14,10.0,3.72,13.333333333333334,0.0,46.666666666666664,40.0
1884,0.397,1,0,11,10,8.0,3.97,0.0,0.0,18.181818181818183,81.81818181818183
1885,0.28,1,0,10,9,10.0,2.8,0.0,50.0,0.0,50.0
1886,0.486,1,0,13,12,10.0,4.86,15.384615384615385,7.6923076923076925,61.53846153846154,15.384615384615385
1887,0.552,1,0,17,16,10.0,5.52,5.88235294117647,23.52941176470588,11.76470588235294,58.82352941176471
1888,0.5,1,0,22,21,10.0,5.0,0.0,18.181818181818183,18.181818181818183,63.63636363636363
1889,0.488,1,0,14,13,10.0,4.88,14.285714285714285,0.0,71.42857142857143,14.285714285714285
1890,0.42,1,0,12,11,10.0,4.2,0.0,25.0,8.333333333333332,66.66666666666666
1891,0.71,1,0,14,13,10.0,7.1,0.0,7.142857142857142,85.71428571428571,7.142857142857142
1892,0.62,1,0,11,10,10.0,6.2,9.090909090909092,18.181818181818183,45.45454545454545,27.27272727272727
1893,0.464,1,0,19,18,10.0,4.64,10.526315789473683,10.526315789473683,26.31578947368421,52.63157894736842
1894,0.592,1,0,18,17,8.0,5.92,5.555555555555555,22.22222222222222,5.555555555555555,66.66666666666666
1895,0.408,1,0,17,16,9.0,4.08,23.52941176470588,0.0,17.647058823529413,58.82352941176471
1896,0.57,1,0,11,10,10.0,5.7,0.0,72.72727272727273,18.181818181818183,9.090909090909092
1897,0.712,1,0,15,14,10.0,7.12,0.0,20.0,66.66666666666666,13.333333333333334
1898,0.6,1,0,21,20,10.0,6.0,19.047619047619047,42.857142857142854,23.809523809523807,14.285714285714285
1899,0.502,1,0,18,17,10.0,5.02,5.555555555555555,22.22222222222222,38.88888888888889,33.33333333333333
1900,0.592,1,0,20,19,10.0,5.92,0.0,85.0,10.0,5.0
1901,0.644,1,0,18,17,10.0,6.44,0.0,11.11111111111111,66.66666666666666,22.22222222222222
1902,0.644,1,0,17,16,10.0,6.44,41.17647058823529,0.0,41.17647058823529,17.647058823529413
1903,0.668,1,0,18,17,10.0,6.68,0.0,0.0,44.44444444444444,55.55555555555556
1904,0.562,1,0,26,25,10.0,5.62,19.230769230769234,19.230769230769234,34.61538461538461,26.923076923076923
1905,0.764,1,0,16,15,10.0,7.64,0.0,31.25,18.75,50.0
1906,0.456,1,0,15,14,10.0,4.56,6.666666666666667,66.66666666666666,6.666666666666667,20.0
1907,0.8,1,0,19,18,10.0,8.0,15.789473684210526,36.84210526315789,36.84210526315789,10.526315789473683
1908,0.524,1,0,20,19,10.0,5.24,0.0,0.0,20.0,80.0
1909,0.46,1,0,12,11,10.0,4.6,8.333333333333332,8.333333333333332,66.66666666666666,16.666666666666664
1910,0.563,1,0,11,10,10.0,5.63,45.45454545454545,0.0,0.0,54.54545454545454
1911,0.47,1,0,14,13,10.0,4.7,0.0,7.142857142857142,50.0,42.857142857142854
1912,0.51,1,0,19,18,10.0,5.1,5.263157894736842,10.526315789473683,10.526315789473683,73.68421052631578
1913,0.785,1,0,13,12,10.0,7.85,23.076923076923077,0.0,53.84615384615385,23.076923076923077
1914,0.743,1,0,16,15,10.0,7.43,18.75,6.25,6.25,68.75
1915,0.403,1,0,17,16,9.0,4.03,35.294117647058826,5.88235294117647,11.76470588235294,47.05882352941176
1916,0.7,1,0,15,14,10.0,7.0,6.666666666666667,0.0,13.333333333333334,80.0
1917,0.623,1,0,16,15,10.0,6.23,0.0,37.5,56.25,6.25
1918,0.454,1,0,13,12,10.0,4.54,7.6923076923076925,0.0,46.15384615384615,46.15384615384615
1919,0.555,1,0,19,18,9.0,5.55,21.052631578947366,31.57894736842105,36.84210526315789,10.526315789473683
1920,0.525,1,0,12,11,10.0,5.25,0.0,25.0,58.333333333333336,16.666666666666664
1921,0.526,1,0,16,15,10.0,5.26,0.0,6.25,31.25,62.5
1922,0.537,1,0,18,17,10.0,5.37,33.33333333333333,0.0,38.88888888888889,27.77777777777778
1923,0.498,1,0,18,17,10.0,4.98,33.33333333333333,27.77777777777778,5.555555555555555,33.33333333333333
1924,0.875,1,0,15,14,10.0,8.75,20.0,6.666666666666667,60.0,13.333333333333334
1925,0.55,1,0,21,20,10.0,5.5,0.0,80.95238095238095,4.761904761904762,14.285714285714285
1926,0.376,1,0,13,12,10.0,3.76,7.6923076923076925,46.15384615384615,15.384615384615385,30.76923076923077
1927,0.516,1,0,15,14,10.0,5.16,0.0,26.666666666666668,40.0,33.33333333333333
1928,0.434,1,0,13,12,10.0,4.34,15.384615384615385,53.84615384615385,23.076923076923077,7.6923076923076925
1929,0.426,1,0,15,14,10.0,4.26,0.0,33.33333333333333,0.0,66.66666666666666
1930,0.69,1,0,13,12,10.0,6.9,23.076923076923077,7.6923076923076925,61.53846153846154,7.6923076923076925
1931,0.72,1,0,13,12,10.0,7.2,0.0,46.15384615384615,0.0,53.84615384615385
1932,0.685,1,0,14,13,10.0,6.85,0.0,28.57142857142857,35.714285714285715,35.714285714285715
1933,0.348,1,0,14,13,10.0,3.48,42.857142857142854,14.285714285714285,7.142857142857142,35.714285714285715
1934,0.446,1,0,12,11,10.0,4.46,0.0,50.0,25.0,25.0
1935,0.501,1,0,20,19,9.0,5.01,20.0,55.00000000000001,5.0,20.0
1936,0.62,1,0,14,13,10.0,6.2,14.285714285714285,7.142857142857142,7.142857142857142,71.42857142857143
1937,0.615,1,0,13,12,10.0,6.15,0.0,23.076923076923077,30.76923076923077,46.15384615384615
1938,0.384,1,0,10,9,8.0,3.84,0.0,40.0,0.0,60.0
1939,0.54,1,0,14,13,10.0,5.4,0.0,35.714285714285715,35.714285714285715,28.57142857142857
1940,0.5,1,0,11,10,10.0,5.0,27.27272727272727,9.090909090909092,54.54545454545454,9.090909090909092
1941,0.42,1,0,13,12,9.0,4.2,30.76923076923077,0.0,23.076923076923077,46.15384615384615
1942,0.439,1,0,11,10,9.0,4.39,27.27272727272727,0.0,54.54545454545454,18.181818181818183
1943,0.596,1,0,21,20,10.0,5.96,0.0,4.761904761904762,23.809523809523807,71.42857142857143
1944,0.79,1,0,15,14,10.0,7.9,0.0,26.666666666666668,53.333333333333336,20.0
1945,0.275,1,0,11,10,8.0,2.75,9.090909090909092,9.090909090909092,36.36363636363637,45.45454545454545
1946,0.515,1,0,18,17,10.0,5.15,5.555555555555555,27.77777777777778,33.33333333333333,33.33333333333333
1947,0.432,1,0,20,19,10.0,4.32,15.0,10.0,30.0,45.0
1948,0.498,1,0,15,14,10.0,4.98,26.666666666666668,13.333333333333334,33.33333333333333,26.666666666666668
1949,0.584,1,0,16,15,10.0,5.84,6.25,6.25,62.5,25.0
1950,0.72,1,0,14,13,10.0,7.2,50.0,0.0,28.57142857142857,21.428571428571427
1951,0.576,1,0,17,16,10.0,5.76,17.647058823529413,41.17647058823529,35.294117647058826,5.88235294117647
1952,0.576,1,0,21,20,10.0,5.76,9.523809523809524,23.809523809523807,28.57142857142857,38.095238095238095
1953,0.56,1,0,15,14,10.0,5.6,0.0,13.333333333333334,60.0,26.666666666666668
1954,0.458,1,0,12,11,9.0,4.58,0.0,33.33333333333333,58.333333333333336,8.333333333333332
1955,0.48,1,0,16,15,10.0,4.8,62.5,18.75,0.0,18.75
1956,0.62,1,0,11,10,10.0,6.2,18.181818181818183,18.181818181818183,54.54545454545454,9.090909090909092
1957,0.67,1,0,17,16,10.0,6.7,23.52941176470588,17.647058823529413,23.52941176470588,35.294117647058826
1958,0.3,1,0,9,8,8.0,3.0,11.11111111111111,11.11111111111111,33.33333333333333,44.44444444444444
1959,0.44,1,0,16,15,10.0,4.4,25.0,6.25,25.0,43.75
1960,0.4,1,0,10,9,8.0,4.0,10.0,40.0,30.0,20.0
1961,0.71,1,0,14,13,10.0,7.1,14.285714285714285,0.0,78.57142857142857,7.142857142857142
1962,0.45,1,0,16,15,9.0,4.5,12.5,31.25,25.0,31.25
1963,0.466,1,0,13,12,10.0,4.66,15.384615384615385,0.0,61.53846153846154,23.076923076923077
1964,0.456,1,0,12,11,9.0,4.56,0.0,8.333333333333332,33.33333333333333,58.333333333333336
1965,0.784,1,0,16,15,10.0,7.84,6.25,6.25,43.75,43.75
1966,0.67,1,0,17,16,10.0,6.7,0.0,17.647058823529413,0.0,82.35294117647058
1967,0.704,1,0,18,17,10.0,7.04,0.0,5.555555555555555,50.0,44.44444444444444
1968,0.45,1,0,16,15,10.0,4.5,0.0,25.0,56.25,18.75
1969,0.516,1,0,14,13,10.0,5.16,21.428571428571427,35.714285714285715,21.428571428571427,21.428571428571427
1970,0.328,1,0,13,12,9.0,3.28,7.6923076923076925,23.076923076923077,15.384615384615385,53.84615384615385
1971,0.644,1,0,19,18,10.0,6.44,5.263157894736842,31.57894736842105,47.368421052631575,15.789473684210526
1972,0.532,1,0,16,15,10.0,5.32,25.0,18.75,6.25,50.0
1973,0.702,1,0,18,17,10.0,7.02,5.555555555555555,11.11111111111111,22.22222222222222,61.111111111111114
1974,0.536,1,0,14,13,10.0,5.36,7.142857142857142,0.0,50.0,42.857142857142854
1975,0.18,1,0,9,8,6.0,1.8,11.11111111111111,22.22222222222222,11.11111111111111,55.55555555555556
1976,0.332,1,0,11,10,10.0,3.32,36.36363636363637,45.45454545454545,0.0,18.181818181818183
1977,0.774,1,0,26,25,10.0,7.74,3.8461538461538463,15.384615384615385,19.230769230769234,61.53846153846154
1978,0.486,1,0,14,13,10.0,4.86,35.714285714285715,0.0,57.14285714285714,7.142857142857142
1979,0.67,1,0,13,12,10.0,6.7,0.0,69.23076923076923,15.384615384615385,15.384615384615385
1980,0.7,1,0,13,12,10.0,7.0,0.0,23.076923076923077,38.46153846153847,38.46153846153847
1981,0.45,1,0,18,17,10.0,4.5,16.666666666666664,11.11111111111111,16.666666666666664,55.55555555555556
1982,0.382,1,0,11,10,9.0,3.82,9.090909090909092,0.0,18.181818181818183,72.72727272727273
1983,0.438,1,0,13,12,10.0,4.38,7.6923076923076925,23.076923076923077,30.76923076923077,38.46153846153847
1984,0.592,1,0,19,18,10.0,5.92,10.526315789473683,0.0,84.21052631578947,5.263157894736842
1985,0.492,1,0,17,16,10.0,4.92,23.52941176470588,29.411764705882355,17.647058823529413,29.411764705882355
1986,0.528,1,0,17,16,10.0,5.28,0.0,58.82352941176471,35.294117647058826,5.88235294117647
1987,0.63,1,0,13,12,10.0,6.3,15.384615384615385,38.46153846153847,7.6923076923076925,38.46153846153847
1988,0.151,1,0,9,8,8.0,1.51,0.0,0.0,0.0,100.0
1989,0.45,1,0,16,15,10.0,4.5,6.25,31.25,12.5,50.0
1990,0.468,1,0,14,13,9.0,4.68,7.142857142857142,7.142857142857142,35.714285714285715,50.0
1991,0.484,1,0,13,12,8.0,4.84,0.0,38.46153846153847,7.6923076923076925,53.84615384615385
1992,0.73,1,0,14,13,10.0,7.3,0.0,35.714285714285715,42.857142857142854,21.428571428571427
1993,0.42,1,0,12,11,10.0,4.2,16.666666666666664,50.0,25.0,8.333333333333332
1994,0.62,1,0,16,15,10.0,6.2,0.0,43.75,0.0,56.25
1995,0.56,1,0,18,17,10.0,5.6,0.0,5.555555555555555,66.66666666666666,27.77777777777778
1996,0.535,1,0,17,16,10.0,5.35,0.0,76.47058823529412,11.76470588235294,11.76470588235294
1997,0.32,1,0,11,10,8.0,3.2,9.090909090909092,45.45454545454545,36.36363636363637,9.090909090909092
1998,0.56,1,0,10,9,10.0,5.6,20.0,0.0,60.0,20.0
1999,0.441,1,0,14,13,10.0,4.41,0.0,35.714285714285715,35.714285714285715,28.57142857142857
2000,0.485,1,0,10,9,10.0,4.85,0.0,0.0,10.0,90.0
2001,0.392,1,0,12,11,10.0,3.92,0.0,0.0,50.0,50.0
2002,0.44,1,0,14,13,9.0,4.4,35.714285714285715,14.285714285714285,35.714285714285715,14.285714285714285
2003,0.726,1,0,20,19,10.0,7.26,5.0,25.0,45.0,25.0
2004,0.38,1,0,18,17,10.0,3.8,0.0,66.66666666666666,0.0,33.33333333333333
2005,0.55,1,0,20,19,10.0,5.5,0.0,50.0,20.0,30.0
2006,0.398,1,0,11,10,10.0,3.98,36.36363636363637,18.181818181818183,0.0,45.45454545454545
2007,0.294,1,0,9,8,10.0,2.94,22.22222222222222,22.22222222222222,22.22222222222222,33.33333333333333
2008,0.536,1,0,15,14,10.0,5.36,26.666666666666668,0.0,26.666666666666668,46.666666666666664
2009,0.679,1,0,18,17,10.0,6.79,44.44444444444444,0.0,11.11111111111111,44.44444444444444
2010,0.446,1,0,11,10,10.0,4.46,54.54545454545454,9.090909090909092,27.27272727272727,9.090909090909092
2011,0.676,1,0,18,17,10.0,6.76,11.11111111111111,50.0,16.666666666666664,22.22222222222222
2012,0.54,1,0,14,13,10.0,5.4,0.0,21.428571428571427,64.28571428571429,14.285714285714285
2013,0.427,1,0,12,11,8.0,4.27,41.66666666666667,16.666666666666664,25.0,16.666666666666664
2014,0.6,1,0,14,13,10.0,6.0,0.0,21.428571428571427,21.428571428571427,57.14285714285714
2015,0.664,1,0,21,20,10.0,6.64,4.761904761904762,9.523809523809524,71.42857142857143,14.285714285714285
2016,0.498,1,0,13,12,8.0,4.98,7.6923076923076925,15.384615384615385,53.84615384615385,23.076923076923077
2017,0.456,1,0,15,14,9.0,4.56,20.0,60.0,0.0,20.0
2018,0.502,1,0,15,14,10.0,5.02,33.33333333333333,0.0,60.0,6.666666666666667
2019,0.538,1,0,14,13,10.0,5.38,0.0,21.428571428571427,35.714285714285715,42.857142857142854
2020,0.64,1,0,15,14,10.0,6.4,6.666666666666667,6.666666666666667,60.0,26.666666666666668
2021,0.565,1,0,9,8,10.0,5.65,0.0,22.22222222222222,11.11111111111111,66.66666666666666
2022,0.585,1,0,13,12,10.0,5.85,7.6923076923076925,0.0,38.46153846153847,53.84615384615385
2023,0.632,1,0,23,22,10.0,6.32,13.043478260869565,4.3478260869565215,39.130434782608695,43.47826086956522
2024,0.573,1,0,16,15,10.0,5.73,0.0,18.75,62.5,18.75
2025,0.5,1,0,16,15,10.0,5.0,12.5,12.5,68.75,6.25
2026,0.556,1,0,17,16,10.0,5.56,17.647058823529413,58.82352941176471,17.647058823529413,5.88235294117647
2027,0.494,1,0,15,14,9.0,4.94,20.0,33.33333333333333,33.33333333333333,13.333333333333334
2028,0.66,1,0,15,14,10.0,6.6,6.666666666666667,40.0,6.666666666666667,46.666666666666664
2029,0.416,1,0,14,13,9.0,4.16,7.142857142857142,42.857142857142854,14.285714285714285,35.714285714285715
2030,0.441,1,0,16,15,10.0,4.41,12.5,31.25,43.75,12.5
2031,0.3,1,0,10,9,9.0,3.0,40.0,0.0,10.0,50.0
2032,0.69,1,0,21,20,10.0,6.9,9.523809523809524,23.809523809523807,38.095238095238095,28.57142857142857
2033,0.368,1,0,11,10,9.0,3.68,9.090909090909092,27.27272727272727,0.0,63.63636363636363
2034,0.6,1,0,20,19,10.0,6.0,5.0,0.0,75.0,20.0
2035,0.553,1,0,18,17,10.0,5.53,0.0,22.22222222222222,50.0,27.77777777777778
2036,0.424,1,0,11,10,8.0,4.24,9.090909090909092,27.27272727272727,45.45454545454545,18.181818181818183
2037,0.596,1,0,19,18,10.0,5.96,0.0,5.263157894736842,47.368421052631575,47.368421052631575
2038,0.552,1,0,17,16,10.0,5.52,11.76470588235294,17.647058823529413,0.0,70.58823529411765
2039,0.326,1,0,12,11,9.0,3.26,8.333333333333332,8.333333333333332,8.333333333333332,75.0
2040,0.556,1,0,16,15,10.0,5.56,0.0,6.25,50.0,43.75
2041,0.428,1,0,15,14,10.0,4.28,20.0,60.0,13.333333333333334,6.666666666666667
2042,0.5,1,0,10,9,10.0,5.0,20.0,0.0,70.0,10.0
2043,0.65,1,0,11,10,10.0,6.5,27.27272727272727,27.27272727272727,36.36363636363637,9.090909090909092
2044,0.488,1,0,16,15,8.0,4.88,0.0,12.5,12.5,75.0
2045,0.57,1,0,12,11,10.0,5.7,0.0,0.0,33.33333333333333,66.66666666666666
2046,0.53,1,0,13,12,10.0,5.3,0.0,0.0,84.61538461538461,15.384615384615385
2047,0.44,1,0,16,15,10.0,4.4,25.0,18.75,25.0,31.25
2048,0.42,1,0,14,13,10.0,4.2,28.57142857142857,7.142857142857142,7.142857142857142,57.14285714285714
2049,0.825,1,0,13,12,10.0,8.25,7.6923076923076925,46.15384615384615,15.384615384615385,30.76923076923077
2050,0.416,1,0,15,14,9.0,4.16,40.0,13.333333333333334,26.666666666666668,20.0
2051,0.516,1,0,14,13,10.0,5.16,7.142857142857142,21.428571428571427,35.714285714285715,35.714285714285715
2052,0.428,1,0,10,9,10.0,4.28,0.0,40.0,20.0,40.0
2053,0.518,1,0,14,13,10.0,5.18,14.285714285714285,7.142857142857142,35.714285714285715,42.857142857142854
2054,0.533,1,0,11,10,10.0,5.33,18.181818181818183,9.090909090909092,18.181818181818183,54.54545454545454
2055,0.63,1,0,19,18,10.0,6.3,0.0,5.263157894736842,52.63157894736842,42.10526315789473
2056,0.428,1,0,12,11,10.0,4.28,0.0,58.333333333333336,33.33333333333333,8.333333333333332
2057,0.489,1,0,14,13,10.0,4.89,7.142857142857142,0.0,21.428571428571427,71.42857142857143
2058,0.46,1,0,14,13,10.0,4.6,0.0,50.0,7.142857142857142,42.857142857142854
2059,0.582,1,0,15,14,10.0,5.82,13.333333333333334,60.0,6.666666666666667,20.0
2060,0.7,1,0,14,13,10.0,7.0,0.0,0.0,71.42857142857143,28.57142857142857
2061,0.623,1,0,22,21,10.0,6.23,4.545454545454546,4.545454545454546,31.818181818181817,59.09090909090909
2062,0.523,1,0,13,12,10.0,5.23,0.0,15.384615384615385,15.384615384615385,69.23076923076923
2063,0.64,1,0,21,20,10.0,6.4,9.523809523809524,23.809523809523807,38.095238095238095,28.57142857142857
2064,0.63,1,0,14,13,10.0,6.3,0.0,42.857142857142854,21.428571428571427,35.714285714285715
2065,0.444,1,0,10,9,10.0,4.44,60.0,10.0,10.0,20.0
2066,0.548,1,0,15,14,10.0,5.48,6.666666666666667,33.33333333333333,53.333333333333336,6.666666666666667
2067,0.46,1,0,13,12,10.0,4.6,7.6923076923076925,46.15384615384615,30.76923076923077,15.384615384615385
2068,0.522,1,0,20,19,10.0,5.22,0.0,45.0,20.0,35.0
2069,0.434,1,0,12,11,9.0,4.34,0.0,16.666666666666664,33.33333333333333,50.0
2070,0.428,1,0,13,12,10.0,4.28,7.6923076923076925,23.076923076923077,46.15384615384615,23.076923076923077
2071,0.512,1,0,14,13,10.0,5.12,14.285714285714285,14.285714285714285,57.14285714285714,14.285714285714285
2072,0.5,1,0,10,9,10.0,5.0,10.0,0.0,60.0,30.0
2073,0.516,1,0,16,15,10.0,5.16,6.25,31.25,0.0,62.5
2074,0.35,1,0,15,14,10.0,3.5,0.0,20.0,0.0,80.0
2075,0.6,1,0,17,16,10.0,6.0,23.52941176470588,23.52941176470588,41.17647058823529,11.76470588235294
2076,0.36,1,0,13,12,9.0,3.6,0.0,53.84615384615385,7.6923076923076925,38.46153846153847
2077,0.476,1,0,13,12,10.0,4.76,15.384615384615385,46.15384615384615,23.076923076923077,15.384615384615385
2078,0.446,1,0,12,11,10.0,4.46,0.0,0.0,16.666666666666664,83.33333333333334
2079,0.564,1,0,15,14,10.0,5.64,6.666666666666667,6.666666666666667,73.33333333333333,13.333333333333334
2080,0.511,1,0,13,12,10.0,5.11,7.6923076923076925,7.6923076923076925,61.53846153846154,23.076923076923077
2081,0.578,1,0,15,14,10.0,5.78,26.666666666666668,6.666666666666667,26.666666666666668,40.0
2082,1.0,0,0,13,13,10.0,10.0,7.6923076923076925,30.76923076923077,30.76923076923077,30.76923076923077
2083,0.516,1,0,16,15,10.0,5.16,31.25,12.5,25.0,31.25
2084,0.5,1,0,10,9,10.0,5.0,0.0,10.0,40.0,50.0
2085,0.526,1,0,21,20,10.0,5.26,14.285714285714285,19.047619047619047,0.0,66.66666666666666
2086,0.44,1,0,11,10,10.0,4.4,9.090909090909092,0.0,63.63636363636363,27.27272727272727
2087,0.46,1,0,14,13,10.0,4.6,0.0,7.142857142857142,0.0,92.85714285714286
2088,0.574,1,0,16,15,10.0,5.74,6.25,6.25,25.0,62.5
2089,0.74,1,0,11,10,10.0,7.4,9.090909090909092,27.27272727272727,27.27272727272727,36.36363636363637
2090,0.174,1,0,8,7,8.0,1.74,25.0,25.0,0.0,50.0
2091,0.61,1,0,17,16,10.0,6.1,5.88235294117647,0.0,35.294117647058826,58.82352941176471
2092,0.662,1,0,13,12,10.0,6.62,0.0,46.15384615384615,23.076923076923077,30.76923076923077
2093,0.596,1,0,13,12,10.0,5.96,0.0,23.076923076923077,30.76923076923077,46.15384615384615
2094,0.673,1,0,18,17,10.0,6.73,16.666666666666664,16.666666666666664,33.33333333333333,33.33333333333333
2095,0.461,1,0,12,11,9.0,4.61,0.0,16.666666666666664,0.0,83.33333333333334
2096,0.498,1,0,17,16,10.0,4.98,5.88235294117647,58.82352941176471,17.647058823529413,17.647058823529413
2097,0.468,1,0,12,11,10.0,4.68,0.0,33.33333333333333,16.666666666666664,50.0
2098,0.296,1,0,9,8,10.0,2.96,11.11111111111111,44.44444444444444,22.22222222222222,22.22222222222222
2099,0.572,1,0,13,12,10.0,5.72,0.0,38.46153846153847,38.46153846153847,23.076923076923077
2100,0.795,1,0,17,16,10.0,7.95,11.76470588235294,5.88235294117647,47.05882352941176,35.294117647058826
SUMMARY,0.5248609523809527,2098,0,,,,,15.005103252130619,21.81972248220897,28.176694491895024,34.99847977376539
