episode,utilization,invalid_learned,invalid_attempted,boxes_attempted,placed_boxes,max_height,avg_height,perc_stacking,perc_best_fit,perc_semi_perfect_fit,perc_random_fit
1,0.86,2,0,21,19,10.0,8.6,38.095238095238095,14.285714285714285,28.57142857142857,19.047619047619047
2,0.768,5,0,31,26,10.0,7.68,35.483870967741936,29.03225806451613,16.129032258064516,19.35483870967742
3,0.639,10,0,30,20,10.0,6.39,30.0,16.666666666666664,33.33333333333333,20.0
4,0.76,4,0,27,23,10.0,7.6,37.03703703703704,18.51851851851852,11.11111111111111,33.33333333333333
5,0.76,3,0,24,21,10.0,7.6,25.0,12.5,25.0,37.5
6,0.682,7,0,30,23,10.0,6.82,16.666666666666664,20.0,30.0,33.33333333333333
7,0.775,4,0,23,19,10.0,7.75,30.434782608695656,21.73913043478261,17.391304347826086,30.434782608695656
8,0.75,3,0,22,19,10.0,7.5,31.818181818181817,31.818181818181817,13.636363636363635,22.727272727272727
9,0.665,4,0,18,14,10.0,6.65,33.33333333333333,11.11111111111111,22.22222222222222,33.33333333333333
10,0.824,4,0,37,33,10.0,8.24,27.027027027027028,27.027027027027028,27.027027027027028,18.91891891891892
11,0.822,4,0,28,24,10.0,8.22,10.714285714285714,25.0,42.857142857142854,21.428571428571427
12,0.83,3,0,13,10,10.0,8.3,15.384615384615385,30.76923076923077,38.46153846153847,15.384615384615385
13,0.718,8,0,21,13,10.0,7.18,33.33333333333333,33.33333333333333,23.809523809523807,9.523809523809524
14,0.74,7,0,28,21,10.0,7.4,21.428571428571427,39.285714285714285,17.857142857142858,21.428571428571427
15,0.743,7,0,32,25,10.0,7.43,15.625,28.125,28.125,28.125
16,0.72,4,0,27,23,10.0,7.2,29.629629629629626,22.22222222222222,37.03703703703704,11.11111111111111
17,0.71,4,0,25,21,10.0,7.1,16.0,28.000000000000004,32.0,24.0
18,0.772,5,0,27,22,10.0,7.72,25.925925925925924,25.925925925925924,25.925925925925924,22.22222222222222
19,0.64,6,0,35,29,10.0,6.4,17.142857142857142,14.285714285714285,34.285714285714285,34.285714285714285
20,0.723,5,0,25,20,10.0,7.23,32.0,8.0,44.0,16.0
21,0.8,3,0,18,15,10.0,8.0,27.77777777777778,44.44444444444444,11.11111111111111,16.666666666666664
22,0.565,9,0,28,19,10.0,5.65,21.428571428571427,35.714285714285715,17.857142857142858,25.0
23,0.652,8,0,31,23,10.0,6.52,29.03225806451613,22.58064516129032,19.35483870967742,29.03225806451613
24,0.729,5,0,25,20,10.0,7.29,16.0,20.0,28.000000000000004,36.0
25,0.89,2,0,22,20,10.0,8.9,40.909090909090914,27.27272727272727,4.545454545454546,27.27272727272727
26,0.675,5,0,21,16,10.0,6.75,23.809523809523807,28.57142857142857,33.33333333333333,14.285714285714285
27,0.75,3,0,16,13,10.0,7.5,25.0,12.5,31.25,31.25
28,0.68,5,0,28,23,10.0,6.8,17.857142857142858,21.428571428571427,35.714285714285715,25.0
29,0.69,4,0,28,24,10.0,6.9,28.57142857142857,21.428571428571427,35.714285714285715,14.285714285714285
30,0.81,5,0,23,18,10.0,8.1,21.73913043478261,13.043478260869565,21.73913043478261,43.47826086956522
31,0.68,6,0,28,22,10.0,6.8,10.714285714285714,25.0,28.57142857142857,35.714285714285715
32,0.76,5,0,30,25,10.0,7.6,40.0,13.333333333333334,23.333333333333332,23.333333333333332
33,0.51,6,0,18,12,10.0,5.1,16.666666666666664,16.666666666666664,38.88888888888889,27.77777777777778
34,0.7,7,0,28,21,10.0,7.0,28.57142857142857,17.857142857142858,25.0,28.57142857142857
35,0.624,7,0,23,16,10.0,6.24,17.391304347826086,17.391304347826086,39.130434782608695,26.08695652173913
36,0.696,7,0,28,21,10.0,6.96,46.42857142857143,17.857142857142858,25.0,10.714285714285714
37,0.676,8,0,33,25,10.0,6.76,33.33333333333333,24.242424242424242,15.151515151515152,27.27272727272727
38,0.704,5,0,27,22,10.0,7.04,7.4074074074074066,29.629629629629626,33.33333333333333,29.629629629629626
39,0.674,5,0,21,16,10.0,6.74,19.047619047619047,23.809523809523807,14.285714285714285,42.857142857142854
40,0.63,6,0,23,17,10.0,6.3,21.73913043478261,26.08695652173913,30.434782608695656,21.73913043478261
41,0.754,5,0,21,16,10.0,7.54,28.57142857142857,42.857142857142854,9.523809523809524,19.047619047619047
42,0.7,6,0,27,21,10.0,7.0,18.51851851851852,29.629629629629626,25.925925925925924,25.925925925925924
43,0.82,2,0,21,19,10.0,8.2,14.285714285714285,28.57142857142857,42.857142857142854,14.285714285714285
44,0.774,5,0,31,26,10.0,7.74,35.483870967741936,19.35483870967742,35.483870967741936,9.67741935483871
45,0.66,5,0,27,22,10.0,6.6,33.33333333333333,22.22222222222222,25.925925925925924,18.51851851851852
46,0.796,3,0,32,29,10.0,7.96,18.75,25.0,34.375,21.875
47,0.68,6,0,25,19,10.0,6.8,28.000000000000004,28.000000000000004,20.0,24.0
48,0.836,3,0,32,29,10.0,8.36,18.75,28.125,25.0,28.125
49,0.63,5,0,19,14,10.0,6.3,15.789473684210526,42.10526315789473,15.789473684210526,26.31578947368421
50,0.736,7,0,34,27,10.0,7.36,29.411764705882355,23.52941176470588,23.52941176470588,23.52941176470588
51,0.78,3,0,27,24,10.0,7.8,22.22222222222222,18.51851851851852,14.814814814814813,44.44444444444444
52,0.868,4,0,27,23,10.0,8.68,29.629629629629626,18.51851851851852,40.74074074074074,11.11111111111111
53,0.76,4,0,23,19,10.0,7.6,34.78260869565217,26.08695652173913,21.73913043478261,17.391304347826086
54,0.7,7,0,24,17,10.0,7.0,16.666666666666664,29.166666666666668,16.666666666666664,37.5
55,0.73,7,0,26,19,10.0,7.3,30.76923076923077,34.61538461538461,19.230769230769234,15.384615384615385
56,0.725,3,0,25,22,10.0,7.25,36.0,28.000000000000004,12.0,24.0
57,0.74,5,0,22,17,10.0,7.4,22.727272727272727,22.727272727272727,36.36363636363637,18.181818181818183
58,0.632,7,0,26,19,10.0,6.32,19.230769230769234,57.692307692307686,11.538461538461538,11.538461538461538
59,0.74,9,0,33,24,10.0,7.4,33.33333333333333,12.121212121212121,27.27272727272727,27.27272727272727
60,0.76,3,0,20,17,10.0,7.6,35.0,20.0,20.0,25.0
61,0.68,5,0,25,20,10.0,6.8,44.0,24.0,16.0,16.0
62,0.76,4,0,25,21,10.0,7.6,16.0,20.0,36.0,28.000000000000004
63,0.672,6,0,22,16,10.0,6.72,50.0,22.727272727272727,18.181818181818183,9.090909090909092
64,0.795,2,0,17,15,10.0,7.95,41.17647058823529,11.76470588235294,29.411764705882355,17.647058823529413
65,0.722,5,0,27,22,10.0,7.22,22.22222222222222,29.629629629629626,25.925925925925924,22.22222222222222
66,0.805,3,0,18,15,10.0,8.05,16.666666666666664,22.22222222222222,33.33333333333333,27.77777777777778
67,0.712,8,0,23,15,10.0,7.12,39.130434782608695,17.391304347826086,17.391304347826086,26.08695652173913
68,0.728,6,0,27,21,10.0,7.28,37.03703703703704,33.33333333333333,18.51851851851852,11.11111111111111
69,0.77,4,0,18,14,10.0,7.7,44.44444444444444,16.666666666666664,16.666666666666664,22.22222222222222
70,0.672,7,0,27,20,10.0,6.72,25.925925925925924,29.629629629629626,18.51851851851852,25.925925925925924
71,0.792,5,0,28,23,10.0,7.92,25.0,25.0,28.57142857142857,21.428571428571427
72,0.77,3,0,26,23,10.0,7.7,30.76923076923077,15.384615384615385,26.923076923076923,26.923076923076923
73,0.79,5,0,26,21,10.0,7.9,30.76923076923077,23.076923076923077,23.076923076923077,23.076923076923077
74,0.76,4,0,23,19,10.0,7.6,34.78260869565217,21.73913043478261,39.130434782608695,4.3478260869565215
75,0.9,2,0,18,16,10.0,9.0,33.33333333333333,33.33333333333333,16.666666666666664,16.666666666666664
76,0.648,5,0,28,23,10.0,6.48,17.857142857142858,39.285714285714285,25.0,17.857142857142858
77,0.88,2,0,19,17,10.0,8.8,42.10526315789473,15.789473684210526,26.31578947368421,15.789473684210526
78,0.63,7,0,22,15,10.0,6.3,40.909090909090914,18.181818181818183,18.181818181818183,22.727272727272727
79,0.76,6,0,38,32,10.0,7.6,23.684210526315788,13.157894736842104,28.947368421052634,34.21052631578947
80,0.69,6,0,27,21,10.0,6.9,29.629629629629626,33.33333333333333,11.11111111111111,25.925925925925924
81,0.76,4,0,19,15,10.0,7.6,21.052631578947366,36.84210526315789,26.31578947368421,15.789473684210526
82,0.636,7,0,21,14,10.0,6.36,47.61904761904761,19.047619047619047,19.047619047619047,14.285714285714285
83,0.698,6,0,28,22,10.0,6.98,17.857142857142858,42.857142857142854,17.857142857142858,21.428571428571427
84,0.725,5,0,27,22,10.0,7.25,14.814814814814813,59.25925925925925,14.814814814814813,11.11111111111111
85,0.73,7,0,26,19,10.0,7.3,23.076923076923077,26.923076923076923,23.076923076923077,26.923076923076923
86,0.754,6,0,27,21,10.0,7.54,33.33333333333333,40.74074074074074,11.11111111111111,14.814814814814813
87,0.815,2,0,15,13,10.0,8.15,13.333333333333334,46.666666666666664,20.0,20.0
88,0.68,7,0,28,21,10.0,6.8,17.857142857142858,17.857142857142858,35.714285714285715,28.57142857142857
89,0.672,8,0,29,21,10.0,6.72,17.24137931034483,17.24137931034483,31.03448275862069,34.48275862068966
90,0.8,2,0,16,14,10.0,8.0,37.5,12.5,31.25,18.75
91,0.728,5,0,29,24,10.0,7.28,6.896551724137931,41.37931034482759,31.03448275862069,20.689655172413794
92,0.806,5,0,26,21,10.0,8.06,46.15384615384615,15.384615384615385,23.076923076923077,15.384615384615385
93,0.678,9,0,32,23,10.0,6.78,25.0,40.625,3.125,31.25
94,0.621,11,0,37,26,10.0,6.21,29.72972972972973,37.83783783783784,16.216216216216218,16.216216216216218
95,0.624,8,0,27,19,10.0,6.24,14.814814814814813,48.148148148148145,3.7037037037037033,33.33333333333333
96,0.755,3,0,15,12,10.0,7.55,26.666666666666668,20.0,20.0,33.33333333333333
97,0.864,3,0,25,22,10.0,8.64,24.0,32.0,28.000000000000004,16.0
98,0.666,6,0,23,17,10.0,6.66,21.73913043478261,17.391304347826086,43.47826086956522,17.391304347826086
99,0.8,4,0,34,30,10.0,8.0,29.411764705882355,23.52941176470588,5.88235294117647,41.17647058823529
100,0.646,6,0,21,15,10.0,6.46,23.809523809523807,23.809523809523807,23.809523809523807,28.57142857142857
101,0.68,6,0,28,22,10.0,6.8,17.857142857142858,25.0,32.142857142857146,25.0
102,0.616,9,0,33,24,10.0,6.16,15.151515151515152,18.181818181818183,45.45454545454545,21.21212121212121
103,0.712,12,0,45,33,10.0,7.12,35.55555555555556,37.77777777777778,6.666666666666667,20.0
104,0.627,6,0,23,17,10.0,6.27,26.08695652173913,8.695652173913043,34.78260869565217,30.434782608695656
105,0.708,6,0,31,25,10.0,7.08,16.129032258064516,25.806451612903224,41.935483870967744,16.129032258064516
106,0.748,6,0,39,33,10.0,7.48,20.51282051282051,17.94871794871795,35.8974358974359,25.64102564102564
107,0.672,4,0,24,20,10.0,6.72,29.166666666666668,16.666666666666664,25.0,29.166666666666668
108,0.728,5,0,26,21,10.0,7.28,46.15384615384615,19.230769230769234,23.076923076923077,11.538461538461538
109,0.684,7,0,23,16,10.0,6.84,21.73913043478261,21.73913043478261,34.78260869565217,21.73913043478261
110,0.88,6,0,22,16,10.0,8.8,22.727272727272727,9.090909090909092,54.54545454545454,13.636363636363635
111,0.7,11,0,31,20,10.0,7.0,19.35483870967742,61.29032258064516,9.67741935483871,9.67741935483871
112,0.82,3,0,29,26,10.0,8.2,31.03448275862069,48.275862068965516,13.793103448275861,6.896551724137931
113,0.705,5,0,25,20,10.0,7.05,12.0,36.0,8.0,44.0
114,0.8,5,0,34,29,10.0,8.0,17.647058823529413,41.17647058823529,20.588235294117645,20.588235294117645
115,0.73,8,0,32,24,10.0,7.3,34.375,28.125,21.875,15.625
116,0.8,2,0,27,25,10.0,8.0,18.51851851851852,44.44444444444444,29.629629629629626,7.4074074074074066
117,0.74,3,0,19,16,10.0,7.4,21.052631578947366,26.31578947368421,21.052631578947366,31.57894736842105
118,0.649,7,0,25,18,10.0,6.49,20.0,32.0,28.000000000000004,20.0
119,0.703,7,0,26,19,10.0,7.03,38.46153846153847,26.923076923076923,19.230769230769234,15.384615384615385
120,0.712,5,0,25,20,10.0,7.12,20.0,28.000000000000004,32.0,20.0
121,0.744,4,0,23,19,10.0,7.44,17.391304347826086,21.73913043478261,47.82608695652174,13.043478260869565
122,0.69,7,0,30,23,10.0,6.9,10.0,63.33333333333333,16.666666666666664,10.0
123,0.752,5,0,28,23,10.0,7.52,21.428571428571427,46.42857142857143,28.57142857142857,3.571428571428571
124,0.66,6,0,22,16,10.0,6.6,27.27272727272727,36.36363636363637,18.181818181818183,18.181818181818183
125,0.664,4,0,27,23,10.0,6.64,18.51851851851852,22.22222222222222,59.25925925925925,0.0
126,0.884,4,0,29,25,10.0,8.84,24.137931034482758,20.689655172413794,34.48275862068966,20.689655172413794
127,0.748,4,0,20,16,10.0,7.48,30.0,25.0,35.0,10.0
128,0.653,7,0,26,19,10.0,6.53,38.46153846153847,38.46153846153847,11.538461538461538,11.538461538461538
129,0.683,6,0,25,19,10.0,6.83,24.0,60.0,8.0,8.0
130,0.723,6,0,27,21,10.0,7.23,22.22222222222222,44.44444444444444,11.11111111111111,22.22222222222222
131,0.68,5,0,18,13,10.0,6.8,11.11111111111111,11.11111111111111,44.44444444444444,33.33333333333333
132,0.676,10,0,32,22,10.0,6.76,6.25,37.5,37.5,18.75
133,0.65,4,0,17,13,10.0,6.5,23.52941176470588,35.294117647058826,17.647058823529413,23.52941176470588
134,0.732,6,0,35,29,10.0,7.32,28.57142857142857,22.857142857142858,37.142857142857146,11.428571428571429
135,0.742,6,0,26,20,10.0,7.42,26.923076923076923,26.923076923076923,34.61538461538461,11.538461538461538
136,0.722,8,0,33,25,10.0,7.22,24.242424242424242,36.36363636363637,21.21212121212121,18.181818181818183
137,0.765,4,0,18,14,10.0,7.65,11.11111111111111,50.0,16.666666666666664,22.22222222222222
138,0.726,6,0,33,27,10.0,7.26,18.181818181818183,33.33333333333333,15.151515151515152,33.33333333333333
139,0.693,6,0,27,21,10.0,6.93,14.814814814814813,25.925925925925924,37.03703703703704,22.22222222222222
140,0.75,3,0,19,16,10.0,7.5,15.789473684210526,21.052631578947366,42.10526315789473,21.052631578947366
141,0.796,5,0,26,21,10.0,7.96,30.76923076923077,23.076923076923077,15.384615384615385,30.76923076923077
142,0.72,5,0,26,21,10.0,7.2,3.8461538461538463,38.46153846153847,15.384615384615385,42.30769230769231
143,0.864,4,0,45,41,10.0,8.64,26.666666666666668,46.666666666666664,11.11111111111111,15.555555555555555
144,0.692,6,0,28,22,10.0,6.92,46.42857142857143,21.428571428571427,21.428571428571427,10.714285714285714
145,0.57,5,0,18,13,10.0,5.7,11.11111111111111,38.88888888888889,22.22222222222222,27.77777777777778
146,0.73,4,0,24,20,10.0,7.3,12.5,12.5,50.0,25.0
147,0.852,4,0,23,19,10.0,8.52,13.043478260869565,30.434782608695656,30.434782608695656,26.08695652173913
148,0.719,7,0,30,23,10.0,7.19,40.0,20.0,26.666666666666668,13.333333333333334
149,0.712,6,0,29,23,10.0,7.12,27.586206896551722,13.793103448275861,27.586206896551722,31.03448275862069
150,0.634,8,0,32,24,10.0,6.34,31.25,37.5,12.5,18.75
151,0.678,7,0,29,22,10.0,6.78,41.37931034482759,27.586206896551722,20.689655172413794,10.344827586206897
152,0.63,4,0,17,13,10.0,6.3,35.294117647058826,5.88235294117647,35.294117647058826,23.52941176470588
153,0.604,5,0,29,24,10.0,6.04,31.03448275862069,17.24137931034483,37.93103448275862,13.793103448275861
154,0.8,5,0,18,13,10.0,8.0,11.11111111111111,16.666666666666664,50.0,22.22222222222222
155,0.713,7,0,32,25,10.0,7.13,0.0,25.0,56.25,18.75
156,0.73,5,0,16,11,10.0,7.3,12.5,0.0,50.0,37.5
157,0.628,7,0,27,20,10.0,6.28,11.11111111111111,44.44444444444444,25.925925925925924,18.51851851851852
158,0.714,5,0,24,19,10.0,7.14,29.166666666666668,33.33333333333333,20.833333333333336,16.666666666666664
159,0.738,5,0,25,20,10.0,7.38,20.0,36.0,40.0,4.0
160,0.73,4,0,22,18,10.0,7.3,4.545454545454546,27.27272727272727,50.0,18.181818181818183
161,0.68,4,0,19,15,10.0,6.8,5.263157894736842,15.789473684210526,68.42105263157895,10.526315789473683
162,0.694,5,0,25,20,10.0,6.94,32.0,16.0,24.0,28.000000000000004
163,0.693,8,0,29,21,10.0,6.93,6.896551724137931,27.586206896551722,44.827586206896555,20.689655172413794
164,0.776,6,0,27,21,10.0,7.76,18.51851851851852,25.925925925925924,37.03703703703704,18.51851851851852
165,0.724,7,0,23,16,10.0,7.24,17.391304347826086,26.08695652173913,56.52173913043478,0.0
166,0.72,5,0,21,16,10.0,7.2,4.761904761904762,52.38095238095239,14.285714285714285,28.57142857142857
167,0.691,6,0,27,21,10.0,6.91,29.629629629629626,37.03703703703704,14.814814814814813,18.51851851851852
168,0.71,6,0,23,17,10.0,7.1,21.73913043478261,21.73913043478261,26.08695652173913,30.434782608695656
169,0.634,9,0,27,18,10.0,6.34,11.11111111111111,22.22222222222222,44.44444444444444,22.22222222222222
170,0.745,5,0,23,18,10.0,7.45,30.434782608695656,21.73913043478261,30.434782608695656,17.391304347826086
171,0.765,3,0,17,14,10.0,7.65,29.411764705882355,17.647058823529413,41.17647058823529,11.76470588235294
172,0.745,4,0,22,18,10.0,7.45,18.181818181818183,18.181818181818183,31.818181818181817,31.818181818181817
173,0.776,4,0,32,28,10.0,7.76,6.25,50.0,21.875,21.875
174,0.76,6,0,28,22,10.0,7.6,28.57142857142857,50.0,10.714285714285714,10.714285714285714
175,0.635,8,0,27,19,10.0,6.35,25.925925925925924,37.03703703703704,18.51851851851852,18.51851851851852
176,0.726,4,0,20,16,10.0,7.26,25.0,55.00000000000001,0.0,20.0
177,0.698,5,0,24,19,10.0,6.98,20.833333333333336,50.0,4.166666666666666,25.0
178,0.736,5,0,26,21,10.0,7.36,19.230769230769234,46.15384615384615,15.384615384615385,19.230769230769234
179,0.82,4,0,31,27,10.0,8.2,25.806451612903224,41.935483870967744,16.129032258064516,16.129032258064516
180,0.704,8,0,36,28,10.0,7.04,5.555555555555555,58.333333333333336,16.666666666666664,19.444444444444446
181,0.77,4,0,32,28,10.0,7.7,15.625,34.375,21.875,28.125
182,0.698,5,0,27,22,10.0,6.98,7.4074074074074066,48.148148148148145,33.33333333333333,11.11111111111111
183,0.744,5,0,29,24,10.0,7.44,37.93103448275862,31.03448275862069,17.24137931034483,13.793103448275861
184,0.696,9,0,34,25,10.0,6.96,44.11764705882353,14.705882352941178,23.52941176470588,17.647058823529413
185,0.68,5,0,22,17,10.0,6.8,4.545454545454546,27.27272727272727,54.54545454545454,13.636363636363635
186,0.875,1,0,15,14,10.0,8.75,13.333333333333334,26.666666666666668,33.33333333333333,26.666666666666668
187,0.694,9,0,27,18,10.0,6.94,33.33333333333333,25.925925925925924,25.925925925925924,14.814814814814813
188,0.68,4,0,20,16,10.0,6.8,40.0,30.0,15.0,15.0
189,0.792,4,0,29,25,10.0,7.92,20.689655172413794,34.48275862068966,17.24137931034483,27.586206896551722
190,0.725,5,0,24,19,10.0,7.25,50.0,20.833333333333336,12.5,16.666666666666664
191,0.864,2,0,25,23,10.0,8.64,4.0,4.0,48.0,44.0
192,0.716,5,0,26,21,10.0,7.16,11.538461538461538,73.07692307692307,7.6923076923076925,7.6923076923076925
193,0.752,4,0,25,21,10.0,7.52,12.0,28.000000000000004,36.0,24.0
194,0.728,5,0,26,21,10.0,7.28,42.30769230769231,46.15384615384615,3.8461538461538463,7.6923076923076925
195,0.78,3,0,23,20,10.0,7.8,8.695652173913043,60.86956521739131,17.391304347826086,13.043478260869565
196,0.706,8,0,37,29,10.0,7.06,35.13513513513514,35.13513513513514,13.513513513513514,16.216216216216218
197,0.804,7,0,35,28,10.0,8.04,11.428571428571429,40.0,5.714285714285714,42.857142857142854
198,0.827,6,0,26,20,10.0,8.27,19.230769230769234,53.84615384615385,7.6923076923076925,19.230769230769234
199,0.62,9,0,28,19,10.0,6.2,46.42857142857143,32.142857142857146,17.857142857142858,3.571428571428571
200,0.704,6,0,27,21,10.0,7.04,40.74074074074074,11.11111111111111,29.629629629629626,18.51851851851852
201,0.718,7,0,31,24,10.0,7.18,29.03225806451613,3.225806451612903,9.67741935483871,58.06451612903226
202,0.826,3,0,21,18,10.0,8.26,19.047619047619047,23.809523809523807,14.285714285714285,42.857142857142854
203,0.73,5,0,26,21,10.0,7.3,46.15384615384615,11.538461538461538,26.923076923076923,15.384615384615385
204,0.743,4,0,21,17,10.0,7.43,38.095238095238095,9.523809523809524,14.285714285714285,38.095238095238095
205,0.76,4,0,25,21,10.0,7.6,8.0,56.00000000000001,8.0,28.000000000000004
206,0.72,6,0,22,16,10.0,7.2,27.27272727272727,9.090909090909092,36.36363636363637,27.27272727272727
207,0.643,7,0,28,21,10.0,6.43,14.285714285714285,67.85714285714286,7.142857142857142,10.714285714285714
208,0.714,5,0,22,17,10.0,7.14,0.0,86.36363636363636,0.0,13.636363636363635
209,0.672,6,0,21,15,10.0,6.72,4.761904761904762,61.904761904761905,4.761904761904762,28.57142857142857
210,0.855,3,0,15,12,10.0,8.55,6.666666666666667,60.0,13.333333333333334,20.0
211,0.63,5,0,15,10,10.0,6.3,26.666666666666668,46.666666666666664,13.333333333333334,13.333333333333334
212,0.662,6,0,28,22,10.0,6.62,7.142857142857142,75.0,10.714285714285714,7.142857142857142
213,0.688,7,0,29,22,10.0,6.88,65.51724137931035,17.24137931034483,3.4482758620689653,13.793103448275861
214,0.74,4,0,20,16,10.0,7.4,15.0,25.0,40.0,20.0
215,0.51,9,0,25,16,10.0,5.1,56.00000000000001,4.0,20.0,20.0
216,0.8,7,0,25,18,10.0,8.0,52.0,36.0,12.0,0.0
217,0.72,5,0,29,24,10.0,7.2,27.586206896551722,51.724137931034484,13.793103448275861,6.896551724137931
218,0.728,7,0,35,28,10.0,7.28,28.57142857142857,34.285714285714285,25.71428571428571,11.428571428571429
219,0.856,3,0,25,22,10.0,8.56,28.000000000000004,40.0,16.0,16.0
220,0.723,5,0,27,22,10.0,7.23,25.925925925925924,40.74074074074074,14.814814814814813,18.51851851851852
221,0.815,3,0,18,15,10.0,8.15,44.44444444444444,11.11111111111111,11.11111111111111,33.33333333333333
222,0.76,4,0,26,22,10.0,7.6,50.0,42.30769230769231,3.8461538461538463,3.8461538461538463
223,0.766,4,0,25,21,10.0,7.66,24.0,24.0,36.0,16.0
224,0.677,5,0,25,20,10.0,6.77,12.0,48.0,20.0,20.0
225,0.812,6,0,31,25,10.0,8.12,19.35483870967742,32.25806451612903,19.35483870967742,29.03225806451613
226,0.746,6,0,36,30,10.0,7.46,41.66666666666667,33.33333333333333,8.333333333333332,16.666666666666664
227,0.835,3,0,22,19,10.0,8.35,31.818181818181817,36.36363636363637,18.181818181818183,13.636363636363635
228,0.832,4,0,30,26,10.0,8.32,10.0,20.0,3.3333333333333335,66.66666666666666
229,0.649,7,0,27,20,10.0,6.49,55.55555555555556,11.11111111111111,3.7037037037037033,29.629629629629626
230,0.8,5,0,29,24,10.0,8.0,20.689655172413794,44.827586206896555,0.0,34.48275862068966
231,0.728,6,0,33,27,10.0,7.28,9.090909090909092,81.81818181818183,6.0606060606060606,3.0303030303030303
232,0.75,2,0,14,12,10.0,7.5,28.57142857142857,57.14285714285714,0.0,14.285714285714285
233,0.67,6,0,24,18,10.0,6.7,16.666666666666664,50.0,25.0,8.333333333333332
234,0.624,8,0,26,18,10.0,6.24,3.8461538461538463,38.46153846153847,15.384615384615385,42.30769230769231
235,0.726,7,0,31,24,10.0,7.26,9.67741935483871,54.83870967741935,6.451612903225806,29.03225806451613
236,0.68,4,0,24,20,10.0,6.8,29.166666666666668,8.333333333333332,4.166666666666666,58.333333333333336
237,0.776,5,0,28,23,10.0,7.76,17.857142857142858,28.57142857142857,14.285714285714285,39.285714285714285
238,0.704,6,0,25,19,10.0,7.04,0.0,32.0,20.0,48.0
239,0.684,7,0,30,23,10.0,6.84,6.666666666666667,30.0,16.666666666666664,46.666666666666664
240,0.649,6,0,24,18,10.0,6.49,8.333333333333332,70.83333333333334,12.5,8.333333333333332
241,0.684,6,0,23,17,10.0,6.84,0.0,86.95652173913044,8.695652173913043,4.3478260869565215
242,0.634,8,0,27,19,10.0,6.34,25.925925925925924,22.22222222222222,18.51851851851852,33.33333333333333
243,0.764,4,0,19,15,10.0,7.64,42.10526315789473,31.57894736842105,10.526315789473683,15.789473684210526
244,0.672,6,0,32,26,10.0,6.72,18.75,21.875,9.375,50.0
245,0.664,8,0,28,20,10.0,6.64,21.428571428571427,50.0,3.571428571428571,25.0
246,0.78,4,0,31,27,10.0,7.8,12.903225806451612,41.935483870967744,0.0,45.16129032258064
247,0.64,5,0,18,13,10.0,6.4,5.555555555555555,77.77777777777779,11.11111111111111,5.555555555555555
248,0.75,3,0,22,19,10.0,7.5,13.636363636363635,50.0,9.090909090909092,27.27272727272727
249,0.77,5,0,30,25,10.0,7.7,46.666666666666664,26.666666666666668,10.0,16.666666666666664
250,0.74,5,0,26,21,10.0,7.4,7.6923076923076925,38.46153846153847,3.8461538461538463,50.0
251,0.711,7,0,40,33,10.0,7.11,7.5,45.0,5.0,42.5
252,0.766,7,0,29,22,10.0,7.66,27.586206896551722,13.793103448275861,13.793103448275861,44.827586206896555
253,0.764,5,0,29,24,10.0,7.64,6.896551724137931,37.93103448275862,13.793103448275861,41.37931034482759
254,0.9,1,0,19,18,10.0,9.0,10.526315789473683,36.84210526315789,5.263157894736842,47.368421052631575
255,0.71,8,0,33,25,10.0,7.1,15.151515151515152,48.484848484848484,9.090909090909092,27.27272727272727
256,0.64,6,0,23,17,10.0,6.4,21.73913043478261,21.73913043478261,4.3478260869565215,52.17391304347826
257,0.786,5,0,30,25,10.0,7.86,10.0,30.0,0.0,60.0
258,0.676,8,0,29,21,10.0,6.76,10.344827586206897,17.24137931034483,6.896551724137931,65.51724137931035
259,0.68,6,0,20,14,10.0,6.8,15.0,25.0,10.0,50.0
260,0.68,4,0,21,17,10.0,6.8,4.761904761904762,42.857142857142854,0.0,52.38095238095239
261,0.848,4,0,28,24,10.0,8.48,21.428571428571427,35.714285714285715,3.571428571428571,39.285714285714285
262,0.688,6,0,30,24,10.0,6.88,0.0,70.0,10.0,20.0
263,0.78,6,0,28,22,10.0,7.8,28.57142857142857,25.0,3.571428571428571,42.857142857142854
264,0.596,8,0,26,18,10.0,5.96,7.6923076923076925,30.76923076923077,15.384615384615385,46.15384615384615
265,0.77,4,0,19,15,10.0,7.7,0.0,21.052631578947366,5.263157894736842,73.68421052631578
266,0.732,5,0,25,20,10.0,7.32,40.0,20.0,4.0,36.0
267,0.712,5,0,26,21,10.0,7.12,3.8461538461538463,46.15384615384615,3.8461538461538463,46.15384615384615
268,0.837,8,0,35,27,10.0,8.37,8.571428571428571,42.857142857142854,8.571428571428571,40.0
269,0.7,8,0,27,19,10.0,7.0,11.11111111111111,74.07407407407408,7.4074074074074066,7.4074074074074066
270,0.624,6,0,26,20,10.0,6.24,42.30769230769231,30.76923076923077,11.538461538461538,15.384615384615385
271,0.68,7,0,26,19,10.0,6.8,42.30769230769231,19.230769230769234,11.538461538461538,26.923076923076923
272,0.645,6,0,24,18,10.0,6.45,16.666666666666664,37.5,20.833333333333336,25.0
273,0.792,5,0,28,23,10.0,7.92,35.714285714285715,39.285714285714285,7.142857142857142,17.857142857142858
274,0.716,6,0,27,21,10.0,7.16,14.814814814814813,14.814814814814813,33.33333333333333,37.03703703703704
275,0.74,5,0,30,25,10.0,7.4,20.0,43.333333333333336,13.333333333333334,23.333333333333332
276,0.712,6,0,31,25,10.0,7.12,9.67741935483871,58.06451612903226,29.03225806451613,3.225806451612903
277,0.68,5,0,21,16,10.0,6.8,9.523809523809524,47.61904761904761,28.57142857142857,14.285714285714285
278,0.698,8,0,28,20,10.0,6.98,32.142857142857146,25.0,32.142857142857146,10.714285714285714
279,0.84,2,0,20,18,10.0,8.4,10.0,75.0,0.0,15.0
280,0.698,6,0,25,19,10.0,6.98,12.0,76.0,0.0,12.0
281,0.8,4,0,31,27,10.0,8.0,9.67741935483871,48.38709677419355,16.129032258064516,25.806451612903224
282,0.65,11,0,32,21,10.0,6.5,12.5,59.375,6.25,21.875
283,0.686,8,0,29,21,10.0,6.86,3.4482758620689653,82.75862068965517,3.4482758620689653,10.344827586206897
284,0.76,6,0,27,21,10.0,7.6,18.51851851851852,51.85185185185185,3.7037037037037033,25.925925925925924
285,0.775,4,0,17,13,10.0,7.75,5.88235294117647,41.17647058823529,11.76470588235294,41.17647058823529
286,0.697,6,0,27,21,10.0,6.97,44.44444444444444,14.814814814814813,22.22222222222222,18.51851851851852
287,0.709,10,0,37,27,10.0,7.09,10.81081081081081,45.94594594594595,5.405405405405405,37.83783783783784
288,0.721,6,0,31,25,10.0,7.21,51.61290322580645,32.25806451612903,6.451612903225806,9.67741935483871
289,0.795,3,0,19,16,10.0,7.95,10.526315789473683,42.10526315789473,21.052631578947366,26.31578947368421
290,0.83,4,0,20,16,10.0,8.3,5.0,20.0,20.0,55.00000000000001
291,0.77,5,0,22,17,10.0,7.7,22.727272727272727,18.181818181818183,31.818181818181817,27.27272727272727
292,0.58,8,0,28,20,10.0,5.8,10.714285714285714,64.28571428571429,10.714285714285714,14.285714285714285
293,0.73,7,0,27,20,10.0,7.3,18.51851851851852,18.51851851851852,55.55555555555556,7.4074074074074066
294,0.78,6,0,25,19,10.0,7.8,56.00000000000001,12.0,12.0,20.0
295,0.74,5,0,25,20,10.0,7.4,20.0,20.0,44.0,16.0
296,0.768,5,0,27,22,10.0,7.68,29.629629629629626,14.814814814814813,25.925925925925924,29.629629629629626
297,0.656,7,0,23,16,10.0,6.56,43.47826086956522,17.391304347826086,21.73913043478261,17.391304347826086
298,0.54,8,0,20,12,10.0,5.4,10.0,20.0,25.0,45.0
299,0.716,7,0,32,25,10.0,7.16,12.5,15.625,50.0,21.875
300,0.702,7,0,32,25,10.0,7.02,6.25,53.125,31.25,9.375
301,0.726,5,0,29,24,10.0,7.26,6.896551724137931,58.620689655172406,34.48275862068966,0.0
302,0.734,5,0,24,19,10.0,7.34,29.166666666666668,12.5,29.166666666666668,29.166666666666668
303,0.7,7,0,24,17,10.0,7.0,8.333333333333332,29.166666666666668,50.0,12.5
304,0.542,9,0,25,16,10.0,5.42,8.0,76.0,4.0,12.0
305,0.6,4,0,15,11,10.0,6.0,26.666666666666668,26.666666666666668,6.666666666666667,40.0
306,0.774,5,0,28,23,10.0,7.74,7.142857142857142,78.57142857142857,0.0,14.285714285714285
307,0.76,4,0,26,22,10.0,7.6,23.076923076923077,34.61538461538461,0.0,42.30769230769231
308,0.774,4,0,27,23,10.0,7.74,3.7037037037037033,81.48148148148148,3.7037037037037033,11.11111111111111
309,0.712,5,0,23,18,10.0,7.12,8.695652173913043,56.52173913043478,17.391304347826086,17.391304347826086
310,0.6,4,0,19,15,10.0,6.0,10.526315789473683,57.89473684210527,5.263157894736842,26.31578947368421
311,0.769,4,0,26,22,10.0,7.69,11.538461538461538,53.84615384615385,11.538461538461538,23.076923076923077
312,0.672,13,0,37,24,10.0,6.72,8.108108108108109,32.432432432432435,2.7027027027027026,56.75675675675676
313,0.791,5,0,26,21,10.0,7.91,7.6923076923076925,38.46153846153847,7.6923076923076925,46.15384615384615
314,0.66,6,0,25,19,10.0,6.6,0.0,68.0,12.0,20.0
315,0.796,6,0,28,22,10.0,7.96,7.142857142857142,7.142857142857142,17.857142857142858,67.85714285714286
316,0.714,6,0,27,21,10.0,7.14,3.7037037037037033,40.74074074074074,0.0,55.55555555555556
317,0.7,4,0,19,15,10.0,7.0,5.263157894736842,36.84210526315789,26.31578947368421,31.57894736842105
318,0.835,2,0,20,18,10.0,8.35,10.0,30.0,15.0,45.0
319,0.6,4,0,16,12,10.0,6.0,12.5,31.25,37.5,18.75
320,0.71,5,0,28,23,10.0,7.1,10.714285714285714,64.28571428571429,10.714285714285714,14.285714285714285
321,0.706,4,0,23,19,10.0,7.06,8.695652173913043,69.56521739130434,4.3478260869565215,17.391304347826086
322,0.744,5,0,30,25,10.0,7.44,3.3333333333333335,80.0,6.666666666666667,10.0
323,0.69,8,0,28,20,10.0,6.9,10.714285714285714,78.57142857142857,0.0,10.714285714285714
324,0.672,5,0,27,22,10.0,6.72,3.7037037037037033,37.03703703703704,11.11111111111111,48.148148148148145
325,0.64,5,0,20,15,10.0,6.4,5.0,85.0,5.0,5.0
326,0.726,6,0,26,20,10.0,7.26,7.6923076923076925,38.46153846153847,15.384615384615385,38.46153846153847
327,0.705,4,0,28,24,10.0,7.05,7.142857142857142,28.57142857142857,10.714285714285714,53.57142857142857
328,0.8,4,0,30,26,10.0,8.0,3.3333333333333335,46.666666666666664,0.0,50.0
329,0.662,5,0,26,21,10.0,6.62,38.46153846153847,26.923076923076923,3.8461538461538463,30.76923076923077
330,0.74,5,0,30,25,10.0,7.4,6.666666666666667,56.666666666666664,20.0,16.666666666666664
331,0.864,3,0,23,20,10.0,8.64,8.695652173913043,56.52173913043478,21.73913043478261,13.043478260869565
332,0.668,5,0,21,16,10.0,6.68,4.761904761904762,52.38095238095239,14.285714285714285,28.57142857142857
333,0.65,4,0,26,22,10.0,6.5,7.6923076923076925,76.92307692307693,0.0,15.384615384615385
334,0.785,5,0,25,20,10.0,7.85,0.0,48.0,4.0,48.0
335,0.8,7,0,31,24,10.0,8.0,3.225806451612903,22.58064516129032,12.903225806451612,61.29032258064516
336,0.84,3,0,30,27,10.0,8.4,6.666666666666667,60.0,10.0,23.333333333333332
337,0.785,4,0,18,14,10.0,7.85,0.0,83.33333333333334,0.0,16.666666666666664
338,0.672,6,0,28,22,10.0,6.72,7.142857142857142,50.0,7.142857142857142,35.714285714285715
339,0.701,6,0,28,22,10.0,7.01,7.142857142857142,46.42857142857143,7.142857142857142,39.285714285714285
340,0.715,3,0,26,23,10.0,7.15,19.230769230769234,61.53846153846154,7.6923076923076925,11.538461538461538
341,0.788,5,0,30,25,10.0,7.88,43.333333333333336,23.333333333333332,3.3333333333333335,30.0
342,0.73,5,0,18,13,10.0,7.3,11.11111111111111,33.33333333333333,5.555555555555555,50.0
343,0.755,4,0,26,22,10.0,7.55,7.6923076923076925,53.84615384615385,15.384615384615385,23.076923076923077
344,0.764,7,0,34,27,10.0,7.64,8.823529411764707,47.05882352941176,8.823529411764707,35.294117647058826
345,0.772,5,0,30,25,10.0,7.72,10.0,63.33333333333333,0.0,26.666666666666668
346,0.74,3,0,18,15,10.0,7.4,0.0,61.111111111111114,0.0,38.88888888888889
347,0.758,6,0,27,21,10.0,7.58,0.0,51.85185185185185,37.03703703703704,11.11111111111111
348,0.748,6,0,30,24,10.0,7.48,3.3333333333333335,46.666666666666664,3.3333333333333335,46.666666666666664
349,0.695,4,0,26,22,10.0,6.95,3.8461538461538463,69.23076923076923,15.384615384615385,11.538461538461538
350,0.75,3,0,22,19,10.0,7.5,54.54545454545454,9.090909090909092,9.090909090909092,27.27272727272727
351,0.82,5,0,32,27,10.0,8.2,6.25,56.25,3.125,34.375
352,0.682,8,0,31,23,10.0,6.82,6.451612903225806,67.74193548387096,3.225806451612903,22.58064516129032
353,0.776,4,0,24,20,10.0,7.76,25.0,29.166666666666668,4.166666666666666,41.66666666666667
354,0.742,7,0,29,22,10.0,7.42,24.137931034482758,34.48275862068966,10.344827586206897,31.03448275862069
355,0.792,5,0,28,23,10.0,7.92,25.0,67.85714285714286,7.142857142857142,0.0
356,0.75,4,0,18,14,10.0,7.5,22.22222222222222,50.0,0.0,27.77777777777778
357,0.82,2,0,18,16,10.0,8.2,0.0,44.44444444444444,22.22222222222222,33.33333333333333
358,0.751,5,0,27,22,10.0,7.51,40.74074074074074,44.44444444444444,7.4074074074074066,7.4074074074074066
359,0.693,5,0,23,18,10.0,6.93,13.043478260869565,30.434782608695656,8.695652173913043,47.82608695652174
360,0.68,7,0,33,26,10.0,6.8,0.0,42.42424242424242,9.090909090909092,48.484848484848484
361,0.745,3,0,23,20,10.0,7.45,13.043478260869565,47.82608695652174,8.695652173913043,30.434782608695656
362,0.706,7,0,29,22,10.0,7.06,17.24137931034483,72.41379310344827,3.4482758620689653,6.896551724137931
363,0.715,4,0,19,15,10.0,7.15,52.63157894736842,15.789473684210526,5.263157894736842,26.31578947368421
364,0.606,6,0,20,14,10.0,6.06,0.0,40.0,50.0,10.0
365,0.618,7,0,24,17,10.0,6.18,8.333333333333332,91.66666666666666,0.0,0.0
366,0.694,8,0,33,25,10.0,6.94,27.27272727272727,48.484848484848484,12.121212121212121,12.121212121212121
367,0.775,3,0,18,15,10.0,7.75,38.88888888888889,27.77777777777778,11.11111111111111,22.22222222222222
368,0.764,4,0,26,22,10.0,7.64,46.15384615384615,42.30769230769231,3.8461538461538463,7.6923076923076925
369,0.74,7,0,31,24,10.0,7.4,0.0,80.64516129032258,6.451612903225806,12.903225806451612
370,0.683,9,0,29,20,10.0,6.83,41.37931034482759,31.03448275862069,10.344827586206897,17.24137931034483
371,0.664,5,0,24,19,10.0,6.64,37.5,41.66666666666667,4.166666666666666,16.666666666666664
372,0.648,6,0,29,23,10.0,6.48,6.896551724137931,79.3103448275862,3.4482758620689653,10.344827586206897
373,0.696,6,0,28,22,10.0,6.96,50.0,39.285714285714285,0.0,10.714285714285714
374,0.592,6,0,27,21,10.0,5.92,7.4074074074074066,77.77777777777779,3.7037037037037033,11.11111111111111
375,0.848,6,0,28,22,10.0,8.48,39.285714285714285,28.57142857142857,7.142857142857142,25.0
376,0.693,5,0,25,20,10.0,6.93,12.0,4.0,4.0,80.0
377,0.8,2,0,20,18,10.0,8.0,20.0,55.00000000000001,10.0,15.0
378,0.6,6,0,21,15,10.0,6.0,28.57142857142857,57.14285714285714,14.285714285714285,0.0
379,0.774,5,0,31,26,10.0,7.74,12.903225806451612,58.06451612903226,16.129032258064516,12.903225806451612
380,0.73,9,0,28,19,10.0,7.3,10.714285714285714,78.57142857142857,7.142857142857142,3.571428571428571
381,0.8,3,0,17,14,10.0,8.0,5.88235294117647,64.70588235294117,5.88235294117647,23.52941176470588
382,0.676,9,0,38,29,10.0,6.76,2.631578947368421,36.84210526315789,7.894736842105263,52.63157894736842
383,0.808,6,0,29,23,10.0,8.08,17.24137931034483,41.37931034482759,0.0,41.37931034482759
384,0.728,5,0,22,17,10.0,7.28,9.090909090909092,59.09090909090909,0.0,31.818181818181817
385,0.74,3,0,19,16,10.0,7.4,31.57894736842105,21.052631578947366,36.84210526315789,10.526315789473683
386,0.561,10,0,25,15,10.0,5.61,12.0,60.0,4.0,24.0
387,0.8,3,0,22,19,10.0,8.0,36.36363636363637,40.909090909090914,4.545454545454546,18.181818181818183
388,0.8,2,0,16,14,10.0,8.0,31.25,56.25,6.25,6.25
389,0.88,7,0,26,19,10.0,8.8,11.538461538461538,26.923076923076923,11.538461538461538,50.0
390,0.754,6,0,31,25,10.0,7.54,6.451612903225806,74.19354838709677,6.451612903225806,12.903225806451612
391,0.688,7,0,28,21,10.0,6.88,3.571428571428571,60.71428571428571,10.714285714285714,25.0
392,0.805,3,0,19,16,10.0,8.05,10.526315789473683,78.94736842105263,10.526315789473683,0.0
393,0.782,4,0,26,22,10.0,7.82,7.6923076923076925,61.53846153846154,19.230769230769234,11.538461538461538
394,0.848,3,0,26,23,10.0,8.48,3.8461538461538463,50.0,7.6923076923076925,38.46153846153847
395,0.764,7,0,33,26,10.0,7.64,15.151515151515152,57.57575757575758,9.090909090909092,18.181818181818183
396,0.575,5,0,22,17,10.0,5.75,4.545454545454546,72.72727272727273,4.545454545454546,18.181818181818183
397,0.575,4,0,12,8,10.0,5.75,0.0,75.0,0.0,25.0
398,0.832,3,0,30,27,10.0,8.32,0.0,66.66666666666666,6.666666666666667,26.666666666666668
399,0.55,7,0,20,13,10.0,5.5,15.0,65.0,0.0,20.0
400,0.82,3,0,19,16,10.0,8.2,0.0,73.68421052631578,5.263157894736842,21.052631578947366
401,0.696,6,0,26,20,10.0,6.96,15.384615384615385,73.07692307692307,3.8461538461538463,7.6923076923076925
402,0.674,8,0,25,17,10.0,6.74,8.0,28.000000000000004,4.0,60.0
403,0.69,5,0,32,27,10.0,6.9,6.25,46.875,0.0,46.875
404,0.584,7,0,27,20,10.0,5.84,7.4074074074074066,85.18518518518519,0.0,7.4074074074074066
405,0.844,4,0,24,20,10.0,8.44,0.0,79.16666666666666,4.166666666666666,16.666666666666664
406,0.86,2,0,14,12,10.0,8.6,7.142857142857142,57.14285714285714,7.142857142857142,28.57142857142857
407,0.687,5,0,25,20,10.0,6.87,12.0,68.0,12.0,8.0
408,0.792,4,0,30,26,10.0,7.92,3.3333333333333335,66.66666666666666,3.3333333333333335,26.666666666666668
409,0.784,5,0,33,28,10.0,7.84,0.0,36.36363636363637,9.090909090909092,54.54545454545454
410,0.832,3,0,26,23,10.0,8.32,0.0,42.30769230769231,0.0,57.692307692307686
411,0.772,6,0,24,18,10.0,7.72,41.66666666666667,50.0,4.166666666666666,4.166666666666666
412,0.627,6,0,21,15,10.0,6.27,14.285714285714285,42.857142857142854,4.761904761904762,38.095238095238095
413,0.648,6,0,26,20,10.0,6.48,7.6923076923076925,30.76923076923077,11.538461538461538,50.0
414,0.86,3,0,23,20,10.0,8.6,13.043478260869565,30.434782608695656,4.3478260869565215,52.17391304347826
415,0.695,7,0,27,20,10.0,6.95,3.7037037037037033,55.55555555555556,22.22222222222222,18.51851851851852
416,0.78,3,0,24,21,10.0,7.8,0.0,62.5,16.666666666666664,20.833333333333336
417,0.665,4,0,16,12,10.0,6.65,6.25,50.0,37.5,6.25
418,0.712,6,0,31,25,10.0,7.12,0.0,61.29032258064516,6.451612903225806,32.25806451612903
419,0.748,6,0,26,20,10.0,7.48,7.6923076923076925,42.30769230769231,15.384615384615385,34.61538461538461
420,0.666,13,0,40,27,10.0,6.66,0.0,62.5,12.5,25.0
421,0.8,6,0,32,26,10.0,8.0,3.125,43.75,12.5,40.625
422,0.808,4,0,38,34,10.0,8.08,2.631578947368421,78.94736842105263,10.526315789473683,7.894736842105263
423,0.712,4,0,32,28,10.0,7.12,0.0,81.25,6.25,12.5
424,0.696,8,0,30,22,10.0,6.96,3.3333333333333335,40.0,36.666666666666664,20.0
425,0.69,3,0,15,12,10.0,6.9,26.666666666666668,40.0,13.333333333333334,20.0
426,0.728,5,0,24,19,10.0,7.28,8.333333333333332,87.5,0.0,4.166666666666666
427,0.728,6,0,26,20,10.0,7.28,0.0,88.46153846153845,0.0,11.538461538461538
428,0.58,7,0,23,16,10.0,5.8,4.3478260869565215,60.86956521739131,21.73913043478261,13.043478260869565
429,0.835,3,0,13,10,10.0,8.35,7.6923076923076925,38.46153846153847,23.076923076923077,30.76923076923077
430,0.676,9,0,39,30,10.0,6.76,2.564102564102564,89.74358974358975,2.564102564102564,5.128205128205128
431,0.645,5,0,21,16,10.0,6.45,33.33333333333333,38.095238095238095,9.523809523809524,19.047619047619047
432,0.744,4,0,26,22,10.0,7.44,3.8461538461538463,65.38461538461539,11.538461538461538,19.230769230769234
433,0.802,4,0,24,20,10.0,8.02,29.166666666666668,41.66666666666667,20.833333333333336,8.333333333333332
434,0.883,3,0,24,21,10.0,8.83,0.0,70.83333333333334,4.166666666666666,25.0
435,0.712,7,0,42,35,10.0,7.12,14.285714285714285,54.761904761904766,11.904761904761903,19.047619047619047
436,0.65,4,0,17,13,10.0,6.5,29.411764705882355,23.52941176470588,23.52941176470588,23.52941176470588
437,0.648,7,0,28,21,10.0,6.48,7.142857142857142,78.57142857142857,0.0,14.285714285714285
438,0.72,4,0,16,12,10.0,7.2,6.25,43.75,6.25,43.75
439,0.721,7,0,27,20,10.0,7.21,51.85185185185185,33.33333333333333,0.0,14.814814814814813
440,0.716,8,0,33,25,10.0,7.16,3.0303030303030303,51.515151515151516,12.121212121212121,33.33333333333333
441,0.766,6,0,28,22,10.0,7.66,3.571428571428571,28.57142857142857,14.285714285714285,53.57142857142857
442,0.722,6,0,25,19,10.0,7.22,4.0,72.0,4.0,20.0
443,0.784,5,0,27,22,10.0,7.84,0.0,62.96296296296296,7.4074074074074066,29.629629629629626
444,0.74,4,0,18,14,10.0,7.4,0.0,88.88888888888889,0.0,11.11111111111111
445,0.75,4,0,23,19,10.0,7.5,4.3478260869565215,95.65217391304348,0.0,0.0
446,0.716,7,0,31,24,10.0,7.16,3.225806451612903,77.41935483870968,0.0,19.35483870967742
447,0.74,4,0,25,21,10.0,7.4,8.0,72.0,4.0,16.0
448,0.743,8,0,25,17,10.0,7.43,20.0,36.0,4.0,40.0
449,0.76,4,0,27,23,10.0,7.6,0.0,74.07407407407408,3.7037037037037033,22.22222222222222
450,0.71,4,0,21,17,10.0,7.1,4.761904761904762,76.19047619047619,14.285714285714285,4.761904761904762
451,0.824,5,0,35,30,10.0,8.24,2.857142857142857,65.71428571428571,0.0,31.428571428571427
452,0.642,7,0,30,23,10.0,6.42,6.666666666666667,80.0,0.0,13.333333333333334
453,0.852,7,0,36,29,10.0,8.52,2.7777777777777777,63.888888888888886,2.7777777777777777,30.555555555555557
454,0.776,8,0,35,27,10.0,7.76,5.714285714285714,28.57142857142857,20.0,45.714285714285715
455,0.76,4,0,36,32,10.0,7.6,5.555555555555555,77.77777777777779,11.11111111111111,5.555555555555555
456,0.744,6,0,38,32,10.0,7.44,5.263157894736842,86.8421052631579,0.0,7.894736842105263
457,0.835,2,0,17,15,10.0,8.35,0.0,64.70588235294117,11.76470588235294,23.52941176470588
458,0.801,5,0,37,32,10.0,8.01,2.7027027027027026,86.48648648648648,10.81081081081081,0.0
459,0.708,6,0,32,26,10.0,7.08,6.25,78.125,6.25,9.375
460,0.662,9,0,28,19,10.0,6.62,3.571428571428571,82.14285714285714,3.571428571428571,10.714285714285714
461,0.736,5,0,22,17,10.0,7.36,9.090909090909092,36.36363636363637,4.545454545454546,50.0
462,0.648,7,0,30,23,10.0,6.48,6.666666666666667,53.333333333333336,30.0,10.0
463,0.687,10,0,31,21,10.0,6.87,0.0,83.87096774193549,0.0,16.129032258064516
464,0.751,8,0,28,20,10.0,7.51,3.571428571428571,7.142857142857142,25.0,64.28571428571429
465,0.682,6,0,26,20,10.0,6.82,7.6923076923076925,76.92307692307693,3.8461538461538463,11.538461538461538
466,0.848,4,0,25,21,10.0,8.48,4.0,64.0,0.0,32.0
467,0.732,6,0,27,21,10.0,7.32,3.7037037037037033,44.44444444444444,14.814814814814813,37.03703703703704
468,0.616,8,0,32,24,10.0,6.16,9.375,78.125,0.0,12.5
469,0.671,6,0,26,20,10.0,6.71,57.692307692307686,26.923076923076923,0.0,15.384615384615385
470,0.752,4,0,22,18,10.0,7.52,9.090909090909092,31.818181818181817,0.0,59.09090909090909
471,0.625,4,0,23,19,10.0,6.25,4.3478260869565215,56.52173913043478,0.0,39.130434782608695
472,0.88,4,0,26,22,10.0,8.8,7.6923076923076925,23.076923076923077,15.384615384615385,53.84615384615385
473,0.845,5,0,24,19,10.0,8.45,0.0,54.166666666666664,0.0,45.83333333333333
474,0.784,4,0,29,25,10.0,7.84,3.4482758620689653,68.96551724137932,0.0,27.586206896551722
475,0.732,5,0,25,20,10.0,7.32,32.0,44.0,8.0,16.0
476,0.6,6,0,18,12,10.0,6.0,5.555555555555555,77.77777777777779,11.11111111111111,5.555555555555555
477,0.808,5,0,29,24,10.0,8.08,10.344827586206897,41.37931034482759,13.793103448275861,34.48275862068966
478,0.6,9,0,27,18,10.0,6.0,7.4074074074074066,77.77777777777779,7.4074074074074066,7.4074074074074066
479,0.76,4,0,33,29,10.0,7.6,6.0606060606060606,45.45454545454545,0.0,48.484848484848484
480,0.654,9,0,41,32,10.0,6.54,14.634146341463413,63.41463414634146,2.4390243902439024,19.51219512195122
481,0.684,9,0,32,23,10.0,6.84,12.5,65.625,3.125,18.75
482,0.78,3,0,24,21,10.0,7.8,12.5,66.66666666666666,0.0,20.833333333333336
483,0.718,7,0,27,20,10.0,7.18,11.11111111111111,33.33333333333333,3.7037037037037033,51.85185185185185
484,0.668,12,0,40,28,10.0,6.68,5.0,85.0,5.0,5.0
485,0.788,5,0,24,19,10.0,7.88,45.83333333333333,33.33333333333333,12.5,8.333333333333332
486,0.615,9,0,24,15,10.0,6.15,70.83333333333334,25.0,0.0,4.166666666666666
487,0.816,3,0,25,22,10.0,8.16,0.0,68.0,0.0,32.0
488,0.77,4,0,28,24,10.0,7.7,3.571428571428571,42.857142857142854,17.857142857142858,35.714285714285715
489,0.622,9,0,27,18,10.0,6.22,7.4074074074074066,66.66666666666666,3.7037037037037033,22.22222222222222
490,0.616,8,0,27,19,10.0,6.16,14.814814814814813,70.37037037037037,0.0,14.814814814814813
491,0.74,4,0,24,20,10.0,7.4,4.166666666666666,62.5,4.166666666666666,29.166666666666668
492,0.828,4,0,26,22,10.0,8.28,7.6923076923076925,42.30769230769231,0.0,50.0
493,0.71,5,0,21,16,10.0,7.1,57.14285714285714,28.57142857142857,4.761904761904762,9.523809523809524
494,0.678,7,0,38,31,10.0,6.78,0.0,76.31578947368422,0.0,23.684210526315788
495,0.612,9,0,28,19,10.0,6.12,7.142857142857142,17.857142857142858,0.0,75.0
496,0.601,10,0,28,18,10.0,6.01,3.571428571428571,67.85714285714286,3.571428571428571,25.0
497,0.68,4,0,22,18,10.0,6.8,18.181818181818183,18.181818181818183,4.545454545454546,59.09090909090909
498,0.65,6,0,21,15,10.0,6.5,4.761904761904762,71.42857142857143,0.0,23.809523809523807
499,0.704,5,0,34,29,10.0,7.04,0.0,26.47058823529412,8.823529411764707,64.70588235294117
500,0.862,4,0,26,22,10.0,8.62,0.0,11.538461538461538,3.8461538461538463,84.61538461538461
501,0.715,6,0,25,19,10.0,7.15,12.0,60.0,0.0,28.000000000000004
502,0.696,7,0,26,19,10.0,6.96,3.8461538461538463,69.23076923076923,0.0,26.923076923076923
503,0.727,8,0,30,22,10.0,7.27,10.0,10.0,20.0,60.0
504,0.6,8,0,28,20,10.0,6.0,0.0,75.0,7.142857142857142,17.857142857142858
505,0.64,7,0,25,18,10.0,6.4,4.0,60.0,8.0,28.000000000000004
506,0.698,6,0,26,20,10.0,6.98,0.0,76.92307692307693,15.384615384615385,7.6923076923076925
507,0.78,3,0,29,26,10.0,7.8,3.4482758620689653,34.48275862068966,3.4482758620689653,58.620689655172406
508,0.716,9,0,32,23,10.0,7.16,3.125,37.5,0.0,59.375
509,0.776,5,0,31,26,10.0,7.76,0.0,77.41935483870968,0.0,22.58064516129032
510,0.585,5,0,16,11,10.0,5.85,0.0,75.0,18.75,6.25
511,0.758,7,0,28,21,10.0,7.58,0.0,50.0,10.714285714285714,39.285714285714285
512,0.85,3,0,26,23,10.0,8.5,0.0,61.53846153846154,3.8461538461538463,34.61538461538461
513,0.753,6,0,27,21,10.0,7.53,3.7037037037037033,74.07407407407408,3.7037037037037033,18.51851851851852
514,0.749,8,0,38,30,10.0,7.49,2.631578947368421,68.42105263157895,5.263157894736842,23.684210526315788
515,0.69,5,0,21,16,10.0,6.9,4.761904761904762,71.42857142857143,14.285714285714285,9.523809523809524
516,0.72,7,0,29,22,10.0,7.2,0.0,65.51724137931035,3.4482758620689653,31.03448275862069
517,0.708,5,0,25,20,10.0,7.08,4.0,92.0,4.0,0.0
518,0.812,3,0,25,22,10.0,8.12,0.0,28.000000000000004,20.0,52.0
519,0.8,5,0,24,19,10.0,8.0,8.333333333333332,66.66666666666666,20.833333333333336,4.166666666666666
520,0.81,3,0,17,14,10.0,8.1,0.0,64.70588235294117,0.0,35.294117647058826
521,0.752,4,0,30,26,10.0,7.52,3.3333333333333335,86.66666666666667,0.0,10.0
522,0.665,5,0,30,25,10.0,6.65,0.0,36.666666666666664,23.333333333333332,40.0
523,0.805,3,0,26,23,10.0,8.05,3.8461538461538463,80.76923076923077,3.8461538461538463,11.538461538461538
524,0.66,6,0,28,22,10.0,6.6,7.142857142857142,78.57142857142857,3.571428571428571,10.714285714285714
525,0.82,2,0,21,19,10.0,8.2,9.523809523809524,33.33333333333333,19.047619047619047,38.095238095238095
526,0.845,2,0,18,16,10.0,8.45,0.0,66.66666666666666,0.0,33.33333333333333
527,0.584,11,0,29,18,10.0,5.84,0.0,20.689655172413794,0.0,79.3103448275862
528,0.792,6,0,33,27,10.0,7.92,3.0303030303030303,87.87878787878788,3.0303030303030303,6.0606060606060606
529,0.838,6,0,35,29,10.0,8.38,5.714285714285714,60.0,2.857142857142857,31.428571428571427
530,0.744,4,0,29,25,10.0,7.44,0.0,75.86206896551724,0.0,24.137931034482758
531,0.763,5,0,28,23,10.0,7.63,0.0,60.71428571428571,14.285714285714285,25.0
532,0.704,9,0,28,19,10.0,7.04,7.142857142857142,60.71428571428571,0.0,32.142857142857146
533,0.648,7,0,25,18,10.0,6.48,8.0,64.0,0.0,28.000000000000004
534,0.646,7,0,27,20,10.0,6.46,3.7037037037037033,85.18518518518519,0.0,11.11111111111111
535,0.735,4,0,20,16,10.0,7.35,35.0,35.0,5.0,25.0
536,0.835,2,0,17,15,10.0,8.35,11.76470588235294,70.58823529411765,0.0,17.647058823529413
537,0.6,7,0,27,20,10.0,6.0,3.7037037037037033,74.07407407407408,18.51851851851852,3.7037037037037033
538,0.776,3,0,31,28,10.0,7.76,3.225806451612903,80.64516129032258,0.0,16.129032258064516
539,0.53,7,0,21,14,10.0,5.3,9.523809523809524,80.95238095238095,4.761904761904762,4.761904761904762
540,0.735,4,0,18,14,10.0,7.35,5.555555555555555,77.77777777777779,5.555555555555555,11.11111111111111
541,0.704,8,0,32,24,10.0,7.04,3.125,50.0,9.375,37.5
542,0.8,2,0,18,16,10.0,8.0,5.555555555555555,66.66666666666666,16.666666666666664,11.11111111111111
543,0.76,7,0,35,28,10.0,7.6,2.857142857142857,82.85714285714286,8.571428571428571,5.714285714285714
544,0.688,6,0,33,27,10.0,6.88,3.0303030303030303,81.81818181818183,0.0,15.151515151515152
545,0.774,5,0,28,23,10.0,7.74,14.285714285714285,82.14285714285714,0.0,3.571428571428571
546,0.615,4,0,19,15,10.0,6.15,0.0,63.1578947368421,5.263157894736842,31.57894736842105
547,0.84,2,0,16,14,10.0,8.4,0.0,43.75,25.0,31.25
548,0.749,8,0,27,19,10.0,7.49,0.0,62.96296296296296,18.51851851851852,18.51851851851852
549,0.716,4,0,22,18,10.0,7.16,0.0,86.36363636363636,9.090909090909092,4.545454545454546
550,0.872,2,0,36,34,10.0,8.72,0.0,69.44444444444444,0.0,30.555555555555557
551,0.752,5,0,27,22,10.0,7.52,3.7037037037037033,51.85185185185185,11.11111111111111,33.33333333333333
552,0.587,7,0,26,19,10.0,5.87,3.8461538461538463,73.07692307692307,7.6923076923076925,15.384615384615385
553,0.786,6,0,24,18,10.0,7.86,4.166666666666666,54.166666666666664,0.0,41.66666666666667
554,0.692,6,0,24,18,10.0,6.92,4.166666666666666,75.0,0.0,20.833333333333336
555,0.698,8,0,27,19,10.0,6.98,0.0,37.03703703703704,0.0,62.96296296296296
556,0.775,2,0,16,14,10.0,7.75,6.25,62.5,12.5,18.75
557,0.762,10,0,39,29,10.0,7.62,2.564102564102564,79.48717948717949,2.564102564102564,15.384615384615385
558,0.808,5,0,25,20,10.0,8.08,0.0,56.00000000000001,8.0,36.0
559,0.608,12,0,35,23,10.0,6.08,2.857142857142857,82.85714285714286,0.0,14.285714285714285
560,0.714,7,0,29,22,10.0,7.14,0.0,68.96551724137932,24.137931034482758,6.896551724137931
561,0.898,4,0,29,25,10.0,8.98,0.0,27.586206896551722,0.0,72.41379310344827
562,0.732,5,0,29,24,10.0,7.32,17.24137931034483,51.724137931034484,6.896551724137931,24.137931034482758
563,0.729,6,0,31,25,10.0,7.29,3.225806451612903,45.16129032258064,0.0,51.61290322580645
564,0.84,3,0,28,25,10.0,8.4,0.0,82.14285714285714,0.0,17.857142857142858
565,0.764,4,0,27,23,10.0,7.64,0.0,92.5925925925926,7.4074074074074066,0.0
566,0.82,3,0,22,19,10.0,8.2,4.545454545454546,77.27272727272727,13.636363636363635,4.545454545454546
567,0.638,7,0,25,18,10.0,6.38,16.0,28.000000000000004,44.0,12.0
568,0.732,7,0,31,24,10.0,7.32,9.67741935483871,74.19354838709677,12.903225806451612,3.225806451612903
569,0.7,5,0,20,15,10.0,7.0,30.0,55.00000000000001,5.0,10.0
570,0.716,5,0,28,23,10.0,7.16,3.571428571428571,67.85714285714286,3.571428571428571,25.0
571,0.698,5,0,26,21,10.0,6.98,0.0,80.76923076923077,7.6923076923076925,11.538461538461538
572,0.744,6,0,29,23,10.0,7.44,3.4482758620689653,48.275862068965516,3.4482758620689653,44.827586206896555
573,0.711,7,0,29,22,10.0,7.11,6.896551724137931,58.620689655172406,3.4482758620689653,31.03448275862069
574,0.784,5,0,32,27,10.0,7.84,0.0,78.125,0.0,21.875
575,0.772,5,0,23,18,10.0,7.72,4.3478260869565215,86.95652173913044,8.695652173913043,0.0
576,0.574,8,0,25,17,10.0,5.74,0.0,92.0,0.0,8.0
577,0.824,3,0,30,27,10.0,8.24,3.3333333333333335,56.666666666666664,3.3333333333333335,36.666666666666664
578,0.774,5,0,26,21,10.0,7.74,7.6923076923076925,69.23076923076923,11.538461538461538,11.538461538461538
579,0.595,8,0,31,23,10.0,5.95,0.0,93.54838709677419,3.225806451612903,3.225806451612903
580,0.764,5,0,28,23,10.0,7.64,0.0,67.85714285714286,3.571428571428571,28.57142857142857
581,0.84,2,0,22,20,10.0,8.4,0.0,59.09090909090909,0.0,40.909090909090914
582,0.825,2,0,26,24,10.0,8.25,3.8461538461538463,38.46153846153847,15.384615384615385,42.30769230769231
583,0.727,7,0,28,21,10.0,7.27,0.0,60.71428571428571,3.571428571428571,35.714285714285715
584,0.665,6,0,29,23,10.0,6.65,6.896551724137931,82.75862068965517,0.0,10.344827586206897
585,0.69,3,0,17,14,10.0,6.9,11.76470588235294,76.47058823529412,5.88235294117647,5.88235294117647
586,0.71,5,0,27,22,10.0,7.1,0.0,70.37037037037037,11.11111111111111,18.51851851851852
587,0.776,6,0,31,25,10.0,7.76,0.0,54.83870967741935,0.0,45.16129032258064
588,0.785,4,0,17,13,10.0,7.85,17.647058823529413,82.35294117647058,0.0,0.0
589,0.764,3,0,24,21,10.0,7.64,8.333333333333332,66.66666666666666,12.5,12.5
590,0.792,3,0,23,20,10.0,7.92,13.043478260869565,39.130434782608695,0.0,47.82608695652174
591,0.566,8,0,26,18,10.0,5.66,11.538461538461538,73.07692307692307,0.0,15.384615384615385
592,0.588,8,0,30,22,10.0,5.88,16.666666666666664,76.66666666666667,3.3333333333333335,3.3333333333333335
593,0.7,8,0,39,31,10.0,7.0,0.0,58.97435897435898,12.82051282051282,28.205128205128204
594,0.68,5,0,29,24,10.0,6.8,0.0,31.03448275862069,55.172413793103445,13.793103448275861
595,0.892,2,0,17,15,10.0,8.92,5.88235294117647,70.58823529411765,0.0,23.52941176470588
596,0.8,2,0,24,22,10.0,8.0,0.0,37.5,25.0,37.5
597,0.76,6,0,26,20,10.0,7.6,11.538461538461538,53.84615384615385,0.0,34.61538461538461
598,0.845,2,0,19,17,10.0,8.45,5.263157894736842,42.10526315789473,21.052631578947366,31.57894736842105
599,0.88,2,0,17,15,10.0,8.8,5.88235294117647,41.17647058823529,17.647058823529413,35.294117647058826
600,0.74,7,0,34,27,10.0,7.4,0.0,58.82352941176471,2.941176470588235,38.23529411764706
601,0.754,6,0,34,28,10.0,7.54,41.17647058823529,41.17647058823529,0.0,17.647058823529413
602,0.847,4,0,29,25,10.0,8.47,0.0,37.93103448275862,10.344827586206897,51.724137931034484
603,0.693,5,0,23,18,10.0,6.93,8.695652173913043,69.56521739130434,13.043478260869565,8.695652173913043
604,0.812,6,0,36,30,10.0,8.12,2.7777777777777777,38.88888888888889,13.88888888888889,44.44444444444444
605,0.64,7,0,27,20,10.0,6.4,0.0,85.18518518518519,0.0,14.814814814814813
606,0.686,6,0,27,21,10.0,6.86,11.11111111111111,33.33333333333333,7.4074074074074066,48.148148148148145
607,0.672,6,0,21,15,10.0,6.72,0.0,71.42857142857143,0.0,28.57142857142857
608,0.696,6,0,27,21,10.0,6.96,3.7037037037037033,74.07407407407408,3.7037037037037033,18.51851851851852
609,0.619,9,0,25,16,10.0,6.19,16.0,48.0,32.0,4.0
610,0.748,5,0,35,30,10.0,7.48,2.857142857142857,91.42857142857143,0.0,5.714285714285714
611,0.652,6,0,27,21,10.0,6.52,7.4074074074074066,62.96296296296296,0.0,29.629629629629626
612,0.784,6,0,36,30,10.0,7.84,2.7777777777777777,61.111111111111114,13.88888888888889,22.22222222222222
613,0.728,8,0,31,23,10.0,7.28,0.0,74.19354838709677,6.451612903225806,19.35483870967742
614,0.733,5,0,27,22,10.0,7.33,7.4074074074074066,74.07407407407408,3.7037037037037033,14.814814814814813
615,0.771,5,0,26,21,10.0,7.71,57.692307692307686,34.61538461538461,0.0,7.6923076923076925
616,0.8,3,0,22,19,10.0,8.0,4.545454545454546,68.18181818181817,4.545454545454546,22.727272727272727
617,0.8,2,0,15,13,10.0,8.0,46.666666666666664,33.33333333333333,6.666666666666667,13.333333333333334
618,0.715,3,0,21,18,10.0,7.15,9.523809523809524,57.14285714285714,4.761904761904762,28.57142857142857
619,0.875,1,0,13,12,10.0,8.75,7.6923076923076925,61.53846153846154,7.6923076923076925,23.076923076923077
620,0.775,3,0,19,16,10.0,7.75,0.0,68.42105263157895,10.526315789473683,21.052631578947366
621,0.66,4,0,15,11,10.0,6.6,33.33333333333333,53.333333333333336,6.666666666666667,6.666666666666667
622,0.642,6,0,23,17,10.0,6.42,8.695652173913043,78.26086956521739,4.3478260869565215,8.695652173913043
623,0.68,6,0,27,21,10.0,6.8,7.4074074074074066,77.77777777777779,7.4074074074074066,7.4074074074074066
624,0.82,2,0,17,15,10.0,8.2,0.0,52.94117647058824,17.647058823529413,29.411764705882355
625,0.84,3,0,27,24,10.0,8.4,11.11111111111111,44.44444444444444,22.22222222222222,22.22222222222222
626,0.824,4,0,30,26,10.0,8.24,3.3333333333333335,43.333333333333336,3.3333333333333335,50.0
627,0.693,4,0,26,22,10.0,6.93,0.0,73.07692307692307,0.0,26.923076923076923
628,0.66,8,0,30,22,10.0,6.6,0.0,33.33333333333333,46.666666666666664,20.0
629,0.75,3,0,24,21,10.0,7.5,8.333333333333332,91.66666666666666,0.0,0.0
630,0.71,5,0,25,20,10.0,7.1,4.0,84.0,8.0,4.0
631,0.702,7,0,29,22,10.0,7.02,3.4482758620689653,24.137931034482758,10.344827586206897,62.06896551724138
632,0.717,5,0,24,19,10.0,7.17,37.5,33.33333333333333,8.333333333333332,20.833333333333336
633,0.691,7,0,27,20,10.0,6.91,7.4074074074074066,77.77777777777779,7.4074074074074066,7.4074074074074066
634,0.642,8,0,32,24,10.0,6.42,40.625,43.75,3.125,12.5
635,0.82,6,0,36,30,10.0,8.2,0.0,36.11111111111111,8.333333333333332,55.55555555555556
636,0.7,6,0,23,17,10.0,7.0,0.0,34.78260869565217,13.043478260869565,52.17391304347826
637,0.784,5,0,23,18,10.0,7.84,39.130434782608695,17.391304347826086,34.78260869565217,8.695652173913043
638,0.581,8,0,24,16,10.0,5.81,0.0,87.5,8.333333333333332,4.166666666666666
639,0.76,4,0,29,25,10.0,7.6,0.0,72.41379310344827,24.137931034482758,3.4482758620689653
640,0.807,6,0,32,26,10.0,8.07,0.0,50.0,6.25,43.75
641,0.75,2,0,23,21,10.0,7.5,4.3478260869565215,26.08695652173913,8.695652173913043,60.86956521739131
642,0.76,5,0,33,28,10.0,7.6,3.0303030303030303,33.33333333333333,12.121212121212121,51.515151515151516
643,0.698,9,0,39,30,10.0,6.98,5.128205128205128,82.05128205128204,10.256410256410255,2.564102564102564
644,0.915,2,0,26,24,10.0,9.15,0.0,57.692307692307686,11.538461538461538,30.76923076923077
645,0.62,8,0,28,20,10.0,6.2,7.142857142857142,78.57142857142857,14.285714285714285,0.0
646,0.732,6,0,31,25,10.0,7.32,0.0,87.09677419354838,3.225806451612903,9.67741935483871
647,0.65,5,0,22,17,10.0,6.5,4.545454545454546,86.36363636363636,9.090909090909092,0.0
648,0.694,7,0,31,24,10.0,6.94,16.129032258064516,64.51612903225806,3.225806451612903,16.129032258064516
649,0.675,4,0,19,15,10.0,6.75,5.263157894736842,31.57894736842105,26.31578947368421,36.84210526315789
650,0.756,4,0,25,21,10.0,7.56,4.0,80.0,4.0,12.0
651,0.68,4,0,24,20,10.0,6.8,0.0,87.5,4.166666666666666,8.333333333333332
652,0.652,8,0,26,18,10.0,6.52,3.8461538461538463,42.30769230769231,11.538461538461538,42.30769230769231
653,0.724,5,0,34,29,10.0,7.24,2.941176470588235,64.70588235294117,2.941176470588235,29.411764705882355
654,0.592,8,0,26,18,10.0,5.92,0.0,84.61538461538461,7.6923076923076925,7.6923076923076925
655,0.852,3,0,25,22,10.0,8.52,0.0,72.0,12.0,16.0
656,0.706,5,0,23,18,10.0,7.06,0.0,73.91304347826086,8.695652173913043,17.391304347826086
657,0.704,6,0,28,22,10.0,7.04,3.571428571428571,67.85714285714286,10.714285714285714,17.857142857142858
658,0.85,2,0,21,19,10.0,8.5,0.0,33.33333333333333,4.761904761904762,61.904761904761905
659,0.744,6,0,28,22,10.0,7.44,0.0,75.0,3.571428571428571,21.428571428571427
660,0.7,5,0,26,21,10.0,7.0,3.8461538461538463,57.692307692307686,19.230769230769234,19.230769230769234
661,0.792,4,0,27,23,10.0,7.92,0.0,62.96296296296296,3.7037037037037033,33.33333333333333
662,0.628,9,0,34,25,10.0,6.28,0.0,73.52941176470588,14.705882352941178,11.76470588235294
663,0.72,7,0,26,19,10.0,7.2,11.538461538461538,76.92307692307693,3.8461538461538463,7.6923076923076925
664,0.672,8,0,30,22,10.0,6.72,0.0,96.66666666666667,3.3333333333333335,0.0
665,0.608,8,0,25,17,10.0,6.08,4.0,52.0,36.0,8.0
666,0.81,4,0,24,20,10.0,8.1,0.0,79.16666666666666,12.5,8.333333333333332
667,0.772,5,0,24,19,10.0,7.72,4.166666666666666,66.66666666666666,16.666666666666664,12.5
668,0.728,7,0,37,30,10.0,7.28,0.0,81.08108108108108,2.7027027027027026,16.216216216216218
669,0.675,3,0,14,11,10.0,6.75,0.0,85.71428571428571,7.142857142857142,7.142857142857142
670,0.855,3,0,24,21,10.0,8.55,4.166666666666666,45.83333333333333,8.333333333333332,41.66666666666667
671,0.84,2,0,15,13,10.0,8.4,40.0,26.666666666666668,6.666666666666667,26.666666666666668
672,0.665,5,0,20,15,10.0,6.65,5.0,85.0,10.0,0.0
673,0.66,4,0,16,12,10.0,6.6,6.25,68.75,6.25,18.75
674,0.768,5,0,38,33,10.0,7.68,2.631578947368421,76.31578947368422,5.263157894736842,15.789473684210526
675,0.814,4,0,30,26,10.0,8.14,3.3333333333333335,80.0,3.3333333333333335,13.333333333333334
676,0.712,8,0,32,24,10.0,7.12,0.0,68.75,15.625,15.625
677,0.748,5,0,27,22,10.0,7.48,0.0,74.07407407407408,14.814814814814813,11.11111111111111
678,0.568,8,0,29,21,10.0,5.68,3.4482758620689653,86.20689655172413,0.0,10.344827586206897
679,0.704,7,0,34,27,10.0,7.04,0.0,88.23529411764706,5.88235294117647,5.88235294117647
680,0.765,5,0,24,19,10.0,7.65,4.166666666666666,50.0,16.666666666666664,29.166666666666668
681,0.826,3,0,28,25,10.0,8.26,3.571428571428571,64.28571428571429,14.285714285714285,17.857142857142858
682,0.74,5,0,29,24,10.0,7.4,3.4482758620689653,86.20689655172413,6.896551724137931,3.4482758620689653
683,0.736,5,0,27,22,10.0,7.36,3.7037037037037033,70.37037037037037,3.7037037037037033,22.22222222222222
684,0.736,8,0,39,31,10.0,7.36,0.0,84.61538461538461,5.128205128205128,10.256410256410255
685,0.8,3,0,18,15,10.0,8.0,5.555555555555555,55.55555555555556,16.666666666666664,22.22222222222222
686,0.772,5,0,30,25,10.0,7.72,3.3333333333333335,70.0,23.333333333333332,3.3333333333333335
687,0.698,6,0,31,25,10.0,6.98,0.0,70.96774193548387,19.35483870967742,9.67741935483871
688,0.776,4,0,29,25,10.0,7.76,0.0,72.41379310344827,20.689655172413794,6.896551724137931
689,0.875,1,0,20,19,10.0,8.75,0.0,70.0,5.0,25.0
690,0.752,5,0,32,27,10.0,7.52,6.25,59.375,3.125,31.25
691,0.66,5,0,23,18,10.0,6.6,8.695652173913043,56.52173913043478,13.043478260869565,21.73913043478261
692,0.79,4,0,28,24,10.0,7.9,10.714285714285714,64.28571428571429,25.0,0.0
693,0.712,7,0,29,22,10.0,7.12,0.0,44.827586206896555,3.4482758620689653,51.724137931034484
694,0.825,2,0,18,16,10.0,8.25,5.555555555555555,38.88888888888889,27.77777777777778,27.77777777777778
695,0.78,3,0,31,28,10.0,7.8,6.451612903225806,80.64516129032258,12.903225806451612,0.0
696,0.75,4,0,19,15,10.0,7.5,5.263157894736842,84.21052631578947,5.263157894736842,5.263157894736842
697,0.7,5,0,26,21,10.0,7.0,0.0,69.23076923076923,3.8461538461538463,26.923076923076923
698,0.76,6,0,40,34,10.0,7.6,2.5,35.0,20.0,42.5
699,0.58,7,0,28,21,10.0,5.8,0.0,78.57142857142857,3.571428571428571,17.857142857142858
700,0.59,5,0,16,11,10.0,5.9,0.0,68.75,6.25,25.0
701,0.8,5,0,29,24,10.0,8.0,3.4482758620689653,58.620689655172406,3.4482758620689653,34.48275862068966
702,0.645,5,0,21,16,10.0,6.45,4.761904761904762,80.95238095238095,4.761904761904762,9.523809523809524
703,0.71,6,0,26,20,10.0,7.1,0.0,19.230769230769234,19.230769230769234,61.53846153846154
704,0.832,4,0,31,27,10.0,8.32,12.903225806451612,35.483870967741936,22.58064516129032,29.03225806451613
705,0.732,6,0,32,26,10.0,7.32,0.0,21.875,18.75,59.375
706,0.71,6,0,30,24,10.0,7.1,3.3333333333333335,63.33333333333333,16.666666666666664,16.666666666666664
707,0.82,6,0,28,22,10.0,8.2,0.0,35.714285714285715,7.142857142857142,57.14285714285714
708,0.788,7,0,40,33,10.0,7.88,0.0,55.00000000000001,2.5,42.5
709,0.782,4,0,25,21,10.0,7.82,0.0,40.0,24.0,36.0
710,0.74,4,0,20,16,10.0,7.4,5.0,60.0,30.0,5.0
711,0.658,9,0,30,21,10.0,6.58,3.3333333333333335,76.66666666666667,20.0,0.0
712,0.84,3,0,27,24,10.0,8.4,0.0,70.37037037037037,0.0,29.629629629629626
713,0.785,3,0,18,15,10.0,7.85,5.555555555555555,77.77777777777779,16.666666666666664,0.0
714,0.688,7,0,25,18,10.0,6.88,36.0,52.0,4.0,8.0
715,0.808,4,0,33,29,10.0,8.08,0.0,54.54545454545454,21.21212121212121,24.242424242424242
716,0.72,4,0,18,14,10.0,7.2,5.555555555555555,72.22222222222221,16.666666666666664,5.555555555555555
717,0.628,5,0,25,20,10.0,6.28,0.0,88.0,8.0,4.0
718,0.568,10,0,29,19,10.0,5.68,3.4482758620689653,68.96551724137932,3.4482758620689653,24.137931034482758
719,0.682,5,0,25,20,10.0,6.82,4.0,76.0,20.0,0.0
720,0.645,5,0,17,12,10.0,6.45,5.88235294117647,76.47058823529412,5.88235294117647,11.76470588235294
721,0.905,2,0,18,16,10.0,9.05,5.555555555555555,38.88888888888889,22.22222222222222,33.33333333333333
722,0.732,4,0,32,28,10.0,7.32,0.0,37.5,25.0,37.5
723,0.77,4,0,18,14,10.0,7.7,5.555555555555555,77.77777777777779,16.666666666666664,0.0
724,0.835,4,0,24,20,10.0,8.35,0.0,91.66666666666666,4.166666666666666,4.166666666666666
725,0.745,4,0,26,22,10.0,7.45,3.8461538461538463,76.92307692307693,3.8461538461538463,15.384615384615385
726,0.73,5,0,28,23,10.0,7.3,0.0,75.0,7.142857142857142,17.857142857142858
727,0.85,2,0,20,18,10.0,8.5,0.0,60.0,5.0,35.0
728,0.553,11,0,28,17,10.0,5.53,0.0,78.57142857142857,3.571428571428571,17.857142857142858
729,0.676,6,0,30,24,10.0,6.76,0.0,76.66666666666667,3.3333333333333335,20.0
730,0.712,6,0,27,21,10.0,7.12,3.7037037037037033,11.11111111111111,25.925925925925924,59.25925925925925
731,0.784,6,0,34,28,10.0,7.84,2.941176470588235,73.52941176470588,2.941176470588235,20.588235294117645
732,0.68,6,0,33,27,10.0,6.8,0.0,81.81818181818183,9.090909090909092,9.090909090909092
733,0.731,6,0,27,21,10.0,7.31,0.0,66.66666666666666,7.4074074074074066,25.925925925925924
734,0.802,4,0,27,23,10.0,8.02,0.0,70.37037037037037,3.7037037037037033,25.925925925925924
735,0.71,6,0,26,20,10.0,7.1,7.6923076923076925,57.692307692307686,34.61538461538461,0.0
736,0.84,5,0,37,32,10.0,8.4,0.0,81.08108108108108,2.7027027027027026,16.216216216216218
737,0.775,3,0,31,28,10.0,7.75,3.225806451612903,74.19354838709677,3.225806451612903,19.35483870967742
738,0.732,7,0,27,20,10.0,7.32,3.7037037037037033,81.48148148148148,7.4074074074074066,7.4074074074074066
739,0.875,1,0,18,17,10.0,8.75,5.555555555555555,44.44444444444444,22.22222222222222,27.77777777777778
740,0.764,5,0,27,22,10.0,7.64,3.7037037037037033,74.07407407407408,22.22222222222222,0.0
741,0.76,5,0,25,20,10.0,7.6,8.0,72.0,4.0,16.0
742,0.797,5,0,30,25,10.0,7.97,3.3333333333333335,76.66666666666667,20.0,0.0
743,0.66,6,0,30,24,10.0,6.6,0.0,86.66666666666667,3.3333333333333335,10.0
744,0.636,8,0,27,19,10.0,6.36,3.7037037037037033,77.77777777777779,11.11111111111111,7.4074074074074066
745,0.739,7,0,27,20,10.0,7.39,3.7037037037037033,55.55555555555556,7.4074074074074066,33.33333333333333
746,0.768,7,0,28,21,10.0,7.68,0.0,92.85714285714286,3.571428571428571,3.571428571428571
747,0.744,7,0,28,21,10.0,7.44,0.0,75.0,14.285714285714285,10.714285714285714
748,0.744,5,0,34,29,10.0,7.44,0.0,70.58823529411765,8.823529411764707,20.588235294117645
749,0.708,7,0,33,26,10.0,7.08,0.0,57.57575757575758,15.151515151515152,27.27272727272727
750,0.765,4,0,21,17,10.0,7.65,4.761904761904762,80.95238095238095,14.285714285714285,0.0
751,0.665,6,0,29,23,10.0,6.65,0.0,51.724137931034484,3.4482758620689653,44.827586206896555
752,0.61,5,0,16,11,10.0,6.1,6.25,75.0,18.75,0.0
753,0.895,3,0,19,16,10.0,8.95,5.263157894736842,63.1578947368421,15.789473684210526,15.789473684210526
754,0.7,6,0,21,15,10.0,7.0,0.0,57.14285714285714,14.285714285714285,28.57142857142857
755,0.66,7,0,29,22,10.0,6.6,0.0,37.93103448275862,34.48275862068966,27.586206896551722
756,0.81,3,0,16,13,10.0,8.1,25.0,56.25,6.25,12.5
757,0.76,6,0,26,20,10.0,7.6,3.8461538461538463,76.92307692307693,11.538461538461538,7.6923076923076925
758,0.76,3,0,20,17,10.0,7.6,5.0,60.0,20.0,15.0
759,0.616,8,0,35,27,10.0,6.16,0.0,80.0,20.0,0.0
760,0.82,4,0,30,26,10.0,8.2,3.3333333333333335,70.0,6.666666666666667,20.0
761,0.66,7,0,26,19,10.0,6.6,0.0,76.92307692307693,15.384615384615385,7.6923076923076925
762,0.662,6,0,27,21,10.0,6.62,0.0,59.25925925925925,18.51851851851852,22.22222222222222
763,0.788,5,0,34,29,10.0,7.88,0.0,55.88235294117647,2.941176470588235,41.17647058823529
764,0.775,5,0,30,25,10.0,7.75,0.0,83.33333333333334,3.3333333333333335,13.333333333333334
765,0.58,6,0,23,17,10.0,5.8,0.0,78.26086956521739,4.3478260869565215,17.391304347826086
766,0.8,6,0,26,20,10.0,8.0,3.8461538461538463,23.076923076923077,26.923076923076923,46.15384615384615
767,0.722,5,0,29,24,10.0,7.22,3.4482758620689653,48.275862068965516,27.586206896551722,20.689655172413794
768,0.691,7,0,28,21,10.0,6.91,3.571428571428571,32.142857142857146,3.571428571428571,60.71428571428571
769,0.72,4,0,18,14,10.0,7.2,5.555555555555555,66.66666666666666,22.22222222222222,5.555555555555555
770,0.68,6,0,23,17,10.0,6.8,0.0,21.73913043478261,8.695652173913043,69.56521739130434
771,0.78,3,0,27,24,10.0,7.8,0.0,48.148148148148145,3.7037037037037033,48.148148148148145
772,0.75,3,0,18,15,10.0,7.5,5.555555555555555,61.111111111111114,27.77777777777778,5.555555555555555
773,0.76,3,0,21,18,10.0,7.6,9.523809523809524,80.95238095238095,4.761904761904762,4.761904761904762
774,0.704,6,0,26,20,10.0,7.04,3.8461538461538463,92.3076923076923,3.8461538461538463,0.0
775,0.82,3,0,24,21,10.0,8.2,8.333333333333332,66.66666666666666,4.166666666666666,20.833333333333336
776,0.66,6,0,28,22,10.0,6.6,3.571428571428571,67.85714285714286,3.571428571428571,25.0
777,0.57,7,0,27,20,10.0,5.7,0.0,66.66666666666666,11.11111111111111,22.22222222222222
778,0.736,6,0,30,24,10.0,7.36,10.0,70.0,6.666666666666667,13.333333333333334
779,0.75,3,0,24,21,10.0,7.5,8.333333333333332,75.0,16.666666666666664,0.0
780,0.689,6,0,27,21,10.0,6.89,3.7037037037037033,85.18518518518519,3.7037037037037033,7.4074074074074066
781,0.7,3,0,22,19,10.0,7.0,0.0,63.63636363636363,27.27272727272727,9.090909090909092
782,0.58,6,0,24,18,10.0,5.8,0.0,91.66666666666666,8.333333333333332,0.0
783,0.615,7,0,26,19,10.0,6.15,3.8461538461538463,69.23076923076923,26.923076923076923,0.0
784,0.534,9,0,30,21,10.0,5.34,0.0,63.33333333333333,30.0,6.666666666666667
785,0.605,5,0,21,16,10.0,6.05,0.0,85.71428571428571,4.761904761904762,9.523809523809524
786,0.742,7,0,29,22,10.0,7.42,0.0,24.137931034482758,17.24137931034483,58.620689655172406
787,0.8,2,0,20,18,10.0,8.0,5.0,30.0,20.0,45.0
788,0.774,4,0,27,23,10.0,7.74,3.7037037037037033,59.25925925925925,7.4074074074074066,29.629629629629626
789,0.6,6,0,26,20,10.0,6.0,0.0,65.38461538461539,19.230769230769234,15.384615384615385
790,0.73,5,0,25,20,10.0,7.3,24.0,68.0,8.0,0.0
791,0.62,6,0,16,10,10.0,6.2,0.0,87.5,12.5,0.0
792,0.65,6,0,28,22,10.0,6.5,3.571428571428571,67.85714285714286,25.0,3.571428571428571
793,0.656,7,0,29,22,10.0,6.56,0.0,58.620689655172406,17.24137931034483,24.137931034482758
794,0.718,8,0,33,25,10.0,7.18,0.0,39.39393939393939,3.0303030303030303,57.57575757575758
795,0.692,7,0,28,21,10.0,6.92,7.142857142857142,85.71428571428571,3.571428571428571,3.571428571428571
796,0.768,4,0,30,26,10.0,7.68,3.3333333333333335,90.0,3.3333333333333335,3.3333333333333335
797,0.664,6,0,29,23,10.0,6.64,6.896551724137931,68.96551724137932,10.344827586206897,13.793103448275861
798,0.594,10,0,31,21,10.0,5.94,0.0,80.64516129032258,6.451612903225806,12.903225806451612
799,0.656,7,0,30,23,10.0,6.56,3.3333333333333335,80.0,3.3333333333333335,13.333333333333334
800,0.688,7,0,32,25,10.0,6.88,3.125,81.25,3.125,12.5
801,0.78,4,0,20,16,10.0,7.8,5.0,60.0,20.0,15.0
802,0.796,5,0,35,30,10.0,7.96,2.857142857142857,34.285714285714285,28.57142857142857,34.285714285714285
803,0.64,6,0,29,23,10.0,6.4,0.0,79.3103448275862,3.4482758620689653,17.24137931034483
804,0.718,6,0,27,21,10.0,7.18,0.0,59.25925925925925,11.11111111111111,29.629629629629626
805,0.8,3,0,18,15,10.0,8.0,5.555555555555555,77.77777777777779,11.11111111111111,5.555555555555555
806,0.651,7,0,27,20,10.0,6.51,3.7037037037037033,85.18518518518519,3.7037037037037033,7.4074074074074066
807,0.78,3,0,20,17,10.0,7.8,5.0,45.0,30.0,20.0
808,0.78,5,0,28,23,10.0,7.8,32.142857142857146,39.285714285714285,10.714285714285714,17.857142857142858
809,0.64,5,0,24,19,10.0,6.4,4.166666666666666,79.16666666666666,4.166666666666666,12.5
810,0.828,5,0,35,30,10.0,8.28,2.857142857142857,60.0,25.71428571428571,11.428571428571429
811,0.544,9,0,26,17,10.0,5.44,3.8461538461538463,80.76923076923077,3.8461538461538463,11.538461538461538
812,0.653,7,0,27,20,10.0,6.53,3.7037037037037033,62.96296296296296,3.7037037037037033,29.629629629629626
813,0.64,6,0,28,22,10.0,6.4,3.571428571428571,75.0,17.857142857142858,3.571428571428571
814,0.748,5,0,21,16,10.0,7.48,4.761904761904762,66.66666666666666,4.761904761904762,23.809523809523807
815,0.85,2,0,18,16,10.0,8.5,5.555555555555555,38.88888888888889,22.22222222222222,33.33333333333333
816,0.85,2,0,16,14,10.0,8.5,6.25,81.25,12.5,0.0
817,0.695,4,0,30,26,10.0,6.95,0.0,86.66666666666667,6.666666666666667,6.666666666666667
818,0.8,3,0,18,15,10.0,8.0,5.555555555555555,77.77777777777779,5.555555555555555,11.11111111111111
819,0.681,10,0,30,20,10.0,6.81,0.0,40.0,3.3333333333333335,56.666666666666664
820,0.655,6,0,26,20,10.0,6.55,0.0,80.76923076923077,15.384615384615385,3.8461538461538463
821,0.68,6,0,24,18,10.0,6.8,0.0,75.0,4.166666666666666,20.833333333333336
822,0.808,5,0,33,28,10.0,8.08,0.0,27.27272727272727,27.27272727272727,45.45454545454545
823,0.666,6,0,27,21,10.0,6.66,0.0,51.85185185185185,11.11111111111111,37.03703703703704
824,0.775,4,0,19,15,10.0,7.75,5.263157894736842,36.84210526315789,10.526315789473683,47.368421052631575
825,0.616,7,0,25,18,10.0,6.16,0.0,84.0,8.0,8.0
826,0.76,4,0,25,21,10.0,7.6,4.0,76.0,20.0,0.0
827,0.82,3,0,29,26,10.0,8.2,0.0,20.689655172413794,6.896551724137931,72.41379310344827
828,0.702,4,0,21,17,10.0,7.02,4.761904761904762,80.95238095238095,4.761904761904762,9.523809523809524
829,0.625,3,0,13,10,10.0,6.25,0.0,69.23076923076923,7.6923076923076925,23.076923076923077
830,0.73,4,0,19,15,10.0,7.3,5.263157894736842,84.21052631578947,10.526315789473683,0.0
831,0.696,7,0,30,23,10.0,6.96,0.0,73.33333333333333,6.666666666666667,20.0
832,0.7,6,0,29,23,10.0,7.0,10.344827586206897,72.41379310344827,17.24137931034483,0.0
833,0.788,6,0,27,21,10.0,7.88,0.0,85.18518518518519,3.7037037037037033,11.11111111111111
834,0.7,3,0,21,18,10.0,7.0,4.761904761904762,28.57142857142857,14.285714285714285,52.38095238095239
835,0.624,8,0,26,18,10.0,6.24,0.0,73.07692307692307,3.8461538461538463,23.076923076923077
836,0.68,4,0,23,19,10.0,6.8,0.0,91.30434782608695,8.695652173913043,0.0
837,0.9,1,0,13,12,10.0,9.0,7.6923076923076925,46.15384615384615,23.076923076923077,23.076923076923077
838,0.796,3,0,25,22,10.0,7.96,0.0,48.0,4.0,48.0
839,0.7,3,0,16,13,10.0,7.0,6.25,68.75,18.75,6.25
840,0.76,6,0,36,30,10.0,7.6,0.0,88.88888888888889,2.7777777777777777,8.333333333333332
841,0.666,8,0,33,25,10.0,6.66,0.0,78.78787878787878,3.0303030303030303,18.181818181818183
842,0.86,2,0,27,25,10.0,8.6,0.0,70.37037037037037,14.814814814814813,14.814814814814813
843,0.725,3,0,23,20,10.0,7.25,0.0,52.17391304347826,4.3478260869565215,43.47826086956522
844,0.64,5,0,22,17,10.0,6.4,0.0,81.81818181818183,4.545454545454546,13.636363636363635
845,0.72,8,0,29,21,10.0,7.2,34.48275862068966,27.586206896551722,13.793103448275861,24.137931034482758
846,0.616,6,0,29,23,10.0,6.16,6.896551724137931,72.41379310344827,6.896551724137931,13.793103448275861
847,0.82,4,0,30,26,10.0,8.2,3.3333333333333335,73.33333333333333,13.333333333333334,10.0
848,0.644,10,0,37,27,10.0,6.44,0.0,51.35135135135135,2.7027027027027026,45.94594594594595
849,0.804,4,0,33,29,10.0,8.04,0.0,84.84848484848484,6.0606060606060606,9.090909090909092
850,0.679,8,0,29,21,10.0,6.79,0.0,79.3103448275862,3.4482758620689653,17.24137931034483
851,0.716,5,0,22,17,10.0,7.16,0.0,63.63636363636363,4.545454545454546,31.818181818181817
852,0.84,2,0,25,23,10.0,8.4,4.0,84.0,8.0,4.0
853,0.677,5,0,25,20,10.0,6.77,12.0,56.00000000000001,4.0,28.000000000000004
854,0.702,5,0,25,20,10.0,7.02,0.0,88.0,8.0,4.0
855,0.77,4,0,21,17,10.0,7.7,0.0,52.38095238095239,14.285714285714285,33.33333333333333
856,0.63,5,0,25,20,10.0,6.3,0.0,80.0,8.0,12.0
857,0.822,5,0,32,27,10.0,8.22,0.0,50.0,21.875,28.125
858,0.796,9,0,39,30,10.0,7.96,2.564102564102564,61.53846153846154,5.128205128205128,30.76923076923077
859,0.85,2,0,18,16,10.0,8.5,11.11111111111111,33.33333333333333,16.666666666666664,38.88888888888889
860,0.647,9,0,31,22,10.0,6.47,0.0,77.41935483870968,6.451612903225806,16.129032258064516
861,0.653,6,0,26,20,10.0,6.53,3.8461538461538463,30.76923076923077,3.8461538461538463,61.53846153846154
862,0.908,3,0,27,24,10.0,9.08,0.0,48.148148148148145,14.814814814814813,37.03703703703704
863,0.634,7,0,23,16,10.0,6.34,0.0,86.95652173913044,8.695652173913043,4.3478260869565215
864,0.8,3,0,19,16,10.0,8.0,5.263157894736842,89.47368421052632,5.263157894736842,0.0
865,0.74,6,0,28,22,10.0,7.4,3.571428571428571,17.857142857142858,3.571428571428571,75.0
866,0.751,5,0,27,22,10.0,7.51,3.7037037037037033,44.44444444444444,11.11111111111111,40.74074074074074
867,0.691,6,0,24,18,10.0,6.91,0.0,70.83333333333334,12.5,16.666666666666664
868,0.8,2,0,19,17,10.0,8.0,5.263157894736842,73.68421052631578,5.263157894736842,15.789473684210526
869,0.86,3,0,21,18,10.0,8.6,0.0,57.14285714285714,9.523809523809524,33.33333333333333
870,0.726,6,0,28,22,10.0,7.26,0.0,75.0,7.142857142857142,17.857142857142858
871,0.5,5,0,17,12,10.0,5.0,0.0,76.47058823529412,23.52941176470588,0.0
872,0.702,6,0,30,24,10.0,7.02,3.3333333333333335,66.66666666666666,10.0,20.0
873,0.695,5,0,23,18,10.0,6.95,0.0,82.6086956521739,4.3478260869565215,13.043478260869565
874,0.712,4,0,28,24,10.0,7.12,17.857142857142858,57.14285714285714,3.571428571428571,21.428571428571427
875,0.75,4,0,21,17,10.0,7.5,4.761904761904762,61.904761904761905,23.809523809523807,9.523809523809524
876,0.625,4,0,16,12,10.0,6.25,0.0,25.0,6.25,68.75
877,0.695,4,0,18,14,10.0,6.95,5.555555555555555,33.33333333333333,16.666666666666664,44.44444444444444
878,0.712,7,0,27,20,10.0,7.12,3.7037037037037033,22.22222222222222,3.7037037037037033,70.37037037037037
879,0.752,6,0,26,20,10.0,7.52,3.8461538461538463,30.76923076923077,3.8461538461538463,61.53846153846154
880,0.708,7,0,27,20,10.0,7.08,3.7037037037037033,74.07407407407408,7.4074074074074066,14.814814814814813
881,0.796,5,0,33,28,10.0,7.96,0.0,60.60606060606061,3.0303030303030303,36.36363636363637
882,0.702,7,0,24,17,10.0,7.02,0.0,25.0,4.166666666666666,70.83333333333334
883,0.67,8,0,29,21,10.0,6.7,24.137931034482758,51.724137931034484,6.896551724137931,17.24137931034483
884,0.63,4,0,18,14,10.0,6.3,0.0,55.55555555555556,16.666666666666664,27.77777777777778
885,0.696,6,0,27,21,10.0,6.96,62.96296296296296,11.11111111111111,3.7037037037037033,22.22222222222222
886,0.712,5,0,29,24,10.0,7.12,0.0,86.20689655172413,3.4482758620689653,10.344827586206897
887,0.724,6,0,26,20,10.0,7.24,3.8461538461538463,65.38461538461539,26.923076923076923,3.8461538461538463
888,0.696,8,0,30,22,10.0,6.96,6.666666666666667,36.666666666666664,3.3333333333333335,53.333333333333336
889,0.85,3,0,19,16,10.0,8.5,0.0,57.89473684210527,10.526315789473683,31.57894736842105
890,0.76,4,0,21,17,10.0,7.6,0.0,85.71428571428571,14.285714285714285,0.0
891,0.728,5,0,25,20,10.0,7.28,12.0,52.0,4.0,32.0
892,0.766,7,0,21,14,10.0,7.66,57.14285714285714,14.285714285714285,19.047619047619047,9.523809523809524
893,0.84,4,0,38,34,10.0,8.4,2.631578947368421,73.68421052631578,10.526315789473683,13.157894736842104
894,0.63,5,0,24,19,10.0,6.3,4.166666666666666,79.16666666666666,4.166666666666666,12.5
895,0.763,5,0,30,25,10.0,7.63,0.0,76.66666666666667,16.666666666666664,6.666666666666667
896,0.746,6,0,27,21,10.0,7.46,3.7037037037037033,66.66666666666666,11.11111111111111,18.51851851851852
897,0.75,5,0,27,22,10.0,7.5,3.7037037037037033,59.25925925925925,3.7037037037037033,33.33333333333333
898,0.666,7,0,30,23,10.0,6.66,3.3333333333333335,60.0,13.333333333333334,23.333333333333332
899,0.731,5,0,25,20,10.0,7.31,4.0,48.0,20.0,28.000000000000004
900,0.76,6,0,30,24,10.0,7.6,0.0,53.333333333333336,6.666666666666667,40.0
901,0.704,6,0,28,22,10.0,7.04,7.142857142857142,14.285714285714285,3.571428571428571,75.0
902,0.63,6,0,26,20,10.0,6.3,7.6923076923076925,50.0,3.8461538461538463,38.46153846153847
903,0.6,6,0,23,17,10.0,6.0,0.0,86.95652173913044,4.3478260869565215,8.695652173913043
904,0.676,7,0,26,19,10.0,6.76,0.0,76.92307692307693,3.8461538461538463,19.230769230769234
905,0.8,2,0,15,13,10.0,8.0,6.666666666666667,40.0,20.0,33.33333333333333
906,0.776,6,0,30,24,10.0,7.76,0.0,83.33333333333334,13.333333333333334,3.3333333333333335
907,0.748,6,0,25,19,10.0,7.48,4.0,80.0,8.0,8.0
908,0.776,4,0,26,22,10.0,7.76,19.230769230769234,65.38461538461539,3.8461538461538463,11.538461538461538
909,0.694,8,0,33,25,10.0,6.94,0.0,90.9090909090909,3.0303030303030303,6.0606060606060606
910,0.784,4,0,29,25,10.0,7.84,13.793103448275861,62.06896551724138,3.4482758620689653,20.689655172413794
911,0.67,6,0,27,21,10.0,6.7,7.4074074074074066,62.96296296296296,11.11111111111111,18.51851851851852
912,0.696,6,0,27,21,10.0,6.96,3.7037037037037033,77.77777777777779,7.4074074074074066,11.11111111111111
913,0.72,4,0,20,16,10.0,7.2,0.0,85.0,15.0,0.0
914,0.718,9,0,36,27,10.0,7.18,0.0,88.88888888888889,2.7777777777777777,8.333333333333332
915,0.704,8,0,31,23,10.0,7.04,0.0,48.38709677419355,3.225806451612903,48.38709677419355
916,0.672,9,0,41,32,10.0,6.72,0.0,90.2439024390244,2.4390243902439024,7.317073170731707
917,0.772,6,0,28,22,10.0,7.72,0.0,78.57142857142857,17.857142857142858,3.571428571428571
918,0.525,8,0,27,19,10.0,5.25,0.0,66.66666666666666,3.7037037037037033,29.629629629629626
919,0.569,8,0,25,17,10.0,5.69,0.0,80.0,16.0,4.0
920,0.68,6,0,27,21,10.0,6.8,18.51851851851852,77.77777777777779,3.7037037037037033,0.0
921,0.648,9,0,28,19,10.0,6.48,7.142857142857142,82.14285714285714,3.571428571428571,7.142857142857142
922,0.808,3,0,22,19,10.0,8.08,4.545454545454546,81.81818181818183,9.090909090909092,4.545454545454546
923,0.876,6,0,36,30,10.0,8.76,0.0,44.44444444444444,33.33333333333333,22.22222222222222
924,0.822,3,0,19,16,10.0,8.22,5.263157894736842,84.21052631578947,5.263157894736842,5.263157894736842
925,0.688,9,0,33,24,10.0,6.88,0.0,45.45454545454545,15.151515151515152,39.39393939393939
926,0.675,3,0,14,11,10.0,6.75,7.142857142857142,85.71428571428571,7.142857142857142,0.0
927,0.735,7,0,22,15,10.0,7.35,4.545454545454546,22.727272727272727,9.090909090909092,63.63636363636363
928,0.752,5,0,25,20,10.0,7.52,0.0,84.0,16.0,0.0
929,0.5,6,0,16,10,10.0,5.0,6.25,56.25,37.5,0.0
930,0.677,5,0,29,24,10.0,6.77,0.0,41.37931034482759,13.793103448275861,44.827586206896555
931,0.655,7,0,28,21,10.0,6.55,21.428571428571427,57.14285714285714,7.142857142857142,14.285714285714285
932,0.694,8,0,27,19,10.0,6.94,7.4074074074074066,85.18518518518519,3.7037037037037033,3.7037037037037033
933,0.744,6,0,37,31,10.0,7.44,0.0,86.48648648648648,2.7027027027027026,10.81081081081081
934,0.751,6,0,28,22,10.0,7.51,0.0,82.14285714285714,7.142857142857142,10.714285714285714
935,0.72,4,0,26,22,10.0,7.2,0.0,50.0,3.8461538461538463,46.15384615384615
936,0.672,7,0,26,19,10.0,6.72,3.8461538461538463,53.84615384615385,7.6923076923076925,34.61538461538461
937,0.776,5,0,28,23,10.0,7.76,0.0,57.14285714285714,10.714285714285714,32.142857142857146
938,0.792,4,0,32,28,10.0,7.92,6.25,21.875,21.875,50.0
939,0.645,5,0,24,19,10.0,6.45,4.166666666666666,83.33333333333334,12.5,0.0
940,0.628,10,0,28,18,10.0,6.28,3.571428571428571,75.0,17.857142857142858,3.571428571428571
941,0.744,4,0,27,23,10.0,7.44,0.0,44.44444444444444,3.7037037037037033,51.85185185185185
942,0.579,7,0,22,15,10.0,5.79,4.545454545454546,86.36363636363636,4.545454545454546,4.545454545454546
943,0.675,3,0,14,11,10.0,6.75,7.142857142857142,78.57142857142857,7.142857142857142,7.142857142857142
944,0.725,6,0,35,29,10.0,7.25,0.0,97.14285714285714,2.857142857142857,0.0
945,0.76,6,0,26,20,10.0,7.6,7.6923076923076925,80.76923076923077,3.8461538461538463,7.6923076923076925
946,0.784,7,0,36,29,10.0,7.84,0.0,83.33333333333334,2.7777777777777777,13.88888888888889
947,0.775,4,0,18,14,10.0,7.75,38.88888888888889,50.0,11.11111111111111,0.0
948,0.674,6,0,30,24,10.0,6.74,0.0,46.666666666666664,13.333333333333334,40.0
949,0.635,5,0,18,13,10.0,6.35,16.666666666666664,66.66666666666666,5.555555555555555,11.11111111111111
950,0.66,7,0,26,19,10.0,6.6,7.6923076923076925,65.38461538461539,7.6923076923076925,19.230769230769234
951,0.809,4,0,28,24,10.0,8.09,0.0,64.28571428571429,17.857142857142858,17.857142857142858
952,0.752,4,0,27,23,10.0,7.52,0.0,59.25925925925925,7.4074074074074066,33.33333333333333
953,0.704,4,0,28,24,10.0,7.04,7.142857142857142,85.71428571428571,3.571428571428571,3.571428571428571
954,0.729,6,0,27,21,10.0,7.29,0.0,51.85185185185185,3.7037037037037033,44.44444444444444
955,0.601,8,0,26,18,10.0,6.01,7.6923076923076925,80.76923076923077,7.6923076923076925,3.8461538461538463
956,0.81,3,0,26,23,10.0,8.1,0.0,73.07692307692307,11.538461538461538,15.384615384615385
957,0.685,9,0,27,18,10.0,6.85,48.148148148148145,37.03703703703704,3.7037037037037033,11.11111111111111
958,0.704,7,0,36,29,10.0,7.04,0.0,80.55555555555556,2.7777777777777777,16.666666666666664
959,0.748,7,0,36,29,10.0,7.48,0.0,86.11111111111111,8.333333333333332,5.555555555555555
960,0.764,6,0,27,21,10.0,7.64,7.4074074074074066,77.77777777777779,14.814814814814813,0.0
961,0.804,4,0,39,35,10.0,8.04,0.0,56.41025641025641,5.128205128205128,38.46153846153847
962,0.656,6,0,24,18,10.0,6.56,4.166666666666666,75.0,16.666666666666664,4.166666666666666
963,0.702,7,0,28,21,10.0,7.02,3.571428571428571,78.57142857142857,3.571428571428571,14.285714285714285
964,0.814,5,0,36,31,10.0,8.14,0.0,83.33333333333334,2.7777777777777777,13.88888888888889
965,0.739,6,0,33,27,10.0,7.39,3.0303030303030303,39.39393939393939,15.151515151515152,42.42424242424242
966,0.84,3,0,23,20,10.0,8.4,4.3478260869565215,47.82608695652174,4.3478260869565215,43.47826086956522
967,0.788,4,0,27,23,10.0,7.88,0.0,70.37037037037037,3.7037037037037033,25.925925925925924
968,0.754,6,0,32,26,10.0,7.54,0.0,59.375,6.25,34.375
969,0.72,5,0,21,16,10.0,7.2,4.761904761904762,33.33333333333333,28.57142857142857,33.33333333333333
970,0.65,4,0,24,20,10.0,6.5,0.0,83.33333333333334,8.333333333333332,8.333333333333332
971,0.736,3,0,22,19,10.0,7.36,4.545454545454546,81.81818181818183,4.545454545454546,9.090909090909092
972,0.87,3,0,30,27,10.0,8.7,10.0,40.0,3.3333333333333335,46.666666666666664
973,0.71,4,0,18,14,10.0,7.1,5.555555555555555,72.22222222222221,5.555555555555555,16.666666666666664
974,0.575,9,0,25,16,10.0,5.75,0.0,20.0,4.0,76.0
975,0.688,7,0,28,21,10.0,6.88,0.0,35.714285714285715,10.714285714285714,53.57142857142857
976,0.8,4,0,25,21,10.0,8.0,4.0,24.0,12.0,60.0
977,0.646,7,0,23,16,10.0,6.46,4.3478260869565215,86.95652173913044,8.695652173913043,0.0
978,0.694,7,0,23,16,10.0,6.94,0.0,86.95652173913044,4.3478260869565215,8.695652173913043
979,0.704,5,0,30,25,10.0,7.04,0.0,70.0,3.3333333333333335,26.666666666666668
980,0.747,7,0,31,24,10.0,7.47,3.225806451612903,77.41935483870968,12.903225806451612,6.451612903225806
981,0.714,6,0,27,21,10.0,7.14,3.7037037037037033,88.88888888888889,3.7037037037037033,3.7037037037037033
982,0.832,5,0,37,32,10.0,8.32,0.0,37.83783783783784,2.7027027027027026,59.45945945945946
983,0.8,2,0,25,23,10.0,8.0,4.0,64.0,32.0,0.0
984,0.725,6,0,23,17,10.0,7.25,0.0,82.6086956521739,13.043478260869565,4.3478260869565215
985,0.77,4,0,20,16,10.0,7.7,5.0,40.0,5.0,50.0
986,0.734,7,0,32,25,10.0,7.34,3.125,37.5,3.125,56.25
987,0.712,7,0,24,17,10.0,7.12,0.0,83.33333333333334,4.166666666666666,12.5
988,0.716,10,0,37,27,10.0,7.16,21.62162162162162,18.91891891891892,13.513513513513514,45.94594594594595
989,0.7,7,0,31,24,10.0,7.0,0.0,38.70967741935484,12.903225806451612,48.38709677419355
990,0.875,1,0,20,19,10.0,8.75,0.0,70.0,5.0,25.0
991,0.768,5,0,29,24,10.0,7.68,0.0,86.20689655172413,3.4482758620689653,10.344827586206897
992,0.724,7,0,25,18,10.0,7.24,0.0,84.0,8.0,8.0
993,0.8,4,0,37,33,10.0,8.0,0.0,56.75675675675676,13.513513513513514,29.72972972972973
994,0.76,7,0,25,18,10.0,7.6,0.0,84.0,12.0,4.0
995,0.624,9,0,28,19,10.0,6.24,0.0,82.14285714285714,3.571428571428571,14.285714285714285
996,0.694,6,0,27,21,10.0,6.94,0.0,92.5925925925926,3.7037037037037033,3.7037037037037033
997,0.635,5,0,21,16,10.0,6.35,19.047619047619047,42.857142857142854,9.523809523809524,28.57142857142857
998,0.63,5,0,17,12,10.0,6.3,0.0,70.58823529411765,5.88235294117647,23.52941176470588
999,0.8,4,0,34,30,10.0,8.0,2.941176470588235,76.47058823529412,11.76470588235294,8.823529411764707
1000,0.71,5,0,24,19,10.0,7.1,4.166666666666666,58.333333333333336,4.166666666666666,33.33333333333333
1001,0.775,5,0,27,22,10.0,7.75,0.0,55.55555555555556,3.7037037037037033,40.74074074074074
1002,0.74,3,0,24,21,10.0,7.4,4.166666666666666,45.83333333333333,25.0,25.0
1003,0.72,5,0,25,20,10.0,7.2,0.0,76.0,8.0,16.0
1004,0.81,4,0,22,18,10.0,8.1,4.545454545454546,22.727272727272727,4.545454545454546,68.18181818181817
1005,0.691,6,0,27,21,10.0,6.91,0.0,70.37037037037037,3.7037037037037033,25.925925925925924
1006,0.608,10,0,26,16,10.0,6.08,3.8461538461538463,84.61538461538461,3.8461538461538463,7.6923076923076925
1007,0.574,9,0,25,16,10.0,5.74,8.0,68.0,12.0,12.0
1008,0.759,5,0,27,22,10.0,7.59,3.7037037037037033,85.18518518518519,3.7037037037037033,7.4074074074074066
1009,0.674,6,0,27,21,10.0,6.74,3.7037037037037033,51.85185185185185,7.4074074074074066,37.03703703703704
1010,0.684,5,0,20,15,10.0,6.84,5.0,75.0,5.0,15.0
1011,0.792,3,0,25,22,10.0,7.92,4.0,4.0,20.0,72.0
1012,0.736,6,0,36,30,10.0,7.36,0.0,50.0,2.7777777777777777,47.22222222222222
1013,0.742,7,0,26,19,10.0,7.42,0.0,50.0,3.8461538461538463,46.15384615384615
1014,0.745,4,0,28,24,10.0,7.45,0.0,57.14285714285714,3.571428571428571,39.285714285714285
1015,0.636,6,0,24,18,10.0,6.36,8.333333333333332,37.5,8.333333333333332,45.83333333333333
1016,0.744,5,0,25,20,10.0,7.44,4.0,32.0,16.0,48.0
1017,0.648,10,0,35,25,10.0,6.48,2.857142857142857,71.42857142857143,17.142857142857142,8.571428571428571
1018,0.71,4,0,20,16,10.0,7.1,5.0,65.0,30.0,0.0
1019,0.84,3,0,21,18,10.0,8.4,0.0,57.14285714285714,9.523809523809524,33.33333333333333
1020,0.615,8,0,26,18,10.0,6.15,3.8461538461538463,65.38461538461539,7.6923076923076925,23.076923076923077
1021,0.8,4,0,22,18,10.0,8.0,4.545454545454546,40.909090909090914,18.181818181818183,36.36363636363637
1022,0.778,5,0,29,24,10.0,7.78,0.0,82.75862068965517,3.4482758620689653,13.793103448275861
1023,0.784,6,0,33,27,10.0,7.84,0.0,60.60606060606061,3.0303030303030303,36.36363636363637
1024,0.795,2,0,18,16,10.0,7.95,5.555555555555555,72.22222222222221,5.555555555555555,16.666666666666664
1025,0.8,4,0,21,17,10.0,8.0,4.761904761904762,66.66666666666666,9.523809523809524,19.047619047619047
1026,0.85,3,0,26,23,10.0,8.5,0.0,53.84615384615385,15.384615384615385,30.76923076923077
1027,0.72,7,0,27,20,10.0,7.2,3.7037037037037033,33.33333333333333,11.11111111111111,51.85185185185185
1028,0.744,8,0,32,24,10.0,7.44,3.125,87.5,9.375,0.0
1029,0.698,6,0,28,22,10.0,6.98,7.142857142857142,21.428571428571427,10.714285714285714,60.71428571428571
1030,0.744,5,0,25,20,10.0,7.44,4.0,72.0,8.0,16.0
1031,0.744,5,0,28,23,10.0,7.44,0.0,53.57142857142857,3.571428571428571,42.857142857142854
1032,0.744,6,0,33,27,10.0,7.44,15.151515151515152,72.72727272727273,3.0303030303030303,9.090909090909092
1033,0.656,5,0,17,12,10.0,6.56,23.52941176470588,52.94117647058824,23.52941176470588,0.0
1034,0.676,6,0,23,17,10.0,6.76,4.3478260869565215,17.391304347826086,21.73913043478261,56.52173913043478
1035,0.76,3,0,17,14,10.0,7.6,11.76470588235294,23.52941176470588,17.647058823529413,47.05882352941176
1036,0.75,3,0,19,16,10.0,7.5,0.0,78.94736842105263,10.526315789473683,10.526315789473683
1037,0.86,2,0,13,11,10.0,8.6,7.6923076923076925,53.84615384615385,7.6923076923076925,30.76923076923077
1038,0.724,7,0,30,23,10.0,7.24,0.0,56.666666666666664,6.666666666666667,36.666666666666664
1039,0.669,9,0,26,17,10.0,6.69,0.0,76.92307692307693,11.538461538461538,11.538461538461538
1040,0.675,4,0,18,14,10.0,6.75,5.555555555555555,66.66666666666666,22.22222222222222,5.555555555555555
1041,0.776,4,0,27,23,10.0,7.76,7.4074074074074066,62.96296296296296,3.7037037037037033,25.925925925925924
1042,0.74,6,0,35,29,10.0,7.4,0.0,34.285714285714285,2.857142857142857,62.857142857142854
1043,0.7,8,0,27,19,10.0,7.0,3.7037037037037033,81.48148148148148,7.4074074074074066,7.4074074074074066
1044,0.744,6,0,35,29,10.0,7.44,0.0,65.71428571428571,2.857142857142857,31.428571428571427
1045,0.7,9,0,22,13,10.0,7.0,4.545454545454546,86.36363636363636,4.545454545454546,4.545454545454546
1046,0.701,5,0,29,24,10.0,7.01,3.4482758620689653,86.20689655172413,3.4482758620689653,6.896551724137931
1047,0.62,8,0,27,19,10.0,6.2,7.4074074074074066,74.07407407407408,7.4074074074074066,11.11111111111111
1048,0.71,8,0,40,32,10.0,7.1,0.0,32.5,25.0,42.5
1049,0.68,6,0,27,21,10.0,6.8,3.7037037037037033,66.66666666666666,14.814814814814813,14.814814814814813
1050,0.778,5,0,22,17,10.0,7.78,4.545454545454546,45.45454545454545,9.090909090909092,40.909090909090914
1051,0.675,7,0,31,24,10.0,6.75,3.225806451612903,87.09677419354838,6.451612903225806,3.225806451612903
1052,0.564,8,0,28,20,10.0,5.64,3.571428571428571,75.0,7.142857142857142,14.285714285714285
1053,0.692,6,0,28,22,10.0,6.92,0.0,14.285714285714285,17.857142857142858,67.85714285714286
1054,0.708,8,0,30,22,10.0,7.08,6.666666666666667,83.33333333333334,3.3333333333333335,6.666666666666667
1055,0.7,6,0,35,29,10.0,7.0,0.0,57.14285714285714,17.142857142857142,25.71428571428571
1056,0.615,5,0,16,11,10.0,6.15,12.5,68.75,12.5,6.25
1057,0.71,7,0,28,21,10.0,7.1,0.0,75.0,10.714285714285714,14.285714285714285
1058,0.62,6,0,20,14,10.0,6.2,10.0,80.0,5.0,5.0
1059,0.79,3,0,21,18,10.0,7.9,9.523809523809524,33.33333333333333,23.809523809523807,33.33333333333333
1060,0.734,5,0,35,30,10.0,7.34,0.0,74.28571428571429,5.714285714285714,20.0
1061,0.73,5,0,34,29,10.0,7.3,0.0,88.23529411764706,2.941176470588235,8.823529411764707
1062,0.632,8,0,28,20,10.0,6.32,7.142857142857142,32.142857142857146,10.714285714285714,50.0
1063,0.723,6,0,27,21,10.0,7.23,3.7037037037037033,48.148148148148145,7.4074074074074066,40.74074074074074
1064,0.732,7,0,27,20,10.0,7.32,3.7037037037037033,25.925925925925924,18.51851851851852,51.85185185185185
1065,0.54,5,0,14,9,10.0,5.4,0.0,64.28571428571429,7.142857142857142,28.57142857142857
1066,0.764,4,0,27,23,10.0,7.64,0.0,25.925925925925924,3.7037037037037033,70.37037037037037
1067,0.76,5,0,21,16,10.0,7.6,0.0,80.95238095238095,4.761904761904762,14.285714285714285
1068,0.54,11,0,32,21,10.0,5.4,0.0,90.625,3.125,6.25
1069,0.705,4,0,20,16,10.0,7.05,10.0,35.0,15.0,40.0
1070,0.821,6,0,25,19,10.0,8.21,4.0,64.0,4.0,28.000000000000004
1071,0.76,8,0,29,21,10.0,7.6,0.0,17.24137931034483,3.4482758620689653,79.3103448275862
1072,0.816,4,0,27,23,10.0,8.16,3.7037037037037033,70.37037037037037,25.925925925925924,0.0
1073,0.8,3,0,33,30,10.0,8.0,12.121212121212121,75.75757575757575,12.121212121212121,0.0
1074,0.772,4,0,21,17,10.0,7.72,4.761904761904762,71.42857142857143,19.047619047619047,4.761904761904762
1075,0.686,6,0,25,19,10.0,6.86,0.0,32.0,4.0,64.0
1076,0.729,6,0,33,27,10.0,7.29,0.0,75.75757575757575,6.0606060606060606,18.181818181818183
1077,0.704,6,0,23,17,10.0,7.04,4.3478260869565215,73.91304347826086,21.73913043478261,0.0
1078,0.712,5,0,31,26,10.0,7.12,0.0,93.54838709677419,3.225806451612903,3.225806451612903
1079,0.666,6,0,24,18,10.0,6.66,16.666666666666664,62.5,4.166666666666666,16.666666666666664
1080,0.8,4,0,22,18,10.0,8.0,18.181818181818183,50.0,13.636363636363635,18.181818181818183
1081,0.736,4,0,30,26,10.0,7.36,0.0,6.666666666666667,3.3333333333333335,90.0
1082,0.808,7,0,33,26,10.0,8.08,0.0,30.303030303030305,3.0303030303030303,66.66666666666666
1083,0.696,5,0,27,22,10.0,6.96,0.0,70.37037037037037,3.7037037037037033,25.925925925925924
1084,0.792,3,0,27,24,10.0,7.92,3.7037037037037033,70.37037037037037,18.51851851851852,7.4074074074074066
1085,0.76,5,0,23,18,10.0,7.6,30.434782608695656,52.17391304347826,13.043478260869565,4.3478260869565215
1086,0.712,4,0,27,23,10.0,7.12,0.0,92.5925925925926,3.7037037037037033,3.7037037037037033
1087,0.828,4,0,36,32,10.0,8.28,0.0,25.0,5.555555555555555,69.44444444444444
1088,0.704,8,0,32,24,10.0,7.04,3.125,87.5,9.375,0.0
1089,0.66,5,0,30,25,10.0,6.6,0.0,56.666666666666664,6.666666666666667,36.666666666666664
1090,0.746,6,0,31,25,10.0,7.46,3.225806451612903,83.87096774193549,9.67741935483871,3.225806451612903
1091,0.95,1,0,20,19,10.0,9.5,5.0,40.0,10.0,45.0
1092,0.64,5,0,29,24,10.0,6.4,0.0,96.55172413793103,3.4482758620689653,0.0
1093,0.848,3,0,24,21,10.0,8.48,4.166666666666666,58.333333333333336,12.5,25.0
1094,0.714,6,0,31,25,10.0,7.14,3.225806451612903,61.29032258064516,9.67741935483871,25.806451612903224
1095,0.748,4,0,27,23,10.0,7.48,0.0,81.48148148148148,3.7037037037037033,14.814814814814813
1096,0.792,5,0,28,23,10.0,7.92,0.0,75.0,7.142857142857142,17.857142857142858
1097,0.689,6,0,26,20,10.0,6.89,0.0,73.07692307692307,7.6923076923076925,19.230769230769234
1098,0.677,6,0,30,24,10.0,6.77,0.0,26.666666666666668,13.333333333333334,60.0
1099,0.764,3,0,25,22,10.0,7.64,0.0,48.0,8.0,44.0
1100,0.637,11,0,35,24,10.0,6.37,11.428571428571429,80.0,2.857142857142857,5.714285714285714
1101,0.715,3,0,15,12,10.0,7.15,6.666666666666667,73.33333333333333,6.666666666666667,13.333333333333334
1102,0.64,7,0,30,23,10.0,6.4,3.3333333333333335,53.333333333333336,3.3333333333333335,40.0
1103,0.83,3,0,25,22,10.0,8.3,0.0,40.0,12.0,48.0
1104,0.925,1,0,12,11,10.0,9.25,0.0,50.0,25.0,25.0
1105,0.724,5,0,27,22,10.0,7.24,0.0,77.77777777777779,11.11111111111111,11.11111111111111
1106,0.84,3,0,26,23,10.0,8.4,7.6923076923076925,50.0,15.384615384615385,26.923076923076923
1107,0.744,4,0,27,23,10.0,7.44,0.0,74.07407407407408,3.7037037037037033,22.22222222222222
1108,0.64,5,0,22,17,10.0,6.4,0.0,45.45454545454545,13.636363636363635,40.909090909090914
1109,0.778,5,0,26,21,10.0,7.78,0.0,34.61538461538461,7.6923076923076925,57.692307692307686
1110,0.686,6,0,24,18,10.0,6.86,0.0,79.16666666666666,8.333333333333332,12.5
1111,0.78,4,0,27,23,10.0,7.8,3.7037037037037033,74.07407407407408,7.4074074074074066,14.814814814814813
1112,0.698,7,0,29,22,10.0,6.98,0.0,68.96551724137932,3.4482758620689653,27.586206896551722
1113,0.777,6,0,29,23,10.0,7.77,0.0,75.86206896551724,3.4482758620689653,20.689655172413794
1114,0.8,2,0,14,12,10.0,8.0,0.0,78.57142857142857,7.142857142857142,14.285714285714285
1115,0.692,8,0,31,23,10.0,6.92,3.225806451612903,74.19354838709677,3.225806451612903,19.35483870967742
1116,0.825,2,0,12,10,10.0,8.25,8.333333333333332,33.33333333333333,33.33333333333333,25.0
1117,0.792,5,0,27,22,10.0,7.92,11.11111111111111,44.44444444444444,11.11111111111111,33.33333333333333
1118,0.776,5,0,31,26,10.0,7.76,0.0,77.41935483870968,9.67741935483871,12.903225806451612
1119,0.615,6,0,23,17,10.0,6.15,4.3478260869565215,52.17391304347826,30.434782608695656,13.043478260869565
1120,0.796,4,0,32,28,10.0,7.96,21.875,59.375,3.125,15.625
1121,0.72,8,0,32,24,10.0,7.2,6.25,84.375,3.125,6.25
1122,0.75,4,0,23,19,10.0,7.5,4.3478260869565215,69.56521739130434,26.08695652173913,0.0
1123,0.57,7,0,21,14,10.0,5.7,0.0,85.71428571428571,0.0,14.285714285714285
1124,0.86,2,0,21,19,10.0,8.6,0.0,52.38095238095239,9.523809523809524,38.095238095238095
1125,0.572,7,0,21,14,10.0,5.72,0.0,80.95238095238095,4.761904761904762,14.285714285714285
1126,0.688,9,0,30,21,10.0,6.88,3.3333333333333335,80.0,3.3333333333333335,13.333333333333334
1127,0.689,6,0,24,18,10.0,6.89,4.166666666666666,83.33333333333334,12.5,0.0
1128,0.8,4,0,34,30,10.0,8.0,2.941176470588235,91.17647058823529,2.941176470588235,2.941176470588235
1129,0.624,6,0,24,18,10.0,6.24,8.333333333333332,79.16666666666666,4.166666666666666,8.333333333333332
1130,0.735,4,0,29,25,10.0,7.35,0.0,82.75862068965517,3.4482758620689653,13.793103448275861
1131,0.752,3,0,23,20,10.0,7.52,0.0,82.6086956521739,4.3478260869565215,13.043478260869565
1132,0.76,3,0,19,16,10.0,7.6,5.263157894736842,68.42105263157895,21.052631578947366,5.263157894736842
1133,0.768,4,0,27,23,10.0,7.68,7.4074074074074066,77.77777777777779,7.4074074074074066,7.4074074074074066
1134,0.672,6,0,27,21,10.0,6.72,3.7037037037037033,66.66666666666666,11.11111111111111,18.51851851851852
1135,0.728,4,0,25,21,10.0,7.28,0.0,84.0,4.0,12.0
1136,0.74,4,0,17,13,10.0,7.4,5.88235294117647,64.70588235294117,5.88235294117647,23.52941176470588
1137,0.71,6,0,27,21,10.0,7.1,3.7037037037037033,66.66666666666666,3.7037037037037033,25.925925925925924
1138,0.75,4,0,22,18,10.0,7.5,0.0,77.27272727272727,13.636363636363635,9.090909090909092
1139,0.778,6,0,24,18,10.0,7.78,0.0,75.0,4.166666666666666,20.833333333333336
1140,0.718,6,0,28,22,10.0,7.18,3.571428571428571,64.28571428571429,10.714285714285714,21.428571428571427
1141,0.73,5,0,23,18,10.0,7.3,8.695652173913043,43.47826086956522,8.695652173913043,39.130434782608695
1142,0.688,7,0,30,23,10.0,6.88,3.3333333333333335,50.0,3.3333333333333335,43.333333333333336
1143,0.735,3,0,15,12,10.0,7.35,6.666666666666667,73.33333333333333,20.0,0.0
1144,0.896,2,0,33,31,10.0,8.96,0.0,69.6969696969697,3.0303030303030303,27.27272727272727
1145,0.68,5,0,18,13,10.0,6.8,0.0,83.33333333333334,5.555555555555555,11.11111111111111
1146,0.621,8,0,26,18,10.0,6.21,3.8461538461538463,80.76923076923077,15.384615384615385,0.0
1147,0.706,6,0,32,26,10.0,7.06,0.0,75.0,12.5,12.5
1148,0.86,3,0,20,17,10.0,8.6,0.0,60.0,15.0,25.0
1149,0.668,7,0,28,21,10.0,6.68,3.571428571428571,35.714285714285715,7.142857142857142,53.57142857142857
1150,0.796,12,0,43,31,10.0,7.96,0.0,58.139534883720934,2.3255813953488373,39.53488372093023
1151,0.726,5,0,23,18,10.0,7.26,4.3478260869565215,52.17391304347826,4.3478260869565215,39.130434782608695
1152,0.58,5,0,15,10,10.0,5.8,0.0,86.66666666666667,6.666666666666667,6.666666666666667
1153,0.673,8,0,29,21,10.0,6.73,3.4482758620689653,58.620689655172406,20.689655172413794,17.24137931034483
1154,0.824,4,0,30,26,10.0,8.24,3.3333333333333335,63.33333333333333,6.666666666666667,26.666666666666668
1155,0.804,5,0,28,23,10.0,8.04,3.571428571428571,25.0,3.571428571428571,67.85714285714286
1156,0.8,2,0,24,22,10.0,8.0,0.0,83.33333333333334,8.333333333333332,8.333333333333332
1157,0.744,7,0,27,20,10.0,7.44,3.7037037037037033,18.51851851851852,33.33333333333333,44.44444444444444
1158,0.69,4,0,28,24,10.0,6.9,0.0,82.14285714285714,3.571428571428571,14.285714285714285
1159,0.8,4,0,22,18,10.0,8.0,4.545454545454546,63.63636363636363,9.090909090909092,22.727272727272727
1160,0.578,7,0,25,18,10.0,5.78,0.0,60.0,8.0,32.0
1161,0.784,5,0,27,22,10.0,7.84,3.7037037037037033,77.77777777777779,7.4074074074074066,11.11111111111111
1162,0.672,5,0,21,16,10.0,6.72,0.0,85.71428571428571,4.761904761904762,9.523809523809524
1163,0.82,4,0,25,21,10.0,8.2,0.0,92.0,4.0,4.0
1164,0.672,4,0,20,16,10.0,6.72,0.0,90.0,5.0,5.0
1165,0.704,4,0,28,24,10.0,7.04,3.571428571428571,71.42857142857143,17.857142857142858,7.142857142857142
1166,0.768,6,0,35,29,10.0,7.68,0.0,88.57142857142857,11.428571428571429,0.0
1167,0.66,5,0,22,17,10.0,6.6,9.090909090909092,68.18181818181817,13.636363636363635,9.090909090909092
1168,0.625,7,0,27,20,10.0,6.25,0.0,70.37037037037037,3.7037037037037033,25.925925925925924
1169,0.732,8,0,32,24,10.0,7.32,3.125,34.375,3.125,59.375
1170,0.864,4,0,26,22,10.0,8.64,0.0,53.84615384615385,3.8461538461538463,42.30769230769231
1171,0.74,4,0,25,21,10.0,7.4,0.0,84.0,12.0,4.0
1172,0.73,5,0,24,19,10.0,7.3,0.0,87.5,8.333333333333332,4.166666666666666
1173,0.78,3,0,24,21,10.0,7.8,0.0,50.0,16.666666666666664,33.33333333333333
1174,0.664,9,0,34,25,10.0,6.64,2.941176470588235,79.41176470588235,8.823529411764707,8.823529411764707
1175,0.763,4,0,35,31,10.0,7.63,2.857142857142857,71.42857142857143,2.857142857142857,22.857142857142858
1176,0.79,4,0,21,17,10.0,7.9,4.761904761904762,52.38095238095239,4.761904761904762,38.095238095238095
1177,0.704,11,0,38,27,10.0,7.04,0.0,86.8421052631579,2.631578947368421,10.526315789473683
1178,0.745,5,0,25,20,10.0,7.45,0.0,72.0,8.0,20.0
1179,0.746,5,0,25,20,10.0,7.46,20.0,72.0,4.0,4.0
1180,0.71,4,0,18,14,10.0,7.1,11.11111111111111,77.77777777777779,5.555555555555555,5.555555555555555
1181,0.712,6,0,27,21,10.0,7.12,3.7037037037037033,66.66666666666666,25.925925925925924,3.7037037037037033
1182,0.78,3,0,16,13,10.0,7.8,6.25,62.5,18.75,12.5
1183,0.772,5,0,30,25,10.0,7.72,6.666666666666667,30.0,6.666666666666667,56.666666666666664
1184,0.78,6,0,19,13,10.0,7.8,5.263157894736842,78.94736842105263,10.526315789473683,5.263157894736842
1185,0.7,8,0,29,21,10.0,7.0,0.0,89.65517241379311,10.344827586206897,0.0
1186,0.746,6,0,33,27,10.0,7.46,6.0606060606060606,72.72727272727273,6.0606060606060606,15.151515151515152
1187,0.752,4,0,30,26,10.0,7.52,0.0,86.66666666666667,13.333333333333334,0.0
1188,0.74,3,0,24,21,10.0,7.4,0.0,87.5,4.166666666666666,8.333333333333332
1189,0.728,4,0,21,17,10.0,7.28,4.761904761904762,71.42857142857143,23.809523809523807,0.0
1190,0.632,7,0,32,25,10.0,6.32,0.0,87.5,3.125,9.375
1191,0.676,10,0,42,32,10.0,6.76,0.0,50.0,2.380952380952381,47.61904761904761
1192,0.766,4,0,31,27,10.0,7.66,0.0,83.87096774193549,9.67741935483871,6.451612903225806
1193,0.715,3,0,16,13,10.0,7.15,6.25,68.75,12.5,12.5
1194,0.68,6,0,26,20,10.0,6.8,0.0,57.692307692307686,7.6923076923076925,34.61538461538461
1195,0.71,7,0,37,30,10.0,7.1,2.7027027027027026,89.1891891891892,2.7027027027027026,5.405405405405405
1196,0.664,7,0,29,22,10.0,6.64,0.0,86.20689655172413,3.4482758620689653,10.344827586206897
1197,0.747,5,0,28,23,10.0,7.47,0.0,89.28571428571429,3.571428571428571,7.142857142857142
1198,0.703,7,0,31,24,10.0,7.03,9.67741935483871,80.64516129032258,3.225806451612903,6.451612903225806
1199,0.69,7,0,24,17,10.0,6.9,0.0,79.16666666666666,4.166666666666666,16.666666666666664
1200,0.73,10,0,41,31,10.0,7.3,0.0,46.34146341463415,4.878048780487805,48.78048780487805
1201,0.75,3,0,22,19,10.0,7.5,0.0,81.81818181818183,13.636363636363635,4.545454545454546
1202,0.85,2,0,21,19,10.0,8.5,4.761904761904762,38.095238095238095,28.57142857142857,28.57142857142857
1203,0.695,6,0,22,16,10.0,6.95,13.636363636363635,72.72727272727273,9.090909090909092,4.545454545454546
1204,0.64,5,0,25,20,10.0,6.4,0.0,76.0,8.0,16.0
1205,0.612,7,0,28,21,10.0,6.12,0.0,85.71428571428571,3.571428571428571,10.714285714285714
1206,0.8,8,0,31,23,10.0,8.0,0.0,87.09677419354838,3.225806451612903,9.67741935483871
1207,0.723,6,0,28,22,10.0,7.23,7.142857142857142,57.14285714285714,14.285714285714285,21.428571428571427
1208,0.629,7,0,21,14,10.0,6.29,4.761904761904762,28.57142857142857,19.047619047619047,47.61904761904761
1209,0.85,3,0,17,14,10.0,8.5,5.88235294117647,41.17647058823529,17.647058823529413,35.294117647058826
1210,0.84,2,0,24,22,10.0,8.4,0.0,91.66666666666666,4.166666666666666,4.166666666666666
1211,0.68,5,0,20,15,10.0,6.8,5.0,70.0,20.0,5.0
1212,0.784,4,0,28,24,10.0,7.84,0.0,75.0,7.142857142857142,17.857142857142858
1213,0.66,5,0,22,17,10.0,6.6,4.545454545454546,77.27272727272727,4.545454545454546,13.636363636363635
1214,0.645,7,0,24,17,10.0,6.45,0.0,25.0,4.166666666666666,70.83333333333334
1215,0.658,7,0,30,23,10.0,6.58,6.666666666666667,30.0,13.333333333333334,50.0
1216,0.68,6,0,28,22,10.0,6.8,7.142857142857142,78.57142857142857,14.285714285714285,0.0
1217,0.72,4,0,15,11,10.0,7.2,6.666666666666667,73.33333333333333,6.666666666666667,13.333333333333334
1218,0.736,5,0,27,22,10.0,7.36,3.7037037037037033,81.48148148148148,11.11111111111111,3.7037037037037033
1219,0.64,8,0,32,24,10.0,6.4,3.125,87.5,3.125,6.25
1220,0.9,1,0,20,19,10.0,9.0,20.0,30.0,15.0,35.0
1221,0.772,4,0,29,25,10.0,7.72,0.0,93.10344827586206,3.4482758620689653,3.4482758620689653
1222,0.652,7,0,27,20,10.0,6.52,3.7037037037037033,74.07407407407408,3.7037037037037033,18.51851851851852
1223,0.778,5,0,28,23,10.0,7.78,3.571428571428571,75.0,3.571428571428571,17.857142857142858
1224,0.72,8,0,41,33,10.0,7.2,0.0,51.21951219512195,4.878048780487805,43.90243902439025
1225,0.73,5,0,27,22,10.0,7.3,29.629629629629626,51.85185185185185,7.4074074074074066,11.11111111111111
1226,0.677,5,0,29,24,10.0,6.77,3.4482758620689653,75.86206896551724,17.24137931034483,3.4482758620689653
1227,0.768,6,0,22,16,10.0,7.68,0.0,36.36363636363637,4.545454545454546,59.09090909090909
1228,0.678,7,0,24,17,10.0,6.78,8.333333333333332,62.5,8.333333333333332,20.833333333333336
1229,0.74,7,0,31,24,10.0,7.4,6.451612903225806,80.64516129032258,9.67741935483871,3.225806451612903
1230,0.685,4,0,16,12,10.0,6.85,0.0,68.75,12.5,18.75
1231,0.584,6,0,24,18,10.0,5.84,0.0,79.16666666666666,4.166666666666666,16.666666666666664
1232,0.808,4,0,27,23,10.0,8.08,0.0,74.07407407407408,18.51851851851852,7.4074074074074066
1233,0.824,3,0,28,25,10.0,8.24,7.142857142857142,67.85714285714286,10.714285714285714,14.285714285714285
1234,0.856,3,0,27,24,10.0,8.56,3.7037037037037033,62.96296296296296,7.4074074074074066,25.925925925925924
1235,0.78,3,0,31,28,10.0,7.8,6.451612903225806,64.51612903225806,12.903225806451612,16.129032258064516
1236,0.74,5,0,26,21,10.0,7.4,3.8461538461538463,42.30769230769231,7.6923076923076925,46.15384615384615
1237,0.73,4,0,23,19,10.0,7.3,4.3478260869565215,39.130434782608695,4.3478260869565215,52.17391304347826
1238,0.824,5,0,34,29,10.0,8.24,0.0,47.05882352941176,8.823529411764707,44.11764705882353
1239,0.778,7,0,30,23,10.0,7.78,0.0,36.666666666666664,10.0,53.333333333333336
1240,0.69,5,0,24,19,10.0,6.9,4.166666666666666,50.0,4.166666666666666,41.66666666666667
1241,0.784,5,0,29,24,10.0,7.84,3.4482758620689653,68.96551724137932,13.793103448275861,13.793103448275861
1242,0.86,2,0,23,21,10.0,8.6,4.3478260869565215,34.78260869565217,17.391304347826086,43.47826086956522
1243,0.792,4,0,26,22,10.0,7.92,0.0,61.53846153846154,15.384615384615385,23.076923076923077
1244,0.738,5,0,31,26,10.0,7.38,0.0,80.64516129032258,19.35483870967742,0.0
1245,0.792,4,0,19,15,10.0,7.92,5.263157894736842,52.63157894736842,10.526315789473683,31.57894736842105
1246,0.752,8,0,37,29,10.0,7.52,16.216216216216218,72.97297297297297,2.7027027027027026,8.108108108108109
1247,0.875,1,0,16,15,10.0,8.75,0.0,18.75,12.5,68.75
1248,0.75,3,0,11,8,10.0,7.5,9.090909090909092,54.54545454545454,9.090909090909092,27.27272727272727
1249,0.658,7,0,28,21,10.0,6.58,3.571428571428571,78.57142857142857,3.571428571428571,14.285714285714285
1250,0.67,6,0,17,11,10.0,6.7,5.88235294117647,64.70588235294117,23.52941176470588,5.88235294117647
1251,0.752,4,0,30,26,10.0,7.52,0.0,80.0,6.666666666666667,13.333333333333334
1252,0.625,7,0,23,16,10.0,6.25,4.3478260869565215,21.73913043478261,21.73913043478261,52.17391304347826
1253,0.656,8,0,28,20,10.0,6.56,3.571428571428571,75.0,3.571428571428571,17.857142857142858
1254,0.748,6,0,27,21,10.0,7.48,3.7037037037037033,62.96296296296296,14.814814814814813,18.51851851851852
1255,0.8,4,0,27,23,10.0,8.0,3.7037037037037033,14.814814814814813,51.85185185185185,29.629629629629626
1256,0.732,4,0,29,25,10.0,7.32,3.4482758620689653,72.41379310344827,3.4482758620689653,20.689655172413794
1257,0.8,2,0,18,16,10.0,8.0,11.11111111111111,72.22222222222221,5.555555555555555,11.11111111111111
1258,0.57,7,0,26,19,10.0,5.7,7.6923076923076925,76.92307692307693,15.384615384615385,0.0
1259,0.728,5,0,31,26,10.0,7.28,0.0,74.19354838709677,6.451612903225806,19.35483870967742
1260,0.796,6,0,38,32,10.0,7.96,0.0,89.47368421052632,5.263157894736842,5.263157894736842
1261,0.691,6,0,25,19,10.0,6.91,0.0,76.0,12.0,12.0
1262,0.76,5,0,29,24,10.0,7.6,0.0,79.3103448275862,3.4482758620689653,17.24137931034483
1263,0.688,8,0,34,26,10.0,6.88,0.0,58.82352941176471,14.705882352941178,26.47058823529412
1264,0.712,4,0,25,21,10.0,7.12,8.0,76.0,12.0,4.0
1265,0.756,4,0,38,34,10.0,7.56,0.0,92.10526315789474,5.263157894736842,2.631578947368421
1266,0.825,3,0,17,14,10.0,8.25,5.88235294117647,70.58823529411765,5.88235294117647,17.647058823529413
1267,0.924,2,0,39,37,10.0,9.24,2.564102564102564,43.58974358974359,2.564102564102564,51.28205128205128
1268,0.715,4,0,24,20,10.0,7.15,16.666666666666664,62.5,8.333333333333332,12.5
1269,0.788,4,0,26,22,10.0,7.88,0.0,53.84615384615385,11.538461538461538,34.61538461538461
1270,0.675,6,0,26,20,10.0,6.75,0.0,76.92307692307693,3.8461538461538463,19.230769230769234
1271,0.653,8,0,28,20,10.0,6.53,0.0,28.57142857142857,3.571428571428571,67.85714285714286
1272,0.872,2,0,21,19,10.0,8.72,4.761904761904762,52.38095238095239,4.761904761904762,38.095238095238095
1273,0.635,4,0,14,10,10.0,6.35,0.0,50.0,14.285714285714285,35.714285714285715
1274,0.735,4,0,18,14,10.0,7.35,11.11111111111111,38.88888888888889,5.555555555555555,44.44444444444444
1275,0.792,5,0,28,23,10.0,7.92,3.571428571428571,64.28571428571429,28.57142857142857,3.571428571428571
1276,0.686,7,0,32,25,10.0,6.86,21.875,56.25,18.75,3.125
1277,0.696,7,0,28,21,10.0,6.96,0.0,32.142857142857146,3.571428571428571,64.28571428571429
1278,0.67,6,0,28,22,10.0,6.7,3.571428571428571,78.57142857142857,3.571428571428571,14.285714285714285
1279,0.772,4,0,28,24,10.0,7.72,7.142857142857142,21.428571428571427,3.571428571428571,67.85714285714286
1280,0.855,2,0,18,16,10.0,8.55,0.0,66.66666666666666,5.555555555555555,27.77777777777778
1281,0.875,1,0,19,18,10.0,8.75,0.0,63.1578947368421,5.263157894736842,31.57894736842105
1282,0.7,5,0,23,18,10.0,7.0,13.043478260869565,34.78260869565217,13.043478260869565,39.130434782608695
1283,0.757,8,0,37,29,10.0,7.57,0.0,86.48648648648648,2.7027027027027026,10.81081081081081
1284,0.74,3,0,14,11,10.0,7.4,28.57142857142857,35.714285714285715,7.142857142857142,28.57142857142857
1285,0.736,5,0,27,22,10.0,7.36,3.7037037037037033,59.25925925925925,3.7037037037037033,33.33333333333333
1286,0.484,8,0,22,14,10.0,4.84,0.0,95.45454545454545,4.545454545454546,0.0
1287,0.683,6,0,28,22,10.0,6.83,7.142857142857142,32.142857142857146,10.714285714285714,50.0
1288,0.744,4,0,33,29,10.0,7.44,0.0,57.57575757575758,12.121212121212121,30.303030303030305
1289,0.706,6,0,29,23,10.0,7.06,0.0,79.3103448275862,3.4482758620689653,17.24137931034483
1290,0.693,5,0,25,20,10.0,6.93,0.0,36.0,4.0,60.0
1291,0.675,7,0,27,20,10.0,6.75,0.0,40.74074074074074,48.148148148148145,11.11111111111111
1292,0.56,5,0,21,16,10.0,5.6,0.0,52.38095238095239,14.285714285714285,33.33333333333333
1293,0.646,8,0,28,20,10.0,6.46,0.0,50.0,3.571428571428571,46.42857142857143
1294,0.744,4,0,26,22,10.0,7.44,11.538461538461538,73.07692307692307,3.8461538461538463,11.538461538461538
1295,0.88,2,0,15,13,10.0,8.8,0.0,60.0,6.666666666666667,33.33333333333333
1296,0.768,5,0,28,23,10.0,7.68,3.571428571428571,25.0,10.714285714285714,60.71428571428571
1297,0.64,7,0,25,18,10.0,6.4,4.0,92.0,4.0,0.0
1298,0.625,5,0,14,9,10.0,6.25,0.0,85.71428571428571,7.142857142857142,7.142857142857142
1299,0.632,6,0,27,21,10.0,6.32,0.0,74.07407407407408,11.11111111111111,14.814814814814813
1300,0.86,4,0,27,23,10.0,8.6,0.0,55.55555555555556,11.11111111111111,33.33333333333333
1301,0.796,6,0,28,22,10.0,7.96,3.571428571428571,85.71428571428571,7.142857142857142,3.571428571428571
1302,0.775,3,0,19,16,10.0,7.75,5.263157894736842,73.68421052631578,15.789473684210526,5.263157894736842
1303,0.669,9,0,34,25,10.0,6.69,0.0,23.52941176470588,2.941176470588235,73.52941176470588
1304,0.694,7,0,29,22,10.0,6.94,3.4482758620689653,75.86206896551724,17.24137931034483,3.4482758620689653
1305,0.776,5,0,29,24,10.0,7.76,3.4482758620689653,51.724137931034484,24.137931034482758,20.689655172413794
1306,0.86,3,0,28,25,10.0,8.6,3.571428571428571,10.714285714285714,25.0,60.71428571428571
1307,0.67,4,0,19,15,10.0,6.7,0.0,89.47368421052632,10.526315789473683,0.0
1308,0.8,4,0,21,17,10.0,8.0,0.0,47.61904761904761,4.761904761904762,47.61904761904761
1309,0.658,9,0,30,21,10.0,6.58,3.3333333333333335,80.0,3.3333333333333335,13.333333333333334
1310,0.653,6,0,27,21,10.0,6.53,0.0,66.66666666666666,3.7037037037037033,29.629629629629626
1311,0.72,4,0,17,13,10.0,7.2,5.88235294117647,82.35294117647058,5.88235294117647,5.88235294117647
1312,0.784,6,0,33,27,10.0,7.84,0.0,51.515151515151516,21.21212121212121,27.27272727272727
1313,0.6,7,0,23,16,10.0,6.0,0.0,34.78260869565217,4.3478260869565215,60.86956521739131
1314,0.88,3,0,23,20,10.0,8.8,8.695652173913043,47.82608695652174,4.3478260869565215,39.130434782608695
1315,0.76,3,0,26,23,10.0,7.6,0.0,84.61538461538461,7.6923076923076925,7.6923076923076925
1316,0.64,9,0,36,27,10.0,6.4,19.444444444444446,52.77777777777778,2.7777777777777777,25.0
1317,0.6,4,0,15,11,10.0,6.0,6.666666666666667,66.66666666666666,6.666666666666667,20.0
1318,0.69,3,0,13,10,10.0,6.9,7.6923076923076925,46.15384615384615,7.6923076923076925,38.46153846153847
1319,0.68,6,0,28,22,10.0,6.8,3.571428571428571,75.0,17.857142857142858,3.571428571428571
1320,0.785,3,0,18,15,10.0,7.85,11.11111111111111,83.33333333333334,5.555555555555555,0.0
1321,0.706,7,0,35,28,10.0,7.06,0.0,60.0,22.857142857142858,17.142857142857142
1322,0.801,4,0,30,26,10.0,8.01,0.0,50.0,3.3333333333333335,46.666666666666664
1323,0.616,9,0,26,17,10.0,6.16,3.8461538461538463,76.92307692307693,3.8461538461538463,15.384615384615385
1324,0.665,5,0,26,21,10.0,6.65,0.0,84.61538461538461,3.8461538461538463,11.538461538461538
1325,0.736,6,0,21,15,10.0,7.36,0.0,38.095238095238095,4.761904761904762,57.14285714285714
1326,0.864,4,0,31,27,10.0,8.64,3.225806451612903,67.74193548387096,9.67741935483871,19.35483870967742
1327,0.676,8,0,26,18,10.0,6.76,0.0,84.61538461538461,3.8461538461538463,11.538461538461538
1328,0.84,4,0,37,33,10.0,8.4,0.0,56.75675675675676,5.405405405405405,37.83783783783784
1329,0.6,4,0,27,23,10.0,6.0,0.0,85.18518518518519,3.7037037037037033,11.11111111111111
1330,0.63,5,0,20,15,10.0,6.3,5.0,20.0,30.0,45.0
1331,0.619,10,0,32,22,10.0,6.19,0.0,84.375,3.125,12.5
1332,0.7,3,0,23,20,10.0,7.0,0.0,86.95652173913044,4.3478260869565215,8.695652173913043
1333,0.572,11,0,31,20,10.0,5.72,3.225806451612903,83.87096774193549,9.67741935483871,3.225806451612903
1334,0.719,8,0,34,26,10.0,7.19,0.0,82.35294117647058,11.76470588235294,5.88235294117647
1335,0.7,3,0,21,18,10.0,7.0,9.523809523809524,38.095238095238095,4.761904761904762,47.61904761904761
1336,0.695,4,0,18,14,10.0,6.95,5.555555555555555,61.111111111111114,16.666666666666664,16.666666666666664
1337,0.765,3,0,15,12,10.0,7.65,0.0,53.333333333333336,6.666666666666667,40.0
1338,0.79,3,0,30,27,10.0,7.9,0.0,56.666666666666664,10.0,33.33333333333333
1339,0.75,3,0,15,12,10.0,7.5,6.666666666666667,80.0,6.666666666666667,6.666666666666667
1340,0.88,2,0,24,22,10.0,8.8,0.0,75.0,12.5,12.5
1341,0.775,5,0,29,24,10.0,7.75,6.896551724137931,34.48275862068966,17.24137931034483,41.37931034482759
1342,0.75,2,0,22,20,10.0,7.5,0.0,81.81818181818183,18.181818181818183,0.0
1343,0.84,2,0,20,18,10.0,8.4,5.0,65.0,5.0,25.0
1344,0.685,8,0,27,19,10.0,6.85,3.7037037037037033,70.37037037037037,3.7037037037037033,22.22222222222222
1345,0.692,6,0,27,21,10.0,6.92,0.0,51.85185185185185,3.7037037037037033,44.44444444444444
1346,0.682,6,0,26,20,10.0,6.82,0.0,88.46153846153845,3.8461538461538463,7.6923076923076925
1347,0.696,4,0,26,22,10.0,6.96,0.0,92.3076923076923,3.8461538461538463,3.8461538461538463
1348,0.84,2,0,17,15,10.0,8.4,23.52941176470588,47.05882352941176,23.52941176470588,5.88235294117647
1349,0.62,6,0,27,21,10.0,6.2,0.0,77.77777777777779,14.814814814814813,7.4074074074074066
1350,0.721,7,0,34,27,10.0,7.21,5.88235294117647,38.23529411764706,8.823529411764707,47.05882352941176
1351,0.687,6,0,24,18,10.0,6.87,16.666666666666664,50.0,8.333333333333332,25.0
1352,0.762,6,0,30,24,10.0,7.62,0.0,80.0,6.666666666666667,13.333333333333334
1353,0.816,5,0,35,30,10.0,8.16,2.857142857142857,74.28571428571429,11.428571428571429,11.428571428571429
1354,0.672,5,0,26,21,10.0,6.72,3.8461538461538463,69.23076923076923,23.076923076923077,3.8461538461538463
1355,0.644,6,0,21,15,10.0,6.44,0.0,80.95238095238095,4.761904761904762,14.285714285714285
1356,0.686,8,0,37,29,10.0,6.86,0.0,75.67567567567568,2.7027027027027026,21.62162162162162
1357,0.808,4,0,28,24,10.0,8.08,3.571428571428571,78.57142857142857,7.142857142857142,10.714285714285714
1358,0.68,4,0,19,15,10.0,6.8,10.526315789473683,63.1578947368421,21.052631578947366,5.263157894736842
1359,0.85,3,0,34,31,10.0,8.5,0.0,85.29411764705883,2.941176470588235,11.76470588235294
1360,0.83,4,0,23,19,10.0,8.3,4.3478260869565215,60.86956521739131,4.3478260869565215,30.434782608695656
1361,0.704,9,0,38,29,10.0,7.04,0.0,81.57894736842105,2.631578947368421,15.789473684210526
1362,0.712,13,0,37,24,10.0,7.12,0.0,67.56756756756756,5.405405405405405,27.027027027027028
1363,0.71,5,0,30,25,10.0,7.1,0.0,66.66666666666666,3.3333333333333335,30.0
1364,0.732,8,0,34,26,10.0,7.32,0.0,44.11764705882353,2.941176470588235,52.94117647058824
1365,0.72,4,0,28,24,10.0,7.2,0.0,89.28571428571429,3.571428571428571,7.142857142857142
1366,0.725,4,0,29,25,10.0,7.25,0.0,65.51724137931035,3.4482758620689653,31.03448275862069
1367,0.72,5,0,28,23,10.0,7.2,0.0,92.85714285714286,7.142857142857142,0.0
1368,0.754,4,0,28,24,10.0,7.54,0.0,64.28571428571429,3.571428571428571,32.142857142857146
1369,0.732,6,0,32,26,10.0,7.32,15.625,65.625,6.25,12.5
1370,0.732,8,0,29,21,10.0,7.32,13.793103448275861,72.41379310344827,6.896551724137931,6.896551724137931
1371,0.609,8,0,25,17,10.0,6.09,4.0,12.0,4.0,80.0
1372,0.64,7,0,27,20,10.0,6.4,0.0,77.77777777777779,3.7037037037037033,18.51851851851852
1373,0.64,4,0,24,20,10.0,6.4,0.0,70.83333333333334,4.166666666666666,25.0
1374,0.68,8,0,29,21,10.0,6.8,0.0,62.06896551724138,3.4482758620689653,34.48275862068966
1375,0.728,6,0,30,24,10.0,7.28,6.666666666666667,20.0,13.333333333333334,60.0
1376,0.805,3,0,28,25,10.0,8.05,0.0,82.14285714285714,3.571428571428571,14.285714285714285
1377,0.8,3,0,18,15,10.0,8.0,0.0,50.0,11.11111111111111,38.88888888888889
1378,0.736,7,0,31,24,10.0,7.36,3.225806451612903,93.54838709677419,0.0,3.225806451612903
1379,0.75,4,0,25,21,10.0,7.5,0.0,88.0,12.0,0.0
1380,0.6,8,0,27,19,10.0,6.0,0.0,88.88888888888889,7.4074074074074066,3.7037037037037033
1381,0.728,5,0,26,21,10.0,7.28,0.0,80.76923076923077,3.8461538461538463,15.384615384615385
1382,0.856,5,0,40,35,10.0,8.56,0.0,57.49999999999999,2.5,40.0
1383,0.725,4,0,19,15,10.0,7.25,42.10526315789473,36.84210526315789,5.263157894736842,15.789473684210526
1384,0.772,6,0,32,26,10.0,7.72,6.25,46.875,3.125,43.75
1385,0.7,6,0,18,12,10.0,7.0,5.555555555555555,77.77777777777779,16.666666666666664,0.0
1386,0.74,5,0,27,22,10.0,7.4,3.7037037037037033,77.77777777777779,18.51851851851852,0.0
1387,0.68,6,0,28,22,10.0,6.8,3.571428571428571,67.85714285714286,3.571428571428571,25.0
1388,0.803,4,0,23,19,10.0,8.03,13.043478260869565,52.17391304347826,26.08695652173913,8.695652173913043
1389,0.88,3,0,20,17,10.0,8.8,35.0,35.0,15.0,15.0
1390,0.844,4,0,28,24,10.0,8.44,3.571428571428571,35.714285714285715,14.285714285714285,46.42857142857143
1391,0.78,3,0,25,22,10.0,7.8,0.0,88.0,12.0,0.0
1392,0.58,5,0,19,14,10.0,5.8,0.0,63.1578947368421,21.052631578947366,15.789473684210526
1393,0.742,7,0,25,18,10.0,7.42,8.0,32.0,28.000000000000004,32.0
1394,0.66,7,0,30,23,10.0,6.6,0.0,80.0,16.666666666666664,3.3333333333333335
1395,0.602,9,0,28,19,9.0,6.02,17.857142857142858,71.42857142857143,3.571428571428571,7.142857142857142
1396,0.76,6,0,32,26,10.0,7.6,0.0,81.25,3.125,15.625
1397,0.664,8,0,31,23,10.0,6.64,0.0,61.29032258064516,6.451612903225806,32.25806451612903
1398,0.742,8,0,35,27,10.0,7.42,0.0,34.285714285714285,14.285714285714285,51.42857142857142
1399,0.704,8,0,30,22,10.0,7.04,0.0,26.666666666666668,3.3333333333333335,70.0
1400,0.88,2,0,19,17,10.0,8.8,5.263157894736842,47.368421052631575,26.31578947368421,21.052631578947366
1401,0.694,9,0,31,22,10.0,6.94,3.225806451612903,74.19354838709677,16.129032258064516,6.451612903225806
1402,0.672,6,0,22,16,10.0,6.72,4.545454545454546,77.27272727272727,18.181818181818183,0.0
1403,0.688,6,0,25,19,10.0,6.88,32.0,44.0,4.0,20.0
1404,0.708,7,0,27,20,10.0,7.08,7.4074074074074066,77.77777777777779,3.7037037037037033,11.11111111111111
1405,0.692,6,0,27,21,10.0,6.92,3.7037037037037033,70.37037037037037,22.22222222222222,3.7037037037037033
1406,0.764,6,0,38,32,10.0,7.64,2.631578947368421,34.21052631578947,5.263157894736842,57.89473684210527
1407,0.66,7,0,31,24,10.0,6.6,0.0,70.96774193548387,12.903225806451612,16.129032258064516
1408,0.744,6,0,30,24,10.0,7.44,3.3333333333333335,80.0,3.3333333333333335,13.333333333333334
1409,0.684,9,0,36,27,10.0,6.84,0.0,75.0,2.7777777777777777,22.22222222222222
1410,0.714,7,0,30,23,10.0,7.14,3.3333333333333335,36.666666666666664,16.666666666666664,43.333333333333336
1411,0.685,4,0,19,15,10.0,6.85,5.263157894736842,78.94736842105263,10.526315789473683,5.263157894736842
1412,0.568,8,0,26,18,10.0,5.68,3.8461538461538463,69.23076923076923,7.6923076923076925,19.230769230769234
1413,0.7,5,0,23,18,10.0,7.0,0.0,78.26086956521739,8.695652173913043,13.043478260869565
1414,0.704,6,0,35,29,10.0,7.04,0.0,80.0,11.428571428571429,8.571428571428571
1415,0.7,6,0,27,21,10.0,7.0,3.7037037037037033,81.48148148148148,3.7037037037037033,11.11111111111111
1416,0.635,4,0,20,16,10.0,6.35,15.0,70.0,5.0,10.0
1417,0.765,3,0,16,13,10.0,7.65,0.0,50.0,6.25,43.75
1418,0.655,5,0,30,25,10.0,6.55,3.3333333333333335,76.66666666666667,13.333333333333334,6.666666666666667
1419,0.744,4,0,20,16,10.0,7.44,10.0,70.0,15.0,5.0
1420,0.6,6,0,25,19,10.0,6.0,12.0,64.0,12.0,12.0
1421,0.632,10,0,29,19,10.0,6.32,0.0,24.137931034482758,17.24137931034483,58.620689655172406
1422,0.71,6,0,24,18,10.0,7.1,0.0,54.166666666666664,4.166666666666666,41.66666666666667
1423,0.636,7,0,26,19,10.0,6.36,0.0,19.230769230769234,3.8461538461538463,76.92307692307693
1424,0.682,7,0,25,18,10.0,6.82,64.0,24.0,4.0,8.0
1425,0.84,4,0,23,19,10.0,8.4,4.3478260869565215,8.695652173913043,4.3478260869565215,82.6086956521739
1426,0.85,2,0,20,18,10.0,8.5,0.0,70.0,5.0,25.0
1427,0.557,10,0,28,18,9.0,5.57,3.571428571428571,57.14285714285714,17.857142857142858,21.428571428571427
1428,0.663,4,0,22,18,10.0,6.63,4.545454545454546,45.45454545454545,9.090909090909092,40.909090909090914
1429,0.69,8,0,29,21,10.0,6.9,0.0,62.06896551724138,13.793103448275861,24.137931034482758
1430,0.672,7,0,27,20,10.0,6.72,33.33333333333333,48.148148148148145,18.51851851851852,0.0
1431,0.8,3,0,17,14,10.0,8.0,0.0,82.35294117647058,5.88235294117647,11.76470588235294
1432,0.752,7,0,32,25,10.0,7.52,0.0,68.75,12.5,18.75
1433,0.775,4,0,27,23,10.0,7.75,3.7037037037037033,25.925925925925924,18.51851851851852,51.85185185185185
1434,0.758,6,0,27,21,10.0,7.58,7.4074074074074066,66.66666666666666,3.7037037037037033,22.22222222222222
1435,0.68,9,0,34,25,10.0,6.8,2.941176470588235,76.47058823529412,2.941176470588235,17.647058823529413
1436,0.7,7,0,34,27,10.0,7.0,0.0,76.47058823529412,2.941176470588235,20.588235294117645
1437,0.768,9,0,33,24,10.0,7.68,0.0,87.87878787878788,9.090909090909092,3.0303030303030303
1438,0.724,5,0,28,23,10.0,7.24,0.0,64.28571428571429,3.571428571428571,32.142857142857146
1439,0.625,6,0,30,24,10.0,6.25,0.0,83.33333333333334,6.666666666666667,10.0
1440,0.906,2,0,44,42,10.0,9.06,4.545454545454546,43.18181818181818,9.090909090909092,43.18181818181818
1441,0.78,3,0,17,14,10.0,7.8,5.88235294117647,29.411764705882355,5.88235294117647,58.82352941176471
1442,0.64,6,0,19,13,10.0,6.4,0.0,52.63157894736842,5.263157894736842,42.10526315789473
1443,0.792,4,0,26,22,10.0,7.92,0.0,42.30769230769231,23.076923076923077,34.61538461538461
1444,0.74,6,0,27,21,10.0,7.4,0.0,92.5925925925926,7.4074074074074066,0.0
1445,0.758,7,0,39,32,10.0,7.58,0.0,46.15384615384615,2.564102564102564,51.28205128205128
1446,0.84,2,0,17,15,10.0,8.4,0.0,82.35294117647058,5.88235294117647,11.76470588235294
1447,0.805,4,0,19,15,10.0,8.05,10.526315789473683,26.31578947368421,10.526315789473683,52.63157894736842
1448,0.746,6,0,31,25,10.0,7.46,3.225806451612903,80.64516129032258,6.451612903225806,9.67741935483871
1449,0.89,2,0,21,19,10.0,8.9,28.57142857142857,47.61904761904761,19.047619047619047,4.761904761904762
1450,0.824,6,0,42,36,10.0,8.24,11.904761904761903,61.904761904761905,2.380952380952381,23.809523809523807
1451,0.76,3,0,19,16,10.0,7.6,15.789473684210526,42.10526315789473,21.052631578947366,21.052631578947366
1452,0.685,5,0,26,21,10.0,6.85,3.8461538461538463,19.230769230769234,15.384615384615385,61.53846153846154
1453,0.88,2,0,17,15,10.0,8.8,0.0,47.05882352941176,11.76470588235294,41.17647058823529
1454,0.74,4,0,28,24,10.0,7.4,0.0,75.0,3.571428571428571,21.428571428571427
1455,0.776,5,0,27,22,10.0,7.76,7.4074074074074066,70.37037037037037,3.7037037037037033,18.51851851851852
1456,0.656,6,0,23,17,10.0,6.56,4.3478260869565215,47.82608695652174,13.043478260869565,34.78260869565217
1457,0.78,3,0,21,18,10.0,7.8,4.761904761904762,42.857142857142854,9.523809523809524,42.857142857142854
1458,0.74,7,0,32,25,10.0,7.4,3.125,43.75,6.25,46.875
1459,0.663,6,0,24,18,10.0,6.63,0.0,83.33333333333334,4.166666666666666,12.5
1460,0.598,8,0,26,18,10.0,5.98,3.8461538461538463,23.076923076923077,3.8461538461538463,69.23076923076923
1461,0.744,5,0,28,23,10.0,7.44,3.571428571428571,46.42857142857143,14.285714285714285,35.714285714285715
1462,0.754,5,0,26,21,10.0,7.54,15.384615384615385,26.923076923076923,3.8461538461538463,53.84615384615385
1463,0.656,8,0,26,18,10.0,6.56,3.8461538461538463,73.07692307692307,15.384615384615385,7.6923076923076925
1464,0.804,5,0,26,21,10.0,8.04,0.0,57.692307692307686,11.538461538461538,30.76923076923077
1465,0.712,6,0,27,21,10.0,7.12,3.7037037037037033,70.37037037037037,11.11111111111111,14.814814814814813
1466,0.698,7,0,26,19,10.0,6.98,7.6923076923076925,53.84615384615385,3.8461538461538463,34.61538461538461
1467,0.75,6,0,23,17,10.0,7.5,0.0,26.08695652173913,8.695652173913043,65.21739130434783
1468,0.856,5,0,21,16,10.0,8.56,0.0,47.61904761904761,4.761904761904762,47.61904761904761
1469,0.895,2,0,18,16,10.0,8.95,0.0,44.44444444444444,16.666666666666664,38.88888888888889
1470,0.9,1,0,19,18,10.0,9.0,0.0,63.1578947368421,5.263157894736842,31.57894736842105
1471,0.84,5,0,30,25,10.0,8.4,0.0,90.0,6.666666666666667,3.3333333333333335
1472,0.76,4,0,20,16,10.0,7.6,0.0,65.0,25.0,10.0
1473,0.84,3,0,34,31,10.0,8.4,0.0,76.47058823529412,2.941176470588235,20.588235294117645
1474,0.84,4,0,19,15,10.0,8.4,5.263157894736842,47.368421052631575,15.789473684210526,31.57894736842105
1475,0.685,5,0,23,18,10.0,6.85,0.0,82.6086956521739,4.3478260869565215,13.043478260869565
1476,0.778,8,0,40,32,10.0,7.78,0.0,47.5,2.5,50.0
1477,0.74,4,0,20,16,10.0,7.4,5.0,85.0,5.0,5.0
1478,0.56,6,0,18,12,10.0,5.6,5.555555555555555,33.33333333333333,22.22222222222222,38.88888888888889
1479,0.6,4,0,19,15,10.0,6.0,5.263157894736842,68.42105263157895,10.526315789473683,15.789473684210526
1480,0.738,5,0,26,21,10.0,7.38,3.8461538461538463,65.38461538461539,11.538461538461538,19.230769230769234
1481,0.725,3,0,20,17,10.0,7.25,20.0,60.0,5.0,15.0
1482,0.656,5,0,29,24,10.0,6.56,0.0,65.51724137931035,34.48275862068966,0.0
1483,0.808,4,0,27,23,10.0,8.08,0.0,70.37037037037037,3.7037037037037033,25.925925925925924
1484,0.7,4,0,22,18,10.0,7.0,0.0,59.09090909090909,4.545454545454546,36.36363636363637
1485,0.802,4,0,30,26,10.0,8.02,10.0,30.0,6.666666666666667,53.333333333333336
1486,0.792,5,0,23,18,10.0,7.92,26.08695652173913,60.86956521739131,8.695652173913043,4.3478260869565215
1487,0.8,4,0,24,20,10.0,8.0,0.0,75.0,4.166666666666666,20.833333333333336
1488,0.64,8,0,27,19,10.0,6.4,0.0,88.88888888888889,7.4074074074074066,3.7037037037037033
1489,0.792,3,0,27,24,10.0,7.92,0.0,51.85185185185185,14.814814814814813,33.33333333333333
1490,0.685,5,0,19,14,10.0,6.85,5.263157894736842,84.21052631578947,5.263157894736842,5.263157894736842
1491,0.743,4,0,25,21,10.0,7.43,0.0,68.0,4.0,28.000000000000004
1492,0.756,6,0,25,19,10.0,7.56,0.0,88.0,4.0,8.0
1493,0.648,6,0,26,20,10.0,6.48,0.0,88.46153846153845,11.538461538461538,0.0
1494,0.72,4,0,19,15,10.0,7.2,5.263157894736842,57.89473684210527,21.052631578947366,15.789473684210526
1495,0.696,6,0,32,26,10.0,6.96,3.125,84.375,3.125,9.375
1496,0.712,4,0,26,22,10.0,7.12,3.8461538461538463,57.692307692307686,23.076923076923077,15.384615384615385
1497,0.806,5,0,34,29,10.0,8.06,0.0,70.58823529411765,17.647058823529413,11.76470588235294
1498,0.9,1,0,20,19,10.0,9.0,5.0,55.00000000000001,5.0,35.0
1499,0.762,5,0,23,18,10.0,7.62,4.3478260869565215,73.91304347826086,21.73913043478261,0.0
1500,0.698,6,0,28,22,10.0,6.98,3.571428571428571,64.28571428571429,10.714285714285714,21.428571428571427
1501,0.752,4,0,25,21,10.0,7.52,8.0,84.0,4.0,4.0
1502,0.74,5,0,29,24,10.0,7.4,3.4482758620689653,82.75862068965517,3.4482758620689653,10.344827586206897
1503,0.752,5,0,28,23,10.0,7.52,3.571428571428571,35.714285714285715,7.142857142857142,53.57142857142857
1504,0.722,5,0,29,24,10.0,7.22,3.4482758620689653,31.03448275862069,3.4482758620689653,62.06896551724138
1505,0.688,7,0,33,26,10.0,6.88,0.0,45.45454545454545,15.151515151515152,39.39393939393939
1506,0.672,6,0,30,24,10.0,6.72,0.0,46.666666666666664,16.666666666666664,36.666666666666664
1507,0.6,7,0,23,16,10.0,6.0,0.0,47.82608695652174,4.3478260869565215,47.82608695652174
1508,0.765,6,0,32,26,10.0,7.65,3.125,43.75,3.125,50.0
1509,0.76,3,0,17,14,10.0,7.6,5.88235294117647,41.17647058823529,5.88235294117647,47.05882352941176
1510,0.808,7,0,35,28,10.0,8.08,14.285714285714285,65.71428571428571,11.428571428571429,8.571428571428571
1511,0.86,2,0,21,19,10.0,8.6,0.0,71.42857142857143,9.523809523809524,19.047619047619047
1512,0.824,4,0,25,21,10.0,8.24,8.0,28.000000000000004,8.0,56.00000000000001
1513,0.756,4,0,29,25,10.0,7.56,3.4482758620689653,24.137931034482758,20.689655172413794,51.724137931034484
1514,0.669,5,0,21,16,10.0,6.69,4.761904761904762,66.66666666666666,19.047619047619047,9.523809523809524
1515,0.8,5,0,28,23,10.0,8.0,0.0,53.57142857142857,7.142857142857142,39.285714285714285
1516,0.777,5,0,27,22,10.0,7.77,59.25925925925925,14.814814814814813,18.51851851851852,7.4074074074074066
1517,0.84,3,0,20,17,10.0,8.4,15.0,30.0,15.0,40.0
1518,0.72,5,0,19,14,10.0,7.2,5.263157894736842,31.57894736842105,5.263157894736842,57.89473684210527
1519,0.776,4,0,27,23,10.0,7.76,0.0,33.33333333333333,3.7037037037037033,62.96296296296296
1520,0.678,4,0,21,17,10.0,6.78,0.0,80.95238095238095,4.761904761904762,14.285714285714285
1521,0.696,7,0,24,17,10.0,6.96,20.833333333333336,70.83333333333334,4.166666666666666,4.166666666666666
1522,0.628,8,0,30,22,10.0,6.28,0.0,36.666666666666664,13.333333333333334,50.0
1523,0.743,5,0,26,21,10.0,7.43,0.0,61.53846153846154,7.6923076923076925,30.76923076923077
1524,0.54,7,0,17,10,10.0,5.4,17.647058823529413,70.58823529411765,5.88235294117647,5.88235294117647
1525,0.744,4,0,23,19,10.0,7.44,0.0,73.91304347826086,4.3478260869565215,21.73913043478261
1526,0.81,5,0,37,32,10.0,8.1,2.7027027027027026,89.1891891891892,2.7027027027027026,5.405405405405405
1527,0.728,5,0,27,22,10.0,7.28,0.0,44.44444444444444,3.7037037037037033,51.85185185185185
1528,0.761,5,0,37,32,10.0,7.61,0.0,83.78378378378379,5.405405405405405,10.81081081081081
1529,0.5,10,0,24,14,10.0,5.0,4.166666666666666,75.0,0.0,20.833333333333336
1530,0.78,4,0,32,28,10.0,7.8,3.125,71.875,3.125,21.875
1531,0.8,2,0,13,11,10.0,8.0,7.6923076923076925,69.23076923076923,23.076923076923077,0.0
1532,0.756,5,0,29,24,10.0,7.56,3.4482758620689653,89.65517241379311,6.896551724137931,0.0
1533,0.855,3,0,17,14,10.0,8.55,11.76470588235294,35.294117647058826,11.76470588235294,41.17647058823529
1534,0.612,9,0,27,18,10.0,6.12,3.7037037037037033,74.07407407407408,7.4074074074074066,14.814814814814813
1535,0.656,8,0,30,22,10.0,6.56,0.0,83.33333333333334,3.3333333333333335,13.333333333333334
1536,0.651,7,0,27,20,10.0,6.51,3.7037037037037033,40.74074074074074,18.51851851851852,37.03703703703704
1537,0.722,6,0,27,21,10.0,7.22,7.4074074074074066,85.18518518518519,3.7037037037037033,3.7037037037037033
1538,0.711,6,0,26,20,10.0,7.11,7.6923076923076925,42.30769230769231,3.8461538461538463,46.15384615384615
1539,0.875,1,0,15,14,10.0,8.75,13.333333333333334,66.66666666666666,13.333333333333334,6.666666666666667
1540,0.656,7,0,33,26,10.0,6.56,0.0,84.84848484848484,3.0303030303030303,12.121212121212121
1541,0.79,4,0,19,15,10.0,7.9,0.0,68.42105263157895,10.526315789473683,21.052631578947366
1542,0.706,8,0,28,20,10.0,7.06,3.571428571428571,85.71428571428571,10.714285714285714,0.0
1543,0.821,5,0,32,27,10.0,8.21,31.25,50.0,3.125,15.625
1544,0.68,4,0,21,17,10.0,6.8,0.0,76.19047619047619,9.523809523809524,14.285714285714285
1545,0.72,6,0,23,17,10.0,7.2,0.0,91.30434782608695,8.695652173913043,0.0
1546,0.856,3,0,29,26,10.0,8.56,3.4482758620689653,58.620689655172406,10.344827586206897,27.586206896551722
1547,0.68,5,0,22,17,10.0,6.8,0.0,81.81818181818183,13.636363636363635,4.545454545454546
1548,0.758,6,0,33,27,10.0,7.58,3.0303030303030303,48.484848484848484,6.0606060606060606,42.42424242424242
1549,0.62,7,0,28,21,10.0,6.2,7.142857142857142,60.71428571428571,3.571428571428571,28.57142857142857
1550,0.688,6,0,30,24,10.0,6.88,0.0,83.33333333333334,6.666666666666667,10.0
1551,0.744,5,0,32,27,10.0,7.44,0.0,87.5,3.125,9.375
1552,0.71,6,0,27,21,10.0,7.1,3.7037037037037033,44.44444444444444,18.51851851851852,33.33333333333333
1553,0.728,5,0,24,19,10.0,7.28,0.0,79.16666666666666,8.333333333333332,12.5
1554,0.708,6,0,27,21,10.0,7.08,3.7037037037037033,74.07407407407408,11.11111111111111,11.11111111111111
1555,0.794,6,0,30,24,10.0,7.94,0.0,56.666666666666664,10.0,33.33333333333333
1556,0.82,5,0,20,15,10.0,8.2,10.0,30.0,20.0,40.0
1557,0.81,4,0,27,23,10.0,8.1,3.7037037037037033,62.96296296296296,3.7037037037037033,29.629629629629626
1558,0.648,8,0,27,19,10.0,6.48,0.0,77.77777777777779,3.7037037037037033,18.51851851851852
1559,0.656,6,0,26,20,10.0,6.56,3.8461538461538463,84.61538461538461,3.8461538461538463,7.6923076923076925
1560,0.757,5,0,27,22,10.0,7.57,7.4074074074074066,74.07407407407408,3.7037037037037033,14.814814814814813
1561,0.744,8,0,34,26,10.0,7.44,0.0,70.58823529411765,5.88235294117647,23.52941176470588
1562,0.71,4,0,17,13,10.0,7.1,5.88235294117647,64.70588235294117,23.52941176470588,5.88235294117647
1563,0.718,7,0,29,22,10.0,7.18,3.4482758620689653,62.06896551724138,24.137931034482758,10.344827586206897
1564,0.8,4,0,25,21,10.0,8.0,8.0,36.0,4.0,52.0
1565,0.736,5,0,25,20,10.0,7.36,4.0,92.0,4.0,0.0
1566,0.7,5,0,19,14,10.0,7.0,5.263157894736842,78.94736842105263,15.789473684210526,0.0
1567,0.728,5,0,24,19,10.0,7.28,4.166666666666666,70.83333333333334,8.333333333333332,16.666666666666664
1568,0.726,5,0,29,24,10.0,7.26,0.0,89.65517241379311,3.4482758620689653,6.896551724137931
1569,0.782,5,0,26,21,10.0,7.82,0.0,34.61538461538461,19.230769230769234,46.15384615384615
1570,0.664,7,0,28,21,10.0,6.64,0.0,28.57142857142857,3.571428571428571,67.85714285714286
1571,0.817,5,0,24,19,10.0,8.17,4.166666666666666,20.833333333333336,4.166666666666666,70.83333333333334
1572,0.7,3,0,15,12,10.0,7.0,0.0,80.0,20.0,0.0
1573,0.675,7,0,25,18,10.0,6.75,32.0,12.0,4.0,52.0
1574,0.628,8,0,27,19,10.0,6.28,0.0,85.18518518518519,3.7037037037037033,11.11111111111111
1575,0.764,4,0,36,32,10.0,7.64,0.0,75.0,22.22222222222222,2.7777777777777777
1576,0.92,1,0,15,14,10.0,9.2,0.0,66.66666666666666,20.0,13.333333333333334
1577,0.776,4,0,31,27,10.0,7.76,3.225806451612903,25.806451612903224,29.03225806451613,41.935483870967744
1578,0.74,4,0,18,14,10.0,7.4,11.11111111111111,66.66666666666666,16.666666666666664,5.555555555555555
1579,0.64,5,0,20,15,10.0,6.4,40.0,45.0,10.0,5.0
1580,0.858,5,0,29,24,10.0,8.58,6.896551724137931,31.03448275862069,6.896551724137931,55.172413793103445
1581,0.81,3,0,20,17,10.0,8.1,5.0,35.0,25.0,35.0
1582,0.662,10,0,29,19,10.0,6.62,3.4482758620689653,86.20689655172413,10.344827586206897,0.0
1583,0.69,4,0,18,14,10.0,6.9,38.88888888888889,38.88888888888889,11.11111111111111,11.11111111111111
1584,0.592,7,0,27,20,10.0,5.92,0.0,70.37037037037037,3.7037037037037033,25.925925925925924
1585,0.768,6,0,31,25,10.0,7.68,0.0,58.06451612903226,3.225806451612903,38.70967741935484
1586,0.733,8,0,25,17,10.0,7.33,20.0,48.0,4.0,28.000000000000004
1587,0.664,8,0,27,19,10.0,6.64,7.4074074074074066,66.66666666666666,3.7037037037037033,22.22222222222222
1588,0.676,6,0,30,24,10.0,6.76,3.3333333333333335,23.333333333333332,3.3333333333333335,70.0
1589,0.719,6,0,34,28,10.0,7.19,2.941176470588235,64.70588235294117,2.941176470588235,29.411764705882355
1590,0.768,4,0,28,24,10.0,7.68,7.142857142857142,60.71428571428571,3.571428571428571,28.57142857142857
1591,0.645,5,0,19,14,10.0,6.45,0.0,78.94736842105263,21.052631578947366,0.0
1592,0.76,4,0,28,24,10.0,7.6,0.0,35.714285714285715,7.142857142857142,57.14285714285714
1593,0.796,4,0,34,30,10.0,7.96,0.0,73.52941176470588,2.941176470588235,23.52941176470588
1594,0.771,4,0,27,23,10.0,7.71,0.0,37.03703703703704,18.51851851851852,44.44444444444444
1595,0.85,4,0,30,26,10.0,8.5,6.666666666666667,56.666666666666664,10.0,26.666666666666668
1596,0.717,7,0,28,21,10.0,7.17,3.571428571428571,28.57142857142857,10.714285714285714,57.14285714285714
1597,0.7,4,0,22,18,10.0,7.0,0.0,54.54545454545454,13.636363636363635,31.818181818181817
1598,0.659,7,0,30,23,10.0,6.59,0.0,93.33333333333333,3.3333333333333335,3.3333333333333335
1599,0.572,9,0,28,19,10.0,5.72,0.0,82.14285714285714,14.285714285714285,3.571428571428571
1600,0.8,4,0,28,24,10.0,8.0,10.714285714285714,64.28571428571429,7.142857142857142,17.857142857142858
1601,0.872,5,0,25,20,10.0,8.72,4.0,60.0,4.0,32.0
1602,0.776,5,0,28,23,10.0,7.76,3.571428571428571,50.0,17.857142857142858,28.57142857142857
1603,0.748,5,0,23,18,10.0,7.48,8.695652173913043,73.91304347826086,4.3478260869565215,13.043478260869565
1604,0.637,7,0,28,21,10.0,6.37,0.0,89.28571428571429,3.571428571428571,7.142857142857142
1605,0.662,6,0,24,18,10.0,6.62,4.166666666666666,37.5,25.0,33.33333333333333
1606,0.745,7,0,29,22,10.0,7.45,0.0,55.172413793103445,3.4482758620689653,41.37931034482759
1607,0.68,6,0,30,24,10.0,6.8,6.666666666666667,70.0,16.666666666666664,6.666666666666667
1608,0.712,6,0,29,23,10.0,7.12,3.4482758620689653,79.3103448275862,10.344827586206897,6.896551724137931
1609,0.692,5,0,27,22,10.0,6.92,0.0,77.77777777777779,3.7037037037037033,18.51851851851852
1610,0.664,9,0,31,22,10.0,6.64,3.225806451612903,48.38709677419355,16.129032258064516,32.25806451612903
1611,0.8,3,0,14,11,10.0,8.0,28.57142857142857,35.714285714285715,7.142857142857142,28.57142857142857
1612,0.724,5,0,25,20,10.0,7.24,4.0,72.0,4.0,20.0
1613,0.728,9,0,40,31,10.0,7.28,0.0,67.5,5.0,27.500000000000004
1614,0.805,8,0,31,23,10.0,8.05,25.806451612903224,32.25806451612903,9.67741935483871,32.25806451612903
1615,0.688,7,0,37,30,10.0,6.88,0.0,56.75675675675676,27.027027027027028,16.216216216216218
1616,0.688,6,0,30,24,10.0,6.88,0.0,30.0,3.3333333333333335,66.66666666666666
1617,0.624,6,0,23,17,10.0,6.24,8.695652173913043,52.17391304347826,17.391304347826086,21.73913043478261
1618,0.94,1,0,22,21,10.0,9.4,4.545454545454546,36.36363636363637,13.636363636363635,45.45454545454545
1619,0.847,4,0,22,18,10.0,8.47,0.0,72.72727272727273,4.545454545454546,22.727272727272727
1620,0.704,6,0,31,25,10.0,7.04,0.0,51.61290322580645,3.225806451612903,45.16129032258064
1621,0.684,6,0,27,21,10.0,6.84,0.0,92.5925925925926,3.7037037037037033,3.7037037037037033
1622,0.68,8,0,25,17,10.0,6.8,16.0,28.000000000000004,20.0,36.0
1623,0.67,5,0,20,15,10.0,6.7,10.0,45.0,5.0,40.0
1624,0.704,5,0,24,19,10.0,7.04,0.0,62.5,4.166666666666666,33.33333333333333
1625,0.85,2,0,17,15,10.0,8.5,5.88235294117647,52.94117647058824,11.76470588235294,29.411764705882355
1626,0.65,5,0,27,22,10.0,6.5,18.51851851851852,44.44444444444444,3.7037037037037033,33.33333333333333
1627,0.736,5,0,25,20,10.0,7.36,32.0,48.0,8.0,12.0
1628,0.666,6,0,29,23,10.0,6.66,6.896551724137931,79.3103448275862,3.4482758620689653,10.344827586206897
1629,0.78,4,0,26,22,10.0,7.8,0.0,50.0,3.8461538461538463,46.15384615384615
1630,0.795,4,0,28,24,10.0,7.95,3.571428571428571,89.28571428571429,3.571428571428571,3.571428571428571
1631,0.638,5,0,23,18,10.0,6.38,8.695652173913043,82.6086956521739,4.3478260869565215,4.3478260869565215
1632,0.66,7,0,30,23,10.0,6.6,3.3333333333333335,73.33333333333333,13.333333333333334,10.0
1633,0.672,10,0,33,23,10.0,6.72,3.0303030303030303,30.303030303030305,6.0606060606060606,60.60606060606061
1634,0.626,8,0,27,19,10.0,6.26,0.0,85.18518518518519,3.7037037037037033,11.11111111111111
1635,0.81,5,0,29,24,10.0,8.1,0.0,48.275862068965516,3.4482758620689653,48.275862068965516
1636,0.842,4,0,35,31,10.0,8.42,0.0,11.428571428571429,17.142857142857142,71.42857142857143
1637,0.832,4,0,28,24,10.0,8.32,0.0,71.42857142857143,17.857142857142858,10.714285714285714
1638,0.824,5,0,28,23,10.0,8.24,0.0,46.42857142857143,7.142857142857142,46.42857142857143
1639,0.798,5,0,27,22,10.0,7.98,3.7037037037037033,81.48148148148148,11.11111111111111,3.7037037037037033
1640,0.76,5,0,24,19,10.0,7.6,4.166666666666666,75.0,12.5,8.333333333333332
1641,0.763,5,0,32,27,10.0,7.63,0.0,68.75,6.25,25.0
1642,0.7,7,0,28,21,10.0,7.0,0.0,85.71428571428571,3.571428571428571,10.714285714285714
1643,0.776,6,0,29,23,10.0,7.76,3.4482758620689653,24.137931034482758,17.24137931034483,55.172413793103445
1644,0.92,2,0,22,20,10.0,9.2,0.0,77.27272727272727,4.545454545454546,18.181818181818183
1645,0.57,6,0,18,12,10.0,5.7,5.555555555555555,72.22222222222221,5.555555555555555,16.666666666666664
1646,0.717,7,0,30,23,10.0,7.17,3.3333333333333335,80.0,6.666666666666667,10.0
1647,0.65,6,0,26,20,10.0,6.5,3.8461538461538463,26.923076923076923,7.6923076923076925,61.53846153846154
1648,0.75,3,0,20,17,10.0,7.5,0.0,80.0,20.0,0.0
1649,0.79,4,0,35,31,10.0,7.9,0.0,85.71428571428571,2.857142857142857,11.428571428571429
1650,0.744,4,0,26,22,10.0,7.44,3.8461538461538463,69.23076923076923,11.538461538461538,15.384615384615385
1651,0.804,5,0,26,21,10.0,8.04,0.0,65.38461538461539,3.8461538461538463,30.76923076923077
1652,0.822,3,0,27,24,10.0,8.22,0.0,59.25925925925925,14.814814814814813,25.925925925925924
1653,0.76,3,0,25,22,10.0,7.6,0.0,92.0,4.0,4.0
1654,0.814,5,0,36,31,10.0,8.14,27.77777777777778,55.55555555555556,2.7777777777777777,13.88888888888889
1655,0.77,5,0,23,18,10.0,7.7,8.695652173913043,17.391304347826086,17.391304347826086,56.52173913043478
1656,0.708,11,0,39,28,10.0,7.08,0.0,66.66666666666666,7.6923076923076925,25.64102564102564
1657,0.655,5,0,28,23,10.0,6.55,0.0,75.0,3.571428571428571,21.428571428571427
1658,0.58,7,0,25,18,10.0,5.8,4.0,72.0,12.0,12.0
1659,0.672,7,0,29,22,10.0,6.72,0.0,82.75862068965517,6.896551724137931,10.344827586206897
1660,0.78,3,0,15,12,10.0,7.8,13.333333333333334,73.33333333333333,6.666666666666667,6.666666666666667
1661,0.775,2,0,15,13,10.0,7.75,0.0,60.0,13.333333333333334,26.666666666666668
1662,0.764,5,0,26,21,10.0,7.64,3.8461538461538463,53.84615384615385,23.076923076923077,19.230769230769234
1663,0.772,3,0,32,29,10.0,7.72,0.0,68.75,28.125,3.125
1664,0.82,5,0,33,28,10.0,8.2,0.0,57.57575757575758,18.181818181818183,24.242424242424242
1665,0.606,5,0,27,22,10.0,6.06,3.7037037037037033,55.55555555555556,7.4074074074074066,33.33333333333333
1666,0.777,4,0,30,26,10.0,7.77,0.0,70.0,6.666666666666667,23.333333333333332
1667,0.738,6,0,25,19,10.0,7.38,4.0,60.0,16.0,20.0
1668,0.704,5,0,28,23,10.0,7.04,0.0,50.0,3.571428571428571,46.42857142857143
1669,0.772,6,0,34,28,10.0,7.72,0.0,55.88235294117647,11.76470588235294,32.35294117647059
1670,0.752,4,0,28,24,10.0,7.52,3.571428571428571,21.428571428571427,7.142857142857142,67.85714285714286
1671,0.62,9,0,33,24,10.0,6.2,3.0303030303030303,75.75757575757575,6.0606060606060606,15.151515151515152
1672,0.792,4,0,27,23,10.0,7.92,7.4074074074074066,81.48148148148148,3.7037037037037033,7.4074074074074066
1673,0.705,5,0,26,21,10.0,7.05,7.6923076923076925,73.07692307692307,11.538461538461538,7.6923076923076925
1674,0.755,4,0,26,22,10.0,7.55,0.0,88.46153846153845,3.8461538461538463,7.6923076923076925
1675,0.71,8,0,32,24,10.0,7.1,0.0,78.125,3.125,18.75
1676,0.74,6,0,20,14,10.0,7.4,20.0,40.0,10.0,30.0
1677,0.662,5,0,19,14,10.0,6.62,36.84210526315789,47.368421052631575,5.263157894736842,10.526315789473683
1678,0.82,6,0,36,30,10.0,8.2,0.0,33.33333333333333,2.7777777777777777,63.888888888888886
1679,0.699,5,0,26,21,10.0,6.99,3.8461538461538463,50.0,3.8461538461538463,42.30769230769231
1680,0.666,7,0,25,18,10.0,6.66,0.0,72.0,8.0,20.0
1681,0.74,3,0,22,19,10.0,7.4,4.545454545454546,77.27272727272727,9.090909090909092,9.090909090909092
1682,0.688,4,0,19,15,10.0,6.88,0.0,47.368421052631575,10.526315789473683,42.10526315789473
1683,0.7,4,0,22,18,10.0,7.0,0.0,86.36363636363636,13.636363636363635,0.0
1684,0.805,4,0,23,19,10.0,8.05,4.3478260869565215,65.21739130434783,4.3478260869565215,26.08695652173913
1685,0.708,9,0,35,26,10.0,7.08,0.0,91.42857142857143,2.857142857142857,5.714285714285714
1686,0.744,5,0,27,22,10.0,7.44,3.7037037037037033,59.25925925925925,3.7037037037037033,33.33333333333333
1687,0.87,5,0,25,20,10.0,8.7,4.0,68.0,12.0,16.0
1688,0.796,5,0,27,22,10.0,7.96,3.7037037037037033,44.44444444444444,14.814814814814813,37.03703703703704
1689,0.74,4,0,19,15,10.0,7.4,5.263157894736842,57.89473684210527,36.84210526315789,0.0
1690,0.64,8,0,28,20,10.0,6.4,3.571428571428571,78.57142857142857,7.142857142857142,10.714285714285714
1691,0.692,5,0,25,20,10.0,6.92,4.0,72.0,20.0,4.0
1692,0.624,7,0,26,19,10.0,6.24,0.0,76.92307692307693,3.8461538461538463,19.230769230769234
1693,0.681,7,0,28,21,10.0,6.81,7.142857142857142,75.0,7.142857142857142,10.714285714285714
1694,0.612,10,0,31,21,10.0,6.12,3.225806451612903,25.806451612903224,3.225806451612903,67.74193548387096
1695,0.731,4,0,24,20,10.0,7.31,8.333333333333332,70.83333333333334,8.333333333333332,12.5
1696,0.65,5,0,18,13,10.0,6.5,5.555555555555555,66.66666666666666,16.666666666666664,11.11111111111111
1697,0.67,5,0,27,22,10.0,6.7,3.7037037037037033,66.66666666666666,7.4074074074074066,22.22222222222222
1698,0.852,4,0,31,27,10.0,8.52,6.451612903225806,87.09677419354838,3.225806451612903,3.225806451612903
1699,0.688,9,0,34,25,10.0,6.88,0.0,82.35294117647058,2.941176470588235,14.705882352941178
1700,0.636,10,0,29,19,10.0,6.36,48.275862068965516,41.37931034482759,3.4482758620689653,6.896551724137931
1701,0.654,7,0,30,23,10.0,6.54,3.3333333333333335,23.333333333333332,16.666666666666664,56.666666666666664
1702,0.86,4,0,22,18,10.0,8.6,4.545454545454546,59.09090909090909,18.181818181818183,18.181818181818183
1703,0.625,6,0,28,22,10.0,6.25,0.0,82.14285714285714,3.571428571428571,14.285714285714285
1704,0.8,3,0,26,23,10.0,8.0,50.0,23.076923076923077,3.8461538461538463,23.076923076923077
1705,0.712,7,0,31,24,10.0,7.12,12.903225806451612,22.58064516129032,9.67741935483871,54.83870967741935
1706,0.672,5,0,25,20,10.0,6.72,0.0,52.0,4.0,44.0
1707,0.662,6,0,25,19,10.0,6.62,0.0,72.0,8.0,20.0
1708,0.677,6,0,29,23,10.0,6.77,6.896551724137931,48.275862068965516,3.4482758620689653,41.37931034482759
1709,0.822,5,0,32,27,10.0,8.22,18.75,65.625,3.125,12.5
1710,0.625,4,0,18,14,10.0,6.25,0.0,66.66666666666666,27.77777777777778,5.555555555555555
1711,0.744,8,0,31,23,10.0,7.44,0.0,83.87096774193549,12.903225806451612,3.225806451612903
1712,0.682,6,0,27,21,10.0,6.82,11.11111111111111,74.07407407407408,3.7037037037037033,11.11111111111111
1713,0.76,4,0,28,24,10.0,7.6,3.571428571428571,42.857142857142854,17.857142857142858,35.714285714285715
1714,0.718,4,0,26,22,10.0,7.18,0.0,19.230769230769234,19.230769230769234,61.53846153846154
1715,0.77,5,0,37,32,10.0,7.7,32.432432432432435,54.054054054054056,2.7027027027027026,10.81081081081081
1716,0.775,5,0,32,27,10.0,7.75,0.0,59.375,9.375,31.25
1717,0.744,8,0,33,25,10.0,7.44,3.0303030303030303,63.63636363636363,6.0606060606060606,27.27272727272727
1718,0.65,5,0,18,13,10.0,6.5,0.0,77.77777777777779,11.11111111111111,11.11111111111111
1719,0.656,7,0,24,17,10.0,6.56,0.0,87.5,4.166666666666666,8.333333333333332
1720,0.89,3,0,22,19,10.0,8.9,9.090909090909092,63.63636363636363,4.545454545454546,22.727272727272727
1721,0.7,10,0,37,27,10.0,7.0,35.13513513513514,59.45945945945946,2.7027027027027026,2.7027027027027026
1722,0.742,4,0,27,23,10.0,7.42,0.0,85.18518518518519,14.814814814814813,0.0
1723,0.76,3,0,24,21,10.0,7.6,4.166666666666666,62.5,29.166666666666668,4.166666666666666
1724,0.744,8,0,33,25,10.0,7.44,0.0,84.84848484848484,9.090909090909092,6.0606060606060606
1725,0.76,8,0,40,32,10.0,7.6,0.0,40.0,5.0,55.00000000000001
1726,0.686,6,0,28,22,10.0,6.86,0.0,21.428571428571427,3.571428571428571,75.0
1727,0.645,5,0,28,23,10.0,6.45,10.714285714285714,46.42857142857143,10.714285714285714,32.142857142857146
1728,0.789,6,0,38,32,10.0,7.89,21.052631578947366,65.78947368421053,2.631578947368421,10.526315789473683
1729,0.808,5,0,18,13,10.0,8.08,5.555555555555555,27.77777777777778,22.22222222222222,44.44444444444444
1730,0.748,5,0,30,25,10.0,7.48,3.3333333333333335,56.666666666666664,23.333333333333332,16.666666666666664
1731,0.632,8,0,21,13,10.0,6.32,4.761904761904762,80.95238095238095,14.285714285714285,0.0
1732,0.502,13,0,29,16,10.0,5.02,0.0,79.3103448275862,6.896551724137931,13.793103448275861
1733,0.82,5,0,28,23,10.0,8.2,3.571428571428571,85.71428571428571,3.571428571428571,7.142857142857142
1734,0.736,5,0,23,18,10.0,7.36,13.043478260869565,21.73913043478261,8.695652173913043,56.52173913043478
1735,0.864,5,0,24,19,10.0,8.64,0.0,50.0,4.166666666666666,45.83333333333333
1736,0.724,10,0,28,18,10.0,7.24,3.571428571428571,71.42857142857143,14.285714285714285,10.714285714285714
1737,0.825,2,0,18,16,10.0,8.25,11.11111111111111,50.0,16.666666666666664,22.22222222222222
1738,0.565,5,0,16,11,10.0,5.65,31.25,43.75,25.0,0.0
1739,0.694,6,0,27,21,10.0,6.94,3.7037037037037033,22.22222222222222,3.7037037037037033,70.37037037037037
1740,0.718,7,0,30,23,10.0,7.18,13.333333333333334,26.666666666666668,13.333333333333334,46.666666666666664
1741,0.8,3,0,24,21,10.0,8.0,12.5,29.166666666666668,4.166666666666666,54.166666666666664
1742,0.79,3,0,23,20,10.0,7.9,0.0,78.26086956521739,4.3478260869565215,17.391304347826086
1743,0.723,4,0,28,24,10.0,7.23,0.0,60.71428571428571,28.57142857142857,10.714285714285714
1744,0.64,7,0,25,18,10.0,6.4,20.0,28.000000000000004,4.0,48.0
1745,0.855,2,0,21,19,10.0,8.55,14.285714285714285,47.61904761904761,28.57142857142857,9.523809523809524
1746,0.856,4,0,31,27,10.0,8.56,0.0,51.61290322580645,3.225806451612903,45.16129032258064
1747,0.72,7,0,24,17,10.0,7.2,0.0,75.0,16.666666666666664,8.333333333333332
1748,0.76,5,0,25,20,10.0,7.6,4.0,56.00000000000001,8.0,32.0
1749,0.64,4,0,24,20,10.0,6.4,4.166666666666666,75.0,12.5,8.333333333333332
1750,0.726,7,0,32,25,10.0,7.26,3.125,68.75,6.25,21.875
1751,0.736,7,0,28,21,10.0,7.36,0.0,21.428571428571427,3.571428571428571,75.0
1752,0.688,5,0,24,19,10.0,6.88,4.166666666666666,45.83333333333333,12.5,37.5
1753,0.69,5,0,25,20,10.0,6.9,0.0,72.0,20.0,8.0
1754,0.69,3,0,22,19,10.0,6.9,4.545454545454546,77.27272727272727,9.090909090909092,9.090909090909092
1755,0.674,6,0,20,14,10.0,6.74,0.0,85.0,5.0,10.0
1756,0.7,9,0,30,21,10.0,7.0,0.0,70.0,20.0,10.0
1757,0.714,8,0,32,24,10.0,7.14,0.0,78.125,18.75,3.125
1758,0.716,5,0,26,21,10.0,7.16,3.8461538461538463,53.84615384615385,19.230769230769234,23.076923076923077
1759,0.7,4,0,21,17,10.0,7.0,4.761904761904762,80.95238095238095,4.761904761904762,9.523809523809524
1760,0.665,4,0,25,21,10.0,6.65,8.0,80.0,4.0,8.0
1761,0.671,8,0,33,25,10.0,6.71,9.090909090909092,75.75757575757575,15.151515151515152,0.0
1762,0.71,6,0,34,28,10.0,7.1,0.0,20.588235294117645,2.941176470588235,76.47058823529412
1763,0.745,5,0,31,26,10.0,7.45,29.03225806451613,48.38709677419355,12.903225806451612,9.67741935483871
1764,0.724,5,0,28,23,10.0,7.24,3.571428571428571,75.0,10.714285714285714,10.714285714285714
1765,0.63,5,0,27,22,10.0,6.3,7.4074074074074066,70.37037037037037,14.814814814814813,7.4074074074074066
1766,0.776,4,0,37,33,10.0,7.76,0.0,43.24324324324324,5.405405405405405,51.35135135135135
1767,0.812,3,0,31,28,10.0,8.12,0.0,74.19354838709677,12.903225806451612,12.903225806451612
1768,0.712,5,0,24,19,10.0,7.12,0.0,87.5,12.5,0.0
1769,0.744,7,0,24,17,10.0,7.44,0.0,33.33333333333333,4.166666666666666,62.5
1770,0.916,3,0,40,37,10.0,9.16,0.0,62.5,12.5,25.0
1771,0.666,8,0,27,19,10.0,6.66,0.0,77.77777777777779,3.7037037037037033,18.51851851851852
1772,0.745,5,0,25,20,10.0,7.45,4.0,56.00000000000001,20.0,20.0
1773,0.848,3,0,25,22,10.0,8.48,0.0,64.0,4.0,32.0
1774,0.664,7,0,22,15,10.0,6.64,4.545454545454546,13.636363636363635,22.727272727272727,59.09090909090909
1775,0.704,8,0,32,24,10.0,7.04,0.0,78.125,12.5,9.375
1776,0.82,4,0,29,25,10.0,8.2,6.896551724137931,82.75862068965517,3.4482758620689653,6.896551724137931
1777,0.68,4,0,14,10,10.0,6.8,7.142857142857142,71.42857142857143,21.428571428571427,0.0
1778,0.63,5,0,15,10,10.0,6.3,13.333333333333334,66.66666666666666,20.0,0.0
1779,0.729,4,0,23,19,10.0,7.29,17.391304347826086,52.17391304347826,4.3478260869565215,26.08695652173913
1780,0.708,5,0,32,27,10.0,7.08,12.5,40.625,3.125,43.75
1781,0.704,6,0,29,23,10.0,7.04,3.4482758620689653,44.827586206896555,3.4482758620689653,48.275862068965516
1782,0.75,2,0,18,16,10.0,7.5,5.555555555555555,55.55555555555556,27.77777777777778,11.11111111111111
1783,0.665,7,0,32,25,10.0,6.65,15.625,65.625,3.125,15.625
1784,0.756,4,0,31,27,10.0,7.56,6.451612903225806,77.41935483870968,12.903225806451612,3.225806451612903
1785,0.728,6,0,31,25,10.0,7.28,3.225806451612903,80.64516129032258,3.225806451612903,12.903225806451612
1786,0.704,7,0,29,22,10.0,7.04,10.344827586206897,65.51724137931035,13.793103448275861,10.344827586206897
1787,0.72,11,0,35,24,10.0,7.2,2.857142857142857,37.142857142857146,14.285714285714285,45.714285714285715
1788,0.755,4,0,30,26,10.0,7.55,0.0,26.666666666666668,10.0,63.33333333333333
1789,0.785,4,0,28,24,10.0,7.85,0.0,28.57142857142857,3.571428571428571,67.85714285714286
1790,0.642,7,0,24,17,10.0,6.42,4.166666666666666,79.16666666666666,4.166666666666666,12.5
1791,0.758,5,0,26,21,10.0,7.58,3.8461538461538463,11.538461538461538,23.076923076923077,61.53846153846154
1792,0.75,2,0,23,21,10.0,7.5,0.0,69.56521739130434,13.043478260869565,17.391304347826086
1793,0.625,4,0,14,10,10.0,6.25,50.0,28.57142857142857,14.285714285714285,7.142857142857142
1794,0.704,4,0,28,24,10.0,7.04,0.0,60.71428571428571,28.57142857142857,10.714285714285714
1795,0.705,6,0,25,19,10.0,7.05,4.0,76.0,4.0,16.0
1796,0.788,4,0,29,25,10.0,7.88,20.689655172413794,62.06896551724138,6.896551724137931,10.344827586206897
1797,0.852,3,0,34,31,10.0,8.52,0.0,14.705882352941178,2.941176470588235,82.35294117647058
1798,0.746,6,0,30,24,10.0,7.46,0.0,60.0,30.0,10.0
1799,0.648,7,0,26,19,10.0,6.48,0.0,84.61538461538461,7.6923076923076925,7.6923076923076925
1800,0.766,6,0,21,15,10.0,7.66,0.0,28.57142857142857,4.761904761904762,66.66666666666666
1801,0.88,2,0,23,21,10.0,8.8,0.0,60.86956521739131,21.73913043478261,17.391304347826086
1802,0.49,11,0,24,13,10.0,4.9,0.0,87.5,8.333333333333332,4.166666666666666
1803,0.698,7,0,24,17,10.0,6.98,4.166666666666666,37.5,8.333333333333332,50.0
1804,0.65,6,0,26,20,10.0,6.5,0.0,34.61538461538461,11.538461538461538,53.84615384615385
1805,0.68,4,0,30,26,10.0,6.8,0.0,86.66666666666667,3.3333333333333335,10.0
1806,0.736,6,0,31,25,10.0,7.36,3.225806451612903,80.64516129032258,9.67741935483871,6.451612903225806
1807,0.844,4,0,25,21,10.0,8.44,0.0,36.0,4.0,60.0
1808,0.625,5,0,17,12,10.0,6.25,0.0,82.35294117647058,17.647058823529413,0.0
1809,0.754,5,0,30,25,10.0,7.54,0.0,83.33333333333334,13.333333333333334,3.3333333333333335
1810,0.73,5,0,23,18,10.0,7.3,0.0,91.30434782608695,4.3478260869565215,4.3478260869565215
1811,0.76,6,0,32,26,10.0,7.6,6.25,53.125,3.125,37.5
1812,0.776,5,0,37,32,10.0,7.76,2.7027027027027026,81.08108108108108,13.513513513513514,2.7027027027027026
1813,0.844,3,0,23,20,10.0,8.44,0.0,43.47826086956522,4.3478260869565215,52.17391304347826
1814,0.736,6,0,25,19,10.0,7.36,4.0,64.0,4.0,28.000000000000004
1815,0.852,3,0,22,19,10.0,8.52,4.545454545454546,54.54545454545454,4.545454545454546,36.36363636363637
1816,0.684,6,0,27,21,10.0,6.84,0.0,81.48148148148148,7.4074074074074066,11.11111111111111
1817,0.744,6,0,27,21,10.0,7.44,3.7037037037037033,37.03703703703704,11.11111111111111,48.148148148148145
1818,0.8,2,0,19,17,10.0,8.0,5.263157894736842,52.63157894736842,21.052631578947366,21.052631578947366
1819,0.8,4,0,28,24,10.0,8.0,3.571428571428571,64.28571428571429,17.857142857142858,14.285714285714285
1820,0.754,5,0,29,24,10.0,7.54,0.0,89.65517241379311,3.4482758620689653,6.896551724137931
1821,0.78,4,0,28,24,10.0,7.8,3.571428571428571,32.142857142857146,28.57142857142857,35.714285714285715
1822,0.784,4,0,26,22,10.0,7.84,0.0,73.07692307692307,15.384615384615385,11.538461538461538
1823,0.674,7,0,30,23,10.0,6.74,0.0,40.0,13.333333333333334,46.666666666666664
1824,0.642,4,0,26,22,10.0,6.42,0.0,69.23076923076923,3.8461538461538463,26.923076923076923
1825,0.78,6,0,36,30,10.0,7.8,2.7777777777777777,77.77777777777779,8.333333333333332,11.11111111111111
1826,0.816,6,0,32,26,10.0,8.16,0.0,46.875,3.125,50.0
1827,0.688,8,0,28,20,10.0,6.88,0.0,92.85714285714286,3.571428571428571,3.571428571428571
1828,0.76,6,0,30,24,10.0,7.6,3.3333333333333335,43.333333333333336,10.0,43.333333333333336
1829,0.6,5,0,21,16,10.0,6.0,0.0,28.57142857142857,4.761904761904762,66.66666666666666
1830,0.744,6,0,28,22,10.0,7.44,21.428571428571427,53.57142857142857,3.571428571428571,21.428571428571427
1831,0.742,7,0,35,28,10.0,7.42,14.285714285714285,62.857142857142854,2.857142857142857,20.0
1832,0.765,4,0,20,16,10.0,7.65,0.0,85.0,5.0,10.0
1833,0.88,4,0,36,32,10.0,8.8,13.88888888888889,38.88888888888889,16.666666666666664,30.555555555555557
1834,0.666,7,0,29,22,10.0,6.66,37.93103448275862,48.275862068965516,3.4482758620689653,10.344827586206897
1835,0.768,5,0,35,30,10.0,7.68,14.285714285714285,54.285714285714285,5.714285714285714,25.71428571428571
1836,0.7,4,0,23,19,10.0,7.0,4.3478260869565215,73.91304347826086,13.043478260869565,8.695652173913043
1837,0.636,7,0,27,20,10.0,6.36,3.7037037037037033,55.55555555555556,7.4074074074074066,33.33333333333333
1838,0.634,10,0,37,27,10.0,6.34,0.0,75.67567567567568,5.405405405405405,18.91891891891892
1839,0.84,2,0,17,15,10.0,8.4,0.0,70.58823529411765,5.88235294117647,23.52941176470588
1840,0.556,12,0,28,16,10.0,5.56,60.71428571428571,28.57142857142857,3.571428571428571,7.142857142857142
1841,0.68,6,0,21,15,10.0,6.8,9.523809523809524,9.523809523809524,4.761904761904762,76.19047619047619
1842,0.546,8,0,25,17,10.0,5.46,0.0,88.0,4.0,8.0
1843,0.708,7,0,32,25,10.0,7.08,0.0,81.25,6.25,12.5
1844,0.824,3,0,22,19,10.0,8.24,0.0,40.909090909090914,22.727272727272727,36.36363636363637
1845,0.8,4,0,20,16,10.0,8.0,5.0,85.0,5.0,5.0
1846,0.696,6,0,22,16,10.0,6.96,4.545454545454546,81.81818181818183,4.545454545454546,9.090909090909092
1847,0.648,7,0,26,19,10.0,6.48,3.8461538461538463,65.38461538461539,23.076923076923077,7.6923076923076925
1848,0.728,6,0,29,23,10.0,7.28,10.344827586206897,51.724137931034484,3.4482758620689653,34.48275862068966
1849,0.925,1,0,12,11,10.0,9.25,0.0,66.66666666666666,8.333333333333332,25.0
1850,0.7,5,0,25,20,10.0,7.0,8.0,84.0,4.0,4.0
1851,0.75,2,0,15,13,10.0,7.5,0.0,86.66666666666667,6.666666666666667,6.666666666666667
1852,0.87,3,0,21,18,10.0,8.7,4.761904761904762,52.38095238095239,4.761904761904762,38.095238095238095
1853,0.69,3,0,25,22,10.0,6.9,4.0,56.00000000000001,4.0,36.0
1854,0.77,5,0,29,24,10.0,7.7,0.0,65.51724137931035,13.793103448275861,20.689655172413794
1855,0.736,6,0,28,22,10.0,7.36,3.571428571428571,78.57142857142857,17.857142857142858,0.0
1856,0.68,5,0,28,23,10.0,6.8,3.571428571428571,78.57142857142857,7.142857142857142,10.714285714285714
1857,0.771,4,0,25,21,10.0,7.71,8.0,36.0,4.0,52.0
1858,0.722,7,0,29,22,10.0,7.22,10.344827586206897,65.51724137931035,3.4482758620689653,20.689655172413794
1859,0.64,9,0,33,24,10.0,6.4,0.0,63.63636363636363,3.0303030303030303,33.33333333333333
1860,0.785,5,0,33,28,10.0,7.85,0.0,60.60606060606061,9.090909090909092,30.303030303030305
1861,0.768,5,0,29,24,10.0,7.68,3.4482758620689653,65.51724137931035,6.896551724137931,24.137931034482758
1862,0.728,6,0,31,25,10.0,7.28,0.0,80.64516129032258,3.225806451612903,16.129032258064516
1863,0.77,4,0,32,28,10.0,7.7,0.0,71.875,3.125,25.0
1864,0.708,4,0,25,21,10.0,7.08,20.0,36.0,4.0,40.0
1865,0.76,4,0,25,21,10.0,7.6,4.0,60.0,4.0,32.0
1866,0.824,4,0,24,20,10.0,8.24,0.0,54.166666666666664,12.5,33.33333333333333
1867,0.682,7,0,28,21,10.0,6.82,0.0,67.85714285714286,10.714285714285714,21.428571428571427
1868,0.72,4,0,19,15,10.0,7.2,0.0,47.368421052631575,10.526315789473683,42.10526315789473
1869,0.742,6,0,25,19,10.0,7.42,4.0,20.0,16.0,60.0
1870,0.792,4,0,28,24,10.0,7.92,0.0,78.57142857142857,7.142857142857142,14.285714285714285
1871,0.862,3,0,25,22,10.0,8.62,0.0,56.00000000000001,8.0,36.0
1872,0.792,5,0,33,28,10.0,7.92,0.0,72.72727272727273,3.0303030303030303,24.242424242424242
1873,0.62,8,0,29,21,10.0,6.2,3.4482758620689653,79.3103448275862,3.4482758620689653,13.793103448275861
1874,0.708,5,0,24,19,10.0,7.08,12.5,66.66666666666666,4.166666666666666,16.666666666666664
1875,0.8,3,0,22,19,10.0,8.0,9.090909090909092,13.636363636363635,4.545454545454546,72.72727272727273
1876,0.743,9,0,34,25,10.0,7.43,0.0,58.82352941176471,5.88235294117647,35.294117647058826
1877,0.88,3,0,18,15,10.0,8.8,0.0,61.111111111111114,5.555555555555555,33.33333333333333
1878,0.8,3,0,18,15,10.0,8.0,0.0,72.22222222222221,5.555555555555555,22.22222222222222
1879,0.88,3,0,28,25,10.0,8.8,0.0,67.85714285714286,3.571428571428571,28.57142857142857
1880,0.67,4,0,21,17,10.0,6.7,4.761904761904762,66.66666666666666,4.761904761904762,23.809523809523807
1881,0.732,6,0,35,29,10.0,7.32,0.0,71.42857142857143,8.571428571428571,20.0
1882,0.644,7,0,27,20,10.0,6.44,0.0,33.33333333333333,18.51851851851852,48.148148148148145
1883,0.788,6,0,37,31,10.0,7.88,0.0,56.75675675675676,2.7027027027027026,40.54054054054054
1884,0.583,9,0,27,18,10.0,5.83,0.0,14.814814814814813,74.07407407407408,11.11111111111111
1885,0.712,6,0,24,18,10.0,7.12,0.0,87.5,8.333333333333332,4.166666666666666
1886,0.728,5,0,26,21,10.0,7.28,3.8461538461538463,80.76923076923077,7.6923076923076925,7.6923076923076925
1887,0.72,5,0,28,23,10.0,7.2,3.571428571428571,89.28571428571429,3.571428571428571,3.571428571428571
1888,0.798,5,0,35,30,10.0,7.98,0.0,68.57142857142857,20.0,11.428571428571429
1889,0.768,6,0,30,24,10.0,7.68,0.0,86.66666666666667,3.3333333333333335,10.0
1890,0.651,8,0,27,19,10.0,6.51,0.0,81.48148148148148,7.4074074074074066,11.11111111111111
1891,0.8,5,0,22,17,10.0,8.0,18.181818181818183,22.727272727272727,9.090909090909092,50.0
1892,0.823,5,0,23,18,10.0,8.23,4.3478260869565215,56.52173913043478,4.3478260869565215,34.78260869565217
1893,0.68,4,0,29,25,10.0,6.8,0.0,82.75862068965517,3.4482758620689653,13.793103448275861
1894,0.74,6,0,31,25,10.0,7.4,0.0,35.483870967741936,9.67741935483871,54.83870967741935
1895,0.756,7,0,35,28,10.0,7.56,2.857142857142857,91.42857142857143,5.714285714285714,0.0
1896,0.88,2,0,20,18,10.0,8.8,10.0,45.0,5.0,40.0
1897,0.76,3,0,21,18,10.0,7.6,4.761904761904762,28.57142857142857,28.57142857142857,38.095238095238095
1898,0.744,5,0,29,24,10.0,7.44,0.0,44.827586206896555,3.4482758620689653,51.724137931034484
1899,0.724,7,0,34,27,10.0,7.24,0.0,61.76470588235294,2.941176470588235,35.294117647058826
1900,0.712,4,0,30,26,10.0,7.12,3.3333333333333335,63.33333333333333,3.3333333333333335,30.0
1901,0.784,5,0,28,23,10.0,7.84,25.0,3.571428571428571,17.857142857142858,53.57142857142857
1902,0.781,5,0,26,21,10.0,7.81,7.6923076923076925,23.076923076923077,3.8461538461538463,65.38461538461539
1903,0.784,4,0,25,21,10.0,7.84,4.0,76.0,20.0,0.0
1904,0.804,5,0,43,38,10.0,8.04,0.0,51.162790697674424,16.27906976744186,32.55813953488372
1905,0.64,6,0,20,14,10.0,6.4,5.0,85.0,5.0,5.0
1906,0.716,5,0,29,24,10.0,7.16,3.4482758620689653,62.06896551724138,3.4482758620689653,31.03448275862069
1907,0.86,2,0,22,20,10.0,8.6,4.545454545454546,63.63636363636363,13.636363636363635,18.181818181818183
1908,0.735,6,0,31,25,10.0,7.35,0.0,93.54838709677419,6.451612903225806,0.0
1909,0.52,10,0,23,13,10.0,5.2,4.3478260869565215,82.6086956521739,4.3478260869565215,8.695652173913043
1910,0.81,3,0,18,15,10.0,8.1,5.555555555555555,38.88888888888889,11.11111111111111,44.44444444444444
1911,0.63,6,0,26,20,10.0,6.3,3.8461538461538463,46.15384615384615,3.8461538461538463,46.15384615384615
1912,0.706,5,0,33,28,10.0,7.06,0.0,84.84848484848484,3.0303030303030303,12.121212121212121
1913,0.69,5,0,17,12,10.0,6.9,5.88235294117647,47.05882352941176,17.647058823529413,29.411764705882355
1914,0.75,3,0,21,18,10.0,7.5,57.14285714285714,38.095238095238095,4.761904761904762,0.0
1915,0.699,5,0,33,28,10.0,6.99,3.0303030303030303,69.6969696969697,27.27272727272727,0.0
1916,0.76,3,0,18,15,10.0,7.6,5.555555555555555,72.22222222222221,11.11111111111111,11.11111111111111
1917,0.732,5,0,24,19,10.0,7.32,4.166666666666666,79.16666666666666,4.166666666666666,12.5
1918,0.799,5,0,27,22,10.0,7.99,3.7037037037037033,77.77777777777779,11.11111111111111,7.4074074074074066
1919,0.632,5,0,25,20,10.0,6.32,0.0,68.0,8.0,24.0
1920,0.875,1,0,19,18,10.0,8.75,5.263157894736842,47.368421052631575,36.84210526315789,10.526315789473683
1921,0.704,6,0,28,22,10.0,7.04,0.0,85.71428571428571,7.142857142857142,7.142857142857142
1922,0.68,6,0,28,22,10.0,6.8,7.142857142857142,25.0,32.142857142857146,35.714285714285715
1923,0.712,7,0,31,24,10.0,7.12,6.451612903225806,58.06451612903226,3.225806451612903,32.25806451612903
1924,0.83,3,0,16,13,10.0,8.3,0.0,25.0,6.25,68.75
1925,0.776,4,0,32,28,10.0,7.76,0.0,68.75,3.125,28.125
1926,0.657,6,0,28,22,10.0,6.57,3.571428571428571,89.28571428571429,3.571428571428571,3.571428571428571
1927,0.672,7,0,28,21,10.0,6.72,3.571428571428571,42.857142857142854,7.142857142857142,46.42857142857143
1928,0.704,5,0,27,22,10.0,7.04,3.7037037037037033,85.18518518518519,11.11111111111111,0.0
1929,0.775,4,0,31,27,10.0,7.75,6.451612903225806,48.38709677419355,3.225806451612903,41.935483870967744
1930,0.76,3,0,17,14,10.0,7.6,5.88235294117647,58.82352941176471,17.647058823529413,17.647058823529413
1931,0.8,2,0,16,14,10.0,8.0,0.0,68.75,6.25,25.0
1932,0.665,4,0,17,13,10.0,6.65,29.411764705882355,52.94117647058824,17.647058823529413,0.0
1933,0.744,5,0,30,25,10.0,7.44,0.0,56.666666666666664,16.666666666666664,26.666666666666668
1934,0.852,2,0,25,23,10.0,8.52,0.0,48.0,4.0,48.0
1935,0.752,7,0,36,29,10.0,7.52,0.0,97.22222222222221,2.7777777777777777,0.0
1936,0.71,6,0,21,15,10.0,7.1,0.0,76.19047619047619,14.285714285714285,9.523809523809524
1937,0.845,2,0,18,16,10.0,8.45,5.555555555555555,50.0,27.77777777777778,16.666666666666664
1938,0.732,4,0,21,17,10.0,7.32,0.0,85.71428571428571,4.761904761904762,9.523809523809524
1939,0.608,6,0,22,16,10.0,6.08,9.090909090909092,77.27272727272727,13.636363636363635,0.0
1940,0.665,5,0,19,14,10.0,6.65,5.263157894736842,73.68421052631578,15.789473684210526,5.263157894736842
1941,0.64,9,0,26,17,10.0,6.4,3.8461538461538463,69.23076923076923,3.8461538461538463,23.076923076923077
1942,0.617,8,0,25,17,10.0,6.17,56.00000000000001,4.0,4.0,36.0
1943,0.848,6,0,36,30,10.0,8.48,16.666666666666664,50.0,2.7777777777777777,30.555555555555557
1944,0.79,3,0,17,14,10.0,7.9,5.88235294117647,35.294117647058826,17.647058823529413,41.17647058823529
1945,0.715,5,0,21,16,10.0,7.15,0.0,33.33333333333333,28.57142857142857,38.095238095238095
1946,0.611,8,0,28,20,10.0,6.11,0.0,75.0,14.285714285714285,10.714285714285714
1947,0.808,4,0,33,29,10.0,8.08,0.0,69.6969696969697,6.0606060606060606,24.242424242424242
1948,0.684,7,0,29,22,10.0,6.84,3.4482758620689653,86.20689655172413,3.4482758620689653,6.896551724137931
1949,0.626,8,0,27,19,10.0,6.26,0.0,85.18518518518519,3.7037037037037033,11.11111111111111
1950,0.925,1,0,18,17,10.0,9.25,5.555555555555555,44.44444444444444,22.22222222222222,27.77777777777778
1951,0.816,5,0,28,23,10.0,8.16,10.714285714285714,46.42857142857143,10.714285714285714,32.142857142857146
1952,0.716,4,0,30,26,10.0,7.16,6.666666666666667,86.66666666666667,3.3333333333333335,3.3333333333333335
1953,0.64,5,0,23,18,10.0,6.4,0.0,8.695652173913043,4.3478260869565215,86.95652173913044
1954,0.676,7,0,27,20,10.0,6.76,3.7037037037037033,51.85185185185185,3.7037037037037033,40.74074074074074
1955,0.624,11,0,34,23,10.0,6.24,0.0,79.41176470588235,14.705882352941178,5.88235294117647
1956,0.74,5,0,18,13,10.0,7.4,0.0,50.0,16.666666666666664,33.33333333333333
1957,0.72,4,0,22,18,10.0,7.2,0.0,45.45454545454545,9.090909090909092,45.45454545454545
1958,0.721,6,0,27,21,10.0,7.21,11.11111111111111,59.25925925925925,3.7037037037037033,25.925925925925924
1959,0.808,5,0,32,27,10.0,8.08,0.0,71.875,15.625,12.5
1960,0.802,5,0,28,23,10.0,8.02,3.571428571428571,67.85714285714286,7.142857142857142,21.428571428571427
1961,0.74,4,0,18,14,10.0,7.4,5.555555555555555,11.11111111111111,16.666666666666664,66.66666666666666
1962,0.685,12,0,38,26,10.0,6.85,31.57894736842105,42.10526315789473,2.631578947368421,23.684210526315788
1963,0.624,8,0,24,16,10.0,6.24,58.333333333333336,29.166666666666668,4.166666666666666,8.333333333333332
1964,0.696,6,0,27,21,10.0,6.96,0.0,77.77777777777779,18.51851851851852,3.7037037037037033
1965,0.79,5,0,21,16,10.0,7.9,38.095238095238095,14.285714285714285,4.761904761904762,42.857142857142854
1966,0.72,6,0,25,19,10.0,7.2,0.0,84.0,4.0,12.0
1967,0.794,5,0,24,19,10.0,7.94,4.166666666666666,37.5,4.166666666666666,54.166666666666664
1968,0.636,7,0,30,23,10.0,6.36,3.3333333333333335,70.0,3.3333333333333335,23.333333333333332
1969,0.62,7,0,24,17,10.0,6.2,0.0,25.0,16.666666666666664,58.333333333333336
1970,0.721,8,0,36,28,10.0,7.21,0.0,86.11111111111111,5.555555555555555,8.333333333333332
1971,0.76,4,0,28,24,10.0,7.6,3.571428571428571,50.0,10.714285714285714,35.714285714285715
1972,0.682,7,0,25,18,10.0,6.82,28.000000000000004,56.00000000000001,8.0,8.0
1973,0.75,2,0,23,21,10.0,7.5,8.695652173913043,69.56521739130434,4.3478260869565215,17.391304347826086
1974,0.736,4,0,26,22,10.0,7.36,3.8461538461538463,11.538461538461538,3.8461538461538463,80.76923076923077
1975,0.672,6,0,28,22,10.0,6.72,0.0,89.28571428571429,7.142857142857142,3.571428571428571
1976,0.679,5,0,26,21,10.0,6.79,3.8461538461538463,73.07692307692307,3.8461538461538463,19.230769230769234
1977,0.828,5,0,33,28,10.0,8.28,0.0,78.78787878787878,6.0606060606060606,15.151515151515152
1978,0.642,5,0,25,20,10.0,6.42,4.0,8.0,8.0,80.0
1979,0.76,3,0,17,14,10.0,7.6,0.0,64.70588235294117,5.88235294117647,29.411764705882355
1980,0.8,2,0,17,15,10.0,8.0,0.0,82.35294117647058,5.88235294117647,11.76470588235294
1981,0.826,5,0,40,35,10.0,8.26,0.0,85.0,2.5,12.5
1982,0.536,10,0,25,15,10.0,5.36,4.0,84.0,4.0,8.0
1983,0.702,7,0,27,20,10.0,7.02,0.0,74.07407407407408,14.814814814814813,11.11111111111111
1984,0.816,4,0,33,29,10.0,8.16,6.0606060606060606,63.63636363636363,6.0606060606060606,24.242424242424242
1985,0.744,4,0,27,23,10.0,7.44,0.0,70.37037037037037,22.22222222222222,7.4074074074074066
1986,0.656,7,0,29,22,10.0,6.56,3.4482758620689653,82.75862068965517,6.896551724137931,6.896551724137931
1987,0.81,3,0,20,17,10.0,8.1,5.0,55.00000000000001,15.0,25.0
1988,0.656,7,0,28,21,10.0,6.56,0.0,85.71428571428571,3.571428571428571,10.714285714285714
1989,0.67,6,0,27,21,10.0,6.7,7.4074074074074066,74.07407407407408,11.11111111111111,7.4074074074074066
1990,0.652,7,0,27,20,10.0,6.52,3.7037037037037033,88.88888888888889,3.7037037037037033,3.7037037037037033
1991,0.75,4,0,26,22,10.0,7.5,0.0,57.692307692307686,15.384615384615385,26.923076923076923
1992,0.8,2,0,18,16,10.0,8.0,55.55555555555556,33.33333333333333,5.555555555555555,5.555555555555555
1993,0.68,6,0,29,23,10.0,6.8,0.0,58.620689655172406,10.344827586206897,31.03448275862069
1994,0.8,2,0,22,20,10.0,8.0,0.0,50.0,4.545454545454546,45.45454545454545
1995,0.724,6,0,30,24,10.0,7.24,0.0,76.66666666666667,3.3333333333333335,20.0
1996,0.727,3,0,26,23,10.0,7.27,7.6923076923076925,69.23076923076923,3.8461538461538463,19.230769230769234
1997,0.748,6,0,29,23,10.0,7.48,0.0,79.3103448275862,13.793103448275861,6.896551724137931
1998,0.74,4,0,18,14,10.0,7.4,5.555555555555555,72.22222222222221,16.666666666666664,5.555555555555555
1999,0.725,5,0,27,22,10.0,7.25,18.51851851851852,33.33333333333333,37.03703703703704,11.11111111111111
2000,0.59,5,0,17,12,10.0,5.9,0.0,82.35294117647058,5.88235294117647,11.76470588235294
2001,0.772,5,0,28,23,10.0,7.72,0.0,60.71428571428571,3.571428571428571,35.714285714285715
2002,0.67,6,0,26,20,10.0,6.7,0.0,57.692307692307686,11.538461538461538,30.76923076923077
2003,0.852,6,0,31,25,10.0,8.52,3.225806451612903,77.41935483870968,9.67741935483871,9.67741935483871
2004,0.686,9,0,35,26,10.0,6.86,0.0,88.57142857142857,2.857142857142857,8.571428571428571
2005,0.754,4,0,30,26,10.0,7.54,0.0,63.33333333333333,6.666666666666667,30.0
2006,0.716,5,0,23,18,10.0,7.16,13.043478260869565,60.86956521739131,8.695652173913043,17.391304347826086
2007,0.704,6,0,25,19,10.0,7.04,4.0,84.0,12.0,0.0
2008,0.732,5,0,27,22,10.0,7.32,3.7037037037037033,44.44444444444444,22.22222222222222,29.629629629629626
2009,0.76,4,0,24,20,10.0,7.6,4.166666666666666,62.5,4.166666666666666,29.166666666666668
2010,0.754,5,0,24,19,10.0,7.54,0.0,87.5,4.166666666666666,8.333333333333332
2011,0.82,5,0,30,25,10.0,8.2,3.3333333333333335,30.0,10.0,56.666666666666664
2012,0.67,7,0,23,16,10.0,6.7,39.130434782608695,43.47826086956522,4.3478260869565215,13.043478260869565
2013,0.607,9,0,27,18,10.0,6.07,3.7037037037037033,70.37037037037037,22.22222222222222,3.7037037037037033
2014,0.76,4,0,21,17,10.0,7.6,0.0,57.14285714285714,14.285714285714285,28.57142857142857
2015,0.712,7,0,30,23,10.0,7.12,0.0,33.33333333333333,3.3333333333333335,63.33333333333333
2016,0.674,8,0,26,18,10.0,6.74,0.0,80.76923076923077,7.6923076923076925,11.538461538461538
2017,0.672,7,0,30,23,10.0,6.72,0.0,40.0,3.3333333333333335,56.666666666666664
2018,0.744,6,0,28,22,10.0,7.44,3.571428571428571,67.85714285714286,7.142857142857142,21.428571428571427
2019,0.744,5,0,27,22,10.0,7.44,0.0,81.48148148148148,11.11111111111111,7.4074074074074066
2020,0.78,3,0,22,19,10.0,7.8,18.181818181818183,63.63636363636363,4.545454545454546,13.636363636363635
2021,0.875,1,0,14,13,10.0,8.75,0.0,57.14285714285714,7.142857142857142,35.714285714285715
2022,0.74,3,0,19,16,10.0,7.4,10.526315789473683,57.89473684210527,31.57894736842105,0.0
2023,0.72,9,0,36,27,10.0,7.2,0.0,77.77777777777779,2.7777777777777777,19.444444444444446
2024,0.775,4,0,25,21,10.0,7.75,8.0,28.000000000000004,4.0,60.0
2025,0.73,5,0,28,23,10.0,7.3,0.0,89.28571428571429,3.571428571428571,7.142857142857142
2026,0.864,3,0,31,28,10.0,8.64,0.0,70.96774193548387,3.225806451612903,25.806451612903224
2027,0.801,3,0,28,25,10.0,8.01,10.714285714285714,82.14285714285714,7.142857142857142,0.0
2028,0.84,2,0,21,19,10.0,8.4,4.761904761904762,90.47619047619048,4.761904761904762,0.0
2029,0.792,8,0,38,30,10.0,7.92,0.0,34.21052631578947,2.631578947368421,63.1578947368421
2030,0.777,7,0,32,25,10.0,7.77,0.0,28.125,12.5,59.375
2031,0.816,5,0,26,21,10.0,8.16,3.8461538461538463,53.84615384615385,7.6923076923076925,34.61538461538461
2032,0.656,6,0,32,26,10.0,6.56,3.125,78.125,6.25,12.5
2033,0.668,11,0,34,23,10.0,6.68,0.0,38.23529411764706,2.941176470588235,58.82352941176471
2034,0.716,5,0,28,23,10.0,7.16,0.0,82.14285714285714,3.571428571428571,14.285714285714285
2035,0.772,8,0,35,27,10.0,7.72,5.714285714285714,51.42857142857142,5.714285714285714,37.142857142857146
2036,0.64,9,0,27,18,10.0,6.4,62.96296296296296,18.51851851851852,3.7037037037037033,14.814814814814813
2037,0.72,5,0,28,23,10.0,7.2,10.714285714285714,10.714285714285714,17.857142857142858,60.71428571428571
2038,0.76,5,0,28,23,10.0,7.6,0.0,96.42857142857143,3.571428571428571,0.0
2039,0.758,7,0,28,21,10.0,7.58,0.0,35.714285714285715,17.857142857142858,46.42857142857143
2040,0.704,7,0,28,21,10.0,7.04,10.714285714285714,39.285714285714285,3.571428571428571,46.42857142857143
2041,0.58,10,0,30,20,10.0,5.8,0.0,43.333333333333336,10.0,46.666666666666664
2042,0.575,5,0,16,11,10.0,5.75,6.25,31.25,12.5,50.0
2043,0.8,3,0,15,12,10.0,8.0,6.666666666666667,60.0,13.333333333333334,20.0
2044,0.588,6,0,23,17,10.0,5.88,0.0,65.21739130434783,8.695652173913043,26.08695652173913
2045,0.71,4,0,19,15,10.0,7.1,21.052631578947366,57.89473684210527,10.526315789473683,10.526315789473683
2046,0.696,8,0,28,20,10.0,6.96,7.142857142857142,75.0,3.571428571428571,14.285714285714285
2047,0.796,5,0,33,28,10.0,7.96,0.0,93.93939393939394,3.0303030303030303,3.0303030303030303
2048,0.725,4,0,23,19,10.0,7.25,0.0,82.6086956521739,4.3478260869565215,13.043478260869565
2049,0.825,2,0,14,12,10.0,8.25,7.142857142857142,71.42857142857143,21.428571428571427,0.0
2050,0.68,4,0,28,24,10.0,6.8,25.0,42.857142857142854,14.285714285714285,17.857142857142858
2051,0.768,4,0,24,20,10.0,7.68,4.166666666666666,70.83333333333334,20.833333333333336,4.166666666666666
2052,0.725,5,0,26,21,10.0,7.25,3.8461538461538463,53.84615384615385,11.538461538461538,30.76923076923077
2053,0.672,6,0,26,20,10.0,6.72,3.8461538461538463,80.76923076923077,15.384615384615385,0.0
2054,0.77,3,0,19,16,10.0,7.7,5.263157894736842,36.84210526315789,47.368421052631575,10.526315789473683
2055,0.758,5,0,30,25,10.0,7.58,3.3333333333333335,83.33333333333334,3.3333333333333335,10.0
2056,0.68,4,0,21,17,10.0,6.8,4.761904761904762,76.19047619047619,14.285714285714285,4.761904761904762
2057,0.716,5,0,26,21,10.0,7.16,0.0,61.53846153846154,11.538461538461538,26.923076923076923
2058,0.736,4,0,26,22,10.0,7.36,0.0,73.07692307692307,3.8461538461538463,23.076923076923077
2059,0.724,6,0,30,24,10.0,7.24,16.666666666666664,43.333333333333336,3.3333333333333335,36.666666666666664
2060,0.88,2,0,21,19,10.0,8.8,0.0,57.14285714285714,9.523809523809524,33.33333333333333
2061,0.744,7,0,34,27,10.0,7.44,2.941176470588235,82.35294117647058,2.941176470588235,11.76470588235294
2062,0.76,5,0,24,19,10.0,7.6,0.0,62.5,4.166666666666666,33.33333333333333
2063,0.671,8,0,32,24,10.0,6.71,0.0,53.125,3.125,43.75
2064,0.76,4,0,20,16,10.0,7.6,5.0,60.0,15.0,20.0
2065,0.676,4,0,19,15,10.0,6.76,5.263157894736842,63.1578947368421,15.789473684210526,15.789473684210526
2066,0.812,4,0,25,21,10.0,8.12,24.0,56.00000000000001,4.0,16.0
2067,0.61,6,0,23,17,10.0,6.1,4.3478260869565215,78.26086956521739,8.695652173913043,8.695652173913043
2068,0.686,6,0,35,29,10.0,6.86,0.0,68.57142857142857,11.428571428571429,20.0
2069,0.634,7,0,29,22,10.0,6.34,0.0,62.06896551724138,3.4482758620689653,34.48275862068966
2070,0.776,5,0,28,23,10.0,7.76,3.571428571428571,82.14285714285714,3.571428571428571,10.714285714285714
2071,0.792,4,0,29,25,10.0,7.92,6.896551724137931,41.37931034482759,20.689655172413794,31.03448275862069
2072,0.75,3,0,18,15,10.0,7.5,5.555555555555555,55.55555555555556,38.88888888888889,0.0
2073,0.776,4,0,29,25,10.0,7.76,0.0,51.724137931034484,3.4482758620689653,44.827586206896555
2074,0.812,5,0,37,32,10.0,8.12,0.0,59.45945945945946,2.7027027027027026,37.83783783783784
2075,0.744,5,0,28,23,10.0,7.44,0.0,39.285714285714285,7.142857142857142,53.57142857142857
2076,0.656,7,0,26,19,10.0,6.56,11.538461538461538,34.61538461538461,3.8461538461538463,50.0
2077,0.76,5,0,27,22,10.0,7.6,0.0,74.07407407407408,7.4074074074074066,18.51851851851852
2078,0.52,8,0,23,15,10.0,5.2,0.0,43.47826086956522,4.3478260869565215,52.17391304347826
2079,0.798,5,0,28,23,10.0,7.98,28.57142857142857,35.714285714285715,3.571428571428571,32.142857142857146
2080,0.811,4,0,26,22,10.0,8.11,0.0,19.230769230769234,15.384615384615385,65.38461538461539
2081,0.74,7,0,30,23,10.0,7.4,0.0,86.66666666666667,6.666666666666667,6.666666666666667
2082,0.925,1,0,13,12,10.0,9.25,15.384615384615385,23.076923076923077,7.6923076923076925,53.84615384615385
2083,0.668,5,0,28,23,10.0,6.68,7.142857142857142,64.28571428571429,3.571428571428571,25.0
2084,0.8,2,0,19,17,10.0,8.0,0.0,57.89473684210527,31.57894736842105,10.526315789473683
2085,0.694,7,0,33,26,10.0,6.94,6.0606060606060606,63.63636363636363,18.181818181818183,12.121212121212121
2086,0.648,6,0,24,18,10.0,6.48,62.5,4.166666666666666,8.333333333333332,25.0
2087,0.646,9,0,27,18,10.0,6.46,3.7037037037037033,37.03703703703704,3.7037037037037033,55.55555555555556
2088,0.742,8,0,31,23,10.0,7.42,58.06451612903226,25.806451612903224,3.225806451612903,12.903225806451612
2089,0.86,2,0,15,13,10.0,8.6,6.666666666666667,40.0,6.666666666666667,46.666666666666664
2090,0.611,7,0,27,20,10.0,6.11,7.4074074074074066,44.44444444444444,3.7037037037037033,44.44444444444444
2091,0.718,6,0,29,23,10.0,7.18,0.0,89.65517241379311,3.4482758620689653,6.896551724137931
2092,0.602,7,0,23,16,10.0,6.02,0.0,82.6086956521739,4.3478260869565215,13.043478260869565
2093,0.648,7,0,21,14,10.0,6.48,4.761904761904762,80.95238095238095,14.285714285714285,0.0
2094,0.694,8,0,27,19,10.0,6.94,3.7037037037037033,33.33333333333333,18.51851851851852,44.44444444444444
2095,0.685,6,0,23,17,10.0,6.85,34.78260869565217,30.434782608695656,4.3478260869565215,30.434782608695656
2096,0.718,6,0,33,27,10.0,7.18,0.0,90.9090909090909,6.0606060606060606,3.0303030303030303
2097,0.832,3,0,26,23,10.0,8.32,0.0,50.0,7.6923076923076925,42.30769230769231
2098,0.664,6,0,30,24,10.0,6.64,3.3333333333333335,86.66666666666667,3.3333333333333335,6.666666666666667
2099,0.66,6,0,22,16,10.0,6.6,0.0,27.27272727272727,4.545454545454546,68.18181818181817
2100,0.7,4,0,19,15,10.0,7.0,5.263157894736842,36.84210526315789,5.263157894736842,52.63157894736842
SUMMARY,0.7282442857142861,11287,0,,,,,8.142841528002442,56.92152337912774,11.225967956063016,23.7096671368068
