episode,utilization,invalid_learned,invalid_attempted,boxes_attempted,placed_boxes,max_height,avg_height,perc_stacking,perc_best_fit,perc_semi_perfect_fit,perc_random_fit
1,0.405,1,0,10,9,10.0,4.05,0.0,40.0,30.0,30.0
2,0.66,1,0,12,11,10.0,6.6,16.666666666666664,33.33333333333333,16.666666666666664,33.33333333333333
3,0.718,1,0,16,15,10.0,7.18,25.0,12.5,43.75,18.75
4,0.646,1,0,21,20,10.0,6.46,23.809523809523807,23.809523809523807,42.857142857142854,9.523809523809524
5,0.522,1,0,11,10,10.0,5.22,27.27272727272727,27.27272727272727,36.36363636363637,9.090909090909092
6,0.589,1,0,14,13,9.0,5.89,7.142857142857142,21.428571428571427,42.857142857142854,28.57142857142857
7,0.767,1,0,26,25,10.0,7.67,34.61538461538461,26.923076923076923,23.076923076923077,15.384615384615385
8,0.604,1,0,14,13,10.0,6.04,35.714285714285715,42.857142857142854,7.142857142857142,14.285714285714285
9,0.569,1,0,14,13,10.0,5.69,7.142857142857142,28.57142857142857,14.285714285714285,50.0
10,0.69,1,0,12,11,10.0,6.9,0.0,33.33333333333333,25.0,41.66666666666667
11,0.72,1,0,23,22,10.0,7.2,30.434782608695656,26.08695652173913,17.391304347826086,26.08695652173913
12,0.67,1,0,13,12,10.0,6.7,23.076923076923077,30.76923076923077,15.384615384615385,30.76923076923077
13,0.575,1,0,10,9,10.0,5.75,20.0,10.0,60.0,10.0
14,0.544,1,0,14,13,10.0,5.44,28.57142857142857,14.285714285714285,28.57142857142857,28.57142857142857
15,0.625,1,0,22,21,10.0,6.25,50.0,4.545454545454546,22.727272727272727,22.727272727272727
16,0.688,1,0,18,17,10.0,6.88,27.77777777777778,27.77777777777778,11.11111111111111,33.33333333333333
17,0.7,1,0,14,13,10.0,7.0,50.0,7.142857142857142,28.57142857142857,14.285714285714285
18,0.6,1,0,8,7,10.0,6.0,37.5,25.0,12.5,25.0
19,0.63,1,0,21,20,10.0,6.3,19.047619047619047,33.33333333333333,23.809523809523807,23.809523809523807
20,0.64,1,0,19,18,10.0,6.4,15.789473684210526,21.052631578947366,31.57894736842105,31.57894736842105
21,0.604,1,0,25,24,10.0,6.04,16.0,32.0,20.0,32.0
22,0.77,1,0,15,14,10.0,7.7,40.0,0.0,20.0,40.0
23,0.855,1,0,15,14,10.0,8.55,6.666666666666667,33.33333333333333,20.0,40.0
24,0.52,1,0,18,17,9.0,5.2,27.77777777777778,33.33333333333333,16.666666666666664,22.22222222222222
25,0.379,1,0,16,15,10.0,3.79,43.75,25.0,12.5,18.75
26,0.384,1,0,10,9,10.0,3.84,30.0,20.0,30.0,20.0
27,0.606,1,0,21,20,10.0,6.06,33.33333333333333,28.57142857142857,14.285714285714285,23.809523809523807
28,0.507,1,0,17,16,10.0,5.07,29.411764705882355,0.0,23.52941176470588,47.05882352941176
29,0.6,1,0,16,15,10.0,6.0,6.25,37.5,25.0,31.25
30,0.554,1,0,18,17,10.0,5.54,27.77777777777778,38.88888888888889,11.11111111111111,22.22222222222222
31,0.538,1,0,20,19,10.0,5.38,25.0,15.0,25.0,35.0
32,0.655,1,0,19,18,10.0,6.55,36.84210526315789,10.526315789473683,21.052631578947366,31.57894736842105
33,0.275,1,0,6,5,10.0,2.75,50.0,33.33333333333333,0.0,16.666666666666664
34,0.704,1,0,25,24,10.0,7.04,40.0,16.0,12.0,32.0
35,0.678,1,0,19,18,10.0,6.78,21.052631578947366,15.789473684210526,31.57894736842105,31.57894736842105
36,0.546,1,0,14,13,10.0,5.46,35.714285714285715,7.142857142857142,14.285714285714285,42.857142857142854
37,0.448,1,0,19,18,10.0,4.48,36.84210526315789,31.57894736842105,21.052631578947366,10.526315789473683
38,0.636,1,0,26,25,10.0,6.36,38.46153846153847,7.6923076923076925,26.923076923076923,26.923076923076923
39,0.772,1,0,28,27,10.0,7.72,21.428571428571427,25.0,28.57142857142857,25.0
40,0.736,1,0,19,18,10.0,7.36,21.052631578947366,5.263157894736842,57.89473684210527,15.789473684210526
41,0.37,1,0,10,9,10.0,3.7,30.0,10.0,30.0,30.0
42,0.676,1,0,16,15,10.0,6.76,12.5,37.5,6.25,43.75
43,0.486,1,0,19,18,10.0,4.86,21.052631578947366,15.789473684210526,26.31578947368421,36.84210526315789
44,0.615,1,0,20,19,10.0,6.15,30.0,5.0,35.0,30.0
45,0.45,1,0,13,12,10.0,4.5,46.15384615384615,7.6923076923076925,15.384615384615385,30.76923076923077
46,0.666,1,0,18,17,10.0,6.66,22.22222222222222,5.555555555555555,11.11111111111111,61.111111111111114
47,0.696,1,0,17,16,10.0,6.96,35.294117647058826,29.411764705882355,5.88235294117647,29.411764705882355
48,0.668,1,0,19,18,10.0,6.68,15.789473684210526,15.789473684210526,15.789473684210526,52.63157894736842
49,0.54,1,0,16,15,10.0,5.4,37.5,12.5,6.25,43.75
50,0.716,1,0,21,20,10.0,7.16,33.33333333333333,19.047619047619047,19.047619047619047,28.57142857142857
51,0.42,1,0,13,12,10.0,4.2,23.076923076923077,23.076923076923077,7.6923076923076925,46.15384615384615
52,0.569,1,0,17,16,10.0,5.69,47.05882352941176,11.76470588235294,11.76470588235294,29.411764705882355
53,0.444,1,0,14,13,10.0,4.44,7.142857142857142,42.857142857142854,14.285714285714285,35.714285714285715
54,0.512,1,0,15,14,10.0,5.12,20.0,20.0,6.666666666666667,53.333333333333336
55,0.632,1,0,14,13,10.0,6.32,28.57142857142857,21.428571428571427,21.428571428571427,28.57142857142857
56,0.582,1,0,20,19,10.0,5.82,35.0,30.0,15.0,20.0
57,0.37,1,0,10,9,10.0,3.7,30.0,30.0,30.0,10.0
58,0.61,1,0,19,18,10.0,6.1,36.84210526315789,15.789473684210526,10.526315789473683,36.84210526315789
59,0.59,1,0,24,23,10.0,5.9,37.5,8.333333333333332,25.0,29.166666666666668
60,0.646,1,0,16,15,10.0,6.46,31.25,12.5,12.5,43.75
61,0.705,1,0,10,9,10.0,7.05,10.0,10.0,10.0,70.0
62,0.558,1,0,17,16,10.0,5.58,35.294117647058826,17.647058823529413,29.411764705882355,17.647058823529413
63,0.577,1,0,19,18,10.0,5.77,47.368421052631575,21.052631578947366,10.526315789473683,21.052631578947366
64,0.63,1,0,16,15,10.0,6.3,25.0,31.25,25.0,18.75
65,0.708,1,0,15,14,10.0,7.08,26.666666666666668,26.666666666666668,0.0,46.666666666666664
66,0.266,1,0,9,8,8.0,2.66,11.11111111111111,44.44444444444444,0.0,44.44444444444444
67,0.784,1,0,20,19,10.0,7.84,15.0,10.0,5.0,70.0
68,0.467,1,0,13,12,10.0,4.67,23.076923076923077,30.76923076923077,30.76923076923077,15.384615384615385
69,0.363,1,0,12,11,9.0,3.63,33.33333333333333,16.666666666666664,25.0,25.0
70,0.55,1,0,18,17,10.0,5.5,22.22222222222222,22.22222222222222,11.11111111111111,44.44444444444444
71,0.548,1,0,17,16,10.0,5.48,17.647058823529413,17.647058823529413,29.411764705882355,35.294117647058826
72,0.578,1,0,16,15,10.0,5.78,12.5,43.75,0.0,43.75
73,0.644,1,0,19,18,10.0,6.44,21.052631578947366,26.31578947368421,21.052631578947366,31.57894736842105
74,0.288,1,0,14,13,8.0,2.88,28.57142857142857,35.714285714285715,14.285714285714285,21.428571428571427
75,0.58,1,0,17,16,10.0,5.8,0.0,29.411764705882355,47.05882352941176,23.52941176470588
76,0.73,1,0,17,16,10.0,7.3,35.294117647058826,17.647058823529413,23.52941176470588,23.52941176470588
77,0.454,1,0,13,12,10.0,4.54,15.384615384615385,23.076923076923077,30.76923076923077,30.76923076923077
78,0.66,1,0,20,19,10.0,6.6,15.0,20.0,10.0,55.00000000000001
79,0.585,1,0,12,11,9.0,5.85,16.666666666666664,41.66666666666667,25.0,16.666666666666664
80,0.547,1,0,15,14,8.0,5.47,26.666666666666668,26.666666666666668,13.333333333333334,33.33333333333333
81,0.584,1,0,18,17,10.0,5.84,44.44444444444444,11.11111111111111,22.22222222222222,22.22222222222222
82,0.558,1,0,16,15,10.0,5.58,18.75,18.75,12.5,50.0
83,0.499,1,0,16,15,10.0,4.99,12.5,18.75,25.0,43.75
84,0.534,1,0,14,13,10.0,5.34,14.285714285714285,0.0,7.142857142857142,78.57142857142857
85,0.507,1,0,16,15,10.0,5.07,43.75,12.5,25.0,18.75
86,0.502,1,0,11,10,9.0,5.02,9.090909090909092,9.090909090909092,27.27272727272727,54.54545454545454
87,0.474,1,0,17,16,10.0,4.74,52.94117647058824,17.647058823529413,5.88235294117647,23.52941176470588
88,0.625,1,0,22,21,10.0,6.25,40.909090909090914,9.090909090909092,9.090909090909092,40.909090909090914
89,0.61,1,0,18,17,10.0,6.1,16.666666666666664,16.666666666666664,22.22222222222222,44.44444444444444
90,0.66,1,0,16,15,10.0,6.6,62.5,6.25,0.0,31.25
91,0.566,1,0,15,14,9.0,5.66,13.333333333333334,20.0,26.666666666666668,40.0
92,0.564,1,0,18,17,10.0,5.64,44.44444444444444,0.0,11.11111111111111,44.44444444444444
93,0.479,1,0,15,14,10.0,4.79,26.666666666666668,6.666666666666667,46.666666666666664,20.0
94,0.438,1,0,12,11,10.0,4.38,16.666666666666664,33.33333333333333,0.0,50.0
95,0.815,1,0,13,12,10.0,8.15,38.46153846153847,15.384615384615385,15.384615384615385,30.76923076923077
96,0.738,1,0,25,24,10.0,7.38,32.0,12.0,12.0,44.0
97,0.56,1,0,17,16,10.0,5.6,23.52941176470588,29.411764705882355,11.76470588235294,35.294117647058826
98,0.71,1,0,13,12,10.0,7.1,38.46153846153847,0.0,0.0,61.53846153846154
99,0.47,1,0,18,17,10.0,4.7,38.88888888888889,16.666666666666664,11.11111111111111,33.33333333333333
100,0.568,1,0,19,18,10.0,5.68,26.31578947368421,26.31578947368421,10.526315789473683,36.84210526315789
101,0.494,1,0,13,12,10.0,4.94,38.46153846153847,7.6923076923076925,15.384615384615385,38.46153846153847
102,0.76,1,0,26,25,10.0,7.6,19.230769230769234,11.538461538461538,15.384615384615385,53.84615384615385
103,0.572,1,0,25,24,10.0,5.72,24.0,20.0,8.0,48.0
104,0.53,1,0,15,14,10.0,5.3,20.0,13.333333333333334,20.0,46.666666666666664
105,0.507,1,0,13,12,10.0,5.07,15.384615384615385,15.384615384615385,30.76923076923077,38.46153846153847
106,0.62,1,0,11,10,10.0,6.2,36.36363636363637,27.27272727272727,18.181818181818183,18.181818181818183
107,0.6,1,0,13,12,10.0,6.0,30.76923076923077,38.46153846153847,0.0,30.76923076923077
108,0.61,1,0,13,12,10.0,6.1,30.76923076923077,0.0,38.46153846153847,30.76923076923077
109,0.694,1,0,19,18,10.0,6.94,31.57894736842105,10.526315789473683,26.31578947368421,31.57894736842105
110,0.586,1,0,18,17,10.0,5.86,11.11111111111111,16.666666666666664,27.77777777777778,44.44444444444444
111,0.562,1,0,23,22,10.0,5.62,21.73913043478261,26.08695652173913,17.391304347826086,34.78260869565217
112,0.602,1,0,25,24,10.0,6.02,16.0,28.000000000000004,20.0,36.0
113,0.476,1,0,16,15,10.0,4.76,12.5,6.25,18.75,62.5
114,0.558,1,0,17,16,10.0,5.58,17.647058823529413,17.647058823529413,29.411764705882355,35.294117647058826
115,0.487,1,0,13,12,10.0,4.87,7.6923076923076925,23.076923076923077,7.6923076923076925,61.53846153846154
116,0.649,1,0,22,21,10.0,6.49,13.636363636363635,13.636363636363635,45.45454545454545,27.27272727272727
117,0.624,1,0,19,18,10.0,6.24,15.789473684210526,10.526315789473683,36.84210526315789,36.84210526315789
118,0.438,1,0,10,9,10.0,4.38,20.0,30.0,10.0,40.0
119,0.87,1,0,16,15,10.0,8.7,37.5,18.75,31.25,12.5
120,0.425,1,0,11,10,10.0,4.25,45.45454545454545,27.27272727272727,18.181818181818183,9.090909090909092
121,0.664,1,0,24,23,10.0,6.64,16.666666666666664,29.166666666666668,33.33333333333333,20.833333333333336
122,0.561,1,0,21,20,10.0,5.61,38.095238095238095,9.523809523809524,23.809523809523807,28.57142857142857
123,0.622,1,0,22,21,10.0,6.22,9.090909090909092,18.181818181818183,27.27272727272727,45.45454545454545
124,0.54,1,0,15,14,10.0,5.4,26.666666666666668,40.0,13.333333333333334,20.0
125,0.26,1,0,13,12,10.0,2.6,61.53846153846154,15.384615384615385,23.076923076923077,0.0
126,0.378,1,0,12,11,10.0,3.78,0.0,41.66666666666667,0.0,58.333333333333336
127,0.48,1,0,17,16,10.0,4.8,41.17647058823529,11.76470588235294,17.647058823529413,29.411764705882355
128,0.7,1,0,20,19,10.0,7.0,45.0,15.0,20.0,20.0
129,0.506,1,0,13,12,10.0,5.06,61.53846153846154,7.6923076923076925,7.6923076923076925,23.076923076923077
130,0.524,1,0,15,14,10.0,5.24,46.666666666666664,20.0,20.0,13.333333333333334
131,0.572,1,0,21,20,10.0,5.72,52.38095238095239,9.523809523809524,14.285714285714285,23.809523809523807
132,0.575,1,0,15,14,10.0,5.75,40.0,6.666666666666667,26.666666666666668,26.666666666666668
133,0.528,1,0,15,14,10.0,5.28,53.333333333333336,20.0,6.666666666666667,20.0
134,0.585,1,0,16,15,10.0,5.85,50.0,0.0,18.75,31.25
135,0.596,1,0,18,17,10.0,5.96,27.77777777777778,22.22222222222222,16.666666666666664,33.33333333333333
136,0.65,1,0,13,12,10.0,6.5,53.84615384615385,7.6923076923076925,23.076923076923077,15.384615384615385
137,0.559,1,0,21,20,10.0,5.59,9.523809523809524,28.57142857142857,42.857142857142854,19.047619047619047
138,0.588,1,0,16,15,10.0,5.88,18.75,25.0,18.75,37.5
139,0.42,1,0,13,12,10.0,4.2,30.76923076923077,15.384615384615385,7.6923076923076925,46.15384615384615
140,0.616,1,0,18,17,10.0,6.16,16.666666666666664,44.44444444444444,22.22222222222222,16.666666666666664
141,0.479,1,0,16,15,10.0,4.79,56.25,0.0,18.75,25.0
142,0.49,1,0,18,17,10.0,4.9,27.77777777777778,11.11111111111111,16.666666666666664,44.44444444444444
143,0.564,1,0,24,23,10.0,5.64,8.333333333333332,8.333333333333332,58.333333333333336,25.0
144,0.678,1,0,26,25,10.0,6.78,11.538461538461538,23.076923076923077,38.46153846153847,26.923076923076923
145,0.527,1,0,11,10,10.0,5.27,18.181818181818183,18.181818181818183,27.27272727272727,36.36363636363637
146,0.536,1,0,20,19,10.0,5.36,25.0,15.0,30.0,30.0
147,0.62,1,0,18,17,10.0,6.2,11.11111111111111,0.0,66.66666666666666,22.22222222222222
148,0.42,1,0,12,11,9.0,4.2,33.33333333333333,16.666666666666664,25.0,25.0
149,0.58,1,0,20,19,10.0,5.8,15.0,10.0,15.0,60.0
150,0.62,1,0,18,17,10.0,6.2,33.33333333333333,0.0,50.0,16.666666666666664
151,0.583,1,0,18,17,10.0,5.83,55.55555555555556,5.555555555555555,16.666666666666664,22.22222222222222
152,0.5,1,0,10,9,10.0,5.0,10.0,20.0,30.0,40.0
153,0.464,1,0,15,14,10.0,4.64,13.333333333333334,0.0,33.33333333333333,53.333333333333336
154,0.604,1,0,15,14,10.0,6.04,46.666666666666664,0.0,40.0,13.333333333333334
155,0.448,1,0,22,21,10.0,4.48,9.090909090909092,4.545454545454546,54.54545454545454,31.818181818181817
156,0.625,1,0,14,13,10.0,6.25,21.428571428571427,21.428571428571427,42.857142857142854,14.285714285714285
157,0.82,1,0,16,15,10.0,8.2,18.75,12.5,25.0,43.75
158,0.552,1,0,17,16,10.0,5.52,29.411764705882355,5.88235294117647,29.411764705882355,35.294117647058826
159,0.47,1,0,11,10,10.0,4.7,9.090909090909092,36.36363636363637,18.181818181818183,36.36363636363637
160,0.496,1,0,14,13,10.0,4.96,42.857142857142854,7.142857142857142,21.428571428571427,28.57142857142857
161,0.72,1,0,19,18,10.0,7.2,5.263157894736842,15.789473684210526,26.31578947368421,52.63157894736842
162,0.495,1,0,11,10,10.0,4.95,0.0,9.090909090909092,36.36363636363637,54.54545454545454
163,0.64,1,0,17,16,10.0,6.4,35.294117647058826,5.88235294117647,11.76470588235294,47.05882352941176
164,0.625,1,0,12,11,10.0,6.25,33.33333333333333,16.666666666666664,0.0,50.0
165,0.628,1,0,16,15,10.0,6.28,31.25,12.5,6.25,50.0
166,0.384,1,0,21,20,10.0,3.84,57.14285714285714,4.761904761904762,23.809523809523807,14.285714285714285
167,0.528,1,0,20,19,10.0,5.28,45.0,5.0,10.0,40.0
168,0.708,1,0,25,24,10.0,7.08,44.0,12.0,8.0,36.0
169,0.52,1,0,14,13,10.0,5.2,14.285714285714285,28.57142857142857,50.0,7.142857142857142
170,0.477,1,0,14,13,10.0,4.77,42.857142857142854,28.57142857142857,14.285714285714285,14.285714285714285
171,0.685,1,0,14,13,10.0,6.85,21.428571428571427,28.57142857142857,14.285714285714285,35.714285714285715
172,0.705,1,0,22,21,10.0,7.05,31.818181818181817,18.181818181818183,31.818181818181817,18.181818181818183
173,0.408,1,0,15,14,10.0,4.08,20.0,6.666666666666667,26.666666666666668,46.666666666666664
174,0.336,1,0,12,11,10.0,3.36,66.66666666666666,16.666666666666664,8.333333333333332,8.333333333333332
175,0.468,1,0,17,16,10.0,4.68,35.294117647058826,11.76470588235294,11.76470588235294,41.17647058823529
176,0.68,1,0,18,17,10.0,6.8,22.22222222222222,5.555555555555555,50.0,22.22222222222222
177,0.552,1,0,18,17,10.0,5.52,22.22222222222222,44.44444444444444,27.77777777777778,5.555555555555555
178,0.552,1,0,19,18,10.0,5.52,52.63157894736842,10.526315789473683,31.57894736842105,5.263157894736842
179,0.626,1,0,19,18,10.0,6.26,52.63157894736842,5.263157894736842,21.052631578947366,21.052631578947366
180,0.58,1,0,17,16,10.0,5.8,52.94117647058824,17.647058823529413,11.76470588235294,17.647058823529413
181,0.481,1,0,12,11,10.0,4.81,33.33333333333333,8.333333333333332,50.0,8.333333333333332
182,0.69,1,0,13,12,10.0,6.9,23.076923076923077,0.0,46.15384615384615,30.76923076923077
183,0.527,1,0,12,11,10.0,5.27,75.0,0.0,16.666666666666664,8.333333333333332
184,0.522,1,0,18,17,10.0,5.22,50.0,11.11111111111111,16.666666666666664,22.22222222222222
185,0.532,1,0,16,15,10.0,5.32,18.75,12.5,50.0,18.75
186,0.373,1,0,14,13,10.0,3.73,21.428571428571427,7.142857142857142,50.0,21.428571428571427
187,0.648,1,0,18,17,10.0,6.48,33.33333333333333,27.77777777777778,22.22222222222222,16.666666666666664
188,0.633,1,0,24,23,10.0,6.33,45.83333333333333,8.333333333333332,16.666666666666664,29.166666666666668
189,0.62,1,0,13,12,10.0,6.2,30.76923076923077,23.076923076923077,23.076923076923077,23.076923076923077
190,0.54,1,0,13,12,10.0,5.4,46.15384615384615,23.076923076923077,15.384615384615385,15.384615384615385
191,0.514,1,0,17,16,10.0,5.14,5.88235294117647,0.0,76.47058823529412,17.647058823529413
192,0.636,1,0,19,18,10.0,6.36,42.10526315789473,10.526315789473683,15.789473684210526,31.57894736842105
193,0.408,1,0,14,13,10.0,4.08,21.428571428571427,7.142857142857142,42.857142857142854,28.57142857142857
194,0.712,1,0,28,27,10.0,7.12,67.85714285714286,10.714285714285714,3.571428571428571,17.857142857142858
195,0.545,1,0,20,19,10.0,5.45,75.0,5.0,5.0,15.0
196,0.515,1,0,10,9,10.0,5.15,30.0,40.0,10.0,20.0
197,0.45,1,0,13,12,10.0,4.5,30.76923076923077,0.0,15.384615384615385,53.84615384615385
198,0.576,1,0,14,13,10.0,5.76,42.857142857142854,0.0,21.428571428571427,35.714285714285715
199,0.58,1,0,23,22,10.0,5.8,56.52173913043478,13.043478260869565,13.043478260869565,17.391304347826086
200,0.418,1,0,12,11,10.0,4.18,58.333333333333336,8.333333333333332,0.0,33.33333333333333
201,0.616,1,0,19,18,10.0,6.16,42.10526315789473,15.789473684210526,5.263157894736842,36.84210526315789
202,0.554,1,0,22,21,10.0,5.54,40.909090909090914,22.727272727272727,18.181818181818183,18.181818181818183
203,0.2,1,0,9,8,8.0,2.0,11.11111111111111,11.11111111111111,0.0,77.77777777777779
204,0.728,1,0,18,17,10.0,7.28,5.555555555555555,0.0,33.33333333333333,61.111111111111114
205,0.676,1,0,26,25,10.0,6.76,38.46153846153847,34.61538461538461,7.6923076923076925,19.230769230769234
206,0.55,1,0,15,14,10.0,5.5,73.33333333333333,6.666666666666667,0.0,20.0
207,0.508,1,0,17,16,10.0,5.08,52.94117647058824,5.88235294117647,5.88235294117647,35.294117647058826
208,0.687,1,0,19,18,10.0,6.87,15.789473684210526,5.263157894736842,10.526315789473683,68.42105263157895
209,0.498,1,0,17,16,10.0,4.98,23.52941176470588,0.0,41.17647058823529,35.294117647058826
210,0.48,1,0,14,13,10.0,4.8,21.428571428571427,14.285714285714285,57.14285714285714,7.142857142857142
211,0.529,1,0,19,18,10.0,5.29,63.1578947368421,15.789473684210526,21.052631578947366,0.0
212,0.594,1,0,18,17,10.0,5.94,77.77777777777779,11.11111111111111,11.11111111111111,0.0
213,0.664,1,0,20,19,10.0,6.64,55.00000000000001,10.0,25.0,10.0
214,0.658,1,0,16,15,10.0,6.58,50.0,0.0,37.5,12.5
215,0.614,1,0,22,21,10.0,6.14,36.36363636363637,13.636363636363635,22.727272727272727,27.27272727272727
216,0.504,1,0,18,17,10.0,5.04,38.88888888888889,0.0,27.77777777777778,33.33333333333333
217,0.658,1,0,18,17,10.0,6.58,27.77777777777778,16.666666666666664,27.77777777777778,27.77777777777778
218,0.584,1,0,17,16,10.0,5.84,41.17647058823529,11.76470588235294,17.647058823529413,29.411764705882355
219,0.758,1,0,18,17,10.0,7.58,33.33333333333333,5.555555555555555,33.33333333333333,27.77777777777778
220,0.608,1,0,17,16,10.0,6.08,35.294117647058826,5.88235294117647,17.647058823529413,41.17647058823529
221,0.578,1,0,17,16,9.0,5.78,11.76470588235294,11.76470588235294,11.76470588235294,64.70588235294117
222,0.718,1,0,23,22,10.0,7.18,39.130434782608695,17.391304347826086,13.043478260869565,30.434782608695656
223,0.688,1,0,23,22,10.0,6.88,52.17391304347826,4.3478260869565215,8.695652173913043,34.78260869565217
224,0.463,1,0,13,12,10.0,4.63,61.53846153846154,7.6923076923076925,0.0,30.76923076923077
225,0.54,1,0,18,17,10.0,5.4,72.22222222222221,0.0,11.11111111111111,16.666666666666664
226,0.707,1,0,25,24,10.0,7.07,72.0,20.0,8.0,0.0
227,0.67,1,0,14,13,10.0,6.7,92.85714285714286,0.0,0.0,7.142857142857142
228,0.625,1,0,17,16,10.0,6.25,41.17647058823529,0.0,17.647058823529413,41.17647058823529
229,0.65,1,0,18,17,10.0,6.5,11.11111111111111,5.555555555555555,66.66666666666666,16.666666666666664
230,0.63,1,0,13,12,10.0,6.3,46.15384615384615,0.0,38.46153846153847,15.384615384615385
231,0.604,1,0,20,19,10.0,6.04,35.0,5.0,35.0,25.0
232,0.55,1,0,18,17,10.0,5.5,5.555555555555555,5.555555555555555,33.33333333333333,55.55555555555556
233,0.755,1,0,15,14,10.0,7.55,33.33333333333333,6.666666666666667,40.0,20.0
234,0.632,1,0,18,17,10.0,6.32,11.11111111111111,16.666666666666664,55.55555555555556,16.666666666666664
235,0.628,1,0,22,21,10.0,6.28,36.36363636363637,18.181818181818183,27.27272727272727,18.181818181818183
236,0.63,1,0,17,16,10.0,6.3,0.0,5.88235294117647,64.70588235294117,29.411764705882355
237,0.53,1,0,15,14,10.0,5.3,40.0,0.0,40.0,20.0
238,0.514,1,0,15,14,10.0,5.14,6.666666666666667,13.333333333333334,80.0,0.0
239,0.612,1,0,18,17,10.0,6.12,16.666666666666664,0.0,61.111111111111114,22.22222222222222
240,0.48,1,0,20,19,10.0,4.8,40.0,10.0,40.0,10.0
241,0.532,1,0,18,17,10.0,5.32,16.666666666666664,5.555555555555555,50.0,27.77777777777778
242,0.495,1,0,11,10,10.0,4.95,18.181818181818183,0.0,54.54545454545454,27.27272727272727
243,0.57,1,0,14,13,10.0,5.7,14.285714285714285,21.428571428571427,42.857142857142854,21.428571428571427
244,0.63,1,0,14,13,10.0,6.3,0.0,7.142857142857142,14.285714285714285,78.57142857142857
245,0.655,1,0,14,13,10.0,6.55,14.285714285714285,7.142857142857142,35.714285714285715,42.857142857142854
246,0.572,1,0,21,20,10.0,5.72,19.047619047619047,0.0,47.61904761904761,33.33333333333333
247,0.753,1,0,21,20,10.0,7.53,0.0,0.0,33.33333333333333,66.66666666666666
248,0.54,1,0,14,13,10.0,5.4,35.714285714285715,0.0,42.857142857142854,21.428571428571427
249,0.574,1,0,14,13,10.0,5.74,0.0,0.0,78.57142857142857,21.428571428571427
250,0.506,1,0,18,17,10.0,5.06,5.555555555555555,5.555555555555555,66.66666666666666,22.22222222222222
251,0.471,1,0,16,15,10.0,4.71,0.0,0.0,75.0,25.0
252,0.61,1,0,18,17,10.0,6.1,0.0,0.0,88.88888888888889,11.11111111111111
253,0.446,1,0,13,12,10.0,4.46,30.76923076923077,15.384615384615385,30.76923076923077,23.076923076923077
254,0.619,1,0,19,18,10.0,6.19,42.10526315789473,10.526315789473683,21.052631578947366,26.31578947368421
255,0.34,1,0,9,8,9.0,3.4,0.0,11.11111111111111,55.55555555555556,33.33333333333333
256,0.635,1,0,13,12,10.0,6.35,15.384615384615385,15.384615384615385,61.53846153846154,7.6923076923076925
257,0.576,1,0,17,16,10.0,5.76,5.88235294117647,0.0,47.05882352941176,47.05882352941176
258,0.492,1,0,13,12,10.0,4.92,38.46153846153847,15.384615384615385,30.76923076923077,15.384615384615385
259,0.742,1,0,21,20,10.0,7.42,9.523809523809524,4.761904761904762,38.095238095238095,47.61904761904761
260,0.7,1,0,14,13,10.0,7.0,28.57142857142857,0.0,50.0,21.428571428571427
261,0.455,1,0,14,13,10.0,4.55,57.14285714285714,0.0,35.714285714285715,7.142857142857142
262,0.47,1,0,14,13,10.0,4.7,7.142857142857142,0.0,28.57142857142857,64.28571428571429
263,0.58,1,0,15,14,10.0,5.8,20.0,6.666666666666667,40.0,33.33333333333333
264,0.66,1,0,16,15,10.0,6.6,6.25,25.0,37.5,31.25
265,0.52,1,0,16,15,10.0,5.2,31.25,6.25,50.0,12.5
266,0.588,1,0,18,17,10.0,5.88,61.111111111111114,5.555555555555555,22.22222222222222,11.11111111111111
267,0.66,1,0,16,15,10.0,6.6,37.5,12.5,18.75,31.25
268,0.616,1,0,21,20,10.0,6.16,19.047619047619047,0.0,33.33333333333333,47.61904761904761
269,0.516,1,0,10,9,10.0,5.16,0.0,0.0,40.0,60.0
270,0.578,1,0,19,18,10.0,5.78,0.0,0.0,84.21052631578947,15.789473684210526
271,0.394,1,0,18,17,10.0,3.94,22.22222222222222,44.44444444444444,16.666666666666664,16.666666666666664
272,0.468,1,0,14,13,10.0,4.68,7.142857142857142,14.285714285714285,71.42857142857143,7.142857142857142
273,0.615,1,0,17,16,10.0,6.15,0.0,41.17647058823529,41.17647058823529,17.647058823529413
274,0.492,1,0,12,11,10.0,4.92,33.33333333333333,25.0,25.0,16.666666666666664
275,0.75,1,0,17,16,10.0,7.5,11.76470588235294,35.294117647058826,47.05882352941176,5.88235294117647
276,0.82,1,0,22,21,10.0,8.2,13.636363636363635,31.818181818181817,31.818181818181817,22.727272727272727
277,0.726,1,0,21,20,10.0,7.26,0.0,4.761904761904762,52.38095238095239,42.857142857142854
278,0.554,1,0,16,15,10.0,5.54,25.0,25.0,18.75,31.25
279,0.58,1,0,11,10,10.0,5.8,72.72727272727273,9.090909090909092,9.090909090909092,9.090909090909092
280,0.494,1,0,12,11,8.0,4.94,50.0,8.333333333333332,25.0,16.666666666666664
281,0.416,1,0,15,14,10.0,4.16,60.0,13.333333333333334,13.333333333333334,13.333333333333334
282,0.555,1,0,11,10,10.0,5.55,36.36363636363637,9.090909090909092,54.54545454545454,0.0
283,0.474,1,0,14,13,10.0,4.74,14.285714285714285,28.57142857142857,42.857142857142854,14.285714285714285
284,0.539,1,0,18,17,10.0,5.39,27.77777777777778,38.88888888888889,22.22222222222222,11.11111111111111
285,0.8,1,0,16,15,10.0,8.0,12.5,43.75,25.0,18.75
286,0.56,1,0,18,17,10.0,5.6,0.0,38.88888888888889,44.44444444444444,16.666666666666664
287,0.508,1,0,16,15,10.0,5.08,0.0,25.0,68.75,6.25
288,0.56,1,0,13,12,10.0,5.6,15.384615384615385,46.15384615384615,38.46153846153847,0.0
289,0.543,1,0,17,16,10.0,5.43,17.647058823529413,47.05882352941176,23.52941176470588,11.76470588235294
290,0.516,1,0,18,17,10.0,5.16,5.555555555555555,11.11111111111111,55.55555555555556,27.77777777777778
291,0.572,1,0,16,15,10.0,5.72,0.0,37.5,37.5,25.0
292,0.649,1,0,24,23,10.0,6.49,4.166666666666666,25.0,54.166666666666664,16.666666666666664
293,0.469,1,0,12,11,10.0,4.69,25.0,8.333333333333332,41.66666666666667,25.0
294,0.735,1,0,12,11,10.0,7.35,8.333333333333332,16.666666666666664,50.0,25.0
295,0.63,1,0,11,10,10.0,6.3,18.181818181818183,9.090909090909092,45.45454545454545,27.27272727272727
296,0.332,1,0,8,7,10.0,3.32,0.0,37.5,50.0,12.5
297,0.79,1,0,19,18,10.0,7.9,5.263157894736842,47.368421052631575,26.31578947368421,21.052631578947366
298,0.572,1,0,15,14,10.0,5.72,20.0,33.33333333333333,20.0,26.666666666666668
299,0.635,1,0,18,17,10.0,6.35,5.555555555555555,11.11111111111111,55.55555555555556,27.77777777777778
300,0.65,1,0,26,25,10.0,6.5,23.076923076923077,42.30769230769231,26.923076923076923,7.6923076923076925
301,0.61,1,0,17,16,10.0,6.1,11.76470588235294,5.88235294117647,41.17647058823529,41.17647058823529
302,0.516,1,0,15,14,10.0,5.16,0.0,20.0,53.333333333333336,26.666666666666668
303,0.618,1,0,27,26,10.0,6.18,22.22222222222222,7.4074074074074066,48.148148148148145,22.22222222222222
304,0.54,1,0,15,14,10.0,5.4,53.333333333333336,6.666666666666667,20.0,20.0
305,0.7,1,0,13,12,10.0,7.0,15.384615384615385,7.6923076923076925,15.384615384615385,61.53846153846154
306,0.7,1,0,15,14,10.0,7.0,40.0,13.333333333333334,0.0,46.666666666666664
307,0.58,1,0,17,16,10.0,5.8,23.52941176470588,5.88235294117647,0.0,70.58823529411765
308,0.3,1,0,7,6,8.0,3.0,42.857142857142854,28.57142857142857,14.285714285714285,14.285714285714285
309,0.681,1,0,19,18,10.0,6.81,47.368421052631575,0.0,15.789473684210526,36.84210526315789
310,0.643,1,0,20,19,10.0,6.43,40.0,5.0,35.0,20.0
311,0.685,1,0,15,14,10.0,6.85,60.0,6.666666666666667,20.0,13.333333333333334
312,0.815,1,0,17,16,10.0,8.15,35.294117647058826,0.0,11.76470588235294,52.94117647058824
313,0.592,1,0,16,15,10.0,5.92,25.0,0.0,43.75,31.25
314,0.66,1,0,14,13,10.0,6.6,28.57142857142857,7.142857142857142,21.428571428571427,42.857142857142854
315,0.567,1,0,16,15,10.0,5.67,37.5,6.25,56.25,0.0
316,0.566,1,0,17,16,10.0,5.66,23.52941176470588,11.76470588235294,58.82352941176471,5.88235294117647
317,0.75,1,0,18,17,10.0,7.5,22.22222222222222,27.77777777777778,5.555555555555555,44.44444444444444
318,0.6,1,0,14,13,10.0,6.0,42.857142857142854,0.0,42.857142857142854,14.285714285714285
319,0.58,1,0,20,19,10.0,5.8,45.0,5.0,30.0,20.0
320,0.472,1,0,14,13,10.0,4.72,28.57142857142857,7.142857142857142,28.57142857142857,35.714285714285715
321,0.647,1,0,23,22,10.0,6.47,21.73913043478261,8.695652173913043,43.47826086956522,26.08695652173913
322,0.57,1,0,15,14,10.0,5.7,53.333333333333336,6.666666666666667,13.333333333333334,26.666666666666668
323,0.534,1,0,19,18,10.0,5.34,57.89473684210527,0.0,21.052631578947366,21.052631578947366
324,0.632,1,0,22,21,10.0,6.32,54.54545454545454,9.090909090909092,27.27272727272727,9.090909090909092
325,0.434,1,0,12,11,9.0,4.34,16.666666666666664,0.0,33.33333333333333,50.0
326,0.61,1,0,13,12,10.0,6.1,69.23076923076923,7.6923076923076925,7.6923076923076925,15.384615384615385
327,0.412,1,0,10,9,10.0,4.12,60.0,0.0,10.0,30.0
328,0.53,1,0,12,11,10.0,5.3,75.0,16.666666666666664,0.0,8.333333333333332
329,0.55,1,0,9,8,10.0,5.5,77.77777777777779,0.0,0.0,22.22222222222222
330,0.365,1,0,13,12,9.0,3.65,84.61538461538461,7.6923076923076925,0.0,7.6923076923076925
331,0.672,1,0,19,18,10.0,6.72,84.21052631578947,10.526315789473683,0.0,5.263157894736842
332,0.74,1,0,13,12,10.0,7.4,76.92307692307693,15.384615384615385,7.6923076923076925,0.0
333,0.75,1,0,17,16,10.0,7.5,88.23529411764706,0.0,5.88235294117647,5.88235294117647
334,0.322,1,0,10,9,10.0,3.22,60.0,0.0,40.0,0.0
335,0.702,1,0,21,20,10.0,7.02,66.66666666666666,0.0,23.809523809523807,9.523809523809524
336,0.612,1,0,16,15,10.0,6.12,12.5,6.25,50.0,31.25
337,0.705,1,0,13,12,10.0,7.05,46.15384615384615,0.0,30.76923076923077,23.076923076923077
338,0.592,1,0,19,18,10.0,5.92,47.368421052631575,0.0,42.10526315789473,10.526315789473683
339,0.635,1,0,15,14,10.0,6.35,26.666666666666668,0.0,60.0,13.333333333333334
340,0.675,1,0,15,14,10.0,6.75,60.0,0.0,40.0,0.0
341,0.494,1,0,18,17,10.0,4.94,50.0,5.555555555555555,38.88888888888889,5.555555555555555
342,0.528,1,0,13,12,10.0,5.28,15.384615384615385,0.0,69.23076923076923,15.384615384615385
343,0.594,1,0,21,20,10.0,5.94,19.047619047619047,9.523809523809524,66.66666666666666,4.761904761904762
344,0.472,1,0,13,12,10.0,4.72,61.53846153846154,0.0,30.76923076923077,7.6923076923076925
345,0.536,1,0,15,14,10.0,5.36,46.666666666666664,0.0,33.33333333333333,20.0
346,0.418,1,0,14,13,10.0,4.18,71.42857142857143,0.0,28.57142857142857,0.0
347,0.535,1,0,20,19,10.0,5.35,10.0,15.0,75.0,0.0
348,0.22,1,0,5,4,8.0,2.2,40.0,20.0,40.0,0.0
349,0.592,1,0,16,15,10.0,5.92,12.5,0.0,75.0,12.5
350,0.51,1,0,17,16,10.0,5.1,11.76470588235294,5.88235294117647,70.58823529411765,11.76470588235294
351,0.65,1,0,17,16,10.0,6.5,0.0,0.0,94.11764705882352,5.88235294117647
352,0.574,1,0,21,20,10.0,5.74,9.523809523809524,9.523809523809524,57.14285714285714,23.809523809523807
353,0.474,1,0,11,10,10.0,4.74,0.0,18.181818181818183,72.72727272727273,9.090909090909092
354,0.701,1,0,17,16,10.0,7.01,0.0,0.0,76.47058823529412,23.52941176470588
355,0.68,1,0,13,12,10.0,6.8,15.384615384615385,15.384615384615385,69.23076923076923,0.0
356,0.45,1,0,11,10,10.0,4.5,27.27272727272727,0.0,63.63636363636363,9.090909090909092
357,0.52,1,0,19,18,10.0,5.2,15.789473684210526,0.0,68.42105263157895,15.789473684210526
358,0.8,1,0,15,14,10.0,8.0,0.0,6.666666666666667,73.33333333333333,20.0
359,0.69,1,0,12,11,10.0,6.9,0.0,0.0,58.333333333333336,41.66666666666667
360,0.78,1,0,15,14,10.0,7.8,13.333333333333334,13.333333333333334,66.66666666666666,6.666666666666667
361,0.526,1,0,17,16,10.0,5.26,0.0,0.0,64.70588235294117,35.294117647058826
362,0.588,1,0,15,14,10.0,5.88,6.666666666666667,0.0,60.0,33.33333333333333
363,0.67,1,0,19,18,10.0,6.7,5.263157894736842,10.526315789473683,52.63157894736842,31.57894736842105
364,0.42,1,0,15,14,10.0,4.2,6.666666666666667,0.0,93.33333333333333,0.0
365,0.464,1,0,16,15,10.0,4.64,0.0,6.25,75.0,18.75
366,0.62,1,0,17,16,10.0,6.2,5.88235294117647,0.0,41.17647058823529,52.94117647058824
367,0.59,1,0,16,15,10.0,5.9,6.25,0.0,56.25,37.5
368,0.7,1,0,15,14,10.0,7.0,13.333333333333334,0.0,80.0,6.666666666666667
369,0.47,1,0,9,8,10.0,4.7,22.22222222222222,0.0,55.55555555555556,22.22222222222222
370,0.368,1,0,8,7,10.0,3.68,12.5,0.0,87.5,0.0
371,0.515,1,0,11,10,10.0,5.15,18.181818181818183,0.0,63.63636363636363,18.181818181818183
372,0.572,1,0,21,20,10.0,5.72,28.57142857142857,0.0,71.42857142857143,0.0
373,0.63,1,0,18,17,10.0,6.3,11.11111111111111,0.0,72.22222222222221,16.666666666666664
374,0.508,1,0,14,13,9.0,5.08,7.142857142857142,7.142857142857142,78.57142857142857,7.142857142857142
375,0.646,1,0,23,22,10.0,6.46,4.3478260869565215,4.3478260869565215,86.95652173913044,4.3478260869565215
376,0.395,1,0,12,11,10.0,3.95,33.33333333333333,0.0,66.66666666666666,0.0
377,0.47,1,0,18,17,10.0,4.7,5.555555555555555,0.0,44.44444444444444,50.0
378,0.573,1,0,16,15,10.0,5.73,43.75,12.5,43.75,0.0
379,0.44,1,0,13,12,10.0,4.4,15.384615384615385,15.384615384615385,61.53846153846154,7.6923076923076925
380,0.55,1,0,13,12,10.0,5.5,23.076923076923077,0.0,76.92307692307693,0.0
381,0.704,1,0,13,12,10.0,7.04,15.384615384615385,0.0,38.46153846153847,46.15384615384615
382,0.6,1,0,17,16,10.0,6.0,11.76470588235294,0.0,70.58823529411765,17.647058823529413
383,0.76,1,0,17,16,10.0,7.6,17.647058823529413,0.0,29.411764705882355,52.94117647058824
384,0.595,1,0,13,12,9.0,5.95,30.76923076923077,7.6923076923076925,38.46153846153847,23.076923076923077
385,0.642,1,0,23,22,10.0,6.42,13.043478260869565,4.3478260869565215,69.56521739130434,13.043478260869565
386,0.727,1,0,19,18,10.0,7.27,5.263157894736842,0.0,52.63157894736842,42.10526315789473
387,0.47,1,0,11,10,10.0,4.7,18.181818181818183,0.0,63.63636363636363,18.181818181818183
388,0.318,1,0,12,11,10.0,3.18,8.333333333333332,0.0,91.66666666666666,0.0
389,0.552,1,0,23,22,10.0,5.52,4.3478260869565215,0.0,82.6086956521739,13.043478260869565
390,0.37,1,0,12,11,10.0,3.7,33.33333333333333,0.0,58.333333333333336,8.333333333333332
391,0.589,1,0,17,16,10.0,5.89,11.76470588235294,0.0,41.17647058823529,47.05882352941176
392,0.522,1,0,15,14,10.0,5.22,46.666666666666664,6.666666666666667,46.666666666666664,0.0
393,0.503,1,0,17,16,10.0,5.03,82.35294117647058,0.0,17.647058823529413,0.0
394,0.616,1,0,20,19,10.0,6.16,45.0,0.0,25.0,30.0
395,0.435,1,0,9,8,10.0,4.35,44.44444444444444,0.0,55.55555555555556,0.0
396,0.475,1,0,13,12,10.0,4.75,84.61538461538461,0.0,15.384615384615385,0.0
397,0.661,1,0,19,18,10.0,6.61,21.052631578947366,0.0,52.63157894736842,26.31578947368421
398,0.54,1,0,10,9,10.0,5.4,90.0,0.0,0.0,10.0
399,0.488,1,0,12,11,10.0,4.88,83.33333333333334,8.333333333333332,0.0,8.333333333333332
400,0.645,1,0,20,19,10.0,6.45,45.0,5.0,30.0,20.0
401,0.49,1,0,11,10,10.0,4.9,45.45454545454545,18.181818181818183,27.27272727272727,9.090909090909092
402,0.563,1,0,18,17,10.0,5.63,55.55555555555556,5.555555555555555,33.33333333333333,5.555555555555555
403,0.636,1,0,16,15,10.0,6.36,31.25,0.0,50.0,18.75
404,0.424,1,0,13,12,10.0,4.24,76.92307692307693,7.6923076923076925,7.6923076923076925,7.6923076923076925
405,0.775,1,0,14,13,10.0,7.75,35.714285714285715,0.0,7.142857142857142,57.14285714285714
406,0.595,1,0,14,13,10.0,5.95,50.0,0.0,35.714285714285715,14.285714285714285
407,0.624,1,0,18,17,10.0,6.24,5.555555555555555,0.0,50.0,44.44444444444444
408,0.414,1,0,14,13,10.0,4.14,64.28571428571429,0.0,35.714285714285715,0.0
409,0.47,1,0,9,8,10.0,4.7,66.66666666666666,0.0,33.33333333333333,0.0
410,0.588,1,0,21,20,10.0,5.88,33.33333333333333,0.0,66.66666666666666,0.0
411,0.452,1,0,13,12,10.0,4.52,7.6923076923076925,0.0,84.61538461538461,7.6923076923076925
412,0.432,1,0,16,15,10.0,4.32,0.0,0.0,93.75,6.25
413,0.598,1,0,19,18,10.0,5.98,15.789473684210526,10.526315789473683,63.1578947368421,10.526315789473683
414,0.749,1,0,16,15,10.0,7.49,25.0,6.25,37.5,31.25
415,0.61,1,0,11,10,10.0,6.1,27.27272727272727,0.0,63.63636363636363,9.090909090909092
416,0.7,1,0,13,12,10.0,7.0,15.384615384615385,0.0,23.076923076923077,61.53846153846154
417,0.524,1,0,15,14,10.0,5.24,60.0,0.0,40.0,0.0
418,0.617,1,0,16,15,10.0,6.17,31.25,6.25,56.25,6.25
419,0.666,1,0,17,16,10.0,6.66,23.52941176470588,0.0,64.70588235294117,11.76470588235294
420,0.508,1,0,15,14,10.0,5.08,13.333333333333334,6.666666666666667,40.0,40.0
421,0.676,1,0,15,14,10.0,6.76,6.666666666666667,13.333333333333334,40.0,40.0
422,0.488,1,0,15,14,9.0,4.88,6.666666666666667,0.0,93.33333333333333,0.0
423,0.636,1,0,19,18,10.0,6.36,57.89473684210527,15.789473684210526,26.31578947368421,0.0
424,0.679,1,0,29,28,10.0,6.79,37.93103448275862,0.0,31.03448275862069,31.03448275862069
425,0.596,1,0,21,20,10.0,5.96,14.285714285714285,4.761904761904762,71.42857142857143,9.523809523809524
426,0.496,1,0,19,18,10.0,4.96,21.052631578947366,0.0,73.68421052631578,5.263157894736842
427,0.499,1,0,16,15,10.0,4.99,50.0,0.0,31.25,18.75
428,0.695,1,0,13,12,10.0,6.95,53.84615384615385,0.0,23.076923076923077,23.076923076923077
429,0.614,1,0,18,17,10.0,6.14,44.44444444444444,0.0,16.666666666666664,38.88888888888889
430,0.508,1,0,15,14,10.0,5.08,66.66666666666666,0.0,33.33333333333333,0.0
431,0.775,1,0,11,10,10.0,7.75,36.36363636363637,0.0,54.54545454545454,9.090909090909092
432,0.552,1,0,15,14,10.0,5.52,13.333333333333334,0.0,53.333333333333336,33.33333333333333
433,0.646,1,0,20,19,10.0,6.46,60.0,0.0,15.0,25.0
434,0.57,1,0,16,15,10.0,5.7,62.5,0.0,12.5,25.0
435,0.383,1,0,11,10,10.0,3.83,63.63636363636363,0.0,27.27272727272727,9.090909090909092
436,0.328,1,0,14,13,10.0,3.28,35.714285714285715,0.0,35.714285714285715,28.57142857142857
437,0.434,1,0,12,11,10.0,4.34,58.333333333333336,0.0,33.33333333333333,8.333333333333332
438,0.608,1,0,20,19,10.0,6.08,20.0,5.0,55.00000000000001,20.0
439,0.546,1,0,20,19,10.0,5.46,60.0,0.0,30.0,10.0
440,0.704,1,0,30,29,10.0,7.04,66.66666666666666,0.0,20.0,13.333333333333334
441,0.492,1,0,19,18,10.0,4.92,68.42105263157895,0.0,31.57894736842105,0.0
442,0.44,1,0,15,14,9.0,4.4,46.666666666666664,6.666666666666667,26.666666666666668,20.0
443,0.606,1,0,20,19,10.0,6.06,15.0,0.0,45.0,40.0
444,0.652,1,0,22,21,10.0,6.52,31.818181818181817,4.545454545454546,27.27272727272727,36.36363636363637
445,0.69,1,0,23,22,10.0,6.9,21.73913043478261,0.0,30.434782608695656,47.82608695652174
446,0.63,1,0,19,18,10.0,6.3,15.789473684210526,5.263157894736842,42.10526315789473,36.84210526315789
447,0.379,1,0,14,13,10.0,3.79,42.857142857142854,0.0,42.857142857142854,14.285714285714285
448,0.438,1,0,14,13,10.0,4.38,7.142857142857142,14.285714285714285,28.57142857142857,50.0
449,0.476,1,0,22,21,10.0,4.76,59.09090909090909,0.0,36.36363636363637,4.545454545454546
450,0.365,1,0,8,7,10.0,3.65,62.5,0.0,37.5,0.0
451,0.577,1,0,12,11,10.0,5.77,16.666666666666664,8.333333333333332,58.333333333333336,16.666666666666664
452,0.475,1,0,21,20,10.0,4.75,52.38095238095239,33.33333333333333,14.285714285714285,0.0
453,0.592,1,0,18,17,10.0,5.92,0.0,27.77777777777778,33.33333333333333,38.88888888888889
454,0.653,1,0,17,16,10.0,6.53,35.294117647058826,5.88235294117647,29.411764705882355,29.411764705882355
455,0.634,1,0,17,16,10.0,6.34,64.70588235294117,0.0,23.52941176470588,11.76470588235294
456,0.49,1,0,18,17,10.0,4.9,72.22222222222221,11.11111111111111,5.555555555555555,11.11111111111111
457,0.52,1,0,12,11,10.0,5.2,50.0,16.666666666666664,25.0,8.333333333333332
458,0.552,1,0,19,18,10.0,5.52,68.42105263157895,10.526315789473683,15.789473684210526,5.263157894736842
459,0.534,1,0,19,18,10.0,5.34,15.789473684210526,36.84210526315789,42.10526315789473,5.263157894736842
460,0.684,1,0,19,18,10.0,6.84,21.052631578947366,15.789473684210526,31.57894736842105,31.57894736842105
461,0.662,1,0,23,22,10.0,6.62,8.695652173913043,4.3478260869565215,30.434782608695656,56.52173913043478
462,0.613,1,0,19,18,10.0,6.13,15.789473684210526,21.052631578947366,36.84210526315789,26.31578947368421
463,0.656,1,0,18,17,10.0,6.56,0.0,0.0,50.0,50.0
464,0.644,1,0,21,20,10.0,6.44,19.047619047619047,38.095238095238095,38.095238095238095,4.761904761904762
465,0.545,1,0,11,10,10.0,5.45,18.181818181818183,18.181818181818183,27.27272727272727,36.36363636363637
466,0.642,1,0,15,14,10.0,6.42,13.333333333333334,13.333333333333334,66.66666666666666,6.666666666666667
467,0.655,1,0,22,21,10.0,6.55,13.636363636363635,40.909090909090914,18.181818181818183,27.27272727272727
468,0.547,1,0,16,15,10.0,5.47,0.0,6.25,62.5,31.25
469,0.552,1,0,18,17,10.0,5.52,66.66666666666666,5.555555555555555,22.22222222222222,5.555555555555555
470,0.63,1,0,22,21,10.0,6.3,13.636363636363635,4.545454545454546,50.0,31.818181818181817
471,0.339,1,0,9,8,9.0,3.39,33.33333333333333,11.11111111111111,44.44444444444444,11.11111111111111
472,0.804,1,0,21,20,10.0,8.04,14.285714285714285,19.047619047619047,28.57142857142857,38.095238095238095
473,0.655,1,0,19,18,10.0,6.55,15.789473684210526,21.052631578947366,57.89473684210527,5.263157894736842
474,0.56,1,0,17,16,10.0,5.6,41.17647058823529,29.411764705882355,23.52941176470588,5.88235294117647
475,0.594,1,0,16,15,10.0,5.94,18.75,18.75,43.75,18.75
476,0.51,1,0,18,17,10.0,5.1,5.555555555555555,38.88888888888889,55.55555555555556,0.0
477,0.83,1,0,16,15,10.0,8.3,18.75,25.0,37.5,18.75
478,0.558,1,0,23,22,10.0,5.58,0.0,26.08695652173913,39.130434782608695,34.78260869565217
479,0.653,1,0,28,27,10.0,6.53,3.571428571428571,10.714285714285714,57.14285714285714,28.57142857142857
480,0.624,1,0,17,16,10.0,6.24,5.88235294117647,11.76470588235294,47.05882352941176,35.294117647058826
481,0.523,1,0,14,13,10.0,5.23,0.0,14.285714285714285,64.28571428571429,21.428571428571427
482,0.452,1,0,11,10,10.0,4.52,0.0,45.45454545454545,54.54545454545454,0.0
483,0.293,1,0,11,10,9.0,2.93,18.181818181818183,18.181818181818183,63.63636363636363,0.0
484,0.449,1,0,17,16,10.0,4.49,41.17647058823529,35.294117647058826,23.52941176470588,0.0
485,0.61,1,0,16,15,10.0,6.1,6.25,37.5,25.0,31.25
486,0.712,1,0,25,24,10.0,7.12,32.0,12.0,48.0,8.0
487,0.795,1,0,17,16,10.0,7.95,23.52941176470588,23.52941176470588,29.411764705882355,23.52941176470588
488,0.488,1,0,16,15,10.0,4.88,0.0,12.5,50.0,37.5
489,0.516,1,0,19,18,10.0,5.16,0.0,42.10526315789473,52.63157894736842,5.263157894736842
490,0.745,1,0,11,10,10.0,7.45,18.181818181818183,27.27272727272727,36.36363636363637,18.181818181818183
491,0.66,1,0,25,24,10.0,6.6,16.0,28.000000000000004,44.0,12.0
492,0.664,1,0,21,20,10.0,6.64,0.0,19.047619047619047,57.14285714285714,23.809523809523807
493,0.452,1,0,11,10,10.0,4.52,45.45454545454545,27.27272727272727,18.181818181818183,9.090909090909092
494,0.46,1,0,15,14,10.0,4.6,13.333333333333334,60.0,20.0,6.666666666666667
495,0.555,1,0,10,9,9.0,5.55,20.0,20.0,60.0,0.0
496,0.7,1,0,11,10,10.0,7.0,27.27272727272727,18.181818181818183,45.45454545454545,9.090909090909092
497,0.48,1,0,18,17,10.0,4.8,11.11111111111111,55.55555555555556,33.33333333333333,0.0
498,0.523,1,0,16,15,9.0,5.23,25.0,12.5,43.75,18.75
499,0.544,1,0,13,12,10.0,5.44,0.0,30.76923076923077,46.15384615384615,23.076923076923077
500,0.44,1,0,11,10,10.0,4.4,27.27272727272727,18.181818181818183,18.181818181818183,36.36363636363637
501,0.46,1,0,12,11,10.0,4.6,41.66666666666667,25.0,33.33333333333333,0.0
502,0.546,1,0,17,16,10.0,5.46,35.294117647058826,11.76470588235294,41.17647058823529,11.76470588235294
503,0.643,1,0,19,18,10.0,6.43,63.1578947368421,10.526315789473683,21.052631578947366,5.263157894736842
504,0.729,1,0,15,14,10.0,7.29,33.33333333333333,20.0,6.666666666666667,40.0
505,0.56,1,0,15,14,10.0,5.6,66.66666666666666,6.666666666666667,20.0,6.666666666666667
506,0.32,1,0,9,8,10.0,3.2,55.55555555555556,22.22222222222222,22.22222222222222,0.0
507,0.74,1,0,22,21,10.0,7.4,31.818181818181817,13.636363636363635,36.36363636363637,18.181818181818183
508,0.636,1,0,17,16,10.0,6.36,35.294117647058826,23.52941176470588,23.52941176470588,17.647058823529413
509,0.508,1,0,15,14,10.0,5.08,26.666666666666668,0.0,46.666666666666664,26.666666666666668
510,0.576,1,0,16,15,10.0,5.76,50.0,0.0,37.5,12.5
511,0.688,1,0,20,19,10.0,6.88,25.0,15.0,35.0,25.0
512,0.835,1,0,16,15,10.0,8.35,6.25,31.25,31.25,31.25
513,0.636,1,0,21,20,10.0,6.36,23.809523809523807,19.047619047619047,42.857142857142854,14.285714285714285
514,0.62,1,0,15,14,10.0,6.2,46.666666666666664,6.666666666666667,40.0,6.666666666666667
515,0.5,1,0,13,12,10.0,5.0,23.076923076923077,0.0,61.53846153846154,15.384615384615385
516,0.588,1,0,18,17,10.0,5.88,11.11111111111111,5.555555555555555,27.77777777777778,55.55555555555556
517,0.406,1,0,13,12,9.0,4.06,30.76923076923077,7.6923076923076925,53.84615384615385,7.6923076923076925
518,0.565,1,0,14,13,10.0,5.65,35.714285714285715,64.28571428571429,0.0,0.0
519,0.518,1,0,18,17,10.0,5.18,38.88888888888889,55.55555555555556,5.555555555555555,0.0
520,0.606,1,0,22,21,10.0,6.06,13.636363636363635,18.181818181818183,45.45454545454545,22.727272727272727
521,0.626,1,0,20,19,10.0,6.26,85.0,10.0,0.0,5.0
522,0.384,1,0,11,10,8.0,3.84,27.27272727272727,9.090909090909092,45.45454545454545,18.181818181818183
523,0.454,1,0,10,9,10.0,4.54,50.0,0.0,30.0,20.0
524,0.776,1,0,23,22,10.0,7.76,4.3478260869565215,0.0,65.21739130434783,30.434782608695656
525,0.54,1,0,14,13,10.0,5.4,50.0,7.142857142857142,7.142857142857142,35.714285714285715
526,0.696,1,0,20,19,10.0,6.96,45.0,15.0,35.0,5.0
527,0.614,1,0,23,22,10.0,6.14,47.82608695652174,17.391304347826086,4.3478260869565215,30.434782608695656
528,0.564,1,0,16,15,10.0,5.64,68.75,0.0,25.0,6.25
529,0.668,1,0,21,20,10.0,6.68,80.95238095238095,0.0,4.761904761904762,14.285714285714285
530,0.525,1,0,11,10,10.0,5.25,63.63636363636363,0.0,36.36363636363637,0.0
531,0.588,1,0,24,23,10.0,5.88,70.83333333333334,8.333333333333332,12.5,8.333333333333332
532,0.485,1,0,13,12,10.0,4.85,46.15384615384615,30.76923076923077,23.076923076923077,0.0
533,0.642,1,0,25,24,10.0,6.42,48.0,4.0,24.0,24.0
534,0.548,1,0,19,18,10.0,5.48,89.47368421052632,0.0,0.0,10.526315789473683
535,0.488,1,0,16,15,10.0,4.88,50.0,6.25,31.25,12.5
536,0.456,1,0,12,11,9.0,4.56,25.0,0.0,33.33333333333333,41.66666666666667
537,0.654,1,0,20,19,10.0,6.54,70.0,15.0,5.0,10.0
538,0.556,1,0,18,17,10.0,5.56,27.77777777777778,0.0,50.0,22.22222222222222
539,0.336,1,0,9,8,9.0,3.36,11.11111111111111,11.11111111111111,66.66666666666666,11.11111111111111
540,0.71,1,0,14,13,10.0,7.1,35.714285714285715,7.142857142857142,42.857142857142854,14.285714285714285
541,0.37,1,0,10,9,10.0,3.7,60.0,0.0,30.0,10.0
542,0.592,1,0,17,16,10.0,5.92,17.647058823529413,0.0,41.17647058823529,41.17647058823529
543,0.614,1,0,17,16,10.0,6.14,52.94117647058824,0.0,35.294117647058826,11.76470588235294
544,0.422,1,0,12,11,10.0,4.22,58.333333333333336,0.0,41.66666666666667,0.0
545,0.816,1,0,27,26,10.0,8.16,33.33333333333333,0.0,37.03703703703704,29.629629629629626
546,0.492,1,0,14,13,10.0,4.92,28.57142857142857,0.0,35.714285714285715,35.714285714285715
547,0.652,1,0,24,23,10.0,6.52,45.83333333333333,0.0,4.166666666666666,50.0
548,0.396,1,0,13,12,10.0,3.96,84.61538461538461,0.0,15.384615384615385,0.0
549,0.55,1,0,16,15,10.0,5.5,31.25,18.75,6.25,43.75
550,0.724,1,0,18,17,10.0,7.24,72.22222222222221,5.555555555555555,5.555555555555555,16.666666666666664
551,0.8,1,0,27,26,10.0,8.0,29.629629629629626,0.0,11.11111111111111,59.25925925925925
552,0.738,1,0,19,18,10.0,7.38,5.263157894736842,0.0,36.84210526315789,57.89473684210527
553,0.63,1,0,22,21,10.0,6.3,54.54545454545454,0.0,13.636363636363635,31.818181818181817
554,0.656,1,0,20,19,10.0,6.56,55.00000000000001,0.0,30.0,15.0
555,0.67,1,0,14,13,10.0,6.7,57.14285714285714,0.0,21.428571428571427,21.428571428571427
556,0.584,1,0,23,22,10.0,5.84,56.52173913043478,4.3478260869565215,30.434782608695656,8.695652173913043
557,0.825,1,0,14,13,10.0,8.25,42.857142857142854,0.0,0.0,57.14285714285714
558,0.716,1,0,20,19,10.0,7.16,35.0,0.0,10.0,55.00000000000001
559,0.388,1,0,10,9,10.0,3.88,80.0,20.0,0.0,0.0
560,0.72,1,0,24,23,10.0,7.2,33.33333333333333,0.0,20.833333333333336,45.83333333333333
561,0.557,1,0,18,17,10.0,5.57,72.22222222222221,5.555555555555555,16.666666666666664,5.555555555555555
562,0.578,1,0,19,18,10.0,5.78,68.42105263157895,0.0,31.57894736842105,0.0
563,0.554,1,0,16,15,10.0,5.54,68.75,6.25,6.25,18.75
564,0.548,1,0,17,16,10.0,5.48,5.88235294117647,0.0,64.70588235294117,29.411764705882355
565,0.435,1,0,10,9,10.0,4.35,100.0,0.0,0.0,0.0
566,0.5,1,0,14,13,10.0,5.0,57.14285714285714,0.0,42.857142857142854,0.0
567,0.538,1,0,19,18,10.0,5.38,68.42105263157895,0.0,26.31578947368421,5.263157894736842
568,0.6,1,0,16,15,9.0,6.0,43.75,12.5,25.0,18.75
569,0.56,1,0,20,19,10.0,5.6,70.0,0.0,30.0,0.0
570,0.518,1,0,13,12,10.0,5.18,30.76923076923077,0.0,46.15384615384615,23.076923076923077
571,0.669,1,0,15,14,10.0,6.69,60.0,6.666666666666667,20.0,13.333333333333334
572,0.8,1,0,12,11,10.0,8.0,33.33333333333333,25.0,8.333333333333332,33.33333333333333
573,0.552,1,0,18,17,10.0,5.52,66.66666666666666,0.0,5.555555555555555,27.77777777777778
574,0.512,1,0,15,14,10.0,5.12,73.33333333333333,0.0,13.333333333333334,13.333333333333334
575,0.672,1,0,22,21,10.0,6.72,13.636363636363635,4.545454545454546,31.818181818181817,50.0
576,0.716,1,0,15,14,10.0,7.16,60.0,0.0,6.666666666666667,33.33333333333333
577,0.606,1,0,15,14,10.0,6.06,33.33333333333333,26.666666666666668,13.333333333333334,26.666666666666668
578,0.67,1,0,17,16,10.0,6.7,35.294117647058826,5.88235294117647,0.0,58.82352941176471
579,0.534,1,0,22,21,10.0,5.34,45.45454545454545,9.090909090909092,31.818181818181817,13.636363636363635
580,0.556,1,0,13,12,10.0,5.56,61.53846153846154,0.0,15.384615384615385,23.076923076923077
581,0.56,1,0,12,11,10.0,5.6,50.0,8.333333333333332,25.0,16.666666666666664
582,0.614,1,0,17,16,10.0,6.14,41.17647058823529,0.0,23.52941176470588,35.294117647058826
583,0.55,1,0,20,19,10.0,5.5,45.0,5.0,30.0,20.0
584,0.744,1,0,25,24,10.0,7.44,48.0,24.0,20.0,8.0
585,0.494,1,0,16,15,10.0,4.94,43.75,0.0,25.0,31.25
586,0.632,1,0,19,18,10.0,6.32,15.789473684210526,0.0,63.1578947368421,21.052631578947366
587,0.579,1,0,22,21,10.0,5.79,54.54545454545454,0.0,45.45454545454545,0.0
588,0.59,1,0,16,15,10.0,5.9,18.75,0.0,50.0,31.25
589,0.406,1,0,11,10,9.0,4.06,90.9090909090909,0.0,9.090909090909092,0.0
590,0.7,1,0,22,21,10.0,7.0,72.72727272727273,0.0,4.545454545454546,22.727272727272727
591,0.556,1,0,20,19,10.0,5.56,45.0,10.0,40.0,5.0
592,0.321,1,0,11,10,10.0,3.21,72.72727272727273,0.0,18.181818181818183,9.090909090909092
593,0.656,1,0,24,23,10.0,6.56,45.83333333333333,0.0,16.666666666666664,37.5
594,0.644,1,0,26,25,10.0,6.44,69.23076923076923,3.8461538461538463,11.538461538461538,15.384615384615385
595,0.763,1,0,20,19,10.0,7.63,35.0,0.0,40.0,25.0
596,0.426,1,0,13,12,9.0,4.26,38.46153846153847,7.6923076923076925,30.76923076923077,23.076923076923077
597,0.632,1,0,22,21,10.0,6.32,59.09090909090909,9.090909090909092,22.727272727272727,9.090909090909092
598,0.648,1,0,17,16,10.0,6.48,35.294117647058826,5.88235294117647,5.88235294117647,52.94117647058824
599,0.492,1,0,13,12,10.0,4.92,53.84615384615385,30.76923076923077,15.384615384615385,0.0
600,0.58,1,0,13,12,10.0,5.8,69.23076923076923,0.0,0.0,30.76923076923077
601,0.9,1,0,16,15,10.0,9.0,37.5,0.0,31.25,31.25
602,0.544,1,0,15,14,10.0,5.44,46.666666666666664,0.0,20.0,33.33333333333333
603,0.567,1,0,15,14,10.0,5.67,60.0,6.666666666666667,13.333333333333334,20.0
604,0.628,1,0,19,18,10.0,6.28,57.89473684210527,0.0,15.789473684210526,26.31578947368421
605,0.54,1,0,17,16,10.0,5.4,70.58823529411765,11.76470588235294,11.76470588235294,5.88235294117647
606,0.582,1,0,17,16,10.0,5.82,11.76470588235294,0.0,41.17647058823529,47.05882352941176
607,0.572,1,0,18,17,10.0,5.72,33.33333333333333,5.555555555555555,11.11111111111111,50.0
608,0.643,1,0,19,18,10.0,6.43,84.21052631578947,0.0,5.263157894736842,10.526315789473683
609,0.463,1,0,17,16,10.0,4.63,52.94117647058824,0.0,47.05882352941176,0.0
610,0.625,1,0,14,13,10.0,6.25,42.857142857142854,28.57142857142857,28.57142857142857,0.0
611,0.34,1,0,12,11,10.0,3.4,16.666666666666664,0.0,83.33333333333334,0.0
612,0.432,1,0,14,13,10.0,4.32,64.28571428571429,0.0,21.428571428571427,14.285714285714285
613,0.83,1,0,14,13,10.0,8.3,50.0,7.142857142857142,0.0,42.857142857142854
614,0.486,1,0,24,23,10.0,4.86,75.0,4.166666666666666,16.666666666666664,4.166666666666666
615,0.44,1,0,13,12,10.0,4.4,61.53846153846154,0.0,7.6923076923076925,30.76923076923077
616,0.835,1,0,18,17,10.0,8.35,50.0,5.555555555555555,27.77777777777778,16.666666666666664
617,0.622,1,0,21,20,10.0,6.22,57.14285714285714,0.0,19.047619047619047,23.809523809523807
618,0.312,1,0,7,6,10.0,3.12,42.857142857142854,0.0,57.14285714285714,0.0
619,0.556,1,0,24,23,10.0,5.56,54.166666666666664,4.166666666666666,12.5,29.166666666666668
620,0.464,1,0,13,12,10.0,4.64,69.23076923076923,15.384615384615385,0.0,15.384615384615385
621,0.727,1,0,13,12,10.0,7.27,46.15384615384615,7.6923076923076925,7.6923076923076925,38.46153846153847
622,0.388,1,0,13,12,10.0,3.88,84.61538461538461,7.6923076923076925,7.6923076923076925,0.0
623,0.88,1,0,19,18,10.0,8.8,52.63157894736842,0.0,5.263157894736842,42.10526315789473
624,0.565,1,0,14,13,10.0,5.65,50.0,0.0,28.57142857142857,21.428571428571427
625,0.628,1,0,16,15,9.0,6.28,50.0,0.0,18.75,31.25
626,0.574,1,0,18,17,10.0,5.74,88.88888888888889,11.11111111111111,0.0,0.0
627,0.652,1,0,11,10,10.0,6.52,45.45454545454545,0.0,9.090909090909092,45.45454545454545
628,0.68,1,0,18,17,10.0,6.8,11.11111111111111,0.0,38.88888888888889,50.0
629,0.529,1,0,12,11,10.0,5.29,25.0,0.0,50.0,25.0
630,0.479,1,0,14,13,10.0,4.79,35.714285714285715,14.285714285714285,42.857142857142854,7.142857142857142
631,0.653,1,0,20,19,10.0,6.53,60.0,0.0,20.0,20.0
632,0.548,1,0,20,19,10.0,5.48,80.0,5.0,15.0,0.0
633,0.326,1,0,10,9,9.0,3.26,40.0,0.0,50.0,10.0
634,0.664,1,0,22,21,10.0,6.64,31.818181818181817,0.0,45.45454545454545,22.727272727272727
635,0.68,1,0,14,13,10.0,6.8,35.714285714285715,7.142857142857142,57.14285714285714,0.0
636,0.594,1,0,18,17,10.0,5.94,72.22222222222221,5.555555555555555,16.666666666666664,5.555555555555555
637,0.644,1,0,19,18,10.0,6.44,31.57894736842105,0.0,42.10526315789473,26.31578947368421
638,0.64,1,0,12,11,10.0,6.4,58.333333333333336,0.0,16.666666666666664,25.0
639,0.816,1,0,23,22,10.0,8.16,39.130434782608695,8.695652173913043,13.043478260869565,39.130434782608695
640,0.724,1,0,25,24,10.0,7.24,56.00000000000001,0.0,8.0,36.0
641,0.505,1,0,19,18,10.0,5.05,73.68421052631578,0.0,21.052631578947366,5.263157894736842
642,0.485,1,0,13,12,10.0,4.85,84.61538461538461,0.0,0.0,15.384615384615385
643,0.69,1,0,13,12,10.0,6.9,53.84615384615385,0.0,15.384615384615385,30.76923076923077
644,0.364,1,0,14,13,10.0,3.64,50.0,0.0,35.714285714285715,14.285714285714285
645,0.468,1,0,19,18,10.0,4.68,89.47368421052632,0.0,10.526315789473683,0.0
646,0.624,1,0,21,20,10.0,6.24,90.47619047619048,0.0,4.761904761904762,4.761904761904762
647,0.514,1,0,15,14,10.0,5.14,46.666666666666664,0.0,46.666666666666664,6.666666666666667
648,0.58,1,0,11,10,10.0,5.8,36.36363636363637,9.090909090909092,36.36363636363637,18.181818181818183
649,0.454,1,0,13,12,10.0,4.54,38.46153846153847,0.0,53.84615384615385,7.6923076923076925
650,0.429,1,0,14,13,10.0,4.29,92.85714285714286,0.0,7.142857142857142,0.0
651,0.622,1,0,16,15,10.0,6.22,56.25,6.25,6.25,31.25
652,0.536,1,0,15,14,10.0,5.36,20.0,0.0,33.33333333333333,46.666666666666664
653,0.509,1,0,16,15,10.0,5.09,37.5,18.75,37.5,6.25
654,0.48,1,0,12,11,10.0,4.8,83.33333333333334,0.0,0.0,16.666666666666664
655,0.736,1,0,27,26,10.0,7.36,55.55555555555556,0.0,25.925925925925924,18.51851851851852
656,0.656,1,0,22,21,10.0,6.56,36.36363636363637,4.545454545454546,22.727272727272727,36.36363636363637
657,0.423,1,0,15,14,10.0,4.23,93.33333333333333,0.0,6.666666666666667,0.0
658,0.636,1,0,17,16,10.0,6.36,76.47058823529412,0.0,0.0,23.52941176470588
659,0.636,1,0,20,19,10.0,6.36,55.00000000000001,5.0,25.0,15.0
660,0.516,1,0,19,18,10.0,5.16,94.73684210526315,0.0,5.263157894736842,0.0
661,0.528,1,0,23,22,10.0,5.28,52.17391304347826,0.0,34.78260869565217,13.043478260869565
662,0.406,1,0,14,13,10.0,4.06,92.85714285714286,0.0,7.142857142857142,0.0
663,0.625,1,0,12,11,10.0,6.25,66.66666666666666,0.0,16.666666666666664,16.666666666666664
664,0.648,1,0,22,21,10.0,6.48,54.54545454545454,0.0,27.27272727272727,18.181818181818183
665,0.64,1,0,16,15,10.0,6.4,50.0,6.25,25.0,18.75
666,0.62,1,0,14,13,10.0,6.2,85.71428571428571,0.0,14.285714285714285,0.0
667,0.646,1,0,20,19,10.0,6.46,25.0,0.0,50.0,25.0
668,0.564,1,0,18,17,10.0,5.64,61.111111111111114,5.555555555555555,22.22222222222222,11.11111111111111
669,0.9,1,0,16,15,10.0,9.0,25.0,0.0,25.0,50.0
670,0.532,1,0,15,14,9.0,5.32,40.0,6.666666666666667,26.666666666666668,26.666666666666668
671,0.636,1,0,28,27,10.0,6.36,50.0,3.571428571428571,3.571428571428571,42.857142857142854
672,0.636,1,0,18,17,10.0,6.36,66.66666666666666,0.0,0.0,33.33333333333333
673,0.63,1,0,16,15,10.0,6.3,62.5,18.75,18.75,0.0
674,0.775,1,0,16,15,10.0,7.75,50.0,12.5,6.25,31.25
675,0.645,1,0,12,11,10.0,6.45,83.33333333333334,8.333333333333332,8.333333333333332,0.0
676,0.496,1,0,24,23,10.0,4.96,62.5,8.333333333333332,25.0,4.166666666666666
677,0.632,1,0,20,19,10.0,6.32,50.0,0.0,35.0,15.0
678,0.678,1,0,17,16,10.0,6.78,76.47058823529412,0.0,0.0,23.52941176470588
679,0.577,1,0,14,13,10.0,5.77,14.285714285714285,0.0,21.428571428571427,64.28571428571429
680,0.734,1,0,19,18,10.0,7.34,63.1578947368421,5.263157894736842,15.789473684210526,15.789473684210526
681,0.7,1,0,10,9,10.0,7.0,60.0,0.0,10.0,30.0
682,0.524,1,0,11,10,9.0,5.24,54.54545454545454,0.0,18.181818181818183,27.27272727272727
683,0.44,1,0,7,6,10.0,4.4,85.71428571428571,0.0,14.285714285714285,0.0
684,0.54,1,0,22,21,10.0,5.4,72.72727272727273,0.0,22.727272727272727,4.545454545454546
685,0.469,1,0,15,14,10.0,4.69,60.0,6.666666666666667,0.0,33.33333333333333
686,0.685,1,0,13,12,10.0,6.85,38.46153846153847,0.0,38.46153846153847,23.076923076923077
687,0.545,1,0,12,11,10.0,5.45,100.0,0.0,0.0,0.0
688,0.52,1,0,15,14,10.0,5.2,66.66666666666666,0.0,20.0,13.333333333333334
689,0.531,1,0,16,15,10.0,5.31,12.5,0.0,50.0,37.5
690,0.646,1,0,14,13,10.0,6.46,64.28571428571429,0.0,14.285714285714285,21.428571428571427
691,0.528,1,0,18,17,10.0,5.28,94.44444444444444,0.0,5.555555555555555,0.0
692,0.444,1,0,9,8,8.0,4.44,44.44444444444444,0.0,44.44444444444444,11.11111111111111
693,0.496,1,0,15,14,10.0,4.96,33.33333333333333,0.0,26.666666666666668,40.0
694,0.445,1,0,9,8,10.0,4.45,55.55555555555556,0.0,22.22222222222222,22.22222222222222
695,0.564,1,0,17,16,10.0,5.64,52.94117647058824,11.76470588235294,0.0,35.294117647058826
696,0.549,1,0,17,16,10.0,5.49,82.35294117647058,0.0,11.76470588235294,5.88235294117647
697,0.446,1,0,15,14,9.0,4.46,73.33333333333333,0.0,26.666666666666668,0.0
698,0.488,1,0,12,11,10.0,4.88,58.333333333333336,0.0,16.666666666666664,25.0
699,0.561,1,0,15,14,10.0,5.61,66.66666666666666,0.0,13.333333333333334,20.0
700,0.555,1,0,16,15,10.0,5.55,62.5,0.0,31.25,6.25
701,0.6,1,0,17,16,10.0,6.0,29.411764705882355,0.0,23.52941176470588,47.05882352941176
702,0.486,1,0,19,18,10.0,4.86,68.42105263157895,5.263157894736842,21.052631578947366,5.263157894736842
703,0.67,1,0,13,12,10.0,6.7,23.076923076923077,0.0,30.76923076923077,46.15384615384615
704,0.573,1,0,20,19,10.0,5.73,50.0,0.0,15.0,35.0
705,0.432,1,0,16,15,10.0,4.32,68.75,0.0,18.75,12.5
706,0.736,1,0,19,18,10.0,7.36,73.68421052631578,0.0,5.263157894736842,21.052631578947366
707,0.622,1,0,18,17,10.0,6.22,50.0,0.0,22.22222222222222,27.77777777777778
708,0.585,1,0,20,19,10.0,5.85,75.0,0.0,10.0,15.0
709,0.558,1,0,14,13,10.0,5.58,50.0,0.0,28.57142857142857,21.428571428571427
710,0.54,1,0,10,9,10.0,5.4,10.0,0.0,90.0,0.0
711,0.624,1,0,17,16,10.0,6.24,11.76470588235294,0.0,52.94117647058824,35.294117647058826
712,0.471,1,0,12,11,10.0,4.71,75.0,0.0,25.0,0.0
713,0.624,1,0,15,14,10.0,6.24,86.66666666666667,0.0,0.0,13.333333333333334
714,0.612,1,0,19,18,10.0,6.12,42.10526315789473,5.263157894736842,15.789473684210526,36.84210526315789
715,0.688,1,0,25,24,10.0,6.88,56.00000000000001,0.0,24.0,20.0
716,0.612,1,0,24,23,10.0,6.12,25.0,0.0,33.33333333333333,41.66666666666667
717,0.444,1,0,15,14,10.0,4.44,13.333333333333334,0.0,73.33333333333333,13.333333333333334
718,0.558,1,0,16,15,10.0,5.58,18.75,0.0,25.0,56.25
719,0.612,1,0,19,18,10.0,6.12,78.94736842105263,0.0,15.789473684210526,5.263157894736842
720,0.438,1,0,13,12,10.0,4.38,61.53846153846154,0.0,38.46153846153847,0.0
721,0.566,1,0,19,18,10.0,5.66,52.63157894736842,0.0,15.789473684210526,31.57894736842105
722,0.598,1,0,18,17,10.0,5.98,38.88888888888889,0.0,16.666666666666664,44.44444444444444
723,0.588,1,0,19,18,10.0,5.88,57.89473684210527,5.263157894736842,21.052631578947366,15.789473684210526
724,0.616,1,0,21,20,10.0,6.16,42.857142857142854,19.047619047619047,19.047619047619047,19.047619047619047
725,0.47,1,0,11,10,10.0,4.7,54.54545454545454,36.36363636363637,9.090909090909092,0.0
726,0.637,1,0,19,18,10.0,6.37,15.789473684210526,0.0,10.526315789473683,73.68421052631578
727,0.628,1,0,21,20,10.0,6.28,47.61904761904761,0.0,14.285714285714285,38.095238095238095
728,0.592,1,0,19,18,10.0,5.92,57.89473684210527,0.0,15.789473684210526,26.31578947368421
729,0.606,1,0,14,13,10.0,6.06,42.857142857142854,0.0,50.0,7.142857142857142
730,0.316,1,0,15,14,9.0,3.16,73.33333333333333,0.0,26.666666666666668,0.0
731,0.852,1,0,31,30,10.0,8.52,54.83870967741935,0.0,9.67741935483871,35.483870967741936
732,0.68,1,0,13,12,10.0,6.8,61.53846153846154,0.0,23.076923076923077,15.384615384615385
733,0.547,1,0,15,14,10.0,5.47,60.0,26.666666666666668,13.333333333333334,0.0
734,0.645,1,0,20,19,10.0,6.45,25.0,0.0,35.0,40.0
735,0.632,1,0,23,22,10.0,6.32,34.78260869565217,21.73913043478261,26.08695652173913,17.391304347826086
736,0.495,1,0,17,16,10.0,4.95,82.35294117647058,5.88235294117647,11.76470588235294,0.0
737,0.595,1,0,9,8,9.0,5.95,77.77777777777779,0.0,0.0,22.22222222222222
738,0.416,1,0,10,9,10.0,4.16,80.0,0.0,20.0,0.0
739,0.55,1,0,17,16,10.0,5.5,64.70588235294117,0.0,35.294117647058826,0.0
740,0.58,1,0,14,13,10.0,5.8,50.0,0.0,35.714285714285715,14.285714285714285
741,0.677,1,0,22,21,10.0,6.77,18.181818181818183,0.0,36.36363636363637,45.45454545454545
742,0.465,1,0,12,11,10.0,4.65,75.0,8.333333333333332,16.666666666666664,0.0
743,0.609,1,0,16,15,10.0,6.09,37.5,6.25,25.0,31.25
744,0.496,1,0,15,14,10.0,4.96,80.0,0.0,20.0,0.0
745,0.606,1,0,13,12,10.0,6.06,61.53846153846154,15.384615384615385,7.6923076923076925,15.384615384615385
746,0.556,1,0,17,16,10.0,5.56,17.647058823529413,0.0,64.70588235294117,17.647058823529413
747,0.516,1,0,19,18,10.0,5.16,68.42105263157895,0.0,15.789473684210526,15.789473684210526
748,0.674,1,0,25,24,10.0,6.74,36.0,8.0,32.0,24.0
749,0.6,1,0,15,14,10.0,6.0,73.33333333333333,0.0,13.333333333333334,13.333333333333334
750,0.755,1,0,14,13,10.0,7.55,14.285714285714285,0.0,35.714285714285715,50.0
751,0.441,1,0,19,18,10.0,4.41,26.31578947368421,0.0,73.68421052631578,0.0
752,0.54,1,0,10,9,10.0,5.4,50.0,20.0,20.0,10.0
753,0.63,1,0,25,24,10.0,6.3,64.0,0.0,24.0,12.0
754,0.491,1,0,20,19,10.0,4.91,65.0,5.0,10.0,20.0
755,0.564,1,0,17,16,10.0,5.64,11.76470588235294,0.0,64.70588235294117,23.52941176470588
756,0.332,1,0,8,7,8.0,3.32,12.5,0.0,87.5,0.0
757,0.634,1,0,23,22,10.0,6.34,52.17391304347826,0.0,43.47826086956522,4.3478260869565215
758,0.471,1,0,18,17,10.0,4.71,66.66666666666666,0.0,27.77777777777778,5.555555555555555
759,0.556,1,0,21,20,10.0,5.56,28.57142857142857,0.0,52.38095238095239,19.047619047619047
760,0.669,1,0,16,15,10.0,6.69,56.25,0.0,25.0,18.75
761,0.585,1,0,15,14,10.0,5.85,33.33333333333333,0.0,46.666666666666664,20.0
762,0.439,1,0,12,11,10.0,4.39,75.0,8.333333333333332,16.666666666666664,0.0
763,0.487,1,0,18,17,10.0,4.87,66.66666666666666,11.11111111111111,16.666666666666664,5.555555555555555
764,0.644,1,0,21,20,10.0,6.44,57.14285714285714,0.0,23.809523809523807,19.047619047619047
765,0.66,1,0,14,13,10.0,6.6,71.42857142857143,0.0,21.428571428571427,7.142857142857142
766,0.394,1,0,10,9,9.0,3.94,30.0,0.0,70.0,0.0
767,0.47,1,0,11,10,10.0,4.7,63.63636363636363,0.0,18.181818181818183,18.181818181818183
768,0.466,1,0,21,20,10.0,4.66,33.33333333333333,0.0,28.57142857142857,38.095238095238095
769,0.76,1,0,21,20,10.0,7.6,47.61904761904761,0.0,19.047619047619047,33.33333333333333
770,0.625,1,0,13,12,10.0,6.25,84.61538461538461,0.0,7.6923076923076925,7.6923076923076925
771,0.508,1,0,16,15,10.0,5.08,75.0,0.0,18.75,6.25
772,0.638,1,0,24,23,10.0,6.38,62.5,0.0,16.666666666666664,20.833333333333336
773,0.52,1,0,16,15,10.0,5.2,18.75,12.5,43.75,25.0
774,0.548,1,0,13,12,10.0,5.48,84.61538461538461,0.0,7.6923076923076925,7.6923076923076925
775,0.466,1,0,15,14,10.0,4.66,40.0,0.0,60.0,0.0
776,0.584,1,0,18,17,10.0,5.84,88.88888888888889,0.0,0.0,11.11111111111111
777,0.643,1,0,22,21,10.0,6.43,27.27272727272727,0.0,18.181818181818183,54.54545454545454
778,0.575,1,0,11,10,10.0,5.75,63.63636363636363,18.181818181818183,0.0,18.181818181818183
779,0.656,1,0,15,14,10.0,6.56,40.0,0.0,26.666666666666668,33.33333333333333
780,0.57,1,0,24,23,10.0,5.7,45.83333333333333,0.0,50.0,4.166666666666666
781,0.544,1,0,19,18,10.0,5.44,52.63157894736842,10.526315789473683,31.57894736842105,5.263157894736842
782,0.552,1,0,17,16,10.0,5.52,47.05882352941176,0.0,47.05882352941176,5.88235294117647
783,0.58,1,0,19,18,10.0,5.8,52.63157894736842,0.0,31.57894736842105,15.789473684210526
784,0.518,1,0,19,18,9.0,5.18,47.368421052631575,0.0,42.10526315789473,10.526315789473683
785,0.72,1,0,20,19,10.0,7.2,45.0,5.0,15.0,35.0
786,0.53,1,0,11,10,10.0,5.3,63.63636363636363,0.0,18.181818181818183,18.181818181818183
787,0.83,1,0,16,15,10.0,8.3,43.75,6.25,18.75,31.25
788,0.388,1,0,9,8,10.0,3.88,66.66666666666666,0.0,33.33333333333333,0.0
789,0.615,1,0,13,12,10.0,6.15,38.46153846153847,15.384615384615385,23.076923076923077,23.076923076923077
790,0.444,1,0,17,16,10.0,4.44,47.05882352941176,0.0,35.294117647058826,17.647058823529413
791,0.464,1,0,12,11,10.0,4.64,75.0,16.666666666666664,8.333333333333332,0.0
792,0.595,1,0,21,20,10.0,5.95,19.047619047619047,0.0,19.047619047619047,61.904761904761905
793,0.528,1,0,14,13,10.0,5.28,85.71428571428571,7.142857142857142,7.142857142857142,0.0
794,0.75,1,0,16,15,10.0,7.5,37.5,0.0,25.0,37.5
795,0.642,1,0,16,15,10.0,6.42,25.0,0.0,37.5,37.5
796,0.8,1,0,14,13,10.0,8.0,57.14285714285714,0.0,7.142857142857142,35.714285714285715
797,0.756,1,0,27,26,10.0,7.56,51.85185185185185,7.4074074074074066,18.51851851851852,22.22222222222222
798,0.65,1,0,26,25,10.0,6.5,69.23076923076923,7.6923076923076925,7.6923076923076925,15.384615384615385
799,0.666,1,0,15,14,10.0,6.66,40.0,0.0,33.33333333333333,26.666666666666668
800,0.51,1,0,16,15,10.0,5.1,12.5,0.0,68.75,18.75
801,0.656,1,0,19,18,10.0,6.56,57.89473684210527,0.0,15.789473684210526,26.31578947368421
802,0.575,1,0,12,11,10.0,5.75,58.333333333333336,8.333333333333332,33.33333333333333,0.0
803,0.524,1,0,12,11,10.0,5.24,16.666666666666664,33.33333333333333,41.66666666666667,8.333333333333332
804,0.689,1,0,22,21,10.0,6.89,36.36363636363637,0.0,31.818181818181817,31.818181818181817
805,0.424,1,0,14,13,10.0,4.24,28.57142857142857,0.0,35.714285714285715,35.714285714285715
806,0.704,1,0,14,13,10.0,7.04,57.14285714285714,21.428571428571427,0.0,21.428571428571427
807,0.57,1,0,18,17,10.0,5.7,22.22222222222222,5.555555555555555,27.77777777777778,44.44444444444444
808,0.651,1,0,24,23,10.0,6.51,16.666666666666664,0.0,50.0,33.33333333333333
809,0.568,1,0,18,17,10.0,5.68,33.33333333333333,11.11111111111111,22.22222222222222,33.33333333333333
810,0.42,1,0,16,15,10.0,4.2,93.75,0.0,6.25,0.0
811,0.579,1,0,14,13,10.0,5.79,64.28571428571429,0.0,7.142857142857142,28.57142857142857
812,0.704,1,0,21,20,10.0,7.04,28.57142857142857,0.0,33.33333333333333,38.095238095238095
813,0.495,1,0,10,9,10.0,4.95,60.0,0.0,20.0,20.0
814,0.63,1,0,15,14,10.0,6.3,60.0,0.0,26.666666666666668,13.333333333333334
815,0.53,1,0,14,13,10.0,5.3,50.0,0.0,14.285714285714285,35.714285714285715
816,0.576,1,0,17,16,10.0,5.76,17.647058823529413,0.0,47.05882352941176,35.294117647058826
817,0.352,1,0,11,10,10.0,3.52,63.63636363636363,0.0,36.36363636363637,0.0
818,0.604,1,0,20,19,10.0,6.04,85.0,10.0,5.0,0.0
819,0.71,1,0,11,10,10.0,7.1,54.54545454545454,0.0,36.36363636363637,9.090909090909092
820,0.648,1,0,27,26,10.0,6.48,59.25925925925925,0.0,18.51851851851852,22.22222222222222
821,0.544,1,0,15,14,10.0,5.44,73.33333333333333,0.0,6.666666666666667,20.0
822,0.52,1,0,16,15,10.0,5.2,62.5,0.0,25.0,12.5
823,0.652,1,0,19,18,10.0,6.52,57.89473684210527,5.263157894736842,15.789473684210526,21.052631578947366
824,0.525,1,0,13,12,10.0,5.25,46.15384615384615,15.384615384615385,23.076923076923077,15.384615384615385
825,0.516,1,0,15,14,10.0,5.16,60.0,13.333333333333334,0.0,26.666666666666668
826,0.516,1,0,18,17,10.0,5.16,61.111111111111114,0.0,5.555555555555555,33.33333333333333
827,0.498,1,0,15,14,10.0,4.98,86.66666666666667,0.0,13.333333333333334,0.0
828,0.546,1,0,16,15,9.0,5.46,25.0,0.0,50.0,25.0
829,0.448,1,0,13,12,10.0,4.48,30.76923076923077,7.6923076923076925,53.84615384615385,7.6923076923076925
830,0.556,1,0,17,16,10.0,5.56,52.94117647058824,0.0,35.294117647058826,11.76470588235294
831,0.558,1,0,21,20,10.0,5.58,47.61904761904761,4.761904761904762,38.095238095238095,9.523809523809524
832,0.469,1,0,15,14,10.0,4.69,86.66666666666667,13.333333333333334,0.0,0.0
833,0.508,1,0,13,12,10.0,5.08,84.61538461538461,0.0,7.6923076923076925,7.6923076923076925
834,0.474,1,0,14,13,10.0,4.74,71.42857142857143,0.0,28.57142857142857,0.0
835,0.644,1,0,19,18,10.0,6.44,68.42105263157895,0.0,10.526315789473683,21.052631578947366
836,0.463,1,0,14,13,10.0,4.63,78.57142857142857,7.142857142857142,14.285714285714285,0.0
837,0.612,1,0,16,15,10.0,6.12,43.75,6.25,37.5,12.5
838,0.522,1,0,16,15,10.0,5.22,31.25,0.0,50.0,18.75
839,0.326,1,0,11,10,10.0,3.26,63.63636363636363,0.0,27.27272727272727,9.090909090909092
840,0.498,1,0,17,16,10.0,4.98,29.411764705882355,0.0,52.94117647058824,17.647058823529413
841,0.628,1,0,15,14,10.0,6.28,26.666666666666668,0.0,26.666666666666668,46.666666666666664
842,0.616,1,0,15,14,10.0,6.16,33.33333333333333,6.666666666666667,26.666666666666668,33.33333333333333
843,0.568,1,0,12,11,10.0,5.68,58.333333333333336,8.333333333333332,16.666666666666664,16.666666666666664
844,0.728,1,0,25,24,10.0,7.28,40.0,0.0,32.0,28.000000000000004
845,0.472,1,0,13,12,10.0,4.72,53.84615384615385,15.384615384615385,15.384615384615385,15.384615384615385
846,0.484,1,0,16,15,10.0,4.84,18.75,0.0,18.75,62.5
847,0.488,1,0,15,14,10.0,4.88,53.333333333333336,0.0,20.0,26.666666666666668
848,0.582,1,0,15,14,10.0,5.82,20.0,26.666666666666668,6.666666666666667,46.666666666666664
849,0.7,1,0,15,14,10.0,7.0,73.33333333333333,0.0,13.333333333333334,13.333333333333334
850,0.693,1,0,19,18,10.0,6.93,15.789473684210526,5.263157894736842,63.1578947368421,15.789473684210526
851,0.652,1,0,22,21,10.0,6.52,63.63636363636363,0.0,4.545454545454546,31.818181818181817
852,0.688,1,0,19,18,10.0,6.88,78.94736842105263,0.0,15.789473684210526,5.263157894736842
853,0.311,1,0,13,12,10.0,3.11,76.92307692307693,0.0,23.076923076923077,0.0
854,0.605,1,0,11,10,10.0,6.05,63.63636363636363,0.0,36.36363636363637,0.0
855,0.701,1,0,18,17,10.0,7.01,0.0,16.666666666666664,33.33333333333333,50.0
856,0.496,1,0,18,17,10.0,4.96,72.22222222222221,0.0,22.22222222222222,5.555555555555555
857,0.486,1,0,14,13,10.0,4.86,42.857142857142854,0.0,50.0,7.142857142857142
858,0.74,1,0,16,15,10.0,7.4,50.0,0.0,25.0,25.0
859,0.745,1,0,17,16,10.0,7.45,47.05882352941176,0.0,41.17647058823529,11.76470588235294
860,0.587,1,0,13,12,10.0,5.87,69.23076923076923,7.6923076923076925,15.384615384615385,7.6923076923076925
861,0.515,1,0,10,9,10.0,5.15,70.0,0.0,0.0,30.0
862,0.554,1,0,16,15,10.0,5.54,68.75,0.0,31.25,0.0
863,0.76,1,0,21,20,10.0,7.6,42.857142857142854,4.761904761904762,0.0,52.38095238095239
864,0.644,1,0,26,25,10.0,6.44,50.0,7.6923076923076925,26.923076923076923,15.384615384615385
865,0.585,1,0,12,11,10.0,5.85,75.0,8.333333333333332,16.666666666666664,0.0
866,0.574,1,0,14,13,10.0,5.74,28.57142857142857,0.0,7.142857142857142,64.28571428571429
867,0.471,1,0,16,15,10.0,4.71,18.75,0.0,50.0,31.25
868,0.508,1,0,15,14,10.0,5.08,20.0,0.0,73.33333333333333,6.666666666666667
869,0.602,1,0,21,20,10.0,6.02,47.61904761904761,0.0,33.33333333333333,19.047619047619047
870,0.566,1,0,17,16,10.0,5.66,64.70588235294117,0.0,23.52941176470588,11.76470588235294
871,0.605,1,0,20,19,10.0,6.05,30.0,0.0,35.0,35.0
872,0.784,1,0,24,23,10.0,7.84,50.0,0.0,33.33333333333333,16.666666666666664
873,0.476,1,0,14,13,10.0,4.76,7.142857142857142,0.0,35.714285714285715,57.14285714285714
874,0.494,1,0,21,20,10.0,4.94,28.57142857142857,4.761904761904762,33.33333333333333,33.33333333333333
875,0.414,1,0,15,14,10.0,4.14,53.333333333333336,0.0,33.33333333333333,13.333333333333334
876,0.573,1,0,15,14,10.0,5.73,26.666666666666668,6.666666666666667,20.0,46.666666666666664
877,0.505,1,0,11,10,10.0,5.05,81.81818181818183,0.0,18.181818181818183,0.0
878,0.73,1,0,16,15,10.0,7.3,37.5,6.25,6.25,50.0
879,0.49,1,0,15,14,10.0,4.9,60.0,6.666666666666667,33.33333333333333,0.0
880,0.65,1,0,14,13,10.0,6.5,21.428571428571427,50.0,7.142857142857142,21.428571428571427
881,0.64,1,0,16,15,10.0,6.4,31.25,0.0,68.75,0.0
882,0.565,1,0,13,12,10.0,5.65,38.46153846153847,0.0,0.0,61.53846153846154
883,0.616,1,0,16,15,10.0,6.16,68.75,12.5,18.75,0.0
884,0.651,1,0,24,23,10.0,6.51,75.0,0.0,20.833333333333336,4.166666666666666
885,0.694,1,0,15,14,10.0,6.94,53.333333333333336,0.0,6.666666666666667,40.0
886,0.59,1,0,13,12,10.0,5.9,23.076923076923077,7.6923076923076925,30.76923076923077,38.46153846153847
887,0.826,1,0,21,20,10.0,8.26,38.095238095238095,0.0,33.33333333333333,28.57142857142857
888,0.746,1,0,22,21,10.0,7.46,31.818181818181817,0.0,31.818181818181817,36.36363636363637
889,0.525,1,0,8,7,10.0,5.25,75.0,0.0,25.0,0.0
890,0.48,1,0,20,19,10.0,4.8,60.0,0.0,30.0,10.0
891,0.485,1,0,11,10,9.0,4.85,54.54545454545454,18.181818181818183,9.090909090909092,18.181818181818183
892,0.685,1,0,13,12,10.0,6.85,69.23076923076923,7.6923076923076925,7.6923076923076925,15.384615384615385
893,0.508,1,0,17,16,10.0,5.08,58.82352941176471,0.0,29.411764705882355,11.76470588235294
894,0.336,1,0,9,8,8.0,3.36,22.22222222222222,0.0,66.66666666666666,11.11111111111111
895,0.808,1,0,27,26,10.0,8.08,55.55555555555556,0.0,11.11111111111111,33.33333333333333
896,0.764,1,0,19,18,10.0,7.64,36.84210526315789,0.0,26.31578947368421,36.84210526315789
897,0.693,1,0,14,13,10.0,6.93,28.57142857142857,7.142857142857142,28.57142857142857,35.714285714285715
898,0.634,1,0,17,16,10.0,6.34,47.05882352941176,0.0,47.05882352941176,5.88235294117647
899,0.596,1,0,17,16,10.0,5.96,17.647058823529413,5.88235294117647,58.82352941176471,17.647058823529413
900,0.732,1,0,27,26,10.0,7.32,51.85185185185185,3.7037037037037033,18.51851851851852,25.925925925925924
901,0.482,1,0,15,14,10.0,4.82,33.33333333333333,0.0,46.666666666666664,20.0
902,0.514,1,0,15,14,10.0,5.14,60.0,0.0,26.666666666666668,13.333333333333334
903,0.434,1,0,18,17,10.0,4.34,33.33333333333333,11.11111111111111,44.44444444444444,11.11111111111111
904,0.6,1,0,18,17,10.0,6.0,44.44444444444444,0.0,22.22222222222222,33.33333333333333
905,0.605,1,0,14,13,10.0,6.05,35.714285714285715,0.0,57.14285714285714,7.142857142857142
906,0.655,1,0,19,18,10.0,6.55,42.10526315789473,0.0,42.10526315789473,15.789473684210526
907,0.598,1,0,24,23,10.0,5.98,16.666666666666664,0.0,50.0,33.33333333333333
908,0.509,1,0,17,16,10.0,5.09,35.294117647058826,0.0,58.82352941176471,5.88235294117647
909,0.348,1,0,10,9,10.0,3.48,30.0,0.0,50.0,20.0
910,0.73,1,0,12,11,10.0,7.3,33.33333333333333,0.0,25.0,41.66666666666667
911,0.692,1,0,22,21,10.0,6.92,36.36363636363637,4.545454545454546,22.727272727272727,36.36363636363637
912,0.6,1,0,9,8,10.0,6.0,44.44444444444444,33.33333333333333,11.11111111111111,11.11111111111111
913,0.588,1,0,16,15,10.0,5.88,56.25,0.0,12.5,31.25
914,0.614,1,0,24,23,10.0,6.14,33.33333333333333,0.0,29.166666666666668,37.5
915,0.53,1,0,10,9,9.0,5.3,90.0,10.0,0.0,0.0
916,0.408,1,0,15,14,9.0,4.08,20.0,0.0,80.0,0.0
917,0.624,1,0,19,18,10.0,6.24,57.89473684210527,0.0,10.526315789473683,31.57894736842105
918,0.585,1,0,16,15,10.0,5.85,18.75,0.0,37.5,43.75
919,0.444,1,0,15,14,10.0,4.44,66.66666666666666,0.0,33.33333333333333,0.0
920,0.597,1,0,16,15,10.0,5.97,100.0,0.0,0.0,0.0
921,0.538,1,0,15,14,10.0,5.38,40.0,6.666666666666667,26.666666666666668,26.666666666666668
922,0.56,1,0,16,15,10.0,5.6,25.0,12.5,37.5,25.0
923,0.58,1,0,28,27,10.0,5.8,71.42857142857143,7.142857142857142,14.285714285714285,7.142857142857142
924,0.88,1,0,16,15,10.0,8.8,68.75,0.0,0.0,31.25
925,0.469,1,0,17,16,10.0,4.69,58.82352941176471,0.0,23.52941176470588,17.647058823529413
926,0.674,1,0,22,21,10.0,6.74,54.54545454545454,4.545454545454546,31.818181818181817,9.090909090909092
927,0.435,1,0,8,7,9.0,4.35,75.0,12.5,12.5,0.0
928,0.588,1,0,27,26,10.0,5.88,18.51851851851852,7.4074074074074066,37.03703703703704,37.03703703703704
929,0.568,1,0,20,19,10.0,5.68,50.0,0.0,50.0,0.0
930,0.512,1,0,19,18,10.0,5.12,63.1578947368421,0.0,36.84210526315789,0.0
931,0.571,1,0,14,13,8.0,5.71,14.285714285714285,0.0,57.14285714285714,28.57142857142857
932,0.65,1,0,21,20,10.0,6.5,19.047619047619047,0.0,47.61904761904761,33.33333333333333
933,0.508,1,0,13,12,10.0,5.08,15.384615384615385,0.0,23.076923076923077,61.53846153846154
934,0.643,1,0,23,22,10.0,6.43,21.73913043478261,8.695652173913043,30.434782608695656,39.130434782608695
935,0.661,1,0,21,20,10.0,6.61,38.095238095238095,0.0,47.61904761904761,14.285714285714285
936,0.58,1,0,16,15,10.0,5.8,25.0,18.75,25.0,31.25
937,0.596,1,0,17,16,10.0,5.96,11.76470588235294,0.0,35.294117647058826,52.94117647058824
938,0.583,1,0,15,14,10.0,5.83,46.666666666666664,0.0,20.0,33.33333333333333
939,0.63,1,0,12,11,10.0,6.3,50.0,25.0,8.333333333333332,16.666666666666664
940,0.51,1,0,10,9,10.0,5.1,20.0,0.0,30.0,50.0
941,0.434,1,0,13,12,10.0,4.34,84.61538461538461,0.0,7.6923076923076925,7.6923076923076925
942,0.56,1,0,17,16,10.0,5.6,64.70588235294117,0.0,23.52941176470588,11.76470588235294
943,0.404,1,0,14,13,10.0,4.04,71.42857142857143,21.428571428571427,7.142857142857142,0.0
944,0.51,1,0,16,15,10.0,5.1,12.5,0.0,50.0,37.5
945,0.56,1,0,17,16,10.0,5.6,35.294117647058826,11.76470588235294,23.52941176470588,29.411764705882355
946,0.632,1,0,19,18,10.0,6.32,36.84210526315789,0.0,42.10526315789473,21.052631578947366
947,0.36,1,0,11,10,9.0,3.6,18.181818181818183,0.0,27.27272727272727,54.54545454545454
948,0.488,1,0,14,13,10.0,4.88,7.142857142857142,0.0,71.42857142857143,21.428571428571427
949,0.426,1,0,15,14,10.0,4.26,40.0,0.0,60.0,0.0
950,0.678,1,0,22,21,10.0,6.78,31.818181818181817,0.0,31.818181818181817,36.36363636363637
951,0.52,1,0,11,10,9.0,5.2,72.72727272727273,0.0,9.090909090909092,18.181818181818183
952,0.664,1,0,20,19,10.0,6.64,65.0,0.0,25.0,10.0
953,0.596,1,0,18,17,10.0,5.96,55.55555555555556,0.0,38.88888888888889,5.555555555555555
954,0.468,1,0,10,9,10.0,4.68,70.0,10.0,10.0,10.0
955,0.53,1,0,11,10,10.0,5.3,45.45454545454545,27.27272727272727,9.090909090909092,18.181818181818183
956,0.469,1,0,12,11,10.0,4.69,16.666666666666664,25.0,41.66666666666667,16.666666666666664
957,0.572,1,0,14,13,10.0,5.72,57.14285714285714,7.142857142857142,21.428571428571427,14.285714285714285
958,0.412,1,0,11,10,9.0,4.12,63.63636363636363,0.0,27.27272727272727,9.090909090909092
959,0.468,1,0,14,13,10.0,4.68,71.42857142857143,7.142857142857142,21.428571428571427,0.0
960,0.634,1,0,16,15,10.0,6.34,31.25,0.0,31.25,37.5
961,0.548,1,0,18,17,10.0,5.48,16.666666666666664,5.555555555555555,50.0,27.77777777777778
962,0.52,1,0,9,8,10.0,5.2,44.44444444444444,0.0,44.44444444444444,11.11111111111111
963,0.596,1,0,12,11,10.0,5.96,66.66666666666666,0.0,8.333333333333332,25.0
964,0.496,1,0,14,13,10.0,4.96,85.71428571428571,7.142857142857142,7.142857142857142,0.0
965,0.74,1,0,15,14,10.0,7.4,40.0,6.666666666666667,13.333333333333334,40.0
966,0.436,1,0,15,14,10.0,4.36,26.666666666666668,6.666666666666667,53.333333333333336,13.333333333333334
967,0.62,1,0,13,12,10.0,6.2,30.76923076923077,0.0,53.84615384615385,15.384615384615385
968,0.646,1,0,17,16,10.0,6.46,41.17647058823529,23.52941176470588,23.52941176470588,11.76470588235294
969,0.625,1,0,14,13,10.0,6.25,64.28571428571429,7.142857142857142,14.285714285714285,14.285714285714285
970,0.74,1,0,34,33,10.0,7.4,32.35294117647059,23.52941176470588,29.411764705882355,14.705882352941178
971,0.652,1,0,19,18,10.0,6.52,47.368421052631575,0.0,10.526315789473683,42.10526315789473
972,0.484,1,0,11,10,10.0,4.84,27.27272727272727,27.27272727272727,18.181818181818183,27.27272727272727
973,0.556,1,0,20,19,10.0,5.56,35.0,30.0,20.0,15.0
974,0.464,1,0,20,19,10.0,4.64,45.0,0.0,20.0,35.0
975,0.476,1,0,16,15,10.0,4.76,37.5,31.25,25.0,6.25
976,0.358,1,0,10,9,10.0,3.58,70.0,10.0,20.0,0.0
977,0.6,1,0,17,16,10.0,6.0,64.70588235294117,11.76470588235294,11.76470588235294,11.76470588235294
978,0.524,1,0,13,12,10.0,5.24,7.6923076923076925,15.384615384615385,69.23076923076923,7.6923076923076925
979,0.67,1,0,18,17,10.0,6.7,61.111111111111114,0.0,27.77777777777778,11.11111111111111
980,0.626,1,0,18,17,10.0,6.26,50.0,11.11111111111111,16.666666666666664,22.22222222222222
981,0.328,1,0,8,7,9.0,3.28,50.0,25.0,25.0,0.0
982,0.505,1,0,11,10,9.0,5.05,36.36363636363637,0.0,18.181818181818183,45.45454545454545
983,0.652,1,0,20,19,10.0,6.52,50.0,5.0,25.0,20.0
984,0.567,1,0,16,15,10.0,5.67,68.75,0.0,0.0,31.25
985,0.718,1,0,25,24,10.0,7.18,52.0,0.0,32.0,16.0
986,0.65,1,0,11,10,10.0,6.5,27.27272727272727,0.0,45.45454545454545,27.27272727272727
987,0.538,1,0,13,12,10.0,5.38,53.84615384615385,15.384615384615385,30.76923076923077,0.0
988,0.485,1,0,11,10,10.0,4.85,18.181818181818183,0.0,27.27272727272727,54.54545454545454
989,0.51,1,0,16,15,10.0,5.1,37.5,6.25,50.0,6.25
990,0.96,1,0,21,20,10.0,9.6,33.33333333333333,9.523809523809524,4.761904761904762,52.38095238095239
991,0.533,1,0,16,15,10.0,5.33,43.75,6.25,37.5,12.5
992,0.739,1,0,21,20,10.0,7.39,19.047619047619047,0.0,47.61904761904761,33.33333333333333
993,0.53,1,0,16,15,10.0,5.3,18.75,0.0,56.25,25.0
994,0.592,1,0,11,10,10.0,5.92,63.63636363636363,0.0,18.181818181818183,18.181818181818183
995,0.462,1,0,10,9,9.0,4.62,40.0,30.0,20.0,10.0
996,0.562,1,0,22,21,10.0,5.62,40.909090909090914,0.0,31.818181818181817,27.27272727272727
997,0.466,1,0,16,15,10.0,4.66,50.0,12.5,37.5,0.0
998,0.58,1,0,18,17,10.0,5.8,33.33333333333333,5.555555555555555,22.22222222222222,38.88888888888889
999,0.588,1,0,19,18,10.0,5.88,21.052631578947366,0.0,26.31578947368421,52.63157894736842
1000,0.569,1,0,22,21,10.0,5.69,63.63636363636363,31.818181818181817,4.545454545454546,0.0
1001,0.624,1,0,18,17,10.0,6.24,33.33333333333333,22.22222222222222,5.555555555555555,38.88888888888889
1002,0.45,1,0,12,11,10.0,4.5,25.0,0.0,66.66666666666666,8.333333333333332
1003,0.568,1,0,17,16,10.0,5.68,52.94117647058824,0.0,29.411764705882355,17.647058823529413
1004,0.78,1,0,14,13,10.0,7.8,64.28571428571429,0.0,14.285714285714285,21.428571428571427
1005,0.527,1,0,18,17,10.0,5.27,61.111111111111114,0.0,5.555555555555555,33.33333333333333
1006,0.505,1,0,11,10,10.0,5.05,72.72727272727273,9.090909090909092,18.181818181818183,0.0
1007,0.672,1,0,21,20,10.0,6.72,28.57142857142857,0.0,42.857142857142854,28.57142857142857
1008,0.633,1,0,14,13,10.0,6.33,42.857142857142854,14.285714285714285,7.142857142857142,35.714285714285715
1009,0.53,1,0,11,10,10.0,5.3,63.63636363636363,0.0,18.181818181818183,18.181818181818183
1010,0.482,1,0,14,13,10.0,4.82,7.142857142857142,0.0,14.285714285714285,78.57142857142857
1011,0.784,1,0,27,26,10.0,7.84,51.85185185185185,3.7037037037037033,14.814814814814813,29.629629629629626
1012,0.8,1,0,19,18,10.0,8.0,5.263157894736842,0.0,42.10526315789473,52.63157894736842
1013,0.535,1,0,9,8,9.0,5.35,66.66666666666666,0.0,11.11111111111111,22.22222222222222
1014,0.386,1,0,10,9,10.0,3.86,80.0,10.0,10.0,0.0
1015,0.532,1,0,22,21,10.0,5.32,54.54545454545454,13.636363636363635,31.818181818181817,0.0
1016,0.628,1,0,18,17,10.0,6.28,27.77777777777778,5.555555555555555,11.11111111111111,55.55555555555556
1017,0.845,1,0,14,13,10.0,8.45,42.857142857142854,0.0,0.0,57.14285714285714
1018,0.408,1,0,13,12,10.0,4.08,69.23076923076923,7.6923076923076925,15.384615384615385,7.6923076923076925
1019,0.744,1,0,19,18,10.0,7.44,21.052631578947366,0.0,31.57894736842105,47.368421052631575
1020,0.684,1,0,15,14,10.0,6.84,86.66666666666667,0.0,13.333333333333334,0.0
1021,0.712,1,0,20,19,10.0,7.12,35.0,0.0,25.0,40.0
1022,0.35,1,0,14,13,10.0,3.5,50.0,7.142857142857142,35.714285714285715,7.142857142857142
1023,0.601,1,0,15,14,10.0,6.01,40.0,6.666666666666667,46.666666666666664,6.666666666666667
1024,0.635,1,0,15,14,10.0,6.35,20.0,0.0,26.666666666666668,53.333333333333336
1025,0.48,1,0,13,12,10.0,4.8,46.15384615384615,0.0,30.76923076923077,23.076923076923077
1026,0.655,1,0,13,12,10.0,6.55,69.23076923076923,7.6923076923076925,0.0,23.076923076923077
1027,0.507,1,0,16,15,10.0,5.07,25.0,0.0,56.25,18.75
1028,0.576,1,0,11,10,10.0,5.76,63.63636363636363,0.0,18.181818181818183,18.181818181818183
1029,0.567,1,0,14,13,10.0,5.67,50.0,28.57142857142857,21.428571428571427,0.0
1030,0.71,1,0,13,12,10.0,7.1,30.76923076923077,7.6923076923076925,53.84615384615385,7.6923076923076925
1031,0.552,1,0,23,22,10.0,5.52,13.043478260869565,8.695652173913043,65.21739130434783,13.043478260869565
1032,0.506,1,0,17,16,10.0,5.06,23.52941176470588,0.0,64.70588235294117,11.76470588235294
1033,0.642,1,0,23,22,10.0,6.42,47.82608695652174,13.043478260869565,21.73913043478261,17.391304347826086
1034,0.537,1,0,18,17,10.0,5.37,38.88888888888889,0.0,50.0,11.11111111111111
1035,0.552,1,0,17,16,10.0,5.52,64.70588235294117,11.76470588235294,11.76470588235294,11.76470588235294
1036,0.44,1,0,12,11,10.0,4.4,50.0,0.0,50.0,0.0
1037,0.744,1,0,19,18,10.0,7.44,52.63157894736842,10.526315789473683,15.789473684210526,21.052631578947366
1038,0.82,1,0,29,28,10.0,8.2,24.137931034482758,0.0,10.344827586206897,65.51724137931035
1039,0.328,1,0,10,9,9.0,3.28,10.0,10.0,50.0,30.0
1040,0.571,1,0,15,14,10.0,5.71,40.0,0.0,53.333333333333336,6.666666666666667
1041,0.532,1,0,17,16,10.0,5.32,35.294117647058826,0.0,41.17647058823529,23.52941176470588
1042,0.573,1,0,14,13,10.0,5.73,71.42857142857143,0.0,7.142857142857142,21.428571428571427
1043,0.558,1,0,17,16,10.0,5.58,35.294117647058826,0.0,35.294117647058826,29.411764705882355
1044,0.628,1,0,19,18,10.0,6.28,84.21052631578947,0.0,15.789473684210526,0.0
1045,0.62,1,0,12,11,10.0,6.2,41.66666666666667,0.0,41.66666666666667,16.666666666666664
1046,0.407,1,0,16,15,10.0,4.07,6.25,0.0,50.0,43.75
1047,0.652,1,0,18,17,10.0,6.52,38.88888888888889,0.0,33.33333333333333,27.77777777777778
1048,0.672,1,0,15,14,10.0,6.72,20.0,0.0,40.0,40.0
1049,0.715,1,0,19,18,10.0,7.15,42.10526315789473,10.526315789473683,0.0,47.368421052631575
1050,0.73,1,0,14,13,10.0,7.3,21.428571428571427,0.0,21.428571428571427,57.14285714285714
1051,0.66,1,0,18,17,10.0,6.6,11.11111111111111,0.0,44.44444444444444,44.44444444444444
1052,0.562,1,0,15,14,10.0,5.62,60.0,0.0,20.0,20.0
1053,0.533,1,0,14,13,10.0,5.33,21.428571428571427,0.0,50.0,28.57142857142857
1054,0.444,1,0,12,11,9.0,4.44,16.666666666666664,0.0,58.333333333333336,25.0
1055,0.615,1,0,11,10,10.0,6.15,81.81818181818183,9.090909090909092,0.0,9.090909090909092
1056,0.815,1,0,20,19,10.0,8.15,50.0,10.0,20.0,20.0
1057,0.57,1,0,11,10,10.0,5.7,54.54545454545454,27.27272727272727,0.0,18.181818181818183
1058,0.459,1,0,13,12,10.0,4.59,53.84615384615385,0.0,38.46153846153847,7.6923076923076925
1059,0.46,1,0,15,14,10.0,4.6,46.666666666666664,0.0,40.0,13.333333333333334
1060,0.8,1,0,11,10,10.0,8.0,72.72727272727273,0.0,9.090909090909092,18.181818181818183
1061,0.46,1,0,16,15,10.0,4.6,87.5,0.0,12.5,0.0
1062,0.382,1,0,11,10,10.0,3.82,63.63636363636363,9.090909090909092,27.27272727272727,0.0
1063,0.496,1,0,19,18,10.0,4.96,73.68421052631578,0.0,26.31578947368421,0.0
1064,0.646,1,0,20,19,10.0,6.46,70.0,10.0,10.0,10.0
1065,0.652,1,0,21,20,10.0,6.52,66.66666666666666,0.0,28.57142857142857,4.761904761904762
1066,0.655,1,0,14,13,10.0,6.55,50.0,35.714285714285715,14.285714285714285,0.0
1067,0.568,1,0,20,19,10.0,5.68,10.0,5.0,35.0,50.0
1068,0.648,1,0,21,20,10.0,6.48,57.14285714285714,9.523809523809524,9.523809523809524,23.809523809523807
1069,0.588,1,0,19,18,10.0,5.88,42.10526315789473,5.263157894736842,21.052631578947366,31.57894736842105
1070,0.48,1,0,11,10,10.0,4.8,54.54545454545454,9.090909090909092,36.36363636363637,0.0
1071,0.434,1,0,10,9,10.0,4.34,80.0,0.0,20.0,0.0
1072,0.482,1,0,15,14,10.0,4.82,66.66666666666666,6.666666666666667,20.0,6.666666666666667
1073,0.648,1,0,19,18,10.0,6.48,57.89473684210527,0.0,26.31578947368421,15.789473684210526
1074,0.476,1,0,21,20,10.0,4.76,38.095238095238095,28.57142857142857,23.809523809523807,9.523809523809524
1075,0.54,1,0,10,9,10.0,5.4,80.0,0.0,20.0,0.0
1076,0.598,1,0,16,15,10.0,5.98,62.5,6.25,25.0,6.25
1077,0.55,1,0,12,11,10.0,5.5,50.0,33.33333333333333,16.666666666666664,0.0
1078,0.502,1,0,15,14,10.0,5.02,33.33333333333333,6.666666666666667,33.33333333333333,26.666666666666668
1079,0.472,1,0,16,15,10.0,4.72,75.0,6.25,12.5,6.25
1080,0.564,1,0,16,15,10.0,5.64,43.75,18.75,18.75,18.75
1081,0.568,1,0,17,16,10.0,5.68,47.05882352941176,0.0,35.294117647058826,17.647058823529413
1082,0.526,1,0,16,15,10.0,5.26,31.25,6.25,56.25,6.25
1083,0.329,1,0,14,13,10.0,3.29,42.857142857142854,0.0,35.714285714285715,21.428571428571427
1084,0.68,1,0,12,11,10.0,6.8,25.0,0.0,16.666666666666664,58.333333333333336
1085,0.576,1,0,20,19,10.0,5.76,80.0,0.0,15.0,5.0
1086,0.507,1,0,14,13,10.0,5.07,7.142857142857142,0.0,71.42857142857143,21.428571428571427
1087,0.625,1,0,16,15,10.0,6.25,56.25,0.0,31.25,12.5
1088,0.716,1,0,27,26,10.0,7.16,51.85185185185185,0.0,29.629629629629626,18.51851851851852
1089,0.74,1,0,15,14,10.0,7.4,13.333333333333334,0.0,46.666666666666664,40.0
1090,0.52,1,0,8,7,10.0,5.2,50.0,0.0,25.0,25.0
1091,0.6,1,0,21,20,10.0,6.0,52.38095238095239,14.285714285714285,14.285714285714285,19.047619047619047
1092,0.5,1,0,18,17,10.0,5.0,44.44444444444444,11.11111111111111,33.33333333333333,11.11111111111111
1093,0.402,1,0,14,13,10.0,4.02,14.285714285714285,0.0,35.714285714285715,50.0
1094,0.636,1,0,20,19,10.0,6.36,20.0,0.0,25.0,55.00000000000001
1095,0.624,1,0,14,13,10.0,6.24,14.285714285714285,0.0,28.57142857142857,57.14285714285714
1096,0.32,1,0,9,8,10.0,3.2,77.77777777777779,0.0,22.22222222222222,0.0
1097,0.641,1,0,21,20,10.0,6.41,33.33333333333333,0.0,38.095238095238095,28.57142857142857
1098,0.575,1,0,10,9,10.0,5.75,50.0,10.0,10.0,30.0
1099,0.704,1,0,20,19,10.0,7.04,50.0,0.0,20.0,30.0
1100,0.508,1,0,15,14,10.0,5.08,73.33333333333333,0.0,6.666666666666667,20.0
1101,0.464,1,0,19,18,10.0,4.64,42.10526315789473,0.0,52.63157894736842,5.263157894736842
1102,0.568,1,0,20,19,10.0,5.68,60.0,25.0,10.0,5.0
1103,0.498,1,0,18,17,10.0,4.98,44.44444444444444,5.555555555555555,44.44444444444444,5.555555555555555
1104,0.72,1,0,26,25,10.0,7.2,34.61538461538461,11.538461538461538,26.923076923076923,26.923076923076923
1105,0.504,1,0,16,15,10.0,5.04,25.0,6.25,50.0,18.75
1106,0.535,1,0,13,12,10.0,5.35,53.84615384615385,0.0,30.76923076923077,15.384615384615385
1107,0.466,1,0,13,12,9.0,4.66,53.84615384615385,0.0,46.15384615384615,0.0
1108,0.544,1,0,11,10,10.0,5.44,36.36363636363637,27.27272727272727,18.181818181818183,18.181818181818183
1109,0.37,1,0,13,12,10.0,3.7,30.76923076923077,7.6923076923076925,38.46153846153847,23.076923076923077
1110,0.54,1,0,19,18,10.0,5.4,5.263157894736842,0.0,21.052631578947366,73.68421052631578
1111,0.616,1,0,17,16,10.0,6.16,64.70588235294117,0.0,17.647058823529413,17.647058823529413
1112,0.492,1,0,11,10,10.0,4.92,36.36363636363637,0.0,27.27272727272727,36.36363636363637
1113,0.584,1,0,26,25,10.0,5.84,34.61538461538461,7.6923076923076925,46.15384615384615,11.538461538461538
1114,0.353,1,0,14,13,9.0,3.53,7.142857142857142,0.0,64.28571428571429,28.57142857142857
1115,0.46,1,0,12,11,10.0,4.6,83.33333333333334,8.333333333333332,8.333333333333332,0.0
1116,0.562,1,0,19,18,10.0,5.62,47.368421052631575,5.263157894736842,31.57894736842105,15.789473684210526
1117,0.672,1,0,20,19,10.0,6.72,20.0,5.0,15.0,60.0
1118,0.641,1,0,21,20,10.0,6.41,19.047619047619047,0.0,61.904761904761905,19.047619047619047
1119,0.622,1,0,17,16,10.0,6.22,23.52941176470588,0.0,47.05882352941176,29.411764705882355
1120,0.486,1,0,18,17,10.0,4.86,44.44444444444444,0.0,55.55555555555556,0.0
1121,0.695,1,0,21,20,10.0,6.95,33.33333333333333,0.0,38.095238095238095,28.57142857142857
1122,0.755,1,0,17,16,10.0,7.55,52.94117647058824,0.0,17.647058823529413,29.411764705882355
1123,0.543,1,0,19,18,10.0,5.43,15.789473684210526,0.0,63.1578947368421,21.052631578947366
1124,0.436,1,0,15,14,10.0,4.36,100.0,0.0,0.0,0.0
1125,0.484,1,0,15,14,10.0,4.84,33.33333333333333,0.0,26.666666666666668,40.0
1126,0.508,1,0,19,18,10.0,5.08,89.47368421052632,0.0,5.263157894736842,5.263157894736842
1127,0.744,1,0,27,26,10.0,7.44,29.629629629629626,3.7037037037037033,14.814814814814813,51.85185185185185
1128,0.656,1,0,27,26,10.0,6.56,74.07407407407408,0.0,25.925925925925924,0.0
1129,0.87,1,0,12,11,10.0,8.7,41.66666666666667,25.0,8.333333333333332,25.0
1130,0.448,1,0,12,11,10.0,4.48,66.66666666666666,8.333333333333332,16.666666666666664,8.333333333333332
1131,0.585,1,0,21,20,10.0,5.85,33.33333333333333,0.0,47.61904761904761,19.047619047619047
1132,0.732,1,0,22,21,10.0,7.32,27.27272727272727,0.0,45.45454545454545,27.27272727272727
1133,0.56,1,0,15,14,10.0,5.6,73.33333333333333,26.666666666666668,0.0,0.0
1134,0.62,1,0,13,12,10.0,6.2,23.076923076923077,0.0,23.076923076923077,53.84615384615385
1135,0.517,1,0,17,16,10.0,5.17,5.88235294117647,0.0,70.58823529411765,23.52941176470588
1136,0.64,1,0,12,11,9.0,6.4,25.0,0.0,41.66666666666667,33.33333333333333
1137,0.737,1,0,21,20,10.0,7.37,28.57142857142857,0.0,42.857142857142854,28.57142857142857
1138,0.7,1,0,13,12,10.0,7.0,69.23076923076923,15.384615384615385,0.0,15.384615384615385
1139,0.611,1,0,16,15,9.0,6.11,18.75,0.0,50.0,31.25
1140,0.49,1,0,18,17,10.0,4.9,16.666666666666664,0.0,50.0,33.33333333333333
1141,0.655,1,0,14,13,10.0,6.55,64.28571428571429,0.0,35.714285714285715,0.0
1142,0.562,1,0,20,19,10.0,5.62,50.0,25.0,20.0,5.0
1143,0.44,1,0,18,17,10.0,4.4,50.0,33.33333333333333,16.666666666666664,0.0
1144,0.586,1,0,16,15,10.0,5.86,31.25,0.0,37.5,31.25
1145,0.576,1,0,20,19,10.0,5.76,20.0,0.0,70.0,10.0
1146,0.79,1,0,18,17,10.0,7.9,22.22222222222222,11.11111111111111,11.11111111111111,55.55555555555556
1147,0.512,1,0,19,18,10.0,5.12,47.368421052631575,0.0,42.10526315789473,10.526315789473683
1148,0.542,1,0,24,23,10.0,5.42,37.5,12.5,33.33333333333333,16.666666666666664
1149,0.682,1,0,22,21,10.0,6.82,45.45454545454545,9.090909090909092,36.36363636363637,9.090909090909092
1150,0.447,1,0,12,11,10.0,4.47,41.66666666666667,0.0,16.666666666666664,41.66666666666667
1151,0.634,1,0,17,16,10.0,6.34,41.17647058823529,5.88235294117647,23.52941176470588,29.411764705882355
1152,0.455,1,0,11,10,10.0,4.55,27.27272727272727,0.0,45.45454545454545,27.27272727272727
1153,0.58,1,0,14,13,10.0,5.8,64.28571428571429,7.142857142857142,28.57142857142857,0.0
1154,0.576,1,0,19,18,10.0,5.76,52.63157894736842,0.0,36.84210526315789,10.526315789473683
1155,0.58,1,0,18,17,10.0,5.8,33.33333333333333,0.0,66.66666666666666,0.0
1156,0.694,1,0,22,21,10.0,6.94,50.0,0.0,18.181818181818183,31.818181818181817
1157,0.656,1,0,17,16,10.0,6.56,5.88235294117647,0.0,17.647058823529413,76.47058823529412
1158,0.61,1,0,16,15,10.0,6.1,43.75,6.25,18.75,31.25
1159,0.459,1,0,14,13,10.0,4.59,35.714285714285715,0.0,50.0,14.285714285714285
1160,0.392,1,0,15,14,10.0,3.92,80.0,6.666666666666667,13.333333333333334,0.0
1161,0.536,1,0,18,17,10.0,5.36,5.555555555555555,11.11111111111111,61.111111111111114,22.22222222222222
1162,0.54,1,0,10,9,10.0,5.4,20.0,0.0,20.0,60.0
1163,0.583,1,0,17,16,10.0,5.83,41.17647058823529,0.0,35.294117647058826,23.52941176470588
1164,0.7,1,0,11,10,10.0,7.0,27.27272727272727,45.45454545454545,9.090909090909092,18.181818181818183
1165,0.744,1,0,17,16,10.0,7.44,52.94117647058824,5.88235294117647,11.76470588235294,29.411764705882355
1166,0.207,1,0,7,6,7.0,2.07,28.57142857142857,0.0,71.42857142857143,0.0
1167,0.508,1,0,19,18,10.0,5.08,57.89473684210527,26.31578947368421,15.789473684210526,0.0
1168,0.652,1,0,22,21,10.0,6.52,27.27272727272727,0.0,31.818181818181817,40.909090909090914
1169,0.402,1,0,15,14,10.0,4.02,73.33333333333333,0.0,20.0,6.666666666666667
1170,0.556,1,0,19,18,10.0,5.56,94.73684210526315,0.0,5.263157894736842,0.0
1171,0.6,1,0,18,17,10.0,6.0,55.55555555555556,0.0,11.11111111111111,33.33333333333333
1172,0.745,1,0,16,15,10.0,7.45,37.5,18.75,25.0,18.75
1173,0.564,1,0,16,15,10.0,5.64,18.75,0.0,31.25,50.0
1174,0.755,1,0,15,14,10.0,7.55,13.333333333333334,6.666666666666667,33.33333333333333,46.666666666666664
1175,0.633,1,0,19,18,10.0,6.33,73.68421052631578,0.0,21.052631578947366,5.263157894736842
1176,0.475,1,0,8,7,10.0,4.75,12.5,0.0,37.5,50.0
1177,0.64,1,0,15,14,10.0,6.4,40.0,0.0,53.333333333333336,6.666666666666667
1178,0.516,1,0,18,17,10.0,5.16,50.0,0.0,11.11111111111111,38.88888888888889
1179,0.338,1,0,12,11,10.0,3.38,58.333333333333336,0.0,41.66666666666667,0.0
1180,0.476,1,0,13,12,10.0,4.76,38.46153846153847,0.0,46.15384615384615,15.384615384615385
1181,0.76,1,0,16,15,10.0,7.6,68.75,0.0,18.75,12.5
1182,0.618,1,0,18,17,10.0,6.18,61.111111111111114,22.22222222222222,16.666666666666664,0.0
1183,0.568,1,0,18,17,10.0,5.68,38.88888888888889,16.666666666666664,38.88888888888889,5.555555555555555
1184,0.554,1,0,15,14,10.0,5.54,46.666666666666664,0.0,26.666666666666668,26.666666666666668
1185,0.604,1,0,18,17,10.0,6.04,61.111111111111114,5.555555555555555,27.77777777777778,5.555555555555555
1186,0.624,1,0,19,18,10.0,6.24,36.84210526315789,0.0,52.63157894736842,10.526315789473683
1187,0.64,1,0,18,17,10.0,6.4,61.111111111111114,5.555555555555555,33.33333333333333,0.0
1188,0.606,1,0,20,19,10.0,6.06,20.0,5.0,30.0,45.0
1189,0.439,1,0,10,9,10.0,4.39,40.0,0.0,40.0,20.0
1190,0.53,1,0,11,10,10.0,5.3,54.54545454545454,9.090909090909092,18.181818181818183,18.181818181818183
1191,0.534,1,0,13,12,10.0,5.34,15.384615384615385,0.0,53.84615384615385,30.76923076923077
1192,0.645,1,0,15,14,10.0,6.45,53.333333333333336,13.333333333333334,33.33333333333333,0.0
1193,0.387,1,0,12,11,10.0,3.87,75.0,16.666666666666664,8.333333333333332,0.0
1194,0.656,1,0,16,15,9.0,6.56,56.25,0.0,18.75,25.0
1195,0.44,1,0,11,10,10.0,4.4,27.27272727272727,0.0,45.45454545454545,27.27272727272727
1196,0.49,1,0,17,16,10.0,4.9,82.35294117647058,0.0,11.76470588235294,5.88235294117647
1197,0.395,1,0,9,8,10.0,3.95,88.88888888888889,11.11111111111111,0.0,0.0
1198,0.444,1,0,20,19,10.0,4.44,90.0,0.0,10.0,0.0
1199,0.395,1,0,10,9,10.0,3.95,50.0,20.0,20.0,10.0
1200,0.538,1,0,15,14,10.0,5.38,20.0,6.666666666666667,26.666666666666668,46.666666666666664
1201,0.436,1,0,17,16,10.0,4.36,17.647058823529413,0.0,76.47058823529412,5.88235294117647
1202,0.516,1,0,18,17,10.0,5.16,55.55555555555556,0.0,33.33333333333333,11.11111111111111
1203,0.63,1,0,11,10,10.0,6.3,81.81818181818183,0.0,0.0,18.181818181818183
1204,0.52,1,0,17,16,10.0,5.2,58.82352941176471,11.76470588235294,11.76470588235294,17.647058823529413
1205,0.66,1,0,18,17,10.0,6.6,44.44444444444444,11.11111111111111,22.22222222222222,22.22222222222222
1206,0.78,1,0,16,15,10.0,7.8,43.75,0.0,43.75,12.5
1207,0.57,1,0,16,15,10.0,5.7,12.5,18.75,43.75,25.0
1208,0.591,1,0,18,17,10.0,5.91,44.44444444444444,22.22222222222222,33.33333333333333,0.0
1209,0.451,1,0,14,13,10.0,4.51,92.85714285714286,0.0,7.142857142857142,0.0
1210,0.616,1,0,21,20,10.0,6.16,23.809523809523807,0.0,28.57142857142857,47.61904761904761
1211,0.572,1,0,17,16,10.0,5.72,82.35294117647058,5.88235294117647,11.76470588235294,0.0
1212,0.551,1,0,16,15,10.0,5.51,25.0,0.0,56.25,18.75
1213,0.51,1,0,19,18,10.0,5.1,5.263157894736842,0.0,52.63157894736842,42.10526315789473
1214,0.54,1,0,16,15,10.0,5.4,31.25,0.0,50.0,18.75
1215,0.42,1,0,11,10,9.0,4.2,63.63636363636363,9.090909090909092,18.181818181818183,9.090909090909092
1216,0.698,1,0,20,19,10.0,6.98,45.0,0.0,35.0,20.0
1217,0.602,1,0,17,16,10.0,6.02,17.647058823529413,0.0,47.05882352941176,35.294117647058826
1218,0.672,1,0,19,18,10.0,6.72,47.368421052631575,5.263157894736842,15.789473684210526,31.57894736842105
1219,0.76,1,0,14,13,10.0,7.6,35.714285714285715,7.142857142857142,28.57142857142857,28.57142857142857
1220,0.46,1,0,11,10,10.0,4.6,72.72727272727273,18.181818181818183,0.0,9.090909090909092
1221,0.382,1,0,11,10,10.0,3.82,45.45454545454545,0.0,54.54545454545454,0.0
1222,0.572,1,0,14,13,10.0,5.72,64.28571428571429,0.0,14.285714285714285,21.428571428571427
1223,0.636,1,0,22,21,10.0,6.36,45.45454545454545,9.090909090909092,40.909090909090914,4.545454545454546
1224,0.486,1,0,16,15,10.0,4.86,81.25,6.25,12.5,0.0
1225,0.43,1,0,14,13,10.0,4.3,35.714285714285715,42.857142857142854,21.428571428571427,0.0
1226,0.589,1,0,27,26,10.0,5.89,62.96296296296296,7.4074074074074066,11.11111111111111,18.51851851851852
1227,0.624,1,0,20,19,10.0,6.24,5.0,0.0,60.0,35.0
1228,0.636,1,0,17,16,10.0,6.36,23.52941176470588,0.0,52.94117647058824,23.52941176470588
1229,0.432,1,0,14,13,10.0,4.32,28.57142857142857,14.285714285714285,50.0,7.142857142857142
1230,0.75,1,0,11,10,10.0,7.5,45.45454545454545,9.090909090909092,18.181818181818183,27.27272727272727
1231,0.57,1,0,24,23,10.0,5.7,29.166666666666668,4.166666666666666,29.166666666666668,37.5
1232,0.64,1,0,18,17,10.0,6.4,27.77777777777778,0.0,27.77777777777778,44.44444444444444
1233,0.484,1,0,12,11,10.0,4.84,58.333333333333336,0.0,16.666666666666664,25.0
1234,0.408,1,0,15,14,10.0,4.08,40.0,0.0,60.0,0.0
1235,0.619,1,0,15,14,10.0,6.19,53.333333333333336,0.0,6.666666666666667,40.0
1236,0.506,1,0,15,14,10.0,5.06,26.666666666666668,6.666666666666667,13.333333333333334,53.333333333333336
1237,0.602,1,0,20,19,10.0,6.02,70.0,0.0,10.0,20.0
1238,0.544,1,0,17,16,10.0,5.44,23.52941176470588,0.0,47.05882352941176,29.411764705882355
1239,0.432,1,0,15,14,10.0,4.32,20.0,0.0,66.66666666666666,13.333333333333334
1240,0.5,1,0,16,15,10.0,5.0,31.25,0.0,37.5,31.25
1241,0.752,1,0,29,28,10.0,7.52,65.51724137931035,0.0,10.344827586206897,24.137931034482758
1242,0.548,1,0,23,22,10.0,5.48,30.434782608695656,0.0,60.86956521739131,8.695652173913043
1243,0.434,1,0,15,14,10.0,4.34,73.33333333333333,6.666666666666667,20.0,0.0
1244,0.765,1,0,15,14,10.0,7.65,46.666666666666664,13.333333333333334,6.666666666666667,33.33333333333333
1245,0.418,1,0,18,17,10.0,4.18,11.11111111111111,0.0,38.88888888888889,50.0
1246,0.581,1,0,22,21,10.0,5.81,36.36363636363637,0.0,40.909090909090914,22.727272727272727
1247,0.81,1,0,14,13,10.0,8.1,42.857142857142854,14.285714285714285,14.285714285714285,28.57142857142857
1248,0.692,1,0,22,21,10.0,6.92,31.818181818181817,27.27272727272727,13.636363636363635,27.27272727272727
1249,0.56,1,0,12,11,10.0,5.6,33.33333333333333,0.0,66.66666666666666,0.0
1250,0.615,1,0,19,18,10.0,6.15,68.42105263157895,5.263157894736842,21.052631578947366,5.263157894736842
1251,0.79,1,0,14,13,10.0,7.9,14.285714285714285,7.142857142857142,14.285714285714285,64.28571428571429
1252,0.472,1,0,14,13,10.0,4.72,35.714285714285715,0.0,35.714285714285715,28.57142857142857
1253,0.488,1,0,14,13,10.0,4.88,42.857142857142854,0.0,42.857142857142854,14.285714285714285
1254,0.459,1,0,14,13,8.0,4.59,64.28571428571429,7.142857142857142,28.57142857142857,0.0
1255,0.556,1,0,18,17,10.0,5.56,50.0,11.11111111111111,11.11111111111111,27.77777777777778
1256,0.685,1,0,15,14,10.0,6.85,66.66666666666666,13.333333333333334,6.666666666666667,13.333333333333334
1257,0.542,1,0,20,19,10.0,5.42,50.0,0.0,30.0,20.0
1258,0.623,1,0,12,11,10.0,6.23,41.66666666666667,0.0,25.0,33.33333333333333
1259,0.7,1,0,15,14,10.0,7.0,40.0,0.0,13.333333333333334,46.666666666666664
1260,0.412,1,0,12,11,10.0,4.12,91.66666666666666,0.0,8.333333333333332,0.0
1261,0.572,1,0,24,23,10.0,5.72,50.0,41.66666666666667,8.333333333333332,0.0
1262,0.53,1,0,13,12,10.0,5.3,76.92307692307693,0.0,23.076923076923077,0.0
1263,0.525,1,0,17,16,10.0,5.25,23.52941176470588,23.52941176470588,35.294117647058826,17.647058823529413
1264,0.695,1,0,13,12,10.0,6.95,53.84615384615385,0.0,15.384615384615385,30.76923076923077
1265,0.41,1,0,16,15,10.0,4.1,50.0,18.75,31.25,0.0
1266,0.525,1,0,10,9,10.0,5.25,50.0,0.0,30.0,20.0
1267,0.436,1,0,18,17,10.0,4.36,55.55555555555556,11.11111111111111,33.33333333333333,0.0
1268,0.45,1,0,11,10,10.0,4.5,27.27272727272727,27.27272727272727,18.181818181818183,27.27272727272727
1269,0.59,1,0,12,11,10.0,5.9,58.333333333333336,16.666666666666664,8.333333333333332,16.666666666666664
1270,0.402,1,0,18,17,10.0,4.02,94.44444444444444,0.0,5.555555555555555,0.0
1271,0.606,1,0,17,16,10.0,6.06,11.76470588235294,5.88235294117647,23.52941176470588,58.82352941176471
1272,0.776,1,0,27,26,10.0,7.76,44.44444444444444,0.0,33.33333333333333,22.22222222222222
1273,0.71,1,0,12,11,10.0,7.1,66.66666666666666,0.0,0.0,33.33333333333333
1274,0.68,1,0,11,10,10.0,6.8,27.27272727272727,0.0,54.54545454545454,18.181818181818183
1275,0.4,1,0,11,10,10.0,4.0,63.63636363636363,18.181818181818183,18.181818181818183,0.0
1276,0.72,1,0,19,18,10.0,7.2,52.63157894736842,5.263157894736842,26.31578947368421,15.789473684210526
1277,0.544,1,0,16,15,9.0,5.44,18.75,6.25,25.0,50.0
1278,0.7,1,0,15,14,10.0,7.0,13.333333333333334,20.0,20.0,46.666666666666664
1279,0.394,1,0,13,12,9.0,3.94,15.384615384615385,0.0,61.53846153846154,23.076923076923077
1280,0.556,1,0,14,13,10.0,5.56,35.714285714285715,0.0,28.57142857142857,35.714285714285715
1281,0.8,1,0,16,15,10.0,8.0,43.75,18.75,18.75,18.75
1282,0.42,1,0,11,10,10.0,4.2,72.72727272727273,18.181818181818183,9.090909090909092,0.0
1283,0.62,1,0,19,18,10.0,6.2,52.63157894736842,0.0,26.31578947368421,21.052631578947366
1284,0.784,1,0,28,27,10.0,7.84,28.57142857142857,7.142857142857142,50.0,14.285714285714285
1285,0.8,1,0,17,16,10.0,8.0,64.70588235294117,0.0,0.0,35.294117647058826
1286,0.506,1,0,15,14,10.0,5.06,33.33333333333333,0.0,46.666666666666664,20.0
1287,0.449,1,0,15,14,10.0,4.49,26.666666666666668,0.0,73.33333333333333,0.0
1288,0.535,1,0,11,10,10.0,5.35,54.54545454545454,0.0,9.090909090909092,36.36363636363637
1289,0.54,1,0,18,17,10.0,5.4,38.88888888888889,16.666666666666664,27.77777777777778,16.666666666666664
1290,0.507,1,0,16,15,10.0,5.07,87.5,6.25,6.25,0.0
1291,0.542,1,0,17,16,10.0,5.42,47.05882352941176,0.0,41.17647058823529,11.76470588235294
1292,0.635,1,0,14,13,10.0,6.35,21.428571428571427,14.285714285714285,28.57142857142857,35.714285714285715
1293,0.555,1,0,16,15,9.0,5.55,43.75,12.5,18.75,25.0
1294,0.535,1,0,13,12,10.0,5.35,53.84615384615385,0.0,46.15384615384615,0.0
1295,0.62,1,0,18,17,10.0,6.2,38.88888888888889,0.0,33.33333333333333,27.77777777777778
1296,0.649,1,0,19,18,10.0,6.49,42.10526315789473,0.0,36.84210526315789,21.052631578947366
1297,0.48,1,0,15,14,10.0,4.8,60.0,0.0,33.33333333333333,6.666666666666667
1298,0.86,1,0,20,19,10.0,8.6,5.0,0.0,35.0,60.0
1299,0.592,1,0,17,16,10.0,5.92,23.52941176470588,29.411764705882355,41.17647058823529,5.88235294117647
1300,0.544,1,0,21,20,10.0,5.44,42.857142857142854,23.809523809523807,23.809523809523807,9.523809523809524
1301,0.691,1,0,20,19,10.0,6.91,60.0,20.0,15.0,5.0
1302,0.582,1,0,18,17,10.0,5.82,50.0,11.11111111111111,11.11111111111111,27.77777777777778
1303,0.49,1,0,9,8,10.0,4.9,44.44444444444444,33.33333333333333,22.22222222222222,0.0
1304,0.575,1,0,16,15,10.0,5.75,75.0,18.75,6.25,0.0
1305,0.78,1,0,17,16,10.0,7.8,47.05882352941176,0.0,41.17647058823529,11.76470588235294
1306,0.616,1,0,21,20,10.0,6.16,38.095238095238095,0.0,38.095238095238095,23.809523809523807
1307,0.439,1,0,10,9,10.0,4.39,50.0,0.0,50.0,0.0
1308,0.398,1,0,14,13,10.0,3.98,64.28571428571429,0.0,35.714285714285715,0.0
1309,0.47,1,0,8,7,10.0,4.7,100.0,0.0,0.0,0.0
1310,0.716,1,0,24,23,10.0,7.16,58.333333333333336,8.333333333333332,20.833333333333336,12.5
1311,0.382,1,0,10,9,10.0,3.82,70.0,0.0,30.0,0.0
1312,0.548,1,0,18,17,10.0,5.48,22.22222222222222,0.0,38.88888888888889,38.88888888888889
1313,0.66,1,0,13,12,10.0,6.6,84.61538461538461,0.0,7.6923076923076925,7.6923076923076925
1314,0.7,1,0,11,10,10.0,7.0,27.27272727272727,18.181818181818183,0.0,54.54545454545454
1315,0.54,1,0,17,16,10.0,5.4,64.70588235294117,5.88235294117647,29.411764705882355,0.0
1316,0.671,1,0,17,16,10.0,6.71,29.411764705882355,0.0,41.17647058823529,29.411764705882355
1317,0.596,1,0,21,20,10.0,5.96,61.904761904761905,4.761904761904762,19.047619047619047,14.285714285714285
1318,0.784,1,0,17,16,10.0,7.84,29.411764705882355,0.0,17.647058823529413,52.94117647058824
1319,0.694,1,0,21,20,10.0,6.94,33.33333333333333,14.285714285714285,9.523809523809524,42.857142857142854
1320,0.552,1,0,14,13,10.0,5.52,57.14285714285714,42.857142857142854,0.0,0.0
1321,0.602,1,0,19,18,10.0,6.02,26.31578947368421,5.263157894736842,15.789473684210526,52.63157894736842
1322,0.615,1,0,28,27,10.0,6.15,35.714285714285715,7.142857142857142,10.714285714285714,46.42857142857143
1323,0.648,1,0,15,14,10.0,6.48,26.666666666666668,0.0,33.33333333333333,40.0
1324,0.604,1,0,21,20,10.0,6.04,52.38095238095239,4.761904761904762,14.285714285714285,28.57142857142857
1325,0.74,1,0,30,29,10.0,7.4,46.666666666666664,0.0,10.0,43.333333333333336
1326,0.344,1,0,10,9,7.0,3.44,50.0,0.0,40.0,10.0
1327,0.77,1,0,15,14,10.0,7.7,33.33333333333333,33.33333333333333,0.0,33.33333333333333
1328,0.594,1,0,18,17,10.0,5.94,44.44444444444444,5.555555555555555,44.44444444444444,5.555555555555555
1329,0.65,1,0,11,10,10.0,6.5,9.090909090909092,9.090909090909092,36.36363636363637,45.45454545454545
1330,0.416,1,0,14,13,10.0,4.16,21.428571428571427,0.0,42.857142857142854,35.714285714285715
1331,0.532,1,0,17,16,10.0,5.32,29.411764705882355,0.0,41.17647058823529,29.411764705882355
1332,0.616,1,0,19,18,10.0,6.16,42.10526315789473,0.0,21.052631578947366,36.84210526315789
1333,0.395,1,0,11,10,10.0,3.95,63.63636363636363,0.0,36.36363636363637,0.0
1334,0.524,1,0,14,13,10.0,5.24,57.14285714285714,7.142857142857142,21.428571428571427,14.285714285714285
1335,0.675,1,0,15,14,10.0,6.75,26.666666666666668,0.0,26.666666666666668,46.666666666666664
1336,0.618,1,0,22,21,10.0,6.18,22.727272727272727,0.0,36.36363636363637,40.909090909090914
1337,0.616,1,0,14,13,10.0,6.16,28.57142857142857,14.285714285714285,7.142857142857142,50.0
1338,0.86,1,0,18,17,10.0,8.6,33.33333333333333,0.0,33.33333333333333,33.33333333333333
1339,0.577,1,0,18,17,10.0,5.77,11.11111111111111,16.666666666666664,38.88888888888889,33.33333333333333
1340,0.507,1,0,16,15,10.0,5.07,6.25,6.25,43.75,43.75
1341,0.664,1,0,15,14,10.0,6.64,40.0,0.0,33.33333333333333,26.666666666666668
1342,0.376,1,0,13,12,10.0,3.76,92.3076923076923,7.6923076923076925,0.0,0.0
1343,0.736,1,0,26,25,10.0,7.36,30.76923076923077,3.8461538461538463,11.538461538461538,53.84615384615385
1344,0.502,1,0,14,13,10.0,5.02,64.28571428571429,14.285714285714285,0.0,21.428571428571427
1345,0.576,1,0,17,16,10.0,5.76,29.411764705882355,0.0,70.58823529411765,0.0
1346,0.78,1,0,14,13,10.0,7.8,42.857142857142854,14.285714285714285,28.57142857142857,14.285714285714285
1347,0.525,1,0,12,11,10.0,5.25,33.33333333333333,0.0,41.66666666666667,25.0
1348,0.327,1,0,13,12,10.0,3.27,61.53846153846154,23.076923076923077,15.384615384615385,0.0
1349,0.875,1,0,10,9,10.0,8.75,30.0,0.0,50.0,20.0
1350,0.605,1,0,16,15,10.0,6.05,37.5,0.0,25.0,37.5
1351,0.536,1,0,15,14,10.0,5.36,33.33333333333333,20.0,13.333333333333334,33.33333333333333
1352,0.546,1,0,15,14,10.0,5.46,73.33333333333333,0.0,26.666666666666668,0.0
1353,0.469,1,0,11,10,10.0,4.69,54.54545454545454,18.181818181818183,27.27272727272727,0.0
1354,0.596,1,0,23,22,10.0,5.96,30.434782608695656,17.391304347826086,0.0,52.17391304347826
1355,0.638,1,0,16,15,10.0,6.38,18.75,6.25,31.25,43.75
1356,0.522,1,0,16,15,10.0,5.22,62.5,0.0,25.0,12.5
1357,0.46,1,0,11,10,8.0,4.6,27.27272727272727,0.0,54.54545454545454,18.181818181818183
1358,0.46,1,0,15,14,10.0,4.6,60.0,13.333333333333334,26.666666666666668,0.0
1359,0.602,1,0,20,19,10.0,6.02,20.0,0.0,75.0,5.0
1360,0.652,1,0,23,22,10.0,6.52,39.130434782608695,4.3478260869565215,8.695652173913043,47.82608695652174
1361,0.629,1,0,17,16,10.0,6.29,64.70588235294117,23.52941176470588,11.76470588235294,0.0
1362,0.592,1,0,24,23,10.0,5.92,20.833333333333336,0.0,50.0,29.166666666666668
1363,0.611,1,0,17,16,10.0,6.11,58.82352941176471,5.88235294117647,11.76470588235294,23.52941176470588
1364,0.672,1,0,20,19,10.0,6.72,40.0,0.0,10.0,50.0
1365,0.448,1,0,12,11,10.0,4.48,75.0,0.0,25.0,0.0
1366,0.486,1,0,16,15,10.0,4.86,68.75,0.0,18.75,12.5
1367,0.512,1,0,18,17,10.0,5.12,16.666666666666664,0.0,33.33333333333333,50.0
1368,0.73,1,0,14,13,10.0,7.3,50.0,7.142857142857142,7.142857142857142,35.714285714285715
1369,0.572,1,0,13,12,10.0,5.72,46.15384615384615,15.384615384615385,23.076923076923077,15.384615384615385
1370,0.347,1,0,11,10,10.0,3.47,18.181818181818183,0.0,63.63636363636363,18.181818181818183
1371,0.384,1,0,9,8,10.0,3.84,22.22222222222222,0.0,22.22222222222222,55.55555555555556
1372,0.644,1,0,20,19,10.0,6.44,60.0,10.0,10.0,20.0
1373,0.582,1,0,20,19,10.0,5.82,55.00000000000001,0.0,35.0,10.0
1374,0.476,1,0,14,13,10.0,4.76,42.857142857142854,0.0,50.0,7.142857142857142
1375,0.42,1,0,11,10,9.0,4.2,18.181818181818183,0.0,36.36363636363637,45.45454545454545
1376,0.619,1,0,19,18,10.0,6.19,15.789473684210526,0.0,63.1578947368421,21.052631578947366
1377,0.6,1,0,13,12,10.0,6.0,30.76923076923077,23.076923076923077,23.076923076923077,23.076923076923077
1378,0.44,1,0,16,15,10.0,4.4,62.5,31.25,6.25,0.0
1379,0.603,1,0,16,15,10.0,6.03,31.25,0.0,43.75,25.0
1380,0.652,1,0,19,18,10.0,6.52,36.84210526315789,5.263157894736842,0.0,57.89473684210527
1381,0.718,1,0,18,17,10.0,7.18,50.0,11.11111111111111,0.0,38.88888888888889
1382,0.752,1,0,27,26,10.0,7.52,7.4074074074074066,0.0,37.03703703703704,55.55555555555556
1383,0.412,1,0,18,17,10.0,4.12,38.88888888888889,22.22222222222222,33.33333333333333,5.555555555555555
1384,0.435,1,0,11,10,10.0,4.35,72.72727272727273,9.090909090909092,18.181818181818183,0.0
1385,0.514,1,0,15,14,10.0,5.14,60.0,0.0,26.666666666666668,13.333333333333334
1386,0.574,1,0,19,18,10.0,5.74,10.526315789473683,0.0,47.368421052631575,42.10526315789473
1387,0.825,1,0,15,14,10.0,8.25,26.666666666666668,6.666666666666667,20.0,46.666666666666664
1388,0.748,1,0,23,22,10.0,7.48,34.78260869565217,0.0,21.73913043478261,43.47826086956522
1389,0.447,1,0,14,13,10.0,4.47,50.0,7.142857142857142,28.57142857142857,14.285714285714285
1390,0.498,1,0,12,11,10.0,4.98,75.0,8.333333333333332,8.333333333333332,8.333333333333332
1391,0.564,1,0,12,11,10.0,5.64,66.66666666666666,0.0,8.333333333333332,25.0
1392,0.376,1,0,9,8,10.0,3.76,88.88888888888889,11.11111111111111,0.0,0.0
1393,0.708,1,0,21,20,10.0,7.08,42.857142857142854,33.33333333333333,9.523809523809524,14.285714285714285
1394,0.674,1,0,25,24,10.0,6.74,32.0,20.0,16.0,32.0
1395,0.324,1,0,8,7,7.0,3.24,50.0,0.0,37.5,12.5
1396,0.661,1,0,18,17,10.0,6.61,33.33333333333333,5.555555555555555,22.22222222222222,38.88888888888889
1397,0.4,1,0,13,12,10.0,4.0,69.23076923076923,0.0,30.76923076923077,0.0
1398,0.685,1,0,17,16,10.0,6.85,64.70588235294117,0.0,17.647058823529413,17.647058823529413
1399,0.492,1,0,19,18,10.0,4.92,36.84210526315789,0.0,31.57894736842105,31.57894736842105
1400,0.478,1,0,16,15,10.0,4.78,56.25,0.0,25.0,18.75
1401,0.429,1,0,14,13,10.0,4.29,14.285714285714285,0.0,71.42857142857143,14.285714285714285
1402,0.635,1,0,21,20,10.0,6.35,47.61904761904761,14.285714285714285,28.57142857142857,9.523809523809524
1403,0.564,1,0,14,13,10.0,5.64,21.428571428571427,7.142857142857142,14.285714285714285,57.14285714285714
1404,0.618,1,0,20,19,10.0,6.18,25.0,0.0,40.0,35.0
1405,0.645,1,0,22,21,10.0,6.45,63.63636363636363,13.636363636363635,18.181818181818183,4.545454545454546
1406,0.688,1,0,17,16,10.0,6.88,52.94117647058824,0.0,17.647058823529413,29.411764705882355
1407,0.536,1,0,23,22,10.0,5.36,34.78260869565217,0.0,47.82608695652174,17.391304347826086
1408,0.58,1,0,14,13,10.0,5.8,14.285714285714285,0.0,57.14285714285714,28.57142857142857
1409,0.397,1,0,15,14,9.0,3.97,53.333333333333336,6.666666666666667,40.0,0.0
1410,0.478,1,0,22,21,10.0,4.78,54.54545454545454,22.727272727272727,22.727272727272727,0.0
1411,0.402,1,0,15,14,10.0,4.02,53.333333333333336,0.0,46.666666666666664,0.0
1412,0.73,1,0,19,18,10.0,7.3,36.84210526315789,0.0,26.31578947368421,36.84210526315789
1413,0.576,1,0,25,24,10.0,5.76,52.0,20.0,20.0,8.0
1414,0.703,1,0,18,17,10.0,7.03,38.88888888888889,0.0,11.11111111111111,50.0
1415,0.63,1,0,17,16,10.0,6.3,41.17647058823529,0.0,23.52941176470588,35.294117647058826
1416,0.496,1,0,21,20,10.0,4.96,52.38095238095239,9.523809523809524,28.57142857142857,9.523809523809524
1417,0.546,1,0,19,18,10.0,5.46,57.89473684210527,10.526315789473683,26.31578947368421,5.263157894736842
1418,0.524,1,0,13,12,10.0,5.24,38.46153846153847,0.0,46.15384615384615,15.384615384615385
1419,0.484,1,0,13,12,10.0,4.84,61.53846153846154,0.0,30.76923076923077,7.6923076923076925
1420,0.804,1,0,23,22,10.0,8.04,43.47826086956522,13.043478260869565,4.3478260869565215,39.130434782608695
1421,0.332,1,0,9,8,10.0,3.32,66.66666666666666,22.22222222222222,11.11111111111111,0.0
1422,0.815,1,0,25,24,10.0,8.15,16.0,0.0,28.000000000000004,56.00000000000001
1423,0.626,1,0,23,22,10.0,6.26,26.08695652173913,21.73913043478261,34.78260869565217,17.391304347826086
1424,0.692,1,0,21,20,10.0,6.92,19.047619047619047,0.0,61.904761904761905,19.047619047619047
1425,0.675,1,0,12,11,10.0,6.75,66.66666666666666,0.0,16.666666666666664,16.666666666666664
1426,0.603,1,0,14,13,10.0,6.03,50.0,21.428571428571427,21.428571428571427,7.142857142857142
1427,0.508,1,0,14,13,10.0,5.08,64.28571428571429,7.142857142857142,28.57142857142857,0.0
1428,0.63,1,0,13,12,10.0,6.3,38.46153846153847,0.0,38.46153846153847,23.076923076923077
1429,0.654,1,0,24,23,10.0,6.54,33.33333333333333,4.166666666666666,29.166666666666668,33.33333333333333
1430,0.438,1,0,16,15,10.0,4.38,56.25,0.0,43.75,0.0
1431,0.553,1,0,18,17,10.0,5.53,44.44444444444444,5.555555555555555,50.0,0.0
1432,0.618,1,0,22,21,10.0,6.18,40.909090909090914,9.090909090909092,13.636363636363635,36.36363636363637
1433,0.624,1,0,16,15,9.0,6.24,37.5,12.5,25.0,25.0
1434,0.84,1,0,13,12,10.0,8.4,53.84615384615385,15.384615384615385,7.6923076923076925,23.076923076923077
1435,0.439,1,0,15,14,10.0,4.39,46.666666666666664,0.0,46.666666666666664,6.666666666666667
1436,0.57,1,0,16,15,10.0,5.7,56.25,0.0,25.0,18.75
1437,0.506,1,0,14,13,10.0,5.06,71.42857142857143,7.142857142857142,14.285714285714285,7.142857142857142
1438,0.352,1,0,11,10,10.0,3.52,45.45454545454545,0.0,36.36363636363637,18.181818181818183
1439,0.552,1,0,11,10,10.0,5.52,9.090909090909092,0.0,36.36363636363637,54.54545454545454
1440,0.585,1,0,14,13,10.0,5.85,57.14285714285714,0.0,28.57142857142857,14.285714285714285
1441,0.712,1,0,18,17,10.0,7.12,55.55555555555556,5.555555555555555,16.666666666666664,22.22222222222222
1442,0.705,1,0,13,12,10.0,7.05,46.15384615384615,0.0,38.46153846153847,15.384615384615385
1443,0.679,1,0,19,18,10.0,6.79,47.368421052631575,0.0,15.789473684210526,36.84210526315789
1444,0.708,1,0,16,15,10.0,7.08,37.5,12.5,25.0,25.0
1445,0.66,1,0,21,20,10.0,6.6,57.14285714285714,4.761904761904762,4.761904761904762,33.33333333333333
1446,0.367,1,0,12,11,10.0,3.67,66.66666666666666,0.0,25.0,8.333333333333332
1447,0.608,1,0,14,13,10.0,6.08,42.857142857142854,0.0,21.428571428571427,35.714285714285715
1448,0.298,1,0,14,13,10.0,2.98,57.14285714285714,7.142857142857142,28.57142857142857,7.142857142857142
1449,0.548,1,0,16,15,10.0,5.48,37.5,0.0,50.0,12.5
1450,0.628,1,0,15,14,10.0,6.28,66.66666666666666,0.0,13.333333333333334,20.0
1451,0.48,1,0,14,13,10.0,4.8,28.57142857142857,0.0,42.857142857142854,28.57142857142857
1452,0.588,1,0,19,18,10.0,5.88,68.42105263157895,0.0,10.526315789473683,21.052631578947366
1453,0.589,1,0,14,13,9.0,5.89,57.14285714285714,0.0,21.428571428571427,21.428571428571427
1454,0.656,1,0,25,24,10.0,6.56,4.0,4.0,40.0,52.0
1455,0.725,1,0,16,15,10.0,7.25,62.5,12.5,18.75,6.25
1456,0.576,1,0,16,15,10.0,5.76,37.5,6.25,43.75,12.5
1457,0.592,1,0,22,21,10.0,5.92,54.54545454545454,0.0,18.181818181818183,27.27272727272727
1458,0.536,1,0,19,18,10.0,5.36,57.89473684210527,0.0,21.052631578947366,21.052631578947366
1459,0.502,1,0,13,12,10.0,5.02,38.46153846153847,0.0,23.076923076923077,38.46153846153847
1460,0.37,1,0,11,10,10.0,3.7,18.181818181818183,0.0,81.81818181818183,0.0
1461,0.67,1,0,12,11,10.0,6.7,41.66666666666667,0.0,41.66666666666667,16.666666666666664
1462,0.632,1,0,18,17,10.0,6.32,61.111111111111114,0.0,22.22222222222222,16.666666666666664
1463,0.416,1,0,14,13,9.0,4.16,28.57142857142857,0.0,64.28571428571429,7.142857142857142
1464,0.635,1,0,16,15,10.0,6.35,43.75,6.25,6.25,43.75
1465,0.522,1,0,24,23,9.0,5.22,29.166666666666668,0.0,41.66666666666667,29.166666666666668
1466,0.612,1,0,18,17,10.0,6.12,66.66666666666666,11.11111111111111,11.11111111111111,11.11111111111111
1467,0.82,1,0,16,15,10.0,8.2,25.0,6.25,37.5,31.25
1468,0.468,1,0,13,12,10.0,4.68,76.92307692307693,7.6923076923076925,15.384615384615385,0.0
1469,0.382,1,0,13,12,10.0,3.82,7.6923076923076925,0.0,84.61538461538461,7.6923076923076925
1470,0.705,1,0,20,19,10.0,7.05,5.0,5.0,60.0,30.0
1471,0.692,1,0,17,16,10.0,6.92,70.58823529411765,0.0,5.88235294117647,23.52941176470588
1472,0.87,1,0,17,16,10.0,8.7,29.411764705882355,0.0,47.05882352941176,23.52941176470588
1473,0.47,1,0,15,14,10.0,4.7,33.33333333333333,0.0,46.666666666666664,20.0
1474,0.463,1,0,15,14,10.0,4.63,60.0,0.0,20.0,20.0
1475,0.481,1,0,14,13,10.0,4.81,57.14285714285714,0.0,35.714285714285715,7.142857142857142
1476,0.666,1,0,18,17,10.0,6.66,27.77777777777778,0.0,33.33333333333333,38.88888888888889
1477,0.565,1,0,11,10,10.0,5.65,54.54545454545454,36.36363636363637,0.0,9.090909090909092
1478,0.574,1,0,24,23,10.0,5.74,41.66666666666667,20.833333333333336,33.33333333333333,4.166666666666666
1479,0.5,1,0,12,11,10.0,5.0,33.33333333333333,0.0,33.33333333333333,33.33333333333333
1480,0.72,1,0,16,15,10.0,7.2,37.5,6.25,12.5,43.75
1481,0.548,1,0,14,13,10.0,5.48,14.285714285714285,0.0,35.714285714285715,50.0
1482,0.655,1,0,16,15,10.0,6.55,50.0,0.0,43.75,6.25
1483,0.614,1,0,18,17,10.0,6.14,22.22222222222222,0.0,27.77777777777778,50.0
1484,0.581,1,0,18,17,10.0,5.81,33.33333333333333,0.0,27.77777777777778,38.88888888888889
1485,0.75,1,0,16,15,10.0,7.5,25.0,0.0,50.0,25.0
1486,0.74,1,0,14,13,10.0,7.4,57.14285714285714,0.0,14.285714285714285,28.57142857142857
1487,0.62,1,0,19,18,10.0,6.2,84.21052631578947,5.263157894736842,10.526315789473683,0.0
1488,0.618,1,0,23,22,10.0,6.18,17.391304347826086,0.0,30.434782608695656,52.17391304347826
1489,0.474,1,0,18,17,10.0,4.74,72.22222222222221,0.0,27.77777777777778,0.0
1490,0.466,1,0,13,12,10.0,4.66,76.92307692307693,0.0,15.384615384615385,7.6923076923076925
1491,0.486,1,0,15,14,10.0,4.86,73.33333333333333,0.0,20.0,6.666666666666667
1492,0.434,1,0,15,14,10.0,4.34,53.333333333333336,26.666666666666668,20.0,0.0
1493,0.55,1,0,24,23,10.0,5.5,45.83333333333333,0.0,50.0,4.166666666666666
1494,0.628,1,0,27,26,10.0,6.28,37.03703703703704,11.11111111111111,25.925925925925924,25.925925925925924
1495,0.556,1,0,17,16,10.0,5.56,41.17647058823529,0.0,35.294117647058826,23.52941176470588
1496,0.445,1,0,11,10,10.0,4.45,81.81818181818183,9.090909090909092,9.090909090909092,0.0
1497,0.47,1,0,12,11,10.0,4.7,33.33333333333333,0.0,50.0,16.666666666666664
1498,0.695,1,0,15,14,10.0,6.95,73.33333333333333,0.0,13.333333333333334,13.333333333333334
1499,0.662,1,0,25,24,10.0,6.62,8.0,0.0,40.0,52.0
1500,0.8,1,0,25,24,10.0,8.0,44.0,8.0,20.0,28.000000000000004
1501,0.508,1,0,13,12,10.0,5.08,38.46153846153847,7.6923076923076925,23.076923076923077,30.76923076923077
1502,0.584,1,0,19,18,10.0,5.84,57.89473684210527,0.0,31.57894736842105,10.526315789473683
1503,0.511,1,0,12,11,10.0,5.11,25.0,8.333333333333332,33.33333333333333,33.33333333333333
1504,0.641,1,0,20,19,10.0,6.41,50.0,0.0,25.0,25.0
1505,0.622,1,0,16,15,10.0,6.22,50.0,12.5,12.5,25.0
1506,0.588,1,0,21,20,10.0,5.88,33.33333333333333,0.0,33.33333333333333,33.33333333333333
1507,0.404,1,0,13,12,10.0,4.04,23.076923076923077,15.384615384615385,53.84615384615385,7.6923076923076925
1508,0.372,1,0,18,17,10.0,3.72,22.22222222222222,0.0,50.0,27.77777777777778
1509,0.84,1,0,16,15,10.0,8.4,75.0,12.5,6.25,6.25
1510,0.528,1,0,16,15,10.0,5.28,62.5,0.0,25.0,12.5
1511,0.668,1,0,15,14,10.0,6.68,40.0,0.0,26.666666666666668,33.33333333333333
1512,0.571,1,0,18,17,10.0,5.71,44.44444444444444,5.555555555555555,38.88888888888889,11.11111111111111
1513,0.434,1,0,13,12,10.0,4.34,46.15384615384615,15.384615384615385,38.46153846153847,0.0
1514,0.584,1,0,18,17,10.0,5.84,22.22222222222222,0.0,50.0,27.77777777777778
1515,0.446,1,0,12,11,9.0,4.46,66.66666666666666,8.333333333333332,25.0,0.0
1516,0.627,1,0,21,20,10.0,6.27,42.857142857142854,0.0,14.285714285714285,42.857142857142854
1517,0.442,1,0,17,16,10.0,4.42,17.647058823529413,0.0,64.70588235294117,17.647058823529413
1518,0.728,1,0,28,27,10.0,7.28,32.142857142857146,21.428571428571427,14.285714285714285,32.142857142857146
1519,0.5,1,0,10,9,10.0,5.0,50.0,0.0,50.0,0.0
1520,0.727,1,0,16,15,10.0,7.27,25.0,6.25,6.25,62.5
1521,0.67,1,0,13,12,10.0,6.7,46.15384615384615,23.076923076923077,7.6923076923076925,23.076923076923077
1522,0.595,1,0,13,12,10.0,5.95,61.53846153846154,7.6923076923076925,7.6923076923076925,23.076923076923077
1523,0.519,1,0,16,15,10.0,5.19,31.25,12.5,56.25,0.0
1524,0.504,1,0,20,19,10.0,5.04,50.0,10.0,40.0,0.0
1525,0.655,1,0,11,10,10.0,6.55,18.181818181818183,18.181818181818183,36.36363636363637,27.27272727272727
1526,0.66,1,0,12,11,10.0,6.6,16.666666666666664,8.333333333333332,66.66666666666666,8.333333333333332
1527,0.485,1,0,9,8,10.0,4.85,33.33333333333333,33.33333333333333,11.11111111111111,22.22222222222222
1528,0.474,1,0,14,13,10.0,4.74,64.28571428571429,0.0,35.714285714285715,0.0
1529,0.54,1,0,11,10,10.0,5.4,72.72727272727273,9.090909090909092,9.090909090909092,9.090909090909092
1530,0.78,1,0,24,23,10.0,7.8,16.666666666666664,8.333333333333332,29.166666666666668,45.83333333333333
1531,0.6,1,0,18,17,10.0,6.0,44.44444444444444,0.0,27.77777777777778,27.77777777777778
1532,0.517,1,0,14,13,10.0,5.17,42.857142857142854,7.142857142857142,21.428571428571427,28.57142857142857
1533,0.625,1,0,18,17,10.0,6.25,50.0,0.0,27.77777777777778,22.22222222222222
1534,0.535,1,0,16,15,10.0,5.35,56.25,6.25,18.75,18.75
1535,0.452,1,0,13,12,10.0,4.52,15.384615384615385,0.0,84.61538461538461,0.0
1536,0.476,1,0,15,14,10.0,4.76,80.0,0.0,20.0,0.0
1537,0.524,1,0,21,20,10.0,5.24,57.14285714285714,0.0,38.095238095238095,4.761904761904762
1538,0.702,1,0,17,16,10.0,7.02,23.52941176470588,0.0,41.17647058823529,35.294117647058826
1539,0.46,1,0,9,8,10.0,4.6,55.55555555555556,0.0,22.22222222222222,22.22222222222222
1540,0.681,1,0,22,21,10.0,6.81,13.636363636363635,0.0,13.636363636363635,72.72727272727273
1541,0.865,1,0,15,14,10.0,8.65,53.333333333333336,6.666666666666667,6.666666666666667,33.33333333333333
1542,0.491,1,0,18,17,10.0,4.91,50.0,11.11111111111111,38.88888888888889,0.0
1543,0.422,1,0,15,14,10.0,4.22,66.66666666666666,0.0,26.666666666666668,6.666666666666667
1544,0.615,1,0,17,16,10.0,6.15,23.52941176470588,0.0,47.05882352941176,29.411764705882355
1545,0.562,1,0,13,12,10.0,5.62,53.84615384615385,7.6923076923076925,15.384615384615385,23.076923076923077
1546,0.65,1,0,21,20,10.0,6.5,14.285714285714285,0.0,38.095238095238095,47.61904761904761
1547,0.644,1,0,22,21,10.0,6.44,27.27272727272727,0.0,36.36363636363637,36.36363636363637
1548,0.477,1,0,18,17,10.0,4.77,44.44444444444444,0.0,55.55555555555556,0.0
1549,0.645,1,0,12,11,10.0,6.45,58.333333333333336,8.333333333333332,16.666666666666664,16.666666666666664
1550,0.54,1,0,13,12,10.0,5.4,23.076923076923077,0.0,53.84615384615385,23.076923076923077
1551,0.567,1,0,20,19,10.0,5.67,50.0,5.0,45.0,0.0
1552,0.435,1,0,16,15,10.0,4.35,25.0,56.25,12.5,6.25
1553,0.443,1,0,16,15,10.0,4.43,25.0,0.0,68.75,6.25
1554,0.534,1,0,13,12,10.0,5.34,61.53846153846154,15.384615384615385,15.384615384615385,7.6923076923076925
1555,0.6,1,0,14,13,10.0,6.0,14.285714285714285,0.0,28.57142857142857,57.14285714285714
1556,0.571,1,0,17,16,10.0,5.71,11.76470588235294,0.0,64.70588235294117,23.52941176470588
1557,0.54,1,0,22,21,10.0,5.4,59.09090909090909,0.0,31.818181818181817,9.090909090909092
1558,0.531,1,0,14,13,9.0,5.31,35.714285714285715,0.0,50.0,14.285714285714285
1559,0.597,1,0,17,16,10.0,5.97,35.294117647058826,5.88235294117647,11.76470588235294,47.05882352941176
1560,0.65,1,0,25,24,10.0,6.5,64.0,8.0,20.0,8.0
1561,0.515,1,0,12,11,10.0,5.15,8.333333333333332,8.333333333333332,33.33333333333333,50.0
1562,0.484,1,0,20,19,10.0,4.84,70.0,5.0,15.0,10.0
1563,0.664,1,0,21,20,10.0,6.64,28.57142857142857,0.0,47.61904761904761,23.809523809523807
1564,0.57,1,0,19,18,10.0,5.7,57.89473684210527,26.31578947368421,15.789473684210526,0.0
1565,0.64,1,0,14,13,10.0,6.4,21.428571428571427,0.0,78.57142857142857,0.0
1566,0.58,1,0,12,11,10.0,5.8,83.33333333333334,8.333333333333332,0.0,8.333333333333332
1567,0.508,1,0,20,19,10.0,5.08,15.0,0.0,35.0,50.0
1568,0.603,1,0,15,14,10.0,6.03,40.0,0.0,13.333333333333334,46.666666666666664
1569,0.478,1,0,16,15,10.0,4.78,68.75,6.25,12.5,12.5
1570,0.393,1,0,11,10,9.0,3.93,54.54545454545454,27.27272727272727,9.090909090909092,9.090909090909092
1571,0.58,1,0,16,15,10.0,5.8,37.5,6.25,31.25,25.0
1572,0.574,1,0,11,10,10.0,5.74,45.45454545454545,9.090909090909092,36.36363636363637,9.090909090909092
1573,0.744,1,0,20,19,10.0,7.44,5.0,0.0,30.0,65.0
1574,0.616,1,0,20,19,10.0,6.16,30.0,10.0,35.0,25.0
1575,0.525,1,0,20,19,10.0,5.25,40.0,0.0,50.0,10.0
1576,0.562,1,0,16,15,10.0,5.62,6.25,0.0,25.0,68.75
1577,0.391,1,0,11,10,10.0,3.91,54.54545454545454,0.0,45.45454545454545,0.0
1578,0.432,1,0,10,9,10.0,4.32,30.0,10.0,40.0,20.0
1579,0.636,1,0,19,18,10.0,6.36,57.89473684210527,0.0,15.789473684210526,26.31578947368421
1580,0.48,1,0,19,18,10.0,4.8,57.89473684210527,0.0,36.84210526315789,5.263157894736842
1581,0.454,1,0,18,17,10.0,4.54,72.22222222222221,11.11111111111111,16.666666666666664,0.0
1582,0.488,1,0,18,17,10.0,4.88,61.111111111111114,5.555555555555555,33.33333333333333,0.0
1583,0.536,1,0,18,17,10.0,5.36,44.44444444444444,0.0,38.88888888888889,16.666666666666664
1584,0.516,1,0,13,12,10.0,5.16,23.076923076923077,0.0,38.46153846153847,38.46153846153847
1585,0.616,1,0,20,19,10.0,6.16,10.0,0.0,60.0,30.0
1586,0.556,1,0,16,15,10.0,5.56,50.0,0.0,31.25,18.75
1587,0.845,1,0,18,17,10.0,8.45,22.22222222222222,0.0,22.22222222222222,55.55555555555556
1588,0.818,1,0,31,30,10.0,8.18,32.25806451612903,0.0,22.58064516129032,45.16129032258064
1589,0.57,1,0,19,18,10.0,5.7,63.1578947368421,15.789473684210526,10.526315789473683,10.526315789473683
1590,0.638,1,0,18,17,10.0,6.38,77.77777777777779,0.0,16.666666666666664,5.555555555555555
1591,0.415,1,0,9,8,10.0,4.15,77.77777777777779,11.11111111111111,11.11111111111111,0.0
1592,0.79,1,0,16,15,10.0,7.9,25.0,0.0,31.25,43.75
1593,0.68,1,0,25,24,10.0,6.8,40.0,0.0,20.0,40.0
1594,0.815,1,0,14,13,10.0,8.15,21.428571428571427,14.285714285714285,21.428571428571427,42.857142857142854
1595,0.494,1,0,16,15,10.0,4.94,87.5,6.25,0.0,6.25
1596,0.64,1,0,13,12,10.0,6.4,30.76923076923077,0.0,38.46153846153847,30.76923076923077
1597,0.7,1,0,17,16,10.0,7.0,70.58823529411765,0.0,17.647058823529413,11.76470588235294
1598,0.643,1,0,21,20,10.0,6.43,14.285714285714285,0.0,57.14285714285714,28.57142857142857
1599,0.57,1,0,15,14,9.0,5.7,33.33333333333333,0.0,46.666666666666664,20.0
1600,0.388,1,0,10,9,9.0,3.88,50.0,20.0,30.0,0.0
1601,0.448,1,0,14,13,10.0,4.48,64.28571428571429,21.428571428571427,14.285714285714285,0.0
1602,0.614,1,0,20,19,10.0,6.14,20.0,0.0,40.0,40.0
1603,0.676,1,0,18,17,10.0,6.76,5.555555555555555,11.11111111111111,22.22222222222222,61.111111111111114
1604,0.647,1,0,14,13,10.0,6.47,64.28571428571429,14.285714285714285,7.142857142857142,14.285714285714285
1605,0.494,1,0,16,15,10.0,4.94,37.5,37.5,25.0,0.0
1606,0.488,1,0,12,11,10.0,4.88,66.66666666666666,0.0,16.666666666666664,16.666666666666664
1607,0.527,1,0,14,13,10.0,5.27,28.57142857142857,42.857142857142854,28.57142857142857,0.0
1608,0.845,1,0,15,14,10.0,8.45,20.0,0.0,46.666666666666664,33.33333333333333
1609,0.624,1,0,20,19,10.0,6.24,40.0,0.0,40.0,20.0
1610,0.574,1,0,14,13,10.0,5.74,35.714285714285715,0.0,57.14285714285714,7.142857142857142
1611,0.514,1,0,17,16,10.0,5.14,58.82352941176471,11.76470588235294,23.52941176470588,5.88235294117647
1612,0.62,1,0,14,13,10.0,6.2,64.28571428571429,14.285714285714285,21.428571428571427,0.0
1613,0.617,1,0,13,12,10.0,6.17,15.384615384615385,0.0,38.46153846153847,46.15384615384615
1614,0.768,1,0,13,12,10.0,7.68,46.15384615384615,0.0,23.076923076923077,30.76923076923077
1615,0.56,1,0,18,17,10.0,5.6,44.44444444444444,11.11111111111111,16.666666666666664,27.77777777777778
1616,0.734,1,0,22,21,10.0,7.34,40.909090909090914,0.0,22.727272727272727,36.36363636363637
1617,0.86,1,0,26,25,10.0,8.6,26.923076923076923,3.8461538461538463,15.384615384615385,53.84615384615385
1618,0.8,1,0,16,15,10.0,8.0,25.0,6.25,12.5,56.25
1619,0.348,1,0,12,11,10.0,3.48,75.0,0.0,25.0,0.0
1620,0.592,1,0,18,17,10.0,5.92,61.111111111111114,27.77777777777778,11.11111111111111,0.0
1621,0.541,1,0,13,12,10.0,5.41,76.92307692307693,0.0,7.6923076923076925,15.384615384615385
1622,0.488,1,0,18,17,9.0,4.88,44.44444444444444,0.0,27.77777777777778,27.77777777777778
1623,0.598,1,0,15,14,10.0,5.98,6.666666666666667,26.666666666666668,60.0,6.666666666666667
1624,0.73,1,0,15,14,10.0,7.3,53.333333333333336,13.333333333333334,6.666666666666667,26.666666666666668
1625,0.492,1,0,14,13,10.0,4.92,35.714285714285715,7.142857142857142,42.857142857142854,14.285714285714285
1626,0.698,1,0,28,27,10.0,6.98,7.142857142857142,0.0,78.57142857142857,14.285714285714285
1627,0.608,1,0,16,15,10.0,6.08,37.5,0.0,18.75,43.75
1628,0.549,1,0,20,19,10.0,5.49,10.0,15.0,30.0,45.0
1629,0.596,1,0,16,15,10.0,5.96,43.75,0.0,25.0,31.25
1630,0.526,1,0,16,15,10.0,5.26,31.25,0.0,37.5,31.25
1631,0.788,1,0,31,30,10.0,7.88,54.83870967741935,0.0,29.03225806451613,16.129032258064516
1632,0.648,1,0,24,23,10.0,6.48,37.5,0.0,29.166666666666668,33.33333333333333
1633,0.406,1,0,14,13,10.0,4.06,42.857142857142854,42.857142857142854,14.285714285714285,0.0
1634,0.66,1,0,14,13,10.0,6.6,21.428571428571427,0.0,71.42857142857143,7.142857142857142
1635,0.541,1,0,14,13,10.0,5.41,71.42857142857143,0.0,28.57142857142857,0.0
1636,0.596,1,0,22,21,10.0,5.96,54.54545454545454,0.0,31.818181818181817,13.636363636363635
1637,0.706,1,0,23,22,10.0,7.06,47.82608695652174,8.695652173913043,26.08695652173913,17.391304347826086
1638,0.57,1,0,19,18,10.0,5.7,57.89473684210527,0.0,10.526315789473683,31.57894736842105
1639,0.655,1,0,17,16,9.0,6.55,35.294117647058826,0.0,29.411764705882355,35.294117647058826
1640,0.594,1,0,19,18,10.0,5.94,5.263157894736842,0.0,47.368421052631575,47.368421052631575
1641,0.444,1,0,17,16,10.0,4.44,64.70588235294117,0.0,29.411764705882355,5.88235294117647
1642,0.572,1,0,19,18,10.0,5.72,21.052631578947366,10.526315789473683,31.57894736842105,36.84210526315789
1643,0.575,1,0,18,17,10.0,5.75,44.44444444444444,11.11111111111111,11.11111111111111,33.33333333333333
1644,0.53,1,0,18,17,10.0,5.3,44.44444444444444,5.555555555555555,33.33333333333333,16.666666666666664
1645,0.784,1,0,32,31,10.0,7.84,15.625,0.0,43.75,40.625
1646,0.655,1,0,19,18,10.0,6.55,68.42105263157895,0.0,21.052631578947366,10.526315789473683
1647,0.554,1,0,27,26,10.0,5.54,62.96296296296296,0.0,22.22222222222222,14.814814814814813
1648,0.46,1,0,14,13,10.0,4.6,57.14285714285714,0.0,42.857142857142854,0.0
1649,0.63,1,0,13,12,10.0,6.3,38.46153846153847,0.0,46.15384615384615,15.384615384615385
1650,0.578,1,0,12,11,10.0,5.78,58.333333333333336,25.0,8.333333333333332,8.333333333333332
1651,0.686,1,0,20,19,10.0,6.86,45.0,0.0,35.0,20.0
1652,0.516,1,0,24,23,10.0,5.16,75.0,4.166666666666666,16.666666666666664,4.166666666666666
1653,0.59,1,0,23,22,10.0,5.9,21.73913043478261,0.0,17.391304347826086,60.86956521739131
1654,0.69,1,0,17,16,10.0,6.9,5.88235294117647,0.0,23.52941176470588,70.58823529411765
1655,0.496,1,0,20,19,10.0,4.96,50.0,0.0,45.0,5.0
1656,0.75,1,0,16,15,10.0,7.5,12.5,0.0,50.0,37.5
1657,0.443,1,0,14,13,10.0,4.43,64.28571428571429,0.0,7.142857142857142,28.57142857142857
1658,0.784,1,0,26,25,10.0,7.84,15.384615384615385,0.0,23.076923076923077,61.53846153846154
1659,0.64,1,0,26,25,10.0,6.4,57.692307692307686,15.384615384615385,11.538461538461538,15.384615384615385
1660,0.686,1,0,24,23,10.0,6.86,45.83333333333333,4.166666666666666,8.333333333333332,41.66666666666667
1661,0.46,1,0,18,17,10.0,4.6,66.66666666666666,5.555555555555555,22.22222222222222,5.555555555555555
1662,0.515,1,0,17,16,10.0,5.15,29.411764705882355,5.88235294117647,5.88235294117647,58.82352941176471
1663,0.45,1,0,14,13,10.0,4.5,28.57142857142857,42.857142857142854,21.428571428571427,7.142857142857142
1664,0.69,1,0,14,13,10.0,6.9,42.857142857142854,0.0,28.57142857142857,28.57142857142857
1665,0.604,1,0,19,18,10.0,6.04,15.789473684210526,0.0,73.68421052631578,10.526315789473683
1666,0.504,1,0,17,16,10.0,5.04,35.294117647058826,0.0,29.411764705882355,35.294117647058826
1667,0.71,1,0,20,19,10.0,7.1,10.0,0.0,30.0,60.0
1668,0.564,1,0,19,18,10.0,5.64,47.368421052631575,0.0,42.10526315789473,10.526315789473683
1669,0.91,1,0,13,12,10.0,9.1,7.6923076923076925,15.384615384615385,23.076923076923077,53.84615384615385
1670,0.43,1,0,11,10,10.0,4.3,72.72727272727273,0.0,18.181818181818183,9.090909090909092
1671,0.716,1,0,26,25,10.0,7.16,57.692307692307686,0.0,15.384615384615385,26.923076923076923
1672,0.555,1,0,12,11,10.0,5.55,66.66666666666666,25.0,8.333333333333332,0.0
1673,0.628,1,0,17,16,10.0,6.28,64.70588235294117,0.0,17.647058823529413,17.647058823529413
1674,0.597,1,0,20,19,10.0,5.97,35.0,0.0,50.0,15.0
1675,0.616,1,0,16,15,10.0,6.16,43.75,18.75,12.5,25.0
1676,0.512,1,0,17,16,10.0,5.12,47.05882352941176,23.52941176470588,29.411764705882355,0.0
1677,0.532,1,0,14,13,10.0,5.32,42.857142857142854,0.0,7.142857142857142,50.0
1678,0.586,1,0,25,24,10.0,5.86,60.0,32.0,8.0,0.0
1679,0.646,1,0,18,17,10.0,6.46,38.88888888888889,27.77777777777778,22.22222222222222,11.11111111111111
1680,0.555,1,0,11,10,10.0,5.55,45.45454545454545,0.0,36.36363636363637,18.181818181818183
1681,0.774,1,0,16,15,10.0,7.74,37.5,0.0,25.0,37.5
1682,0.5,1,0,16,15,10.0,5.0,37.5,0.0,31.25,31.25
1683,0.67,1,0,24,23,10.0,6.7,41.66666666666667,12.5,20.833333333333336,25.0
1684,0.85,1,0,14,13,10.0,8.5,42.857142857142854,7.142857142857142,14.285714285714285,35.714285714285715
1685,0.675,1,0,20,19,10.0,6.75,45.0,0.0,10.0,45.0
1686,0.69,1,0,12,11,10.0,6.9,58.333333333333336,0.0,25.0,16.666666666666664
1687,0.675,1,0,10,9,10.0,6.75,80.0,0.0,10.0,10.0
1688,0.606,1,0,14,13,10.0,6.06,7.142857142857142,0.0,28.57142857142857,64.28571428571429
1689,0.288,1,0,9,8,10.0,2.88,66.66666666666666,11.11111111111111,22.22222222222222,0.0
1690,0.296,1,0,10,9,10.0,2.96,10.0,0.0,60.0,30.0
1691,0.491,1,0,19,18,10.0,4.91,47.368421052631575,5.263157894736842,31.57894736842105,15.789473684210526
1692,0.376,1,0,12,11,9.0,3.76,66.66666666666666,8.333333333333332,25.0,0.0
1693,0.442,1,0,16,15,10.0,4.42,81.25,0.0,18.75,0.0
1694,0.686,1,0,22,21,10.0,6.86,27.27272727272727,0.0,27.27272727272727,45.45454545454545
1695,0.718,1,0,21,20,10.0,7.18,42.857142857142854,0.0,23.809523809523807,33.33333333333333
1696,0.588,1,0,24,23,10.0,5.88,66.66666666666666,0.0,29.166666666666668,4.166666666666666
1697,0.675,1,0,13,12,10.0,6.75,76.92307692307693,0.0,7.6923076923076925,15.384615384615385
1698,0.646,1,0,19,18,10.0,6.46,31.57894736842105,15.789473684210526,5.263157894736842,47.368421052631575
1699,0.342,1,0,15,14,9.0,3.42,33.33333333333333,13.333333333333334,40.0,13.333333333333334
1700,0.652,1,0,18,17,10.0,6.52,16.666666666666664,0.0,66.66666666666666,16.666666666666664
1701,0.496,1,0,15,14,10.0,4.96,26.666666666666668,0.0,46.666666666666664,26.666666666666668
1702,0.456,1,0,10,9,10.0,4.56,10.0,10.0,40.0,40.0
1703,0.398,1,0,13,12,10.0,3.98,38.46153846153847,30.76923076923077,23.076923076923077,7.6923076923076925
1704,0.64,1,0,13,12,10.0,6.4,61.53846153846154,30.76923076923077,0.0,7.6923076923076925
1705,0.54,1,0,15,14,10.0,5.4,26.666666666666668,0.0,26.666666666666668,46.666666666666664
1706,0.67,1,0,11,10,10.0,6.7,54.54545454545454,18.181818181818183,0.0,27.27272727272727
1707,0.392,1,0,10,9,9.0,3.92,80.0,0.0,20.0,0.0
1708,0.369,1,0,12,11,10.0,3.69,8.333333333333332,0.0,41.66666666666667,50.0
1709,0.556,1,0,17,16,10.0,5.56,64.70588235294117,17.647058823529413,11.76470588235294,5.88235294117647
1710,0.492,1,0,14,13,10.0,4.92,7.142857142857142,0.0,35.714285714285715,57.14285714285714
1711,0.428,1,0,10,9,10.0,4.28,60.0,0.0,40.0,0.0
1712,0.579,1,0,13,12,10.0,5.79,38.46153846153847,15.384615384615385,30.76923076923077,15.384615384615385
1713,0.538,1,0,19,18,10.0,5.38,57.89473684210527,5.263157894736842,15.789473684210526,21.052631578947366
1714,0.648,1,0,26,25,10.0,6.48,19.230769230769234,0.0,38.46153846153847,42.30769230769231
1715,0.448,1,0,20,19,10.0,4.48,60.0,0.0,40.0,0.0
1716,0.535,1,0,15,14,10.0,5.35,66.66666666666666,6.666666666666667,20.0,6.666666666666667
1717,0.478,1,0,18,17,10.0,4.78,50.0,0.0,50.0,0.0
1718,0.505,1,0,10,9,10.0,5.05,70.0,10.0,20.0,0.0
1719,0.478,1,0,16,15,10.0,4.78,25.0,0.0,25.0,50.0
1720,0.691,1,0,28,27,10.0,6.91,60.71428571428571,0.0,0.0,39.285714285714285
1721,0.57,1,0,23,22,10.0,5.7,39.130434782608695,13.043478260869565,30.434782608695656,17.391304347826086
1722,0.496,1,0,13,12,10.0,4.96,15.384615384615385,0.0,53.84615384615385,30.76923076923077
1723,0.44,1,0,8,7,10.0,4.4,50.0,0.0,37.5,12.5
1724,0.55,1,0,19,18,10.0,5.5,57.89473684210527,0.0,26.31578947368421,15.789473684210526
1725,0.8,1,0,17,16,10.0,8.0,35.294117647058826,0.0,41.17647058823529,23.52941176470588
1726,0.75,1,0,15,14,10.0,7.5,20.0,33.33333333333333,26.666666666666668,20.0
1727,0.82,1,0,19,18,10.0,8.2,36.84210526315789,0.0,42.10526315789473,21.052631578947366
1728,0.492,1,0,15,14,10.0,4.92,86.66666666666667,6.666666666666667,6.666666666666667,0.0
1729,0.668,1,0,21,20,10.0,6.68,71.42857142857143,4.761904761904762,0.0,23.809523809523807
1730,0.508,1,0,15,14,10.0,5.08,60.0,26.666666666666668,13.333333333333334,0.0
1731,0.744,1,0,23,22,10.0,7.44,30.434782608695656,0.0,43.47826086956522,26.08695652173913
1732,0.405,1,0,14,13,10.0,4.05,42.857142857142854,0.0,57.14285714285714,0.0
1733,0.514,1,0,19,18,10.0,5.14,21.052631578947366,0.0,57.89473684210527,21.052631578947366
1734,0.675,1,0,22,21,10.0,6.75,40.909090909090914,4.545454545454546,45.45454545454545,9.090909090909092
1735,0.688,1,0,20,19,10.0,6.88,15.0,0.0,70.0,15.0
1736,0.64,1,0,30,29,10.0,6.4,56.666666666666664,10.0,6.666666666666667,26.666666666666668
1737,0.603,1,0,19,18,10.0,6.03,68.42105263157895,0.0,26.31578947368421,5.263157894736842
1738,0.72,1,0,16,15,10.0,7.2,25.0,25.0,6.25,43.75
1739,0.696,1,0,25,24,10.0,6.96,64.0,0.0,32.0,4.0
1740,0.42,1,0,14,13,10.0,4.2,21.428571428571427,0.0,35.714285714285715,42.857142857142854
1741,0.678,1,0,18,17,10.0,6.78,44.44444444444444,0.0,22.22222222222222,33.33333333333333
1742,0.536,1,0,13,12,10.0,5.36,46.15384615384615,23.076923076923077,0.0,30.76923076923077
1743,0.632,1,0,15,14,10.0,6.32,60.0,0.0,20.0,20.0
1744,0.472,1,0,16,15,10.0,4.72,87.5,6.25,6.25,0.0
1745,0.455,1,0,14,13,10.0,4.55,14.285714285714285,0.0,71.42857142857143,14.285714285714285
1746,0.55,1,0,17,16,10.0,5.5,52.94117647058824,0.0,47.05882352941176,0.0
1747,0.726,1,0,26,25,10.0,7.26,23.076923076923077,0.0,26.923076923076923,50.0
1748,0.48,1,0,15,14,10.0,4.8,73.33333333333333,0.0,26.666666666666668,0.0
1749,0.59,1,0,16,15,10.0,5.9,50.0,0.0,25.0,25.0
1750,0.651,1,0,22,21,10.0,6.51,59.09090909090909,9.090909090909092,27.27272727272727,4.545454545454546
1751,0.592,1,0,15,14,10.0,5.92,46.666666666666664,0.0,40.0,13.333333333333334
1752,0.429,1,0,13,12,10.0,4.29,61.53846153846154,0.0,38.46153846153847,0.0
1753,0.684,1,0,29,28,10.0,6.84,37.93103448275862,3.4482758620689653,37.93103448275862,20.689655172413794
1754,0.634,1,0,16,15,9.0,6.34,50.0,0.0,18.75,31.25
1755,0.608,1,0,19,18,10.0,6.08,63.1578947368421,15.789473684210526,15.789473684210526,5.263157894736842
1756,0.417,1,0,10,9,10.0,4.17,20.0,0.0,50.0,30.0
1757,0.705,1,0,14,13,10.0,7.05,42.857142857142854,0.0,21.428571428571427,35.714285714285715
1758,0.67,1,0,19,18,10.0,6.7,5.263157894736842,21.052631578947366,42.10526315789473,31.57894736842105
1759,0.72,1,0,28,27,10.0,7.2,57.14285714285714,3.571428571428571,0.0,39.285714285714285
1760,0.459,1,0,17,16,10.0,4.59,64.70588235294117,5.88235294117647,11.76470588235294,17.647058823529413
1761,0.422,1,0,21,20,10.0,4.22,61.904761904761905,0.0,38.095238095238095,0.0
1762,0.528,1,0,20,19,10.0,5.28,80.0,5.0,15.0,0.0
1763,0.742,1,0,15,14,10.0,7.42,66.66666666666666,0.0,13.333333333333334,20.0
1764,0.488,1,0,13,12,10.0,4.88,30.76923076923077,0.0,46.15384615384615,23.076923076923077
1765,0.84,1,0,15,14,10.0,8.4,46.666666666666664,6.666666666666667,13.333333333333334,33.33333333333333
1766,0.643,1,0,21,20,10.0,6.43,52.38095238095239,0.0,23.809523809523807,23.809523809523807
1767,0.584,1,0,20,19,10.0,5.84,20.0,0.0,60.0,20.0
1768,0.575,1,0,11,10,10.0,5.75,9.090909090909092,0.0,27.27272727272727,63.63636363636363
1769,0.538,1,0,16,15,10.0,5.38,18.75,0.0,31.25,50.0
1770,0.655,1,0,15,14,10.0,6.55,26.666666666666668,13.333333333333334,46.666666666666664,13.333333333333334
1771,0.658,1,0,19,18,10.0,6.58,26.31578947368421,10.526315789473683,10.526315789473683,52.63157894736842
1772,0.576,1,0,18,17,10.0,5.76,55.55555555555556,0.0,27.77777777777778,16.666666666666664
1773,0.63,1,0,18,17,10.0,6.3,61.111111111111114,0.0,11.11111111111111,27.77777777777778
1774,0.61,1,0,14,13,10.0,6.1,78.57142857142857,0.0,14.285714285714285,7.142857142857142
1775,0.436,1,0,12,11,10.0,4.36,75.0,16.666666666666664,8.333333333333332,0.0
1776,0.414,1,0,12,11,10.0,4.14,58.333333333333336,0.0,25.0,16.666666666666664
1777,0.432,1,0,17,16,10.0,4.32,64.70588235294117,5.88235294117647,23.52941176470588,5.88235294117647
1778,0.362,1,0,10,9,9.0,3.62,20.0,0.0,50.0,30.0
1779,0.685,1,0,14,13,10.0,6.85,57.14285714285714,0.0,21.428571428571427,21.428571428571427
1780,0.71,1,0,21,20,10.0,7.1,61.904761904761905,4.761904761904762,0.0,33.33333333333333
1781,0.77,1,0,18,17,10.0,7.7,33.33333333333333,38.88888888888889,5.555555555555555,22.22222222222222
1782,0.348,1,0,9,8,10.0,3.48,55.55555555555556,0.0,44.44444444444444,0.0
1783,0.487,1,0,16,15,10.0,4.87,50.0,0.0,25.0,25.0
1784,0.587,1,0,19,18,10.0,5.87,36.84210526315789,0.0,21.052631578947366,42.10526315789473
1785,0.632,1,0,19,18,10.0,6.32,26.31578947368421,0.0,15.789473684210526,57.89473684210527
1786,0.54,1,0,16,15,10.0,5.4,37.5,0.0,31.25,31.25
1787,0.815,1,0,12,11,10.0,8.15,33.33333333333333,0.0,33.33333333333333,33.33333333333333
1788,0.688,1,0,13,12,10.0,6.88,23.076923076923077,0.0,69.23076923076923,7.6923076923076925
1789,0.54,1,0,24,23,10.0,5.4,87.5,4.166666666666666,8.333333333333332,0.0
1790,0.574,1,0,13,12,10.0,5.74,38.46153846153847,7.6923076923076925,30.76923076923077,23.076923076923077
1791,0.504,1,0,15,14,10.0,5.04,46.666666666666664,0.0,33.33333333333333,20.0
1792,0.476,1,0,12,11,10.0,4.76,66.66666666666666,0.0,33.33333333333333,0.0
1793,0.638,1,0,16,15,10.0,6.38,43.75,0.0,31.25,25.0
1794,0.476,1,0,17,16,10.0,4.76,23.52941176470588,0.0,47.05882352941176,29.411764705882355
1795,0.398,1,0,11,10,10.0,3.98,36.36363636363637,54.54545454545454,9.090909090909092,0.0
1796,0.456,1,0,10,9,8.0,4.56,50.0,20.0,20.0,10.0
1797,0.615,1,0,19,18,10.0,6.15,57.89473684210527,5.263157894736842,31.57894736842105,5.263157894736842
1798,0.736,1,0,28,27,10.0,7.36,25.0,0.0,50.0,25.0
1799,0.607,1,0,17,16,10.0,6.07,23.52941176470588,17.647058823529413,29.411764705882355,29.411764705882355
1800,0.434,1,0,16,15,10.0,4.34,68.75,0.0,25.0,6.25
1801,0.72,1,0,20,19,10.0,7.2,45.0,0.0,10.0,45.0
1802,0.428,1,0,11,10,10.0,4.28,54.54545454545454,18.181818181818183,27.27272727272727,0.0
1803,0.608,1,0,15,14,10.0,6.08,53.333333333333336,13.333333333333334,13.333333333333334,20.0
1804,0.74,1,0,16,15,10.0,7.4,43.75,0.0,25.0,31.25
1805,0.655,1,0,23,22,10.0,6.55,34.78260869565217,17.391304347826086,26.08695652173913,21.73913043478261
1806,0.376,1,0,15,14,10.0,3.76,40.0,0.0,46.666666666666664,13.333333333333334
1807,0.552,1,0,17,16,10.0,5.52,76.47058823529412,0.0,23.52941176470588,0.0
1808,0.462,1,0,15,14,10.0,4.62,40.0,0.0,46.666666666666664,13.333333333333334
1809,0.712,1,0,23,22,10.0,7.12,26.08695652173913,0.0,17.391304347826086,56.52173913043478
1810,0.56,1,0,14,13,10.0,5.6,57.14285714285714,0.0,14.285714285714285,28.57142857142857
1811,0.614,1,0,18,17,10.0,6.14,38.88888888888889,38.88888888888889,11.11111111111111,11.11111111111111
1812,0.367,1,0,14,13,10.0,3.67,35.714285714285715,14.285714285714285,50.0,0.0
1813,0.578,1,0,20,19,10.0,5.78,50.0,0.0,40.0,10.0
1814,0.714,1,0,29,28,10.0,7.14,51.724137931034484,13.793103448275861,10.344827586206897,24.137931034482758
1815,0.414,1,0,14,13,10.0,4.14,50.0,7.142857142857142,14.285714285714285,28.57142857142857
1816,0.56,1,0,13,12,10.0,5.6,38.46153846153847,0.0,46.15384615384615,15.384615384615385
1817,0.651,1,0,18,17,10.0,6.51,66.66666666666666,0.0,16.666666666666664,16.666666666666664
1818,0.39,1,0,9,8,10.0,3.9,77.77777777777779,0.0,11.11111111111111,11.11111111111111
1819,0.63,1,0,15,14,10.0,6.3,80.0,0.0,13.333333333333334,6.666666666666667
1820,0.462,1,0,11,10,10.0,4.62,27.27272727272727,0.0,45.45454545454545,27.27272727272727
1821,0.64,1,0,15,14,10.0,6.4,13.333333333333334,20.0,33.33333333333333,33.33333333333333
1822,0.598,1,0,20,19,10.0,5.98,25.0,30.0,10.0,35.0
1823,0.562,1,0,18,17,10.0,5.62,50.0,5.555555555555555,11.11111111111111,33.33333333333333
1824,0.456,1,0,20,19,10.0,4.56,20.0,0.0,55.00000000000001,25.0
1825,0.648,1,0,27,26,10.0,6.48,48.148148148148145,3.7037037037037033,18.51851851851852,29.629629629629626
1826,0.75,1,0,18,17,10.0,7.5,16.666666666666664,5.555555555555555,33.33333333333333,44.44444444444444
1827,0.61,1,0,21,20,10.0,6.1,23.809523809523807,0.0,57.14285714285714,19.047619047619047
1828,0.509,1,0,18,17,10.0,5.09,66.66666666666666,5.555555555555555,22.22222222222222,5.555555555555555
1829,0.492,1,0,17,16,10.0,4.92,52.94117647058824,0.0,17.647058823529413,29.411764705882355
1830,0.539,1,0,25,24,10.0,5.39,68.0,8.0,24.0,0.0
1831,0.508,1,0,14,13,10.0,5.08,42.857142857142854,0.0,57.14285714285714,0.0
1832,0.515,1,0,17,16,10.0,5.15,64.70588235294117,0.0,23.52941176470588,11.76470588235294
1833,0.432,1,0,12,11,10.0,4.32,66.66666666666666,0.0,25.0,8.333333333333332
1834,0.472,1,0,14,13,10.0,4.72,78.57142857142857,7.142857142857142,14.285714285714285,0.0
1835,0.4,1,0,8,7,10.0,4.0,62.5,12.5,12.5,12.5
1836,0.54,1,0,12,11,10.0,5.4,58.333333333333336,0.0,41.66666666666667,0.0
1837,0.64,1,0,19,18,10.0,6.4,26.31578947368421,0.0,42.10526315789473,31.57894736842105
1838,0.526,1,0,16,15,10.0,5.26,75.0,0.0,25.0,0.0
1839,0.523,1,0,15,14,10.0,5.23,80.0,0.0,13.333333333333334,6.666666666666667
1840,0.79,1,0,18,17,10.0,7.9,55.55555555555556,0.0,22.22222222222222,22.22222222222222
1841,0.44,1,0,13,12,10.0,4.4,46.15384615384615,15.384615384615385,38.46153846153847,0.0
1842,0.776,1,0,33,32,10.0,7.76,33.33333333333333,24.242424242424242,15.151515151515152,27.27272727272727
1843,0.62,1,0,14,13,10.0,6.2,42.857142857142854,7.142857142857142,14.285714285714285,35.714285714285715
1844,0.485,1,0,13,12,10.0,4.85,76.92307692307693,0.0,15.384615384615385,7.6923076923076925
1845,0.79,1,0,25,24,10.0,7.9,40.0,0.0,12.0,48.0
1846,0.544,1,0,19,18,10.0,5.44,89.47368421052632,5.263157894736842,5.263157894736842,0.0
1847,0.424,1,0,13,12,10.0,4.24,23.076923076923077,0.0,69.23076923076923,7.6923076923076925
1848,0.504,1,0,18,17,10.0,5.04,61.111111111111114,5.555555555555555,27.77777777777778,5.555555555555555
1849,0.44,1,0,12,11,10.0,4.4,41.66666666666667,0.0,58.333333333333336,0.0
1850,0.64,1,0,16,15,10.0,6.4,25.0,0.0,31.25,43.75
1851,0.528,1,0,16,15,10.0,5.28,6.25,0.0,43.75,50.0
1852,0.632,1,0,22,21,10.0,6.32,50.0,4.545454545454546,31.818181818181817,13.636363636363635
1853,0.718,1,0,16,15,10.0,7.18,6.25,0.0,43.75,50.0
1854,0.546,1,0,23,22,10.0,5.46,47.82608695652174,8.695652173913043,26.08695652173913,17.391304347826086
1855,0.524,1,0,22,21,10.0,5.24,40.909090909090914,0.0,18.181818181818183,40.909090909090914
1856,0.559,1,0,13,12,10.0,5.59,38.46153846153847,0.0,46.15384615384615,15.384615384615385
1857,0.514,1,0,16,15,10.0,5.14,56.25,6.25,37.5,0.0
1858,0.548,1,0,18,17,10.0,5.48,38.88888888888889,27.77777777777778,16.666666666666664,16.666666666666664
1859,0.664,1,0,21,20,10.0,6.64,57.14285714285714,0.0,14.285714285714285,28.57142857142857
1860,0.648,1,0,13,12,10.0,6.48,38.46153846153847,0.0,7.6923076923076925,53.84615384615385
1861,0.605,1,0,11,10,10.0,6.05,18.181818181818183,0.0,81.81818181818183,0.0
1862,0.645,1,0,14,13,10.0,6.45,50.0,0.0,35.714285714285715,14.285714285714285
1863,0.526,1,0,14,13,10.0,5.26,28.57142857142857,0.0,57.14285714285714,14.285714285714285
1864,0.517,1,0,13,12,10.0,5.17,76.92307692307693,0.0,15.384615384615385,7.6923076923076925
1865,0.588,1,0,15,14,10.0,5.88,60.0,0.0,33.33333333333333,6.666666666666667
1866,0.49,1,0,18,17,10.0,4.9,38.88888888888889,33.33333333333333,22.22222222222222,5.555555555555555
1867,0.58,1,0,13,12,10.0,5.8,61.53846153846154,0.0,7.6923076923076925,30.76923076923077
1868,0.865,1,0,11,10,10.0,8.65,45.45454545454545,9.090909090909092,9.090909090909092,36.36363636363637
1869,0.54,1,0,17,16,10.0,5.4,70.58823529411765,0.0,17.647058823529413,11.76470588235294
1870,0.688,1,0,18,17,10.0,6.88,44.44444444444444,27.77777777777778,5.555555555555555,22.22222222222222
1871,0.672,1,0,19,18,10.0,6.72,15.789473684210526,0.0,47.368421052631575,36.84210526315789
1872,0.504,1,0,17,16,9.0,5.04,5.88235294117647,0.0,35.294117647058826,58.82352941176471
1873,0.75,1,0,16,15,10.0,7.5,56.25,6.25,6.25,31.25
1874,0.522,1,0,17,16,10.0,5.22,23.52941176470588,0.0,47.05882352941176,29.411764705882355
1875,0.79,1,0,14,13,10.0,7.9,50.0,21.428571428571427,7.142857142857142,21.428571428571427
1876,0.498,1,0,13,12,10.0,4.98,46.15384615384615,0.0,46.15384615384615,7.6923076923076925
1877,0.55,1,0,22,21,10.0,5.5,68.18181818181817,0.0,27.27272727272727,4.545454545454546
1878,0.62,1,0,19,18,10.0,6.2,21.052631578947366,0.0,47.368421052631575,31.57894736842105
1879,0.471,1,0,14,13,10.0,4.71,57.14285714285714,7.142857142857142,7.142857142857142,28.57142857142857
1880,0.33,1,0,7,6,10.0,3.3,42.857142857142854,14.285714285714285,28.57142857142857,14.285714285714285
1881,0.397,1,0,10,9,10.0,3.97,70.0,0.0,30.0,0.0
1882,0.615,1,0,19,18,10.0,6.15,47.368421052631575,0.0,15.789473684210526,36.84210526315789
1883,0.43,1,0,13,12,10.0,4.3,53.84615384615385,0.0,30.76923076923077,15.384615384615385
1884,0.695,1,0,14,13,10.0,6.95,42.857142857142854,7.142857142857142,21.428571428571427,28.57142857142857
1885,0.431,1,0,13,12,8.0,4.31,61.53846153846154,0.0,38.46153846153847,0.0
1886,0.408,1,0,11,10,10.0,4.08,72.72727272727273,0.0,18.181818181818183,9.090909090909092
1887,0.584,1,0,20,19,10.0,5.84,35.0,0.0,40.0,25.0
1888,0.57,1,0,17,16,10.0,5.7,5.88235294117647,0.0,47.05882352941176,47.05882352941176
1889,0.46,1,0,12,11,10.0,4.6,66.66666666666666,16.666666666666664,16.666666666666664,0.0
1890,0.564,1,0,22,21,10.0,5.64,54.54545454545454,0.0,40.909090909090914,4.545454545454546
1891,0.611,1,0,14,13,10.0,6.11,35.714285714285715,0.0,50.0,14.285714285714285
1892,0.575,1,0,22,21,10.0,5.75,68.18181818181817,9.090909090909092,9.090909090909092,13.636363636363635
1893,0.534,1,0,16,15,10.0,5.34,68.75,0.0,18.75,12.5
1894,0.562,1,0,15,14,10.0,5.62,26.666666666666668,0.0,60.0,13.333333333333334
1895,0.672,1,0,24,23,10.0,6.72,16.666666666666664,0.0,45.83333333333333,37.5
1896,0.588,1,0,14,13,9.0,5.88,28.57142857142857,14.285714285714285,28.57142857142857,28.57142857142857
1897,0.486,1,0,13,12,10.0,4.86,38.46153846153847,0.0,61.53846153846154,0.0
1898,0.643,1,0,17,16,10.0,6.43,29.411764705882355,29.411764705882355,23.52941176470588,17.647058823529413
1899,0.632,1,0,24,23,10.0,6.32,33.33333333333333,16.666666666666664,12.5,37.5
1900,0.572,1,0,21,20,10.0,5.72,57.14285714285714,0.0,33.33333333333333,9.523809523809524
1901,0.548,1,0,16,15,10.0,5.48,31.25,0.0,56.25,12.5
1902,0.52,1,0,16,15,10.0,5.2,93.75,0.0,6.25,0.0
1903,0.65,1,0,15,14,10.0,6.5,26.666666666666668,0.0,26.666666666666668,46.666666666666664
1904,0.514,1,0,16,15,10.0,5.14,68.75,6.25,25.0,0.0
1905,0.448,1,0,15,14,10.0,4.48,40.0,0.0,60.0,0.0
1906,0.478,1,0,14,13,10.0,4.78,71.42857142857143,0.0,21.428571428571427,7.142857142857142
1907,0.449,1,0,12,11,10.0,4.49,25.0,8.333333333333332,16.666666666666664,50.0
1908,0.695,1,0,21,20,10.0,6.95,76.19047619047619,0.0,4.761904761904762,19.047619047619047
1909,0.531,1,0,15,14,10.0,5.31,73.33333333333333,6.666666666666667,20.0,0.0
1910,0.58,1,0,19,18,10.0,5.8,63.1578947368421,10.526315789473683,10.526315789473683,15.789473684210526
1911,0.556,1,0,19,18,10.0,5.56,47.368421052631575,0.0,31.57894736842105,21.052631578947366
1912,0.529,1,0,12,11,10.0,5.29,33.33333333333333,0.0,41.66666666666667,25.0
1913,0.564,1,0,14,13,10.0,5.64,57.14285714285714,14.285714285714285,0.0,28.57142857142857
1914,0.575,1,0,10,9,10.0,5.75,70.0,0.0,20.0,10.0
1915,0.603,1,0,15,14,10.0,6.03,93.33333333333333,0.0,6.666666666666667,0.0
1916,0.64,1,0,17,16,10.0,6.4,41.17647058823529,5.88235294117647,35.294117647058826,17.647058823529413
1917,0.491,1,0,14,13,10.0,4.91,78.57142857142857,14.285714285714285,7.142857142857142,0.0
1918,0.53,1,0,23,22,10.0,5.3,30.434782608695656,0.0,65.21739130434783,4.3478260869565215
1919,0.49,1,0,8,7,10.0,4.9,37.5,12.5,25.0,25.0
1920,0.66,1,0,15,14,10.0,6.6,6.666666666666667,13.333333333333334,33.33333333333333,46.666666666666664
1921,0.612,1,0,22,21,10.0,6.12,77.27272727272727,4.545454545454546,13.636363636363635,4.545454545454546
1922,0.476,1,0,12,11,10.0,4.76,66.66666666666666,0.0,16.666666666666664,16.666666666666664
1923,0.58,1,0,14,13,10.0,5.8,57.14285714285714,0.0,21.428571428571427,21.428571428571427
1924,0.667,1,0,25,24,10.0,6.67,8.0,24.0,20.0,48.0
1925,0.65,1,0,26,25,10.0,6.5,42.30769230769231,26.923076923076923,15.384615384615385,15.384615384615385
1926,0.492,1,0,16,15,10.0,4.92,50.0,0.0,50.0,0.0
1927,0.58,1,0,17,16,10.0,5.8,76.47058823529412,0.0,23.52941176470588,0.0
1928,0.498,1,0,15,14,10.0,4.98,33.33333333333333,0.0,40.0,26.666666666666668
1929,0.634,1,0,12,11,10.0,6.34,8.333333333333332,0.0,41.66666666666667,50.0
1930,0.75,1,0,8,7,10.0,7.5,50.0,12.5,0.0,37.5
1931,0.675,1,0,14,13,10.0,6.75,42.857142857142854,0.0,35.714285714285715,21.428571428571427
1932,0.35,1,0,10,9,10.0,3.5,20.0,0.0,40.0,40.0
1933,0.401,1,0,13,12,10.0,4.01,15.384615384615385,15.384615384615385,38.46153846153847,30.76923076923077
1934,0.7,1,0,18,17,10.0,7.0,22.22222222222222,0.0,33.33333333333333,44.44444444444444
1935,0.663,1,0,24,23,10.0,6.63,50.0,0.0,12.5,37.5
1936,0.488,1,0,13,12,10.0,4.88,46.15384615384615,0.0,38.46153846153847,15.384615384615385
1937,0.478,1,0,12,11,10.0,4.78,66.66666666666666,0.0,16.666666666666664,16.666666666666664
1938,0.521,1,0,17,16,10.0,5.21,58.82352941176471,5.88235294117647,17.647058823529413,17.647058823529413
1939,0.62,1,0,16,15,10.0,6.2,18.75,6.25,25.0,50.0
1940,0.75,1,0,10,9,10.0,7.5,20.0,0.0,70.0,10.0
1941,0.516,1,0,18,17,10.0,5.16,38.88888888888889,16.666666666666664,11.11111111111111,33.33333333333333
1942,0.364,1,0,12,11,9.0,3.64,66.66666666666666,0.0,33.33333333333333,0.0
1943,0.7,1,0,23,22,10.0,7.0,60.86956521739131,4.3478260869565215,21.73913043478261,13.043478260869565
1944,0.59,1,0,10,9,10.0,5.9,50.0,30.0,0.0,20.0
1945,0.686,1,0,17,16,10.0,6.86,41.17647058823529,0.0,11.76470588235294,47.05882352941176
1946,0.528,1,0,25,24,10.0,5.28,64.0,0.0,28.000000000000004,8.0
1947,0.508,1,0,17,16,9.0,5.08,11.76470588235294,0.0,76.47058823529412,11.76470588235294
1948,0.563,1,0,11,10,10.0,5.63,45.45454545454545,9.090909090909092,18.181818181818183,27.27272727272727
1949,0.543,1,0,14,13,10.0,5.43,28.57142857142857,7.142857142857142,35.714285714285715,28.57142857142857
1950,0.515,1,0,15,14,10.0,5.15,26.666666666666668,13.333333333333334,60.0,0.0
1951,0.369,1,0,18,17,10.0,3.69,55.55555555555556,0.0,27.77777777777778,16.666666666666664
1952,0.644,1,0,17,16,10.0,6.44,52.94117647058824,35.294117647058826,11.76470588235294,0.0
1953,0.578,1,0,14,13,10.0,5.78,42.857142857142854,14.285714285714285,42.857142857142854,0.0
1954,0.542,1,0,18,17,10.0,5.42,33.33333333333333,0.0,44.44444444444444,22.22222222222222
1955,0.427,1,0,12,11,10.0,4.27,91.66666666666666,0.0,8.333333333333332,0.0
1956,0.682,1,0,20,19,10.0,6.82,30.0,5.0,15.0,50.0
1957,0.587,1,0,14,13,10.0,5.87,21.428571428571427,21.428571428571427,21.428571428571427,35.714285714285715
1958,0.527,1,0,16,15,10.0,5.27,12.5,0.0,68.75,18.75
1959,0.624,1,0,18,17,10.0,6.24,22.22222222222222,0.0,33.33333333333333,44.44444444444444
1960,0.532,1,0,13,12,10.0,5.32,46.15384615384615,0.0,23.076923076923077,30.76923076923077
1961,0.75,1,0,22,21,10.0,7.5,31.818181818181817,31.818181818181817,4.545454545454546,31.818181818181817
1962,0.664,1,0,26,25,10.0,6.64,38.46153846153847,3.8461538461538463,50.0,7.6923076923076925
1963,0.656,1,0,19,18,10.0,6.56,47.368421052631575,10.526315789473683,26.31578947368421,15.789473684210526
1964,0.638,1,0,17,16,10.0,6.38,35.294117647058826,0.0,29.411764705882355,35.294117647058826
1965,0.7,1,0,20,19,10.0,7.0,15.0,0.0,55.00000000000001,30.0
1966,0.512,1,0,17,16,10.0,5.12,17.647058823529413,0.0,35.294117647058826,47.05882352941176
1967,0.586,1,0,19,18,10.0,5.86,5.263157894736842,0.0,42.10526315789473,52.63157894736842
1968,0.666,1,0,34,33,10.0,6.66,32.35294117647059,8.823529411764707,23.52941176470588,35.294117647058826
1969,0.565,1,0,13,12,10.0,5.65,46.15384615384615,0.0,23.076923076923077,30.76923076923077
1970,0.553,1,0,12,11,10.0,5.53,16.666666666666664,0.0,58.333333333333336,25.0
1971,0.652,1,0,20,19,10.0,6.52,50.0,0.0,30.0,20.0
1972,0.565,1,0,9,8,9.0,5.65,88.88888888888889,11.11111111111111,0.0,0.0
1973,0.62,1,0,12,11,10.0,6.2,41.66666666666667,41.66666666666667,16.666666666666664,0.0
1974,0.512,1,0,16,15,10.0,5.12,37.5,0.0,50.0,12.5
1975,0.585,1,0,14,13,10.0,5.85,50.0,0.0,28.57142857142857,21.428571428571427
1976,0.473,1,0,15,14,10.0,4.73,6.666666666666667,6.666666666666667,46.666666666666664,40.0
1977,0.75,1,0,14,13,10.0,7.5,50.0,0.0,28.57142857142857,21.428571428571427
1978,0.356,1,0,10,9,10.0,3.56,10.0,0.0,80.0,10.0
1979,0.536,1,0,17,16,10.0,5.36,70.58823529411765,0.0,29.411764705882355,0.0
1980,0.296,1,0,10,9,9.0,2.96,50.0,0.0,30.0,20.0
1981,0.588,1,0,25,24,10.0,5.88,56.00000000000001,0.0,12.0,32.0
1982,0.24,1,0,5,4,10.0,2.4,40.0,0.0,60.0,0.0
1983,0.637,1,0,19,18,10.0,6.37,47.368421052631575,0.0,36.84210526315789,15.789473684210526
1984,0.568,1,0,19,18,10.0,5.68,42.10526315789473,0.0,42.10526315789473,15.789473684210526
1985,0.653,1,0,14,13,10.0,6.53,42.857142857142854,0.0,21.428571428571427,35.714285714285715
1986,0.76,1,0,16,15,10.0,7.6,50.0,0.0,31.25,18.75
1987,0.482,1,0,16,15,10.0,4.82,56.25,18.75,25.0,0.0
1988,0.463,1,0,11,10,9.0,4.63,45.45454545454545,27.27272727272727,18.181818181818183,9.090909090909092
1989,0.722,1,0,21,20,10.0,7.22,42.857142857142854,0.0,33.33333333333333,23.809523809523807
1990,0.64,1,0,13,12,10.0,6.4,84.61538461538461,0.0,15.384615384615385,0.0
1991,0.47,1,0,15,14,10.0,4.7,26.666666666666668,0.0,26.666666666666668,46.666666666666664
1992,0.568,1,0,17,16,10.0,5.68,41.17647058823529,0.0,35.294117647058826,23.52941176470588
1993,0.548,1,0,16,15,10.0,5.48,56.25,0.0,25.0,18.75
1994,0.604,1,0,19,18,10.0,6.04,31.57894736842105,0.0,47.368421052631575,21.052631578947366
1995,0.479,1,0,11,10,10.0,4.79,45.45454545454545,0.0,45.45454545454545,9.090909090909092
1996,0.691,1,0,14,13,10.0,6.91,28.57142857142857,14.285714285714285,7.142857142857142,50.0
1997,0.452,1,0,11,10,10.0,4.52,54.54545454545454,0.0,9.090909090909092,36.36363636363637
1998,0.608,1,0,18,17,10.0,6.08,44.44444444444444,5.555555555555555,16.666666666666664,33.33333333333333
1999,0.46,1,0,18,17,10.0,4.6,72.22222222222221,11.11111111111111,11.11111111111111,5.555555555555555
2000,0.754,1,0,24,23,10.0,7.54,58.333333333333336,4.166666666666666,20.833333333333336,16.666666666666664
2001,0.425,1,0,8,7,10.0,4.25,37.5,12.5,25.0,25.0
2002,0.592,1,0,19,18,10.0,5.92,31.57894736842105,0.0,42.10526315789473,26.31578947368421
2003,0.692,1,0,17,16,10.0,6.92,76.47058823529412,11.76470588235294,5.88235294117647,5.88235294117647
2004,0.636,1,0,17,16,10.0,6.36,64.70588235294117,0.0,11.76470588235294,23.52941176470588
2005,0.354,1,0,14,13,10.0,3.54,28.57142857142857,0.0,64.28571428571429,7.142857142857142
2006,0.8,1,0,17,16,10.0,8.0,17.647058823529413,0.0,47.05882352941176,35.294117647058826
2007,0.538,1,0,18,17,10.0,5.38,44.44444444444444,0.0,38.88888888888889,16.666666666666664
2008,0.588,1,0,20,19,10.0,5.88,35.0,15.0,35.0,15.0
2009,0.657,1,0,29,28,10.0,6.57,34.48275862068966,0.0,41.37931034482759,24.137931034482758
2010,0.544,1,0,16,15,10.0,5.44,37.5,0.0,25.0,37.5
2011,0.542,1,0,19,18,10.0,5.42,5.263157894736842,0.0,63.1578947368421,31.57894736842105
2012,0.532,1,0,11,10,10.0,5.32,45.45454545454545,0.0,18.181818181818183,36.36363636363637
2013,0.65,1,0,22,21,10.0,6.5,50.0,22.727272727272727,18.181818181818183,9.090909090909092
2014,0.575,1,0,18,17,10.0,5.75,33.33333333333333,0.0,50.0,16.666666666666664
2015,0.615,1,0,9,8,10.0,6.15,44.44444444444444,0.0,44.44444444444444,11.11111111111111
2016,0.38,1,0,11,10,10.0,3.8,45.45454545454545,0.0,54.54545454545454,0.0
2017,0.632,1,0,28,27,10.0,6.32,53.57142857142857,3.571428571428571,28.57142857142857,14.285714285714285
2018,0.325,1,0,10,9,10.0,3.25,60.0,20.0,20.0,0.0
2019,0.721,1,0,20,19,10.0,7.21,55.00000000000001,0.0,30.0,15.0
2020,0.387,1,0,11,10,10.0,3.87,72.72727272727273,9.090909090909092,18.181818181818183,0.0
2021,0.586,1,0,21,20,10.0,5.86,47.61904761904761,14.285714285714285,23.809523809523807,14.285714285714285
2022,0.72,1,0,14,13,10.0,7.2,42.857142857142854,0.0,28.57142857142857,28.57142857142857
2023,0.692,1,0,25,24,10.0,6.92,56.00000000000001,0.0,20.0,24.0
2024,0.676,1,0,16,15,10.0,6.76,25.0,0.0,25.0,50.0
2025,0.375,1,0,12,11,10.0,3.75,16.666666666666664,8.333333333333332,66.66666666666666,8.333333333333332
2026,0.506,1,0,14,13,10.0,5.06,57.14285714285714,28.57142857142857,14.285714285714285,0.0
2027,0.384,1,0,14,13,10.0,3.84,35.714285714285715,0.0,64.28571428571429,0.0
2028,0.472,1,0,11,10,10.0,4.72,9.090909090909092,0.0,63.63636363636363,27.27272727272727
2029,0.656,1,0,23,22,10.0,6.56,34.78260869565217,4.3478260869565215,13.043478260869565,47.82608695652174
2030,0.599,1,0,26,25,10.0,5.99,57.692307692307686,0.0,38.46153846153847,3.8461538461538463
2031,0.626,1,0,27,26,10.0,6.26,70.37037037037037,7.4074074074074066,11.11111111111111,11.11111111111111
2032,0.59,1,0,22,21,10.0,5.9,50.0,0.0,40.909090909090914,9.090909090909092
2033,0.61,1,0,18,17,10.0,6.1,61.111111111111114,0.0,27.77777777777778,11.11111111111111
2034,0.62,1,0,13,12,10.0,6.2,61.53846153846154,0.0,15.384615384615385,23.076923076923077
2035,0.681,1,0,16,15,10.0,6.81,68.75,18.75,6.25,6.25
2036,0.542,1,0,17,16,10.0,5.42,11.76470588235294,41.17647058823529,41.17647058823529,5.88235294117647
2037,0.642,1,0,18,17,10.0,6.42,66.66666666666666,0.0,16.666666666666664,16.666666666666664
2038,0.505,1,0,14,13,10.0,5.05,42.857142857142854,0.0,35.714285714285715,21.428571428571427
2039,0.448,1,0,18,17,10.0,4.48,38.88888888888889,5.555555555555555,27.77777777777778,27.77777777777778
2040,0.62,1,0,15,14,10.0,6.2,53.333333333333336,6.666666666666667,20.0,20.0
2041,0.468,1,0,16,15,10.0,4.68,31.25,0.0,43.75,25.0
2042,0.728,1,0,31,30,10.0,7.28,32.25806451612903,0.0,45.16129032258064,22.58064516129032
2043,0.528,1,0,17,16,10.0,5.28,47.05882352941176,0.0,29.411764705882355,23.52941176470588
2044,0.449,1,0,21,20,10.0,4.49,76.19047619047619,4.761904761904762,19.047619047619047,0.0
2045,0.436,1,0,14,13,10.0,4.36,7.142857142857142,7.142857142857142,64.28571428571429,21.428571428571427
2046,0.676,1,0,20,19,10.0,6.76,25.0,5.0,45.0,25.0
2047,0.595,1,0,20,19,10.0,5.95,50.0,15.0,25.0,10.0
2048,0.694,1,0,22,21,10.0,6.94,22.727272727272727,4.545454545454546,36.36363636363637,36.36363636363637
2049,0.459,1,0,16,15,10.0,4.59,37.5,0.0,56.25,6.25
2050,0.432,1,0,12,11,10.0,4.32,66.66666666666666,0.0,25.0,8.333333333333332
2051,0.56,1,0,13,12,10.0,5.6,23.076923076923077,0.0,30.76923076923077,46.15384615384615
2052,0.508,1,0,18,17,10.0,5.08,33.33333333333333,22.22222222222222,33.33333333333333,11.11111111111111
2053,0.678,1,0,20,19,10.0,6.78,35.0,10.0,35.0,20.0
2054,0.474,1,0,18,17,10.0,4.74,61.111111111111114,0.0,27.77777777777778,11.11111111111111
2055,0.569,1,0,13,12,10.0,5.69,69.23076923076923,0.0,7.6923076923076925,23.076923076923077
2056,0.636,1,0,19,18,10.0,6.36,42.10526315789473,0.0,42.10526315789473,15.789473684210526
2057,0.536,1,0,22,21,10.0,5.36,9.090909090909092,0.0,86.36363636363636,4.545454545454546
2058,0.625,1,0,20,19,10.0,6.25,15.0,0.0,50.0,35.0
2059,0.518,1,0,15,14,10.0,5.18,66.66666666666666,6.666666666666667,13.333333333333334,13.333333333333334
2060,0.616,1,0,20,19,10.0,6.16,10.0,5.0,25.0,60.0
2061,0.6,1,0,10,9,9.0,6.0,60.0,0.0,40.0,0.0
2062,0.47,1,0,18,17,10.0,4.7,33.33333333333333,0.0,55.55555555555556,11.11111111111111
2063,0.61,1,0,17,16,10.0,6.1,35.294117647058826,11.76470588235294,23.52941176470588,29.411764705882355
2064,0.486,1,0,19,18,10.0,4.86,89.47368421052632,5.263157894736842,5.263157894736842,0.0
2065,0.725,1,0,13,12,10.0,7.25,76.92307692307693,0.0,7.6923076923076925,15.384615384615385
2066,0.604,1,0,19,18,10.0,6.04,36.84210526315789,5.263157894736842,26.31578947368421,31.57894736842105
2067,0.46,1,0,14,13,9.0,4.6,71.42857142857143,21.428571428571427,7.142857142857142,0.0
2068,0.512,1,0,19,18,10.0,5.12,68.42105263157895,26.31578947368421,5.263157894736842,0.0
2069,0.696,1,0,22,21,10.0,6.96,50.0,0.0,13.636363636363635,36.36363636363637
2070,0.62,1,0,12,11,10.0,6.2,58.333333333333336,0.0,16.666666666666664,25.0
2071,0.496,1,0,15,14,10.0,4.96,46.666666666666664,6.666666666666667,26.666666666666668,20.0
2072,0.402,1,0,11,10,8.0,4.02,18.181818181818183,0.0,54.54545454545454,27.27272727272727
2073,0.653,1,0,20,19,10.0,6.53,30.0,0.0,30.0,40.0
2074,0.566,1,0,17,16,10.0,5.66,11.76470588235294,0.0,41.17647058823529,47.05882352941176
2075,0.545,1,0,17,16,10.0,5.45,70.58823529411765,11.76470588235294,17.647058823529413,0.0
2076,0.456,1,0,14,13,10.0,4.56,64.28571428571429,35.714285714285715,0.0,0.0
2077,0.63,1,0,16,15,10.0,6.3,18.75,0.0,56.25,25.0
2078,0.672,1,0,26,25,10.0,6.72,53.84615384615385,7.6923076923076925,11.538461538461538,26.923076923076923
2079,0.74,1,0,18,17,10.0,7.4,61.111111111111114,0.0,27.77777777777778,11.11111111111111
2080,0.576,1,0,15,14,10.0,5.76,40.0,6.666666666666667,6.666666666666667,46.666666666666664
2081,0.505,1,0,15,14,10.0,5.05,33.33333333333333,0.0,13.333333333333334,53.333333333333336
2082,0.64,1,0,14,13,10.0,6.4,57.14285714285714,0.0,21.428571428571427,21.428571428571427
2083,0.522,1,0,17,16,10.0,5.22,41.17647058823529,0.0,35.294117647058826,23.52941176470588
2084,0.68,1,0,12,11,10.0,6.8,16.666666666666664,0.0,66.66666666666666,16.666666666666664
2085,0.61,1,0,11,10,10.0,6.1,63.63636363636363,0.0,0.0,36.36363636363637
2086,0.495,1,0,10,9,10.0,4.95,30.0,0.0,20.0,50.0
2087,0.572,1,0,21,20,10.0,5.72,90.47619047619048,4.761904761904762,4.761904761904762,0.0
2088,0.418,1,0,13,12,10.0,4.18,15.384615384615385,0.0,30.76923076923077,53.84615384615385
2089,0.788,1,0,23,22,10.0,7.88,30.434782608695656,0.0,17.391304347826086,52.17391304347826
2090,0.55,1,0,24,23,10.0,5.5,45.83333333333333,8.333333333333332,41.66666666666667,4.166666666666666
2091,0.523,1,0,14,13,10.0,5.23,7.142857142857142,0.0,35.714285714285715,57.14285714285714
2092,0.454,1,0,15,14,10.0,4.54,13.333333333333334,0.0,80.0,6.666666666666667
2093,0.568,1,0,25,24,10.0,5.68,68.0,8.0,8.0,16.0
2094,0.661,1,0,17,16,10.0,6.61,52.94117647058824,0.0,11.76470588235294,35.294117647058826
2095,0.439,1,0,18,17,10.0,4.39,61.111111111111114,22.22222222222222,16.666666666666664,0.0
2096,0.452,1,0,16,15,10.0,4.52,37.5,0.0,62.5,0.0
2097,0.584,1,0,22,21,10.0,5.84,27.27272727272727,13.636363636363635,40.909090909090914,18.181818181818183
2098,0.496,1,0,13,12,10.0,4.96,30.76923076923077,0.0,30.76923076923077,38.46153846153847
2099,0.76,1,0,16,15,10.0,7.6,50.0,12.5,18.75,18.75
2100,0.483,1,0,13,12,9.0,4.83,46.15384615384615,0.0,46.15384615384615,7.6923076923076925
SUMMARY,0.5746423809523804,2100,0,,,,,41.86635472893575,7.254993084211645,29.035929835838036,21.842722351014565
