episode,utilization,invalid_learned,invalid_attempted,boxes_attempted,placed_boxes,max_height,avg_height,perc_stacking,perc_best_fit,perc_semi_perfect_fit,perc_random_fit
1,0.49,1,0,11,10,10.0,4.9,18.181818181818183,27.27272727272727,27.27272727272727,27.27272727272727
2,0.281,1,0,10,9,10.0,2.81,30.0,20.0,30.0,20.0
3,0.434,1,0,13,12,10.0,4.34,15.384615384615385,0.0,30.76923076923077,53.84615384615385
4,0.414,1,0,11,10,10.0,4.14,36.36363636363637,45.45454545454545,9.090909090909092,9.090909090909092
5,0.383,1,0,12,11,10.0,3.83,0.0,50.0,41.66666666666667,8.333333333333332
6,0.485,1,0,15,14,9.0,4.85,13.333333333333334,13.333333333333334,20.0,53.333333333333336
7,0.411,1,0,12,11,10.0,4.11,25.0,33.33333333333333,8.333333333333332,33.33333333333333
8,0.559,1,0,13,12,10.0,5.59,15.384615384615385,30.76923076923077,38.46153846153847,15.384615384615385
9,0.184,1,0,7,6,9.0,1.84,42.857142857142854,14.285714285714285,28.57142857142857,14.285714285714285
10,0.41,1,0,10,9,10.0,4.1,30.0,30.0,30.0,10.0
11,0.311,1,0,9,8,9.0,3.11,22.22222222222222,0.0,22.22222222222222,55.55555555555556
12,0.504,1,0,13,12,10.0,5.04,7.6923076923076925,30.76923076923077,23.076923076923077,38.46153846153847
13,0.494,1,0,14,13,10.0,4.94,21.428571428571427,21.428571428571427,35.714285714285715,21.428571428571427
14,0.37,1,0,11,10,10.0,3.7,18.181818181818183,27.27272727272727,18.181818181818183,36.36363636363637
15,0.391,1,0,9,8,10.0,3.91,44.44444444444444,11.11111111111111,0.0,44.44444444444444
16,0.422,1,0,12,11,10.0,4.22,16.666666666666664,41.66666666666667,16.666666666666664,25.0
17,0.44,1,0,9,8,10.0,4.4,22.22222222222222,11.11111111111111,22.22222222222222,44.44444444444444
18,0.517,1,0,11,10,10.0,5.17,0.0,36.36363636363637,9.090909090909092,54.54545454545454
19,0.397,1,0,12,11,10.0,3.97,0.0,25.0,50.0,25.0
20,0.403,1,0,7,6,9.0,4.03,14.285714285714285,14.285714285714285,57.14285714285714,14.285714285714285
21,0.53,1,0,14,13,10.0,5.3,28.57142857142857,21.428571428571427,28.57142857142857,21.428571428571427
22,0.536,1,0,15,14,10.0,5.36,20.0,26.666666666666668,13.333333333333334,40.0
23,0.349,1,0,12,11,10.0,3.49,25.0,16.666666666666664,25.0,33.33333333333333
24,0.422,1,0,9,8,10.0,4.22,44.44444444444444,0.0,33.33333333333333,22.22222222222222
25,0.461,1,0,11,10,10.0,4.61,9.090909090909092,9.090909090909092,36.36363636363637,45.45454545454545
26,0.594,1,0,12,11,10.0,5.94,16.666666666666664,33.33333333333333,16.666666666666664,33.33333333333333
27,0.215,1,0,8,7,10.0,2.15,12.5,37.5,12.5,37.5
28,0.423,1,0,12,11,9.0,4.23,8.333333333333332,66.66666666666666,16.666666666666664,8.333333333333332
29,0.471,1,0,13,12,10.0,4.71,23.076923076923077,7.6923076923076925,38.46153846153847,30.76923076923077
30,0.288,1,0,8,7,7.0,2.88,25.0,25.0,12.5,37.5
31,0.358,1,0,13,12,10.0,3.58,7.6923076923076925,23.076923076923077,15.384615384615385,53.84615384615385
32,0.338,1,0,10,9,10.0,3.38,20.0,40.0,20.0,20.0
33,0.58,1,0,18,17,10.0,5.8,22.22222222222222,27.77777777777778,27.77777777777778,22.22222222222222
34,0.516,1,0,11,10,10.0,5.16,18.181818181818183,45.45454545454545,9.090909090909092,27.27272727272727
35,0.278,1,0,10,9,10.0,2.78,30.0,40.0,20.0,10.0
36,0.317,1,0,11,10,10.0,3.17,27.27272727272727,18.181818181818183,36.36363636363637,18.181818181818183
37,0.517,1,0,14,13,10.0,5.17,21.428571428571427,14.285714285714285,7.142857142857142,57.14285714285714
38,0.537,1,0,15,14,10.0,5.37,20.0,40.0,20.0,20.0
39,0.425,1,0,9,8,9.0,4.25,44.44444444444444,22.22222222222222,0.0,33.33333333333333
40,0.391,1,0,11,10,9.0,3.91,9.090909090909092,45.45454545454545,27.27272727272727,18.181818181818183
41,0.523,1,0,13,12,10.0,5.23,30.76923076923077,30.76923076923077,7.6923076923076925,30.76923076923077
42,0.378,1,0,12,11,9.0,3.78,0.0,25.0,58.333333333333336,16.666666666666664
43,0.473,1,0,12,11,10.0,4.73,16.666666666666664,33.33333333333333,16.666666666666664,33.33333333333333
44,0.382,1,0,9,8,10.0,3.82,22.22222222222222,22.22222222222222,55.55555555555556,0.0
45,0.297,1,0,10,9,10.0,2.97,40.0,50.0,10.0,0.0
46,0.31,1,0,8,7,10.0,3.1,25.0,25.0,37.5,12.5
47,0.611,1,0,16,15,10.0,6.11,25.0,43.75,12.5,18.75
48,0.435,1,0,12,11,10.0,4.35,8.333333333333332,25.0,41.66666666666667,25.0
49,0.441,1,0,12,11,9.0,4.41,25.0,33.33333333333333,33.33333333333333,8.333333333333332
50,0.47,1,0,12,11,10.0,4.7,8.333333333333332,58.333333333333336,8.333333333333332,25.0
51,0.521,1,0,11,10,10.0,5.21,9.090909090909092,36.36363636363637,18.181818181818183,36.36363636363637
52,0.669,1,0,15,14,10.0,6.69,20.0,26.666666666666668,33.33333333333333,20.0
53,0.504,1,0,13,12,10.0,5.04,30.76923076923077,38.46153846153847,7.6923076923076925,23.076923076923077
54,0.329,1,0,10,9,9.0,3.29,20.0,20.0,20.0,40.0
55,0.357,1,0,11,10,10.0,3.57,27.27272727272727,36.36363636363637,36.36363636363637,0.0
56,0.617,1,0,16,15,10.0,6.17,25.0,31.25,25.0,18.75
57,0.697,1,0,15,14,10.0,6.97,33.33333333333333,20.0,20.0,26.666666666666668
58,0.567,1,0,15,14,10.0,5.67,20.0,33.33333333333333,13.333333333333334,33.33333333333333
59,0.259,1,0,6,5,9.0,2.59,16.666666666666664,33.33333333333333,0.0,50.0
60,0.4,1,0,12,11,10.0,4.0,16.666666666666664,33.33333333333333,25.0,25.0
61,0.478,1,0,15,14,10.0,4.78,13.333333333333334,66.66666666666666,13.333333333333334,6.666666666666667
62,0.353,1,0,10,9,10.0,3.53,20.0,30.0,30.0,20.0
63,0.513,1,0,12,11,10.0,5.13,50.0,25.0,0.0,25.0
64,0.229,1,0,9,8,9.0,2.29,11.11111111111111,33.33333333333333,33.33333333333333,22.22222222222222
65,0.266,1,0,8,7,8.0,2.66,12.5,25.0,25.0,37.5
66,0.333,1,0,8,7,9.0,3.33,25.0,25.0,50.0,0.0
67,0.375,1,0,11,10,10.0,3.75,18.181818181818183,45.45454545454545,9.090909090909092,27.27272727272727
68,0.307,1,0,9,8,9.0,3.07,33.33333333333333,11.11111111111111,33.33333333333333,22.22222222222222
69,0.274,1,0,8,7,7.0,2.74,12.5,12.5,12.5,62.5
70,0.401,1,0,14,13,10.0,4.01,21.428571428571427,42.857142857142854,14.285714285714285,21.428571428571427
71,0.181,1,0,5,4,7.0,1.81,0.0,20.0,60.0,20.0
72,0.483,1,0,12,11,10.0,4.83,25.0,41.66666666666667,16.666666666666664,16.666666666666664
73,0.39,1,0,10,9,8.0,3.9,30.0,30.0,0.0,40.0
74,0.32,1,0,10,9,8.0,3.2,10.0,30.0,30.0,30.0
75,0.481,1,0,12,11,10.0,4.81,16.666666666666664,25.0,16.666666666666664,41.66666666666667
76,0.418,1,0,13,12,7.0,4.18,7.6923076923076925,61.53846153846154,7.6923076923076925,23.076923076923077
77,0.432,1,0,10,9,8.0,4.32,10.0,30.0,30.0,30.0
78,0.584,1,0,13,12,10.0,5.84,7.6923076923076925,30.76923076923077,23.076923076923077,38.46153846153847
79,0.32,1,0,7,6,10.0,3.2,14.285714285714285,14.285714285714285,14.285714285714285,57.14285714285714
80,0.466,1,0,13,12,10.0,4.66,23.076923076923077,46.15384615384615,23.076923076923077,7.6923076923076925
81,0.418,1,0,11,10,9.0,4.18,9.090909090909092,54.54545454545454,9.090909090909092,27.27272727272727
82,0.516,1,0,11,10,10.0,5.16,9.090909090909092,36.36363636363637,18.181818181818183,36.36363636363637
83,0.435,1,0,10,9,10.0,4.35,20.0,50.0,20.0,10.0
84,0.492,1,0,14,13,10.0,4.92,14.285714285714285,42.857142857142854,14.285714285714285,28.57142857142857
85,0.403,1,0,9,8,10.0,4.03,22.22222222222222,22.22222222222222,11.11111111111111,44.44444444444444
86,0.23,1,0,4,3,5.0,2.3,0.0,25.0,50.0,25.0
87,0.448,1,0,12,11,10.0,4.48,16.666666666666664,33.33333333333333,25.0,25.0
88,0.398,1,0,10,9,10.0,3.98,20.0,40.0,30.0,10.0
89,0.551,1,0,14,13,10.0,5.51,14.285714285714285,42.857142857142854,14.285714285714285,28.57142857142857
90,0.589,1,0,15,14,10.0,5.89,13.333333333333334,40.0,6.666666666666667,40.0
91,0.356,1,0,13,12,7.0,3.56,15.384615384615385,53.84615384615385,15.384615384615385,15.384615384615385
92,0.43,1,0,13,12,9.0,4.3,23.076923076923077,23.076923076923077,30.76923076923077,23.076923076923077
93,0.433,1,0,12,11,10.0,4.33,8.333333333333332,16.666666666666664,41.66666666666667,33.33333333333333
94,0.601,1,0,13,12,10.0,6.01,7.6923076923076925,15.384615384615385,46.15384615384615,30.76923076923077
95,0.403,1,0,13,12,9.0,4.03,23.076923076923077,0.0,38.46153846153847,38.46153846153847
96,0.515,1,0,17,16,10.0,5.15,29.411764705882355,29.411764705882355,17.647058823529413,23.52941176470588
97,0.324,1,0,9,8,9.0,3.24,22.22222222222222,33.33333333333333,33.33333333333333,11.11111111111111
98,0.215,1,0,9,8,9.0,2.15,22.22222222222222,22.22222222222222,11.11111111111111,44.44444444444444
99,0.298,1,0,9,8,6.0,2.98,33.33333333333333,55.55555555555556,0.0,11.11111111111111
100,0.348,1,0,11,10,10.0,3.48,9.090909090909092,63.63636363636363,9.090909090909092,18.181818181818183
101,0.339,1,0,10,9,9.0,3.39,40.0,20.0,40.0,0.0
102,0.501,1,0,9,8,10.0,5.01,0.0,44.44444444444444,11.11111111111111,44.44444444444444
103,0.501,1,0,11,10,10.0,5.01,18.181818181818183,54.54545454545454,9.090909090909092,18.181818181818183
104,0.573,1,0,11,10,10.0,5.73,27.27272727272727,18.181818181818183,9.090909090909092,45.45454545454545
105,0.413,1,0,13,12,10.0,4.13,23.076923076923077,38.46153846153847,23.076923076923077,15.384615384615385
106,0.418,1,0,13,12,9.0,4.18,7.6923076923076925,30.76923076923077,53.84615384615385,7.6923076923076925
107,0.477,1,0,16,15,10.0,4.77,12.5,50.0,18.75,18.75
108,0.581,1,0,15,14,10.0,5.81,26.666666666666668,26.666666666666668,13.333333333333334,33.33333333333333
109,0.541,1,0,14,13,10.0,5.41,7.142857142857142,21.428571428571427,35.714285714285715,35.714285714285715
110,0.472,1,0,11,10,10.0,4.72,18.181818181818183,54.54545454545454,27.27272727272727,0.0
111,0.491,1,0,11,10,9.0,4.91,18.181818181818183,45.45454545454545,27.27272727272727,9.090909090909092
112,0.407,1,0,14,13,9.0,4.07,7.142857142857142,57.14285714285714,21.428571428571427,14.285714285714285
113,0.586,1,0,11,10,10.0,5.86,9.090909090909092,9.090909090909092,72.72727272727273,9.090909090909092
114,0.457,1,0,13,12,10.0,4.57,7.6923076923076925,7.6923076923076925,53.84615384615385,30.76923076923077
115,0.346,1,0,8,7,9.0,3.46,0.0,25.0,50.0,25.0
116,0.444,1,0,11,10,9.0,4.44,18.181818181818183,27.27272727272727,18.181818181818183,36.36363636363637
117,0.484,1,0,14,13,10.0,4.84,35.714285714285715,35.714285714285715,0.0,28.57142857142857
118,0.432,1,0,10,9,10.0,4.32,30.0,20.0,40.0,10.0
119,0.396,1,0,11,10,10.0,3.96,27.27272727272727,18.181818181818183,27.27272727272727,27.27272727272727
120,0.463,1,0,14,13,9.0,4.63,21.428571428571427,35.714285714285715,21.428571428571427,21.428571428571427
121,0.406,1,0,10,9,8.0,4.06,50.0,20.0,20.0,10.0
122,0.407,1,0,9,8,9.0,4.07,22.22222222222222,33.33333333333333,44.44444444444444,0.0
123,0.405,1,0,11,10,10.0,4.05,9.090909090909092,9.090909090909092,72.72727272727273,9.090909090909092
124,0.382,1,0,8,7,10.0,3.82,0.0,87.5,12.5,0.0
125,0.611,1,0,11,10,10.0,6.11,9.090909090909092,27.27272727272727,36.36363636363637,27.27272727272727
126,0.635,1,0,16,15,10.0,6.35,12.5,37.5,0.0,50.0
127,0.399,1,0,11,10,9.0,3.99,27.27272727272727,18.181818181818183,27.27272727272727,27.27272727272727
128,0.291,1,0,7,6,8.0,2.91,28.57142857142857,28.57142857142857,14.285714285714285,28.57142857142857
129,0.38,1,0,11,10,10.0,3.8,9.090909090909092,63.63636363636363,9.090909090909092,18.181818181818183
130,0.323,1,0,12,11,10.0,3.23,16.666666666666664,58.333333333333336,0.0,25.0
131,0.293,1,0,11,10,9.0,2.93,9.090909090909092,18.181818181818183,9.090909090909092,63.63636363636363
132,0.498,1,0,14,13,10.0,4.98,7.142857142857142,57.14285714285714,21.428571428571427,14.285714285714285
133,0.441,1,0,16,15,10.0,4.41,12.5,25.0,37.5,25.0
134,0.38,1,0,11,10,10.0,3.8,18.181818181818183,45.45454545454545,9.090909090909092,27.27272727272727
135,0.535,1,0,11,10,9.0,5.35,0.0,27.27272727272727,18.181818181818183,54.54545454545454
136,0.433,1,0,12,11,10.0,4.33,25.0,41.66666666666667,16.666666666666664,16.666666666666664
137,0.181,1,0,5,4,7.0,1.81,0.0,20.0,20.0,60.0
138,0.301,1,0,8,7,10.0,3.01,0.0,25.0,25.0,50.0
139,0.606,1,0,14,13,10.0,6.06,14.285714285714285,50.0,0.0,35.714285714285715
140,0.606,1,0,15,14,10.0,6.06,33.33333333333333,20.0,0.0,46.666666666666664
141,0.515,1,0,9,8,9.0,5.15,11.11111111111111,33.33333333333333,22.22222222222222,33.33333333333333
142,0.425,1,0,12,11,10.0,4.25,8.333333333333332,50.0,0.0,41.66666666666667
143,0.278,1,0,9,8,10.0,2.78,22.22222222222222,22.22222222222222,11.11111111111111,44.44444444444444
144,0.29,1,0,10,9,10.0,2.9,20.0,60.0,10.0,10.0
145,0.289,1,0,10,9,8.0,2.89,0.0,40.0,20.0,40.0
146,0.529,1,0,14,13,10.0,5.29,7.142857142857142,28.57142857142857,35.714285714285715,28.57142857142857
147,0.334,1,0,9,8,8.0,3.34,55.55555555555556,0.0,11.11111111111111,33.33333333333333
148,0.468,1,0,10,9,9.0,4.68,30.0,40.0,20.0,10.0
149,0.597,1,0,15,14,10.0,5.97,53.333333333333336,13.333333333333334,0.0,33.33333333333333
150,0.559,1,0,13,12,10.0,5.59,7.6923076923076925,7.6923076923076925,69.23076923076923,15.384615384615385
151,0.422,1,0,11,10,10.0,4.22,9.090909090909092,63.63636363636363,0.0,27.27272727272727
152,0.285,1,0,9,8,8.0,2.85,11.11111111111111,33.33333333333333,22.22222222222222,33.33333333333333
153,0.245,1,0,7,6,10.0,2.45,28.57142857142857,57.14285714285714,14.285714285714285,0.0
154,0.32,1,0,9,8,8.0,3.2,11.11111111111111,55.55555555555556,11.11111111111111,22.22222222222222
155,0.55,1,0,11,10,10.0,5.5,63.63636363636363,0.0,9.090909090909092,27.27272727272727
156,0.488,1,0,15,14,10.0,4.88,46.666666666666664,0.0,33.33333333333333,20.0
157,0.377,1,0,12,11,8.0,3.77,33.33333333333333,33.33333333333333,8.333333333333332,25.0
158,0.391,1,0,13,12,8.0,3.91,53.84615384615385,7.6923076923076925,30.76923076923077,7.6923076923076925
159,0.443,1,0,12,11,10.0,4.43,8.333333333333332,33.33333333333333,33.33333333333333,25.0
160,0.606,1,0,17,16,10.0,6.06,17.647058823529413,5.88235294117647,41.17647058823529,35.294117647058826
161,0.383,1,0,12,11,10.0,3.83,50.0,16.666666666666664,8.333333333333332,25.0
162,0.415,1,0,9,8,10.0,4.15,11.11111111111111,22.22222222222222,33.33333333333333,33.33333333333333
163,0.418,1,0,12,11,10.0,4.18,50.0,25.0,8.333333333333332,16.666666666666664
164,0.292,1,0,8,7,10.0,2.92,12.5,37.5,12.5,37.5
165,0.56,1,0,13,12,10.0,5.6,7.6923076923076925,0.0,69.23076923076923,23.076923076923077
166,0.532,1,0,14,13,10.0,5.32,28.57142857142857,7.142857142857142,42.857142857142854,21.428571428571427
167,0.545,1,0,16,15,10.0,5.45,6.25,25.0,6.25,62.5
168,0.384,1,0,12,11,9.0,3.84,8.333333333333332,50.0,16.666666666666664,25.0
169,0.44,1,0,11,10,10.0,4.4,18.181818181818183,27.27272727272727,18.181818181818183,36.36363636363637
170,0.574,1,0,14,13,9.0,5.74,14.285714285714285,14.285714285714285,28.57142857142857,42.857142857142854
171,0.436,1,0,13,12,9.0,4.36,7.6923076923076925,23.076923076923077,30.76923076923077,38.46153846153847
172,0.357,1,0,11,10,10.0,3.57,0.0,36.36363636363637,45.45454545454545,18.181818181818183
173,0.394,1,0,9,8,9.0,3.94,33.33333333333333,33.33333333333333,11.11111111111111,22.22222222222222
174,0.591,1,0,15,14,10.0,5.91,13.333333333333334,13.333333333333334,33.33333333333333,40.0
175,0.547,1,0,10,9,10.0,5.47,10.0,30.0,30.0,30.0
176,0.335,1,0,9,8,7.0,3.35,22.22222222222222,0.0,44.44444444444444,33.33333333333333
177,0.291,1,0,7,6,9.0,2.91,0.0,42.857142857142854,0.0,57.14285714285714
178,0.456,1,0,13,12,10.0,4.56,15.384615384615385,15.384615384615385,61.53846153846154,7.6923076923076925
179,0.288,1,0,8,7,8.0,2.88,0.0,62.5,0.0,37.5
180,0.373,1,0,9,8,9.0,3.73,44.44444444444444,11.11111111111111,0.0,44.44444444444444
181,0.536,1,0,15,14,10.0,5.36,6.666666666666667,33.33333333333333,13.333333333333334,46.666666666666664
182,0.498,1,0,14,13,10.0,4.98,0.0,35.714285714285715,21.428571428571427,42.857142857142854
183,0.415,1,0,9,8,9.0,4.15,11.11111111111111,0.0,22.22222222222222,66.66666666666666
184,0.234,1,0,9,8,8.0,2.34,0.0,55.55555555555556,0.0,44.44444444444444
185,0.327,1,0,10,9,10.0,3.27,30.0,30.0,10.0,30.0
186,0.555,1,0,17,16,10.0,5.55,17.647058823529413,23.52941176470588,29.411764705882355,29.411764705882355
187,0.322,1,0,10,9,9.0,3.22,0.0,10.0,60.0,30.0
188,0.294,1,0,10,9,9.0,2.94,10.0,50.0,0.0,40.0
189,0.505,1,0,16,15,10.0,5.05,25.0,0.0,6.25,68.75
190,0.362,1,0,10,9,9.0,3.62,10.0,30.0,10.0,50.0
191,0.428,1,0,15,14,10.0,4.28,40.0,6.666666666666667,6.666666666666667,46.666666666666664
192,0.485,1,0,11,10,9.0,4.85,0.0,27.27272727272727,27.27272727272727,45.45454545454545
193,0.419,1,0,11,10,9.0,4.19,18.181818181818183,18.181818181818183,27.27272727272727,36.36363636363637
194,0.432,1,0,9,8,10.0,4.32,22.22222222222222,22.22222222222222,22.22222222222222,33.33333333333333
195,0.308,1,0,8,7,10.0,3.08,12.5,62.5,12.5,12.5
196,0.417,1,0,12,11,8.0,4.17,25.0,50.0,16.666666666666664,8.333333333333332
197,0.504,1,0,10,9,10.0,5.04,0.0,30.0,40.0,30.0
198,0.376,1,0,8,7,10.0,3.76,0.0,87.5,0.0,12.5
199,0.498,1,0,16,15,10.0,4.98,0.0,37.5,12.5,50.0
200,0.418,1,0,11,10,10.0,4.18,9.090909090909092,9.090909090909092,45.45454545454545,36.36363636363637
201,0.472,1,0,16,15,10.0,4.72,6.25,18.75,18.75,56.25
202,0.578,1,0,12,11,10.0,5.78,8.333333333333332,8.333333333333332,25.0,58.333333333333336
203,0.3,1,0,8,7,7.0,3.0,12.5,0.0,37.5,50.0
204,0.317,1,0,7,6,7.0,3.17,28.57142857142857,28.57142857142857,14.285714285714285,28.57142857142857
205,0.475,1,0,12,11,10.0,4.75,8.333333333333332,16.666666666666664,8.333333333333332,66.66666666666666
206,0.397,1,0,8,7,9.0,3.97,12.5,25.0,12.5,50.0
207,0.342,1,0,12,11,10.0,3.42,8.333333333333332,50.0,8.333333333333332,33.33333333333333
208,0.133,1,0,5,4,4.0,1.33,20.0,40.0,0.0,40.0
209,0.421,1,0,13,12,10.0,4.21,30.76923076923077,23.076923076923077,7.6923076923076925,38.46153846153847
210,0.464,1,0,12,11,10.0,4.64,25.0,25.0,8.333333333333332,41.66666666666667
211,0.313,1,0,10,9,9.0,3.13,10.0,30.0,0.0,60.0
212,0.458,1,0,14,13,9.0,4.58,7.142857142857142,7.142857142857142,0.0,85.71428571428571
213,0.496,1,0,12,11,10.0,4.96,16.666666666666664,16.666666666666664,16.666666666666664,50.0
214,0.391,1,0,10,9,8.0,3.91,50.0,10.0,10.0,30.0
215,0.431,1,0,14,13,10.0,4.31,14.285714285714285,21.428571428571427,7.142857142857142,57.14285714285714
216,0.279,1,0,5,4,9.0,2.79,0.0,60.0,0.0,40.0
217,0.616,1,0,16,15,10.0,6.16,25.0,25.0,12.5,37.5
218,0.536,1,0,13,12,9.0,5.36,7.6923076923076925,30.76923076923077,0.0,61.53846153846154
219,0.449,1,0,12,11,10.0,4.49,25.0,0.0,8.333333333333332,66.66666666666666
220,0.473,1,0,10,9,10.0,4.73,10.0,0.0,50.0,40.0
221,0.343,1,0,10,9,8.0,3.43,20.0,10.0,30.0,40.0
222,0.457,1,0,13,12,10.0,4.57,0.0,30.76923076923077,7.6923076923076925,61.53846153846154
223,0.526,1,0,11,10,10.0,5.26,0.0,9.090909090909092,45.45454545454545,45.45454545454545
224,0.405,1,0,9,8,10.0,4.05,0.0,11.11111111111111,11.11111111111111,77.77777777777779
225,0.371,1,0,9,8,10.0,3.71,0.0,22.22222222222222,0.0,77.77777777777779
226,0.41,1,0,8,7,9.0,4.1,12.5,12.5,37.5,37.5
227,0.5,1,0,10,9,10.0,5.0,10.0,0.0,10.0,80.0
228,0.358,1,0,11,10,9.0,3.58,18.181818181818183,27.27272727272727,27.27272727272727,27.27272727272727
229,0.665,1,0,20,19,10.0,6.65,5.0,10.0,60.0,25.0
230,0.352,1,0,7,6,9.0,3.52,42.857142857142854,14.285714285714285,28.57142857142857,14.285714285714285
231,0.492,1,0,11,10,10.0,4.92,0.0,18.181818181818183,9.090909090909092,72.72727272727273
232,0.349,1,0,11,10,10.0,3.49,36.36363636363637,18.181818181818183,0.0,45.45454545454545
233,0.758,1,0,18,17,10.0,7.58,5.555555555555555,5.555555555555555,22.22222222222222,66.66666666666666
234,0.419,1,0,12,11,10.0,4.19,33.33333333333333,41.66666666666667,0.0,25.0
235,0.471,1,0,14,13,9.0,4.71,28.57142857142857,0.0,7.142857142857142,64.28571428571429
236,0.481,1,0,11,10,10.0,4.81,18.181818181818183,18.181818181818183,27.27272727272727,36.36363636363637
237,0.354,1,0,10,9,10.0,3.54,20.0,10.0,20.0,50.0
238,0.634,1,0,13,12,10.0,6.34,30.76923076923077,0.0,38.46153846153847,30.76923076923077
239,0.367,1,0,10,9,8.0,3.67,10.0,0.0,40.0,50.0
240,0.481,1,0,14,13,10.0,4.81,64.28571428571429,7.142857142857142,0.0,28.57142857142857
241,0.442,1,0,11,10,9.0,4.42,9.090909090909092,45.45454545454545,18.181818181818183,27.27272727272727
242,0.426,1,0,12,11,10.0,4.26,0.0,8.333333333333332,50.0,41.66666666666667
243,0.24,1,0,8,7,9.0,2.4,25.0,0.0,0.0,75.0
244,0.288,1,0,10,9,10.0,2.88,10.0,20.0,20.0,50.0
245,0.466,1,0,12,11,9.0,4.66,8.333333333333332,8.333333333333332,8.333333333333332,75.0
246,0.419,1,0,14,13,10.0,4.19,21.428571428571427,21.428571428571427,14.285714285714285,42.857142857142854
247,0.314,1,0,11,10,9.0,3.14,0.0,27.27272727272727,18.181818181818183,54.54545454545454
248,0.277,1,0,8,7,9.0,2.77,0.0,12.5,25.0,62.5
249,0.376,1,0,13,12,10.0,3.76,23.076923076923077,7.6923076923076925,7.6923076923076925,61.53846153846154
250,0.424,1,0,13,12,10.0,4.24,0.0,61.53846153846154,7.6923076923076925,30.76923076923077
251,0.554,1,0,16,15,9.0,5.54,18.75,6.25,25.0,50.0
252,0.44,1,0,14,13,10.0,4.4,7.142857142857142,28.57142857142857,21.428571428571427,42.857142857142854
253,0.402,1,0,10,9,9.0,4.02,20.0,40.0,30.0,10.0
254,0.568,1,0,16,15,10.0,5.68,12.5,12.5,0.0,75.0
255,0.254,1,0,9,8,7.0,2.54,0.0,22.22222222222222,11.11111111111111,66.66666666666666
256,0.356,1,0,12,11,9.0,3.56,0.0,0.0,8.333333333333332,91.66666666666666
257,0.422,1,0,15,14,10.0,4.22,0.0,53.333333333333336,13.333333333333334,33.33333333333333
258,0.337,1,0,11,10,9.0,3.37,9.090909090909092,36.36363636363637,18.181818181818183,36.36363636363637
259,0.274,1,0,9,8,8.0,2.74,11.11111111111111,11.11111111111111,11.11111111111111,66.66666666666666
260,0.362,1,0,10,9,8.0,3.62,0.0,0.0,80.0,20.0
261,0.468,1,0,12,11,10.0,4.68,0.0,8.333333333333332,0.0,91.66666666666666
262,0.455,1,0,12,11,9.0,4.55,8.333333333333332,33.33333333333333,0.0,58.333333333333336
263,0.428,1,0,15,14,10.0,4.28,0.0,13.333333333333334,26.666666666666668,60.0
264,0.421,1,0,14,13,10.0,4.21,0.0,28.57142857142857,0.0,71.42857142857143
265,0.593,1,0,16,15,9.0,5.93,0.0,25.0,12.5,62.5
266,0.331,1,0,10,9,10.0,3.31,0.0,10.0,40.0,50.0
267,0.461,1,0,12,11,10.0,4.61,0.0,25.0,0.0,75.0
268,0.345,1,0,8,7,9.0,3.45,0.0,25.0,12.5,62.5
269,0.42,1,0,12,11,10.0,4.2,8.333333333333332,25.0,16.666666666666664,50.0
270,0.404,1,0,12,11,10.0,4.04,16.666666666666664,8.333333333333332,41.66666666666667,33.33333333333333
271,0.536,1,0,12,11,9.0,5.36,8.333333333333332,16.666666666666664,8.333333333333332,66.66666666666666
272,0.356,1,0,9,8,8.0,3.56,11.11111111111111,0.0,11.11111111111111,77.77777777777779
273,0.473,1,0,12,11,10.0,4.73,16.666666666666664,8.333333333333332,0.0,75.0
274,0.293,1,0,10,9,8.0,2.93,10.0,10.0,20.0,60.0
275,0.398,1,0,11,10,10.0,3.98,9.090909090909092,27.27272727272727,18.181818181818183,45.45454545454545
276,0.306,1,0,9,8,10.0,3.06,22.22222222222222,22.22222222222222,22.22222222222222,33.33333333333333
277,0.665,1,0,17,16,10.0,6.65,5.88235294117647,5.88235294117647,23.52941176470588,64.70588235294117
278,0.336,1,0,10,9,8.0,3.36,10.0,30.0,10.0,50.0
279,0.448,1,0,11,10,10.0,4.48,0.0,27.27272727272727,9.090909090909092,63.63636363636363
280,0.35,1,0,11,10,8.0,3.5,0.0,36.36363636363637,27.27272727272727,36.36363636363637
281,0.291,1,0,12,11,10.0,2.91,0.0,58.333333333333336,0.0,41.66666666666667
282,0.411,1,0,13,12,10.0,4.11,0.0,38.46153846153847,15.384615384615385,46.15384615384615
283,0.613,1,0,18,17,10.0,6.13,11.11111111111111,5.555555555555555,16.666666666666664,66.66666666666666
284,0.535,1,0,14,13,10.0,5.35,7.142857142857142,21.428571428571427,7.142857142857142,64.28571428571429
285,0.343,1,0,11,10,8.0,3.43,9.090909090909092,36.36363636363637,18.181818181818183,36.36363636363637
286,0.494,1,0,13,12,10.0,4.94,7.6923076923076925,30.76923076923077,46.15384615384615,15.384615384615385
287,0.393,1,0,8,7,9.0,3.93,12.5,0.0,50.0,37.5
288,0.406,1,0,13,12,10.0,4.06,15.384615384615385,30.76923076923077,30.76923076923077,23.076923076923077
289,0.563,1,0,12,11,10.0,5.63,0.0,33.33333333333333,25.0,41.66666666666667
290,0.439,1,0,12,11,10.0,4.39,8.333333333333332,8.333333333333332,41.66666666666667,41.66666666666667
291,0.471,1,0,12,11,10.0,4.71,0.0,16.666666666666664,50.0,33.33333333333333
292,0.354,1,0,9,8,8.0,3.54,0.0,11.11111111111111,11.11111111111111,77.77777777777779
293,0.35,1,0,13,12,10.0,3.5,30.76923076923077,23.076923076923077,23.076923076923077,23.076923076923077
294,0.42,1,0,12,11,10.0,4.2,0.0,16.666666666666664,25.0,58.333333333333336
295,0.546,1,0,16,15,10.0,5.46,6.25,50.0,25.0,18.75
296,0.363,1,0,15,14,10.0,3.63,0.0,46.666666666666664,20.0,33.33333333333333
297,0.404,1,0,12,11,10.0,4.04,16.666666666666664,0.0,33.33333333333333,50.0
298,0.487,1,0,12,11,10.0,4.87,8.333333333333332,16.666666666666664,50.0,25.0
299,0.26,1,0,6,5,6.0,2.6,0.0,16.666666666666664,50.0,33.33333333333333
300,0.351,1,0,10,9,8.0,3.51,20.0,40.0,10.0,30.0
301,0.527,1,0,12,11,9.0,5.27,0.0,8.333333333333332,58.333333333333336,33.33333333333333
302,0.371,1,0,10,9,9.0,3.71,0.0,20.0,30.0,50.0
303,0.296,1,0,9,8,10.0,2.96,0.0,44.44444444444444,0.0,55.55555555555556
304,0.298,1,0,10,9,10.0,2.98,0.0,30.0,40.0,30.0
305,0.369,1,0,11,10,10.0,3.69,0.0,18.181818181818183,54.54545454545454,27.27272727272727
306,0.45,1,0,11,10,9.0,4.5,9.090909090909092,0.0,9.090909090909092,81.81818181818183
307,0.459,1,0,11,10,10.0,4.59,0.0,45.45454545454545,27.27272727272727,27.27272727272727
308,0.461,1,0,15,14,10.0,4.61,0.0,40.0,26.666666666666668,33.33333333333333
309,0.295,1,0,10,9,9.0,2.95,0.0,70.0,0.0,30.0
310,0.546,1,0,12,11,10.0,5.46,0.0,33.33333333333333,16.666666666666664,50.0
311,0.666,1,0,17,16,10.0,6.66,5.88235294117647,29.411764705882355,41.17647058823529,23.52941176470588
312,0.286,1,0,8,7,9.0,2.86,0.0,37.5,0.0,62.5
313,0.47,1,0,16,15,10.0,4.7,0.0,31.25,37.5,31.25
314,0.474,1,0,11,10,9.0,4.74,0.0,45.45454545454545,18.181818181818183,36.36363636363637
315,0.43,1,0,15,14,10.0,4.3,0.0,20.0,40.0,40.0
316,0.484,1,0,15,14,10.0,4.84,6.666666666666667,66.66666666666666,13.333333333333334,13.333333333333334
317,0.343,1,0,8,7,9.0,3.43,0.0,37.5,25.0,37.5
318,0.443,1,0,11,10,8.0,4.43,18.181818181818183,45.45454545454545,9.090909090909092,27.27272727272727
319,0.47,1,0,13,12,10.0,4.7,0.0,0.0,46.15384615384615,53.84615384615385
320,0.496,1,0,10,9,10.0,4.96,10.0,50.0,10.0,30.0
321,0.369,1,0,8,7,10.0,3.69,0.0,12.5,62.5,25.0
322,0.504,1,0,13,12,9.0,5.04,15.384615384615385,23.076923076923077,23.076923076923077,38.46153846153847
323,0.466,1,0,12,11,10.0,4.66,0.0,66.66666666666666,8.333333333333332,25.0
324,0.358,1,0,10,9,10.0,3.58,10.0,10.0,50.0,30.0
325,0.518,1,0,12,11,10.0,5.18,0.0,8.333333333333332,66.66666666666666,25.0
326,0.553,1,0,13,12,10.0,5.53,0.0,15.384615384615385,53.84615384615385,30.76923076923077
327,0.502,1,0,12,11,9.0,5.02,16.666666666666664,0.0,33.33333333333333,50.0
328,0.432,1,0,12,11,10.0,4.32,16.666666666666664,58.333333333333336,0.0,25.0
329,0.324,1,0,9,8,10.0,3.24,0.0,44.44444444444444,33.33333333333333,22.22222222222222
330,0.377,1,0,9,8,10.0,3.77,0.0,22.22222222222222,55.55555555555556,22.22222222222222
331,0.418,1,0,10,9,10.0,4.18,0.0,60.0,10.0,30.0
332,0.312,1,0,8,7,10.0,3.12,0.0,75.0,0.0,25.0
333,0.399,1,0,13,12,10.0,3.99,0.0,46.15384615384615,15.384615384615385,38.46153846153847
334,0.298,1,0,9,8,8.0,2.98,22.22222222222222,33.33333333333333,0.0,44.44444444444444
335,0.425,1,0,11,10,10.0,4.25,0.0,0.0,27.27272727272727,72.72727272727273
336,0.5,1,0,14,13,10.0,5.0,7.142857142857142,57.14285714285714,0.0,35.714285714285715
337,0.355,1,0,13,12,10.0,3.55,0.0,15.384615384615385,7.6923076923076925,76.92307692307693
338,0.321,1,0,9,8,10.0,3.21,0.0,55.55555555555556,22.22222222222222,22.22222222222222
339,0.402,1,0,9,8,8.0,4.02,0.0,0.0,66.66666666666666,33.33333333333333
340,0.554,1,0,18,17,10.0,5.54,5.555555555555555,38.88888888888889,38.88888888888889,16.666666666666664
341,0.366,1,0,12,11,9.0,3.66,0.0,66.66666666666666,16.666666666666664,16.666666666666664
342,0.455,1,0,12,11,10.0,4.55,8.333333333333332,16.666666666666664,50.0,25.0
343,0.539,1,0,13,12,10.0,5.39,7.6923076923076925,15.384615384615385,7.6923076923076925,69.23076923076923
344,0.477,1,0,11,10,10.0,4.77,0.0,36.36363636363637,18.181818181818183,45.45454545454545
345,0.359,1,0,9,8,10.0,3.59,0.0,66.66666666666666,0.0,33.33333333333333
346,0.522,1,0,13,12,10.0,5.22,15.384615384615385,38.46153846153847,7.6923076923076925,38.46153846153847
347,0.389,1,0,11,10,9.0,3.89,0.0,18.181818181818183,45.45454545454545,36.36363636363637
348,0.296,1,0,10,9,8.0,2.96,0.0,80.0,0.0,20.0
349,0.26,1,0,9,8,10.0,2.6,44.44444444444444,11.11111111111111,0.0,44.44444444444444
350,0.404,1,0,11,10,8.0,4.04,9.090909090909092,54.54545454545454,9.090909090909092,27.27272727272727
351,0.393,1,0,12,11,10.0,3.93,8.333333333333332,41.66666666666667,16.666666666666664,33.33333333333333
352,0.444,1,0,10,9,10.0,4.44,0.0,0.0,80.0,20.0
353,0.279,1,0,10,9,9.0,2.79,0.0,50.0,0.0,50.0
354,0.386,1,0,11,10,10.0,3.86,0.0,63.63636363636363,0.0,36.36363636363637
355,0.402,1,0,12,11,10.0,4.02,16.666666666666664,33.33333333333333,25.0,25.0
356,0.368,1,0,12,11,10.0,3.68,0.0,16.666666666666664,25.0,58.333333333333336
357,0.287,1,0,9,8,8.0,2.87,0.0,0.0,44.44444444444444,55.55555555555556
358,0.583,1,0,13,12,10.0,5.83,0.0,23.076923076923077,53.84615384615385,23.076923076923077
359,0.358,1,0,10,9,9.0,3.58,0.0,40.0,20.0,40.0
360,0.511,1,0,11,10,10.0,5.11,0.0,36.36363636363637,18.181818181818183,45.45454545454545
361,0.359,1,0,9,8,7.0,3.59,0.0,33.33333333333333,33.33333333333333,33.33333333333333
362,0.452,1,0,11,10,10.0,4.52,9.090909090909092,54.54545454545454,9.090909090909092,27.27272727272727
363,0.243,1,0,8,7,9.0,2.43,0.0,75.0,0.0,25.0
364,0.404,1,0,12,11,10.0,4.04,0.0,16.666666666666664,50.0,33.33333333333333
365,0.225,1,0,7,6,8.0,2.25,0.0,57.14285714285714,14.285714285714285,28.57142857142857
366,0.328,1,0,11,10,10.0,3.28,18.181818181818183,54.54545454545454,0.0,27.27272727272727
367,0.483,1,0,13,12,10.0,4.83,0.0,53.84615384615385,15.384615384615385,30.76923076923077
368,0.494,1,0,18,17,10.0,4.94,11.11111111111111,27.77777777777778,27.77777777777778,33.33333333333333
369,0.311,1,0,8,7,9.0,3.11,0.0,12.5,75.0,12.5
370,0.376,1,0,11,10,10.0,3.76,9.090909090909092,36.36363636363637,9.090909090909092,45.45454545454545
371,0.269,1,0,8,7,9.0,2.69,12.5,75.0,0.0,12.5
372,0.343,1,0,9,8,10.0,3.43,0.0,66.66666666666666,0.0,33.33333333333333
373,0.386,1,0,12,11,10.0,3.86,0.0,16.666666666666664,50.0,33.33333333333333
374,0.418,1,0,12,11,9.0,4.18,8.333333333333332,0.0,75.0,16.666666666666664
375,0.436,1,0,14,13,8.0,4.36,0.0,42.857142857142854,0.0,57.14285714285714
376,0.354,1,0,12,11,10.0,3.54,0.0,0.0,75.0,25.0
377,0.334,1,0,13,12,10.0,3.34,0.0,84.61538461538461,0.0,15.384615384615385
378,0.298,1,0,8,7,9.0,2.98,0.0,75.0,0.0,25.0
379,0.539,1,0,17,16,10.0,5.39,5.88235294117647,58.82352941176471,17.647058823529413,17.647058823529413
380,0.557,1,0,13,12,10.0,5.57,15.384615384615385,46.15384615384615,7.6923076923076925,30.76923076923077
381,0.284,1,0,8,7,7.0,2.84,12.5,37.5,12.5,37.5
382,0.636,1,0,12,11,10.0,6.36,0.0,0.0,41.66666666666667,58.333333333333336
383,0.549,1,0,15,14,10.0,5.49,13.333333333333334,0.0,46.666666666666664,40.0
384,0.398,1,0,9,8,10.0,3.98,0.0,22.22222222222222,33.33333333333333,44.44444444444444
385,0.591,1,0,11,10,10.0,5.91,36.36363636363637,0.0,0.0,63.63636363636363
386,0.483,1,0,14,13,10.0,4.83,0.0,28.57142857142857,42.857142857142854,28.57142857142857
387,0.297,1,0,9,8,10.0,2.97,11.11111111111111,66.66666666666666,0.0,22.22222222222222
388,0.376,1,0,9,8,9.0,3.76,11.11111111111111,55.55555555555556,11.11111111111111,22.22222222222222
389,0.47,1,0,13,12,10.0,4.7,0.0,15.384615384615385,69.23076923076923,15.384615384615385
390,0.378,1,0,14,13,10.0,3.78,14.285714285714285,78.57142857142857,0.0,7.142857142857142
391,0.488,1,0,14,13,10.0,4.88,14.285714285714285,0.0,64.28571428571429,21.428571428571427
392,0.309,1,0,8,7,9.0,3.09,0.0,50.0,0.0,50.0
393,0.519,1,0,11,10,10.0,5.19,18.181818181818183,9.090909090909092,36.36363636363637,36.36363636363637
394,0.186,1,0,6,5,7.0,1.86,0.0,50.0,0.0,50.0
395,0.475,1,0,12,11,10.0,4.75,8.333333333333332,41.66666666666667,8.333333333333332,41.66666666666667
396,0.372,1,0,11,10,10.0,3.72,0.0,36.36363636363637,36.36363636363637,27.27272727272727
397,0.396,1,0,11,10,10.0,3.96,0.0,9.090909090909092,63.63636363636363,27.27272727272727
398,0.312,1,0,10,9,9.0,3.12,0.0,0.0,60.0,40.0
399,0.674,1,0,18,17,10.0,6.74,5.555555555555555,27.77777777777778,38.88888888888889,27.77777777777778
400,0.336,1,0,7,6,9.0,3.36,14.285714285714285,57.14285714285714,0.0,28.57142857142857
401,0.345,1,0,10,9,9.0,3.45,0.0,40.0,40.0,20.0
402,0.356,1,0,12,11,10.0,3.56,8.333333333333332,33.33333333333333,25.0,33.33333333333333
403,0.496,1,0,16,15,10.0,4.96,6.25,31.25,43.75,18.75
404,0.333,1,0,9,8,8.0,3.33,11.11111111111111,55.55555555555556,0.0,33.33333333333333
405,0.392,1,0,9,8,9.0,3.92,0.0,22.22222222222222,33.33333333333333,44.44444444444444
406,0.431,1,0,11,10,10.0,4.31,9.090909090909092,54.54545454545454,0.0,36.36363636363637
407,0.256,1,0,9,8,8.0,2.56,0.0,11.11111111111111,44.44444444444444,44.44444444444444
408,0.543,1,0,16,15,10.0,5.43,12.5,56.25,25.0,6.25
409,0.547,1,0,16,15,10.0,5.47,12.5,62.5,18.75,6.25
410,0.385,1,0,10,9,10.0,3.85,0.0,0.0,70.0,30.0
411,0.391,1,0,12,11,10.0,3.91,0.0,50.0,8.333333333333332,41.66666666666667
412,0.482,1,0,15,14,10.0,4.82,6.666666666666667,13.333333333333334,66.66666666666666,13.333333333333334
413,0.336,1,0,10,9,7.0,3.36,10.0,40.0,0.0,50.0
414,0.318,1,0,12,11,8.0,3.18,8.333333333333332,58.333333333333336,0.0,33.33333333333333
415,0.202,1,0,6,5,6.0,2.02,0.0,50.0,0.0,50.0
416,0.459,1,0,12,11,10.0,4.59,16.666666666666664,25.0,8.333333333333332,50.0
417,0.501,1,0,12,11,10.0,5.01,8.333333333333332,8.333333333333332,41.66666666666667,41.66666666666667
418,0.409,1,0,14,13,10.0,4.09,14.285714285714285,42.857142857142854,0.0,42.857142857142854
419,0.366,1,0,10,9,9.0,3.66,10.0,20.0,40.0,30.0
420,0.614,1,0,16,15,10.0,6.14,18.75,31.25,25.0,25.0
421,0.345,1,0,9,8,9.0,3.45,11.11111111111111,66.66666666666666,11.11111111111111,11.11111111111111
422,0.444,1,0,9,8,10.0,4.44,11.11111111111111,11.11111111111111,22.22222222222222,55.55555555555556
423,0.588,1,0,12,11,10.0,5.88,0.0,0.0,75.0,25.0
424,0.514,1,0,17,16,10.0,5.14,0.0,58.82352941176471,11.76470588235294,29.411764705882355
425,0.536,1,0,13,12,10.0,5.36,7.6923076923076925,7.6923076923076925,53.84615384615385,30.76923076923077
426,0.2,1,0,4,3,5.0,2.0,0.0,25.0,25.0,50.0
427,0.384,1,0,12,11,10.0,3.84,8.333333333333332,33.33333333333333,0.0,58.333333333333336
428,0.333,1,0,10,9,8.0,3.33,0.0,60.0,20.0,20.0
429,0.498,1,0,13,12,10.0,4.98,0.0,7.6923076923076925,76.92307692307693,15.384615384615385
430,0.387,1,0,9,8,9.0,3.87,11.11111111111111,55.55555555555556,22.22222222222222,11.11111111111111
431,0.619,1,0,13,12,10.0,6.19,30.76923076923077,53.84615384615385,0.0,15.384615384615385
432,0.539,1,0,17,16,10.0,5.39,0.0,47.05882352941176,29.411764705882355,23.52941176470588
433,0.31,1,0,7,6,9.0,3.1,0.0,0.0,71.42857142857143,28.57142857142857
434,0.501,1,0,11,10,9.0,5.01,0.0,9.090909090909092,72.72727272727273,18.181818181818183
435,0.425,1,0,14,13,10.0,4.25,7.142857142857142,7.142857142857142,64.28571428571429,21.428571428571427
436,0.329,1,0,10,9,10.0,3.29,0.0,60.0,0.0,40.0
437,0.264,1,0,10,9,10.0,2.64,0.0,80.0,0.0,20.0
438,0.452,1,0,9,8,9.0,4.52,0.0,33.33333333333333,33.33333333333333,33.33333333333333
439,0.433,1,0,12,11,9.0,4.33,0.0,66.66666666666666,0.0,33.33333333333333
440,0.515,1,0,16,15,10.0,5.15,6.25,56.25,18.75,18.75
441,0.466,1,0,12,11,10.0,4.66,8.333333333333332,83.33333333333334,8.333333333333332,0.0
442,0.59,1,0,16,15,10.0,5.9,0.0,56.25,25.0,18.75
443,0.456,1,0,11,10,10.0,4.56,0.0,54.54545454545454,27.27272727272727,18.181818181818183
444,0.445,1,0,10,9,10.0,4.45,0.0,0.0,50.0,50.0
445,0.426,1,0,10,9,9.0,4.26,20.0,30.0,20.0,30.0
446,0.463,1,0,14,13,9.0,4.63,0.0,28.57142857142857,42.857142857142854,28.57142857142857
447,0.113,1,0,4,3,4.0,1.13,0.0,25.0,0.0,75.0
448,0.548,1,0,11,10,9.0,5.48,45.45454545454545,36.36363636363637,0.0,18.181818181818183
449,0.212,1,0,7,6,10.0,2.12,0.0,57.14285714285714,14.285714285714285,28.57142857142857
450,0.633,1,0,18,17,10.0,6.33,0.0,22.22222222222222,55.55555555555556,22.22222222222222
451,0.367,1,0,10,9,10.0,3.67,10.0,30.0,40.0,20.0
452,0.354,1,0,10,9,9.0,3.54,20.0,10.0,30.0,40.0
453,0.271,1,0,5,4,5.0,2.71,0.0,60.0,20.0,20.0
454,0.525,1,0,13,12,10.0,5.25,0.0,38.46153846153847,38.46153846153847,23.076923076923077
455,0.412,1,0,10,9,9.0,4.12,10.0,50.0,20.0,20.0
456,0.428,1,0,9,8,9.0,4.28,0.0,0.0,77.77777777777779,22.22222222222222
457,0.323,1,0,9,8,10.0,3.23,0.0,55.55555555555556,22.22222222222222,22.22222222222222
458,0.322,1,0,13,12,10.0,3.22,46.15384615384615,15.384615384615385,0.0,38.46153846153847
459,0.636,1,0,15,14,10.0,6.36,0.0,33.33333333333333,53.333333333333336,13.333333333333334
460,0.503,1,0,12,11,9.0,5.03,0.0,8.333333333333332,50.0,41.66666666666667
461,0.499,1,0,11,10,10.0,4.99,0.0,9.090909090909092,72.72727272727273,18.181818181818183
462,0.229,1,0,7,6,6.0,2.29,14.285714285714285,57.14285714285714,14.285714285714285,14.285714285714285
463,0.544,1,0,15,14,10.0,5.44,6.666666666666667,33.33333333333333,26.666666666666668,33.33333333333333
464,0.279,1,0,9,8,10.0,2.79,0.0,77.77777777777779,0.0,22.22222222222222
465,0.473,1,0,14,13,10.0,4.73,21.428571428571427,28.57142857142857,21.428571428571427,28.57142857142857
466,0.364,1,0,12,11,10.0,3.64,0.0,8.333333333333332,66.66666666666666,25.0
467,0.31,1,0,11,10,8.0,3.1,0.0,81.81818181818183,0.0,18.181818181818183
468,0.469,1,0,11,10,10.0,4.69,0.0,54.54545454545454,18.181818181818183,27.27272727272727
469,0.622,1,0,16,15,10.0,6.22,0.0,6.25,75.0,18.75
470,0.534,1,0,14,13,10.0,5.34,14.285714285714285,42.857142857142854,21.428571428571427,21.428571428571427
471,0.499,1,0,10,9,10.0,4.99,10.0,60.0,0.0,30.0
472,0.406,1,0,13,12,10.0,4.06,15.384615384615385,23.076923076923077,38.46153846153847,23.076923076923077
473,0.492,1,0,12,11,10.0,4.92,8.333333333333332,25.0,50.0,16.666666666666664
474,0.499,1,0,10,9,10.0,4.99,20.0,0.0,60.0,20.0
475,0.327,1,0,10,9,10.0,3.27,0.0,20.0,50.0,30.0
476,0.375,1,0,10,9,10.0,3.75,0.0,50.0,30.0,20.0
477,0.476,1,0,12,11,10.0,4.76,0.0,50.0,16.666666666666664,33.33333333333333
478,0.448,1,0,11,10,9.0,4.48,0.0,0.0,63.63636363636363,36.36363636363637
479,0.561,1,0,13,12,10.0,5.61,15.384615384615385,23.076923076923077,46.15384615384615,15.384615384615385
480,0.349,1,0,10,9,10.0,3.49,40.0,0.0,0.0,60.0
481,0.422,1,0,13,12,10.0,4.22,23.076923076923077,23.076923076923077,30.76923076923077,23.076923076923077
482,0.432,1,0,13,12,10.0,4.32,7.6923076923076925,0.0,69.23076923076923,23.076923076923077
483,0.484,1,0,11,10,10.0,4.84,0.0,63.63636363636363,18.181818181818183,18.181818181818183
484,0.502,1,0,10,9,10.0,5.02,0.0,30.0,40.0,30.0
485,0.359,1,0,10,9,9.0,3.59,0.0,70.0,10.0,20.0
486,0.322,1,0,8,7,8.0,3.22,0.0,0.0,75.0,25.0
487,0.409,1,0,8,7,10.0,4.09,0.0,0.0,62.5,37.5
488,0.438,1,0,13,12,10.0,4.38,0.0,76.92307692307693,7.6923076923076925,15.384615384615385
489,0.453,1,0,11,10,10.0,4.53,18.181818181818183,27.27272727272727,18.181818181818183,36.36363636363637
490,0.419,1,0,11,10,9.0,4.19,0.0,36.36363636363637,36.36363636363637,27.27272727272727
491,0.37,1,0,9,8,9.0,3.7,0.0,55.55555555555556,22.22222222222222,22.22222222222222
492,0.548,1,0,14,13,10.0,5.48,0.0,50.0,28.57142857142857,21.428571428571427
493,0.354,1,0,10,9,10.0,3.54,30.0,0.0,50.0,20.0
494,0.42,1,0,12,11,10.0,4.2,0.0,41.66666666666667,50.0,8.333333333333332
495,0.367,1,0,9,8,10.0,3.67,0.0,22.22222222222222,44.44444444444444,33.33333333333333
496,0.399,1,0,7,6,10.0,3.99,0.0,0.0,71.42857142857143,28.57142857142857
497,0.238,1,0,7,6,9.0,2.38,0.0,42.857142857142854,14.285714285714285,42.857142857142854
498,0.467,1,0,9,8,10.0,4.67,0.0,44.44444444444444,22.22222222222222,33.33333333333333
499,0.272,1,0,9,8,10.0,2.72,0.0,33.33333333333333,22.22222222222222,44.44444444444444
500,0.27,1,0,10,9,10.0,2.7,10.0,10.0,30.0,50.0
501,0.506,1,0,13,12,9.0,5.06,0.0,61.53846153846154,23.076923076923077,15.384615384615385
502,0.352,1,0,7,6,9.0,3.52,0.0,0.0,71.42857142857143,28.57142857142857
503,0.221,1,0,5,4,8.0,2.21,0.0,20.0,0.0,80.0
504,0.429,1,0,9,8,9.0,4.29,0.0,33.33333333333333,33.33333333333333,33.33333333333333
505,0.277,1,0,9,8,7.0,2.77,0.0,22.22222222222222,44.44444444444444,33.33333333333333
506,0.286,1,0,9,8,9.0,2.86,0.0,44.44444444444444,33.33333333333333,22.22222222222222
507,0.353,1,0,10,9,10.0,3.53,0.0,60.0,10.0,30.0
508,0.37,1,0,10,9,10.0,3.7,50.0,20.0,10.0,20.0
509,0.345,1,0,11,10,9.0,3.45,0.0,72.72727272727273,0.0,27.27272727272727
510,0.423,1,0,13,12,10.0,4.23,30.76923076923077,38.46153846153847,7.6923076923076925,23.076923076923077
511,0.344,1,0,10,9,9.0,3.44,0.0,70.0,10.0,20.0
512,0.435,1,0,12,11,10.0,4.35,0.0,8.333333333333332,75.0,16.666666666666664
513,0.432,1,0,11,10,10.0,4.32,0.0,0.0,45.45454545454545,54.54545454545454
514,0.575,1,0,15,14,10.0,5.75,13.333333333333334,33.33333333333333,26.666666666666668,26.666666666666668
515,0.276,1,0,7,6,10.0,2.76,14.285714285714285,57.14285714285714,0.0,28.57142857142857
516,0.402,1,0,12,11,10.0,4.02,0.0,58.333333333333336,16.666666666666664,25.0
517,0.318,1,0,8,7,9.0,3.18,0.0,25.0,50.0,25.0
518,0.341,1,0,11,10,9.0,3.41,0.0,18.181818181818183,63.63636363636363,18.181818181818183
519,0.141,1,0,6,5,5.0,1.41,0.0,66.66666666666666,0.0,33.33333333333333
520,0.605,1,0,14,13,10.0,6.05,0.0,35.714285714285715,14.285714285714285,50.0
521,0.437,1,0,10,9,8.0,4.37,0.0,30.0,40.0,30.0
522,0.506,1,0,16,15,10.0,5.06,0.0,56.25,18.75,25.0
523,0.276,1,0,9,8,9.0,2.76,0.0,11.11111111111111,66.66666666666666,22.22222222222222
524,0.314,1,0,7,6,7.0,3.14,0.0,42.857142857142854,14.285714285714285,42.857142857142854
525,0.397,1,0,13,12,10.0,3.97,0.0,30.76923076923077,38.46153846153847,30.76923076923077
526,0.368,1,0,10,9,10.0,3.68,0.0,70.0,0.0,30.0
527,0.519,1,0,12,11,10.0,5.19,0.0,50.0,33.33333333333333,16.666666666666664
528,0.44,1,0,14,13,10.0,4.4,14.285714285714285,50.0,14.285714285714285,21.428571428571427
529,0.437,1,0,11,10,10.0,4.37,18.181818181818183,36.36363636363637,0.0,45.45454545454545
530,0.589,1,0,13,12,10.0,5.89,7.6923076923076925,15.384615384615385,38.46153846153847,38.46153846153847
531,0.606,1,0,14,13,10.0,6.06,0.0,0.0,35.714285714285715,64.28571428571429
532,0.332,1,0,10,9,8.0,3.32,10.0,30.0,30.0,30.0
533,0.314,1,0,10,9,10.0,3.14,10.0,40.0,20.0,30.0
534,0.458,1,0,12,11,10.0,4.58,8.333333333333332,8.333333333333332,66.66666666666666,16.666666666666664
535,0.284,1,0,11,10,10.0,2.84,9.090909090909092,63.63636363636363,0.0,27.27272727272727
536,0.498,1,0,12,11,10.0,4.98,0.0,41.66666666666667,0.0,58.333333333333336
537,0.379,1,0,10,9,10.0,3.79,0.0,60.0,0.0,40.0
538,0.579,1,0,19,18,10.0,5.79,10.526315789473683,26.31578947368421,47.368421052631575,15.789473684210526
539,0.193,1,0,7,6,10.0,1.93,0.0,57.14285714285714,0.0,42.857142857142854
540,0.348,1,0,9,8,9.0,3.48,22.22222222222222,44.44444444444444,11.11111111111111,22.22222222222222
541,0.468,1,0,10,9,10.0,4.68,0.0,80.0,0.0,20.0
542,0.284,1,0,11,10,9.0,2.84,0.0,72.72727272727273,9.090909090909092,18.181818181818183
543,0.511,1,0,12,11,10.0,5.11,0.0,25.0,58.333333333333336,16.666666666666664
544,0.512,1,0,12,11,10.0,5.12,25.0,50.0,0.0,25.0
545,0.506,1,0,9,8,10.0,5.06,0.0,0.0,77.77777777777779,22.22222222222222
546,0.241,1,0,8,7,6.0,2.41,0.0,87.5,0.0,12.5
547,0.548,1,0,14,13,10.0,5.48,0.0,42.857142857142854,42.857142857142854,14.285714285714285
548,0.551,1,0,13,12,10.0,5.51,15.384615384615385,0.0,69.23076923076923,15.384615384615385
549,0.259,1,0,11,10,9.0,2.59,0.0,72.72727272727273,9.090909090909092,18.181818181818183
550,0.389,1,0,12,11,10.0,3.89,0.0,33.33333333333333,33.33333333333333,33.33333333333333
551,0.665,1,0,17,16,10.0,6.65,0.0,35.294117647058826,47.05882352941176,17.647058823529413
552,0.509,1,0,15,14,10.0,5.09,0.0,20.0,26.666666666666668,53.333333333333336
553,0.505,1,0,14,13,10.0,5.05,21.428571428571427,14.285714285714285,50.0,14.285714285714285
554,0.55,1,0,12,11,10.0,5.5,0.0,0.0,66.66666666666666,33.33333333333333
555,0.466,1,0,15,14,10.0,4.66,6.666666666666667,66.66666666666666,13.333333333333334,13.333333333333334
556,0.23,1,0,7,6,10.0,2.3,0.0,0.0,57.14285714285714,42.857142857142854
557,0.246,1,0,7,6,9.0,2.46,28.57142857142857,28.57142857142857,0.0,42.857142857142854
558,0.405,1,0,13,12,10.0,4.05,15.384615384615385,69.23076923076923,0.0,15.384615384615385
559,0.483,1,0,11,10,10.0,4.83,0.0,36.36363636363637,27.27272727272727,36.36363636363637
560,0.28,1,0,7,6,8.0,2.8,0.0,28.57142857142857,14.285714285714285,57.14285714285714
561,0.507,1,0,14,13,10.0,5.07,14.285714285714285,0.0,50.0,35.714285714285715
562,0.488,1,0,12,11,10.0,4.88,0.0,83.33333333333334,0.0,16.666666666666664
563,0.455,1,0,13,12,10.0,4.55,0.0,0.0,69.23076923076923,30.76923076923077
564,0.396,1,0,11,10,10.0,3.96,9.090909090909092,54.54545454545454,18.181818181818183,18.181818181818183
565,0.214,1,0,5,4,5.0,2.14,0.0,20.0,20.0,60.0
566,0.368,1,0,8,7,10.0,3.68,12.5,25.0,50.0,12.5
567,0.348,1,0,9,8,10.0,3.48,0.0,77.77777777777779,0.0,22.22222222222222
568,0.564,1,0,18,17,10.0,5.64,0.0,44.44444444444444,38.88888888888889,16.666666666666664
569,0.346,1,0,9,8,9.0,3.46,0.0,22.22222222222222,44.44444444444444,33.33333333333333
570,0.327,1,0,10,9,10.0,3.27,0.0,10.0,60.0,30.0
571,0.324,1,0,8,7,8.0,3.24,0.0,25.0,25.0,50.0
572,0.502,1,0,10,9,10.0,5.02,10.0,0.0,60.0,30.0
573,0.267,1,0,8,7,8.0,2.67,0.0,12.5,50.0,37.5
574,0.404,1,0,8,7,10.0,4.04,0.0,75.0,12.5,12.5
575,0.251,1,0,8,7,10.0,2.51,12.5,50.0,12.5,25.0
576,0.152,1,0,6,5,7.0,1.52,0.0,66.66666666666666,0.0,33.33333333333333
577,0.278,1,0,8,7,9.0,2.78,0.0,62.5,0.0,37.5
578,0.501,1,0,17,16,10.0,5.01,5.88235294117647,23.52941176470588,23.52941176470588,47.05882352941176
579,0.368,1,0,13,12,9.0,3.68,7.6923076923076925,76.92307692307693,7.6923076923076925,7.6923076923076925
580,0.331,1,0,7,6,9.0,3.31,0.0,28.57142857142857,0.0,71.42857142857143
581,0.481,1,0,13,12,10.0,4.81,0.0,15.384615384615385,46.15384615384615,38.46153846153847
582,0.423,1,0,13,12,9.0,4.23,0.0,76.92307692307693,0.0,23.076923076923077
583,0.479,1,0,11,10,10.0,4.79,9.090909090909092,18.181818181818183,18.181818181818183,54.54545454545454
584,0.384,1,0,12,11,9.0,3.84,8.333333333333332,8.333333333333332,50.0,33.33333333333333
585,0.33,1,0,8,7,8.0,3.3,0.0,0.0,75.0,25.0
586,0.475,1,0,19,18,10.0,4.75,10.526315789473683,73.68421052631578,10.526315789473683,5.263157894736842
587,0.421,1,0,14,13,10.0,4.21,0.0,21.428571428571427,35.714285714285715,42.857142857142854
588,0.598,1,0,14,13,10.0,5.98,0.0,21.428571428571427,57.14285714285714,21.428571428571427
589,0.348,1,0,9,8,10.0,3.48,0.0,88.88888888888889,0.0,11.11111111111111
590,0.413,1,0,13,12,10.0,4.13,0.0,38.46153846153847,38.46153846153847,23.076923076923077
591,0.419,1,0,11,10,9.0,4.19,0.0,36.36363636363637,0.0,63.63636363636363
592,0.596,1,0,18,17,10.0,5.96,38.88888888888889,5.555555555555555,33.33333333333333,22.22222222222222
593,0.599,1,0,16,15,10.0,5.99,6.25,0.0,43.75,50.0
594,0.443,1,0,12,11,9.0,4.43,0.0,8.333333333333332,75.0,16.666666666666664
595,0.482,1,0,13,12,10.0,4.82,23.076923076923077,53.84615384615385,7.6923076923076925,15.384615384615385
596,0.362,1,0,12,11,10.0,3.62,8.333333333333332,8.333333333333332,66.66666666666666,16.666666666666664
597,0.455,1,0,12,11,9.0,4.55,0.0,66.66666666666666,25.0,8.333333333333332
598,0.35,1,0,11,10,10.0,3.5,0.0,63.63636363636363,9.090909090909092,27.27272727272727
599,0.314,1,0,10,9,9.0,3.14,0.0,70.0,0.0,30.0
600,0.418,1,0,12,11,10.0,4.18,0.0,16.666666666666664,75.0,8.333333333333332
601,0.231,1,0,6,5,5.0,2.31,0.0,50.0,16.666666666666664,33.33333333333333
602,0.487,1,0,16,15,10.0,4.87,0.0,18.75,50.0,31.25
603,0.4,1,0,10,9,9.0,4.0,10.0,40.0,20.0,30.0
604,0.638,1,0,14,13,10.0,6.38,0.0,21.428571428571427,57.14285714285714,21.428571428571427
605,0.234,1,0,8,7,9.0,2.34,0.0,37.5,25.0,37.5
606,0.315,1,0,11,10,9.0,3.15,0.0,54.54545454545454,9.090909090909092,36.36363636363637
607,0.356,1,0,12,11,10.0,3.56,0.0,16.666666666666664,50.0,33.33333333333333
608,0.326,1,0,9,8,10.0,3.26,0.0,100.0,0.0,0.0
609,0.551,1,0,14,13,10.0,5.51,7.142857142857142,42.857142857142854,28.57142857142857,21.428571428571427
610,0.412,1,0,14,13,10.0,4.12,0.0,78.57142857142857,7.142857142857142,14.285714285714285
611,0.56,1,0,15,14,10.0,5.6,33.33333333333333,20.0,20.0,26.666666666666668
612,0.356,1,0,14,13,10.0,3.56,35.714285714285715,42.857142857142854,7.142857142857142,14.285714285714285
613,0.347,1,0,9,8,8.0,3.47,33.33333333333333,11.11111111111111,0.0,55.55555555555556
614,0.388,1,0,10,9,9.0,3.88,0.0,60.0,0.0,40.0
615,0.367,1,0,10,9,9.0,3.67,10.0,0.0,60.0,30.0
616,0.328,1,0,8,7,10.0,3.28,12.5,50.0,12.5,25.0
617,0.327,1,0,12,11,9.0,3.27,0.0,83.33333333333334,0.0,16.666666666666664
618,0.301,1,0,9,8,9.0,3.01,0.0,33.33333333333333,44.44444444444444,22.22222222222222
619,0.305,1,0,8,7,8.0,3.05,0.0,50.0,0.0,50.0
620,0.558,1,0,12,11,9.0,5.58,16.666666666666664,8.333333333333332,66.66666666666666,8.333333333333332
621,0.451,1,0,10,9,10.0,4.51,0.0,10.0,40.0,50.0
622,0.477,1,0,12,11,10.0,4.77,0.0,41.66666666666667,25.0,33.33333333333333
623,0.533,1,0,11,10,10.0,5.33,9.090909090909092,72.72727272727273,0.0,18.181818181818183
624,0.401,1,0,14,13,9.0,4.01,0.0,64.28571428571429,14.285714285714285,21.428571428571427
625,0.49,1,0,10,9,9.0,4.9,10.0,30.0,20.0,40.0
626,0.356,1,0,10,9,9.0,3.56,0.0,50.0,10.0,40.0
627,0.377,1,0,9,8,10.0,3.77,0.0,0.0,66.66666666666666,33.33333333333333
628,0.461,1,0,14,13,10.0,4.61,0.0,57.14285714285714,28.57142857142857,14.285714285714285
629,0.308,1,0,9,8,10.0,3.08,0.0,0.0,66.66666666666666,33.33333333333333
630,0.455,1,0,11,10,10.0,4.55,0.0,18.181818181818183,63.63636363636363,18.181818181818183
631,0.516,1,0,10,9,10.0,5.16,0.0,10.0,70.0,20.0
632,0.345,1,0,10,9,9.0,3.45,0.0,70.0,0.0,30.0
633,0.449,1,0,12,11,10.0,4.49,0.0,58.333333333333336,16.666666666666664,25.0
634,0.565,1,0,12,11,10.0,5.65,8.333333333333332,8.333333333333332,58.333333333333336,25.0
635,0.329,1,0,8,7,6.0,3.29,0.0,75.0,0.0,25.0
636,0.459,1,0,13,12,10.0,4.59,0.0,46.15384615384615,38.46153846153847,15.384615384615385
637,0.512,1,0,14,13,10.0,5.12,7.142857142857142,28.57142857142857,35.714285714285715,28.57142857142857
638,0.582,1,0,12,11,10.0,5.82,0.0,0.0,75.0,25.0
639,0.329,1,0,10,9,10.0,3.29,0.0,70.0,0.0,30.0
640,0.626,1,0,17,16,10.0,6.26,17.647058823529413,17.647058823529413,41.17647058823529,23.52941176470588
641,0.374,1,0,11,10,10.0,3.74,18.181818181818183,0.0,63.63636363636363,18.181818181818183
642,0.389,1,0,10,9,8.0,3.89,0.0,30.0,0.0,70.0
643,0.421,1,0,11,10,10.0,4.21,36.36363636363637,18.181818181818183,18.181818181818183,27.27272727272727
644,0.279,1,0,7,6,10.0,2.79,28.57142857142857,57.14285714285714,0.0,14.285714285714285
645,0.361,1,0,11,10,9.0,3.61,0.0,18.181818181818183,63.63636363636363,18.181818181818183
646,0.226,1,0,8,7,10.0,2.26,0.0,50.0,12.5,37.5
647,0.574,1,0,12,11,10.0,5.74,16.666666666666664,41.66666666666667,0.0,41.66666666666667
648,0.206,1,0,7,6,9.0,2.06,0.0,57.14285714285714,0.0,42.857142857142854
649,0.395,1,0,14,13,10.0,3.95,0.0,57.14285714285714,28.57142857142857,14.285714285714285
650,0.52,1,0,10,9,9.0,5.2,0.0,40.0,30.0,30.0
651,0.321,1,0,7,6,9.0,3.21,0.0,57.14285714285714,14.285714285714285,28.57142857142857
652,0.421,1,0,12,11,10.0,4.21,0.0,58.333333333333336,25.0,16.666666666666664
653,0.522,1,0,12,11,10.0,5.22,0.0,8.333333333333332,58.333333333333336,33.33333333333333
654,0.446,1,0,14,13,9.0,4.46,0.0,14.285714285714285,50.0,35.714285714285715
655,0.559,1,0,10,9,10.0,5.59,10.0,0.0,20.0,70.0
656,0.19,1,0,9,8,10.0,1.9,22.22222222222222,22.22222222222222,11.11111111111111,44.44444444444444
657,0.468,1,0,8,7,9.0,4.68,0.0,12.5,12.5,75.0
658,0.54,1,0,11,10,10.0,5.4,18.181818181818183,18.181818181818183,36.36363636363637,27.27272727272727
659,0.517,1,0,13,12,10.0,5.17,0.0,7.6923076923076925,53.84615384615385,38.46153846153847
660,0.411,1,0,12,11,10.0,4.11,0.0,25.0,41.66666666666667,33.33333333333333
661,0.388,1,0,12,11,8.0,3.88,0.0,66.66666666666666,16.666666666666664,16.666666666666664
662,0.569,1,0,13,12,10.0,5.69,0.0,7.6923076923076925,69.23076923076923,23.076923076923077
663,0.516,1,0,12,11,10.0,5.16,0.0,16.666666666666664,16.666666666666664,66.66666666666666
664,0.343,1,0,13,12,9.0,3.43,7.6923076923076925,53.84615384615385,15.384615384615385,23.076923076923077
665,0.585,1,0,13,12,10.0,5.85,0.0,15.384615384615385,69.23076923076923,15.384615384615385
666,0.558,1,0,12,11,10.0,5.58,8.333333333333332,25.0,25.0,41.66666666666667
667,0.356,1,0,9,8,10.0,3.56,0.0,33.33333333333333,33.33333333333333,33.33333333333333
668,0.546,1,0,16,15,10.0,5.46,0.0,6.25,56.25,37.5
669,0.55,1,0,13,12,10.0,5.5,7.6923076923076925,61.53846153846154,7.6923076923076925,23.076923076923077
670,0.315,1,0,11,10,10.0,3.15,0.0,81.81818181818183,9.090909090909092,9.090909090909092
671,0.494,1,0,14,13,9.0,4.94,7.142857142857142,28.57142857142857,28.57142857142857,35.714285714285715
672,0.432,1,0,9,8,9.0,4.32,22.22222222222222,44.44444444444444,0.0,33.33333333333333
673,0.678,1,0,12,11,10.0,6.78,8.333333333333332,50.0,41.66666666666667,0.0
674,0.41,1,0,16,15,10.0,4.1,6.25,56.25,18.75,18.75
675,0.377,1,0,10,9,10.0,3.77,10.0,40.0,0.0,50.0
676,0.604,1,0,13,12,10.0,6.04,46.15384615384615,7.6923076923076925,23.076923076923077,23.076923076923077
677,0.331,1,0,8,7,10.0,3.31,37.5,12.5,12.5,37.5
678,0.597,1,0,12,11,10.0,5.97,0.0,8.333333333333332,33.33333333333333,58.333333333333336
679,0.164,1,0,6,5,7.0,1.64,0.0,50.0,0.0,50.0
680,0.519,1,0,13,12,9.0,5.19,0.0,46.15384615384615,38.46153846153847,15.384615384615385
681,0.36,1,0,11,10,10.0,3.6,0.0,63.63636363636363,9.090909090909092,27.27272727272727
682,0.314,1,0,10,9,8.0,3.14,10.0,30.0,40.0,20.0
683,0.483,1,0,12,11,10.0,4.83,0.0,58.333333333333336,16.666666666666664,25.0
684,0.621,1,0,16,15,10.0,6.21,0.0,25.0,50.0,25.0
685,0.562,1,0,14,13,10.0,5.62,7.142857142857142,57.14285714285714,14.285714285714285,21.428571428571427
686,0.214,1,0,7,6,6.0,2.14,0.0,57.14285714285714,0.0,42.857142857142854
687,0.536,1,0,14,13,10.0,5.36,21.428571428571427,42.857142857142854,14.285714285714285,21.428571428571427
688,0.482,1,0,18,17,10.0,4.82,0.0,66.66666666666666,16.666666666666664,16.666666666666664
689,0.244,1,0,8,7,10.0,2.44,0.0,12.5,50.0,37.5
690,0.471,1,0,9,8,8.0,4.71,11.11111111111111,11.11111111111111,33.33333333333333,44.44444444444444
691,0.393,1,0,15,14,10.0,3.93,6.666666666666667,73.33333333333333,6.666666666666667,13.333333333333334
692,0.375,1,0,8,7,10.0,3.75,12.5,0.0,25.0,62.5
693,0.484,1,0,12,11,10.0,4.84,0.0,25.0,50.0,25.0
694,0.518,1,0,14,13,10.0,5.18,0.0,7.142857142857142,57.14285714285714,35.714285714285715
695,0.511,1,0,13,12,10.0,5.11,0.0,15.384615384615385,46.15384615384615,38.46153846153847
696,0.581,1,0,12,11,10.0,5.81,25.0,16.666666666666664,25.0,33.33333333333333
697,0.594,1,0,12,11,10.0,5.94,0.0,41.66666666666667,50.0,8.333333333333332
698,0.209,1,0,5,4,7.0,2.09,0.0,40.0,0.0,60.0
699,0.285,1,0,9,8,10.0,2.85,0.0,88.88888888888889,0.0,11.11111111111111
700,0.4,1,0,15,14,10.0,4.0,20.0,46.666666666666664,6.666666666666667,26.666666666666668
701,0.568,1,0,13,12,10.0,5.68,46.15384615384615,7.6923076923076925,15.384615384615385,30.76923076923077
702,0.385,1,0,12,11,10.0,3.85,8.333333333333332,50.0,25.0,16.666666666666664
703,0.451,1,0,15,14,10.0,4.51,0.0,66.66666666666666,13.333333333333334,20.0
704,0.475,1,0,13,12,10.0,4.75,0.0,7.6923076923076925,30.76923076923077,61.53846153846154
705,0.377,1,0,13,12,9.0,3.77,7.6923076923076925,53.84615384615385,0.0,38.46153846153847
706,0.505,1,0,14,13,10.0,5.05,7.142857142857142,50.0,21.428571428571427,21.428571428571427
707,0.582,1,0,14,13,10.0,5.82,7.142857142857142,21.428571428571427,57.14285714285714,14.285714285714285
708,0.29,1,0,8,7,7.0,2.9,25.0,0.0,37.5,37.5
709,0.44,1,0,11,10,10.0,4.4,0.0,27.27272727272727,54.54545454545454,18.181818181818183
710,0.456,1,0,14,13,9.0,4.56,7.142857142857142,50.0,0.0,42.857142857142854
711,0.217,1,0,6,5,8.0,2.17,0.0,33.33333333333333,0.0,66.66666666666666
712,0.44,1,0,11,10,10.0,4.4,0.0,9.090909090909092,81.81818181818183,9.090909090909092
713,0.411,1,0,12,11,8.0,4.11,0.0,25.0,41.66666666666667,33.33333333333333
714,0.514,1,0,10,9,10.0,5.14,10.0,40.0,30.0,20.0
715,0.47,1,0,12,11,10.0,4.7,25.0,8.333333333333332,16.666666666666664,50.0
716,0.359,1,0,13,12,10.0,3.59,0.0,15.384615384615385,53.84615384615385,30.76923076923077
717,0.353,1,0,9,8,9.0,3.53,22.22222222222222,22.22222222222222,22.22222222222222,33.33333333333333
718,0.508,1,0,15,14,10.0,5.08,20.0,40.0,20.0,20.0
719,0.622,1,0,15,14,10.0,6.22,6.666666666666667,13.333333333333334,40.0,40.0
720,0.389,1,0,12,11,10.0,3.89,0.0,33.33333333333333,33.33333333333333,33.33333333333333
721,0.466,1,0,10,9,10.0,4.66,0.0,30.0,60.0,10.0
722,0.404,1,0,9,8,10.0,4.04,22.22222222222222,11.11111111111111,22.22222222222222,44.44444444444444
723,0.424,1,0,13,12,10.0,4.24,7.6923076923076925,15.384615384615385,61.53846153846154,15.384615384615385
724,0.474,1,0,10,9,10.0,4.74,0.0,80.0,0.0,20.0
725,0.423,1,0,13,12,9.0,4.23,0.0,46.15384615384615,15.384615384615385,38.46153846153847
726,0.318,1,0,11,10,10.0,3.18,0.0,18.181818181818183,54.54545454545454,27.27272727272727
727,0.361,1,0,10,9,8.0,3.61,20.0,30.0,20.0,30.0
728,0.334,1,0,8,7,8.0,3.34,0.0,62.5,12.5,25.0
729,0.432,1,0,13,12,9.0,4.32,15.384615384615385,46.15384615384615,23.076923076923077,15.384615384615385
730,0.34,1,0,9,8,9.0,3.4,0.0,11.11111111111111,55.55555555555556,33.33333333333333
731,0.294,1,0,11,10,10.0,2.94,0.0,72.72727272727273,0.0,27.27272727272727
732,0.495,1,0,12,11,9.0,4.95,16.666666666666664,25.0,33.33333333333333,25.0
733,0.234,1,0,6,5,8.0,2.34,0.0,50.0,0.0,50.0
734,0.51,1,0,12,11,10.0,5.1,0.0,8.333333333333332,41.66666666666667,50.0
735,0.282,1,0,9,8,8.0,2.82,0.0,0.0,66.66666666666666,33.33333333333333
736,0.359,1,0,10,9,10.0,3.59,30.0,0.0,20.0,50.0
737,0.364,1,0,11,10,9.0,3.64,9.090909090909092,27.27272727272727,36.36363636363637,27.27272727272727
738,0.446,1,0,12,11,10.0,4.46,33.33333333333333,33.33333333333333,16.666666666666664,16.666666666666664
739,0.344,1,0,8,7,9.0,3.44,12.5,62.5,0.0,25.0
740,0.521,1,0,17,16,10.0,5.21,0.0,76.47058823529412,5.88235294117647,17.647058823529413
741,0.447,1,0,13,12,10.0,4.47,0.0,76.92307692307693,7.6923076923076925,15.384615384615385
742,0.35,1,0,10,9,10.0,3.5,10.0,50.0,20.0,20.0
743,0.442,1,0,10,9,10.0,4.42,0.0,10.0,60.0,30.0
744,0.488,1,0,14,13,10.0,4.88,7.142857142857142,21.428571428571427,57.14285714285714,14.285714285714285
745,0.349,1,0,10,9,10.0,3.49,50.0,20.0,0.0,30.0
746,0.558,1,0,16,15,10.0,5.58,0.0,31.25,43.75,25.0
747,0.551,1,0,10,9,10.0,5.51,0.0,0.0,70.0,30.0
748,0.452,1,0,9,8,10.0,4.52,0.0,33.33333333333333,22.22222222222222,44.44444444444444
749,0.57,1,0,17,16,10.0,5.7,0.0,0.0,47.05882352941176,52.94117647058824
750,0.408,1,0,14,13,10.0,4.08,0.0,50.0,21.428571428571427,28.57142857142857
751,0.369,1,0,13,12,10.0,3.69,0.0,84.61538461538461,0.0,15.384615384615385
752,0.592,1,0,12,11,10.0,5.92,16.666666666666664,16.666666666666664,50.0,16.666666666666664
753,0.227,1,0,9,8,6.0,2.27,0.0,55.55555555555556,11.11111111111111,33.33333333333333
754,0.413,1,0,11,10,9.0,4.13,36.36363636363637,0.0,18.181818181818183,45.45454545454545
755,0.328,1,0,9,8,10.0,3.28,0.0,33.33333333333333,33.33333333333333,33.33333333333333
756,0.511,1,0,11,10,10.0,5.11,9.090909090909092,9.090909090909092,63.63636363636363,18.181818181818183
757,0.466,1,0,13,12,10.0,4.66,0.0,15.384615384615385,53.84615384615385,30.76923076923077
758,0.335,1,0,10,9,10.0,3.35,30.0,0.0,40.0,30.0
759,0.294,1,0,9,8,8.0,2.94,0.0,0.0,77.77777777777779,22.22222222222222
760,0.524,1,0,14,13,10.0,5.24,0.0,50.0,28.57142857142857,21.428571428571427
761,0.452,1,0,13,12,10.0,4.52,38.46153846153847,15.384615384615385,7.6923076923076925,38.46153846153847
762,0.365,1,0,8,7,8.0,3.65,0.0,0.0,62.5,37.5
763,0.327,1,0,9,8,8.0,3.27,22.22222222222222,33.33333333333333,0.0,44.44444444444444
764,0.323,1,0,9,8,9.0,3.23,11.11111111111111,22.22222222222222,44.44444444444444,22.22222222222222
765,0.503,1,0,15,14,10.0,5.03,0.0,53.333333333333336,26.666666666666668,20.0
766,0.348,1,0,12,11,10.0,3.48,8.333333333333332,25.0,41.66666666666667,25.0
767,0.284,1,0,6,5,8.0,2.84,0.0,66.66666666666666,0.0,33.33333333333333
768,0.346,1,0,11,10,10.0,3.46,18.181818181818183,27.27272727272727,18.181818181818183,36.36363636363637
769,0.558,1,0,13,12,10.0,5.58,0.0,23.076923076923077,30.76923076923077,46.15384615384615
770,0.582,1,0,17,16,10.0,5.82,11.76470588235294,29.411764705882355,41.17647058823529,17.647058823529413
771,0.636,1,0,18,17,10.0,6.36,16.666666666666664,22.22222222222222,33.33333333333333,27.77777777777778
772,0.481,1,0,11,10,10.0,4.81,0.0,45.45454545454545,0.0,54.54545454545454
773,0.456,1,0,12,11,10.0,4.56,0.0,58.333333333333336,8.333333333333332,33.33333333333333
774,0.398,1,0,11,10,10.0,3.98,0.0,45.45454545454545,18.181818181818183,36.36363636363637
775,0.492,1,0,12,11,10.0,4.92,0.0,33.33333333333333,33.33333333333333,33.33333333333333
776,0.263,1,0,8,7,8.0,2.63,0.0,62.5,0.0,37.5
777,0.307,1,0,8,7,9.0,3.07,0.0,62.5,0.0,37.5
778,0.403,1,0,10,9,10.0,4.03,0.0,40.0,0.0,60.0
779,0.416,1,0,12,11,10.0,4.16,0.0,83.33333333333334,0.0,16.666666666666664
780,0.445,1,0,10,9,10.0,4.45,10.0,60.0,20.0,10.0
781,0.315,1,0,12,11,10.0,3.15,0.0,50.0,16.666666666666664,33.33333333333333
782,0.363,1,0,8,7,10.0,3.63,0.0,62.5,12.5,25.0
783,0.361,1,0,11,10,10.0,3.61,9.090909090909092,0.0,72.72727272727273,18.181818181818183
784,0.359,1,0,10,9,8.0,3.59,0.0,40.0,20.0,40.0
785,0.488,1,0,16,15,10.0,4.88,0.0,43.75,25.0,31.25
786,0.405,1,0,9,8,10.0,4.05,11.11111111111111,33.33333333333333,11.11111111111111,44.44444444444444
787,0.436,1,0,12,11,9.0,4.36,33.33333333333333,16.666666666666664,33.33333333333333,16.666666666666664
788,0.45,1,0,11,10,9.0,4.5,27.27272727272727,36.36363636363637,9.090909090909092,27.27272727272727
789,0.365,1,0,9,8,10.0,3.65,11.11111111111111,11.11111111111111,33.33333333333333,44.44444444444444
790,0.463,1,0,12,11,10.0,4.63,0.0,25.0,50.0,25.0
791,0.557,1,0,15,14,10.0,5.57,0.0,40.0,40.0,20.0
792,0.318,1,0,8,7,7.0,3.18,0.0,50.0,12.5,37.5
793,0.33,1,0,12,11,10.0,3.3,0.0,83.33333333333334,0.0,16.666666666666664
794,0.236,1,0,7,6,10.0,2.36,0.0,71.42857142857143,0.0,28.57142857142857
795,0.609,1,0,14,13,10.0,6.09,14.285714285714285,21.428571428571427,42.857142857142854,21.428571428571427
796,0.479,1,0,9,8,10.0,4.79,11.11111111111111,0.0,44.44444444444444,44.44444444444444
797,0.46,1,0,10,9,9.0,4.6,0.0,10.0,60.0,30.0
798,0.307,1,0,9,8,10.0,3.07,33.33333333333333,44.44444444444444,0.0,22.22222222222222
799,0.278,1,0,8,7,9.0,2.78,0.0,75.0,0.0,25.0
800,0.33,1,0,7,6,9.0,3.3,14.285714285714285,57.14285714285714,0.0,28.57142857142857
801,0.31,1,0,10,9,10.0,3.1,10.0,70.0,0.0,20.0
802,0.418,1,0,11,10,10.0,4.18,0.0,72.72727272727273,9.090909090909092,18.181818181818183
803,0.593,1,0,14,13,10.0,5.93,0.0,50.0,35.714285714285715,14.285714285714285
804,0.312,1,0,8,7,10.0,3.12,0.0,75.0,0.0,25.0
805,0.661,1,0,14,13,10.0,6.61,0.0,7.142857142857142,35.714285714285715,57.14285714285714
806,0.435,1,0,12,11,10.0,4.35,0.0,50.0,33.33333333333333,16.666666666666664
807,0.36,1,0,10,9,10.0,3.6,0.0,40.0,40.0,20.0
808,0.154,1,0,4,3,4.0,1.54,0.0,0.0,25.0,75.0
809,0.316,1,0,13,12,9.0,3.16,7.6923076923076925,38.46153846153847,15.384615384615385,38.46153846153847
810,0.403,1,0,9,8,9.0,4.03,0.0,66.66666666666666,22.22222222222222,11.11111111111111
811,0.583,1,0,11,10,10.0,5.83,0.0,18.181818181818183,45.45454545454545,36.36363636363637
812,0.517,1,0,14,13,10.0,5.17,0.0,64.28571428571429,28.57142857142857,7.142857142857142
813,0.282,1,0,10,9,10.0,2.82,0.0,70.0,0.0,30.0
814,0.377,1,0,11,10,10.0,3.77,0.0,36.36363636363637,45.45454545454545,18.181818181818183
815,0.515,1,0,14,13,10.0,5.15,0.0,35.714285714285715,28.57142857142857,35.714285714285715
816,0.305,1,0,9,8,6.0,3.05,0.0,33.33333333333333,33.33333333333333,33.33333333333333
817,0.533,1,0,16,15,10.0,5.33,0.0,56.25,31.25,12.5
818,0.448,1,0,17,16,10.0,4.48,0.0,52.94117647058824,23.52941176470588,23.52941176470588
819,0.325,1,0,9,8,10.0,3.25,0.0,11.11111111111111,33.33333333333333,55.55555555555556
820,0.398,1,0,12,11,10.0,3.98,0.0,33.33333333333333,16.666666666666664,50.0
821,0.394,1,0,13,12,10.0,3.94,0.0,61.53846153846154,15.384615384615385,23.076923076923077
822,0.433,1,0,11,10,9.0,4.33,0.0,36.36363636363637,36.36363636363637,27.27272727272727
823,0.462,1,0,11,10,10.0,4.62,9.090909090909092,27.27272727272727,36.36363636363637,27.27272727272727
824,0.412,1,0,13,12,10.0,4.12,0.0,76.92307692307693,7.6923076923076925,15.384615384615385
825,0.278,1,0,7,6,8.0,2.78,0.0,57.14285714285714,14.285714285714285,28.57142857142857
826,0.499,1,0,14,13,10.0,4.99,14.285714285714285,0.0,35.714285714285715,50.0
827,0.45,1,0,11,10,10.0,4.5,0.0,63.63636363636363,0.0,36.36363636363637
828,0.284,1,0,6,5,7.0,2.84,16.666666666666664,33.33333333333333,16.666666666666664,33.33333333333333
829,0.342,1,0,7,6,7.0,3.42,0.0,57.14285714285714,14.285714285714285,28.57142857142857
830,0.325,1,0,9,8,10.0,3.25,11.11111111111111,11.11111111111111,55.55555555555556,22.22222222222222
831,0.361,1,0,12,11,10.0,3.61,0.0,83.33333333333334,0.0,16.666666666666664
832,0.617,1,0,16,15,10.0,6.17,0.0,12.5,75.0,12.5
833,0.339,1,0,9,8,8.0,3.39,0.0,44.44444444444444,33.33333333333333,22.22222222222222
834,0.39,1,0,12,11,10.0,3.9,8.333333333333332,8.333333333333332,58.333333333333336,25.0
835,0.375,1,0,9,8,9.0,3.75,0.0,66.66666666666666,0.0,33.33333333333333
836,0.482,1,0,13,12,10.0,4.82,0.0,76.92307692307693,7.6923076923076925,15.384615384615385
837,0.506,1,0,16,15,10.0,5.06,12.5,43.75,12.5,31.25
838,0.505,1,0,13,12,9.0,5.05,7.6923076923076925,15.384615384615385,61.53846153846154,15.384615384615385
839,0.218,1,0,7,6,9.0,2.18,0.0,57.14285714285714,0.0,42.857142857142854
840,0.43,1,0,12,11,10.0,4.3,0.0,33.33333333333333,33.33333333333333,33.33333333333333
841,0.314,1,0,9,8,7.0,3.14,0.0,44.44444444444444,22.22222222222222,33.33333333333333
842,0.335,1,0,12,11,10.0,3.35,0.0,83.33333333333334,0.0,16.666666666666664
843,0.369,1,0,7,6,7.0,3.69,42.857142857142854,0.0,14.285714285714285,42.857142857142854
844,0.507,1,0,12,11,9.0,5.07,0.0,33.33333333333333,41.66666666666667,25.0
845,0.32,1,0,7,6,10.0,3.2,0.0,57.14285714285714,14.285714285714285,28.57142857142857
846,0.427,1,0,12,11,9.0,4.27,0.0,50.0,33.33333333333333,16.666666666666664
847,0.408,1,0,12,11,10.0,4.08,0.0,58.333333333333336,16.666666666666664,25.0
848,0.425,1,0,13,12,10.0,4.25,38.46153846153847,23.076923076923077,0.0,38.46153846153847
849,0.522,1,0,15,14,10.0,5.22,46.666666666666664,6.666666666666667,13.333333333333334,33.33333333333333
850,0.411,1,0,12,11,10.0,4.11,25.0,8.333333333333332,33.33333333333333,33.33333333333333
851,0.305,1,0,10,9,10.0,3.05,0.0,80.0,0.0,20.0
852,0.409,1,0,14,13,8.0,4.09,0.0,35.714285714285715,35.714285714285715,28.57142857142857
853,0.585,1,0,14,13,10.0,5.85,0.0,42.857142857142854,35.714285714285715,21.428571428571427
854,0.326,1,0,9,8,10.0,3.26,0.0,66.66666666666666,0.0,33.33333333333333
855,0.338,1,0,13,12,10.0,3.38,0.0,38.46153846153847,30.76923076923077,30.76923076923077
856,0.458,1,0,9,8,10.0,4.58,11.11111111111111,0.0,77.77777777777779,11.11111111111111
857,0.324,1,0,13,12,8.0,3.24,0.0,53.84615384615385,15.384615384615385,30.76923076923077
858,0.544,1,0,15,14,10.0,5.44,13.333333333333334,26.666666666666668,40.0,20.0
859,0.467,1,0,15,14,10.0,4.67,6.666666666666667,40.0,33.33333333333333,20.0
860,0.46,1,0,10,9,10.0,4.6,0.0,40.0,40.0,20.0
861,0.379,1,0,14,13,10.0,3.79,0.0,71.42857142857143,14.285714285714285,14.285714285714285
862,0.474,1,0,12,11,9.0,4.74,0.0,66.66666666666666,8.333333333333332,25.0
863,0.461,1,0,15,14,10.0,4.61,0.0,53.333333333333336,0.0,46.666666666666664
864,0.443,1,0,12,11,10.0,4.43,0.0,0.0,83.33333333333334,16.666666666666664
865,0.532,1,0,16,15,10.0,5.32,12.5,18.75,31.25,37.5
866,0.451,1,0,11,10,7.0,4.51,0.0,18.181818181818183,63.63636363636363,18.181818181818183
867,0.403,1,0,10,9,9.0,4.03,30.0,50.0,0.0,20.0
868,0.364,1,0,8,7,10.0,3.64,0.0,75.0,0.0,25.0
869,0.359,1,0,6,5,9.0,3.59,0.0,33.33333333333333,0.0,66.66666666666666
870,0.581,1,0,14,13,10.0,5.81,14.285714285714285,28.57142857142857,21.428571428571427,35.714285714285715
871,0.268,1,0,9,8,8.0,2.68,0.0,55.55555555555556,22.22222222222222,22.22222222222222
872,0.395,1,0,12,11,8.0,3.95,16.666666666666664,50.0,8.333333333333332,25.0
873,0.259,1,0,9,8,10.0,2.59,11.11111111111111,0.0,66.66666666666666,22.22222222222222
874,0.501,1,0,12,11,9.0,5.01,0.0,33.33333333333333,16.666666666666664,50.0
875,0.52,1,0,12,11,10.0,5.2,0.0,50.0,16.666666666666664,33.33333333333333
876,0.391,1,0,10,9,8.0,3.91,0.0,30.0,50.0,20.0
877,0.413,1,0,8,7,10.0,4.13,0.0,12.5,62.5,25.0
878,0.498,1,0,10,9,9.0,4.98,30.0,30.0,0.0,40.0
879,0.452,1,0,11,10,10.0,4.52,72.72727272727273,0.0,0.0,27.27272727272727
880,0.587,1,0,16,15,10.0,5.87,0.0,25.0,43.75,31.25
881,0.468,1,0,11,10,10.0,4.68,0.0,36.36363636363637,18.181818181818183,45.45454545454545
882,0.399,1,0,12,11,10.0,3.99,0.0,75.0,8.333333333333332,16.666666666666664
883,0.373,1,0,10,9,8.0,3.73,0.0,40.0,20.0,40.0
884,0.268,1,0,9,8,8.0,2.68,0.0,77.77777777777779,0.0,22.22222222222222
885,0.28,1,0,8,7,10.0,2.8,0.0,75.0,0.0,25.0
886,0.305,1,0,10,9,10.0,3.05,20.0,50.0,0.0,30.0
887,0.47,1,0,8,7,10.0,4.7,0.0,0.0,75.0,25.0
888,0.301,1,0,7,6,8.0,3.01,14.285714285714285,28.57142857142857,0.0,57.14285714285714
889,0.26,1,0,8,7,8.0,2.6,0.0,12.5,37.5,50.0
890,0.524,1,0,12,11,10.0,5.24,0.0,8.333333333333332,66.66666666666666,25.0
891,0.407,1,0,13,12,10.0,4.07,7.6923076923076925,69.23076923076923,7.6923076923076925,15.384615384615385
892,0.367,1,0,9,8,9.0,3.67,0.0,44.44444444444444,22.22222222222222,33.33333333333333
893,0.467,1,0,11,10,10.0,4.67,27.27272727272727,45.45454545454545,9.090909090909092,18.181818181818183
894,0.465,1,0,11,10,7.0,4.65,18.181818181818183,18.181818181818183,18.181818181818183,45.45454545454545
895,0.357,1,0,11,10,10.0,3.57,9.090909090909092,0.0,63.63636363636363,27.27272727272727
896,0.498,1,0,12,11,10.0,4.98,16.666666666666664,33.33333333333333,33.33333333333333,16.666666666666664
897,0.399,1,0,11,10,10.0,3.99,0.0,9.090909090909092,72.72727272727273,18.181818181818183
898,0.479,1,0,12,11,9.0,4.79,8.333333333333332,25.0,33.33333333333333,33.33333333333333
899,0.508,1,0,10,9,9.0,5.08,0.0,30.0,30.0,40.0
900,0.279,1,0,7,6,9.0,2.79,14.285714285714285,57.14285714285714,0.0,28.57142857142857
901,0.353,1,0,9,8,10.0,3.53,0.0,33.33333333333333,33.33333333333333,33.33333333333333
902,0.263,1,0,7,6,10.0,2.63,0.0,85.71428571428571,0.0,14.285714285714285
903,0.389,1,0,9,8,10.0,3.89,0.0,55.55555555555556,22.22222222222222,22.22222222222222
904,0.42,1,0,12,11,10.0,4.2,16.666666666666664,50.0,0.0,33.33333333333333
905,0.282,1,0,7,6,9.0,2.82,14.285714285714285,0.0,57.14285714285714,28.57142857142857
906,0.345,1,0,10,9,10.0,3.45,30.0,40.0,0.0,30.0
907,0.474,1,0,12,11,10.0,4.74,0.0,16.666666666666664,58.333333333333336,25.0
908,0.438,1,0,13,12,9.0,4.38,7.6923076923076925,38.46153846153847,38.46153846153847,15.384615384615385
909,0.342,1,0,9,8,10.0,3.42,33.33333333333333,33.33333333333333,11.11111111111111,22.22222222222222
910,0.418,1,0,9,8,9.0,4.18,0.0,33.33333333333333,44.44444444444444,22.22222222222222
911,0.386,1,0,11,10,10.0,3.86,0.0,18.181818181818183,54.54545454545454,27.27272727272727
912,0.402,1,0,8,7,9.0,4.02,0.0,37.5,25.0,37.5
913,0.531,1,0,12,11,10.0,5.31,0.0,50.0,25.0,25.0
914,0.46,1,0,13,12,10.0,4.6,15.384615384615385,23.076923076923077,30.76923076923077,30.76923076923077
915,0.488,1,0,10,9,10.0,4.88,0.0,0.0,80.0,20.0
916,0.546,1,0,11,10,10.0,5.46,0.0,27.27272727272727,27.27272727272727,45.45454545454545
917,0.138,1,0,5,4,6.0,1.38,0.0,40.0,0.0,60.0
918,0.633,1,0,15,14,10.0,6.33,0.0,0.0,53.333333333333336,46.666666666666664
919,0.361,1,0,11,10,9.0,3.61,9.090909090909092,45.45454545454545,18.181818181818183,27.27272727272727
920,0.377,1,0,10,9,9.0,3.77,0.0,20.0,50.0,30.0
921,0.511,1,0,13,12,10.0,5.11,23.076923076923077,15.384615384615385,30.76923076923077,30.76923076923077
922,0.261,1,0,9,8,9.0,2.61,55.55555555555556,22.22222222222222,0.0,22.22222222222222
923,0.622,1,0,13,12,10.0,6.22,0.0,7.6923076923076925,76.92307692307693,15.384615384615385
924,0.49,1,0,10,9,10.0,4.9,0.0,10.0,30.0,60.0
925,0.428,1,0,13,12,10.0,4.28,0.0,23.076923076923077,61.53846153846154,15.384615384615385
926,0.472,1,0,12,11,10.0,4.72,25.0,41.66666666666667,16.666666666666664,16.666666666666664
927,0.489,1,0,13,12,10.0,4.89,0.0,69.23076923076923,23.076923076923077,7.6923076923076925
928,0.541,1,0,15,14,10.0,5.41,0.0,53.333333333333336,20.0,26.666666666666668
929,0.28,1,0,8,7,8.0,2.8,0.0,62.5,0.0,37.5
930,0.432,1,0,14,13,10.0,4.32,0.0,7.142857142857142,64.28571428571429,28.57142857142857
931,0.271,1,0,9,8,9.0,2.71,11.11111111111111,66.66666666666666,0.0,22.22222222222222
932,0.497,1,0,9,8,9.0,4.97,0.0,11.11111111111111,66.66666666666666,22.22222222222222
933,0.421,1,0,14,13,9.0,4.21,0.0,78.57142857142857,7.142857142857142,14.285714285714285
934,0.277,1,0,8,7,9.0,2.77,0.0,62.5,12.5,25.0
935,0.396,1,0,10,9,10.0,3.96,0.0,70.0,10.0,20.0
936,0.378,1,0,10,9,9.0,3.78,20.0,40.0,0.0,40.0
937,0.472,1,0,12,11,9.0,4.72,0.0,0.0,58.333333333333336,41.66666666666667
938,0.223,1,0,9,8,8.0,2.23,0.0,66.66666666666666,0.0,33.33333333333333
939,0.308,1,0,9,8,7.0,3.08,33.33333333333333,0.0,44.44444444444444,22.22222222222222
940,0.662,1,0,18,17,10.0,6.62,0.0,16.666666666666664,50.0,33.33333333333333
941,0.347,1,0,9,8,10.0,3.47,0.0,77.77777777777779,0.0,22.22222222222222
942,0.515,1,0,11,10,10.0,5.15,0.0,63.63636363636363,27.27272727272727,9.090909090909092
943,0.602,1,0,17,16,10.0,6.02,0.0,47.05882352941176,41.17647058823529,11.76470588235294
944,0.283,1,0,8,7,10.0,2.83,25.0,37.5,0.0,37.5
945,0.421,1,0,8,7,10.0,4.21,0.0,25.0,25.0,50.0
946,0.353,1,0,10,9,9.0,3.53,0.0,70.0,0.0,30.0
947,0.572,1,0,17,16,10.0,5.72,5.88235294117647,35.294117647058826,29.411764705882355,29.411764705882355
948,0.419,1,0,14,13,9.0,4.19,0.0,35.714285714285715,50.0,14.285714285714285
949,0.409,1,0,10,9,8.0,4.09,0.0,40.0,30.0,30.0
950,0.667,1,0,19,18,10.0,6.67,5.263157894736842,31.57894736842105,36.84210526315789,26.31578947368421
951,0.475,1,0,14,13,10.0,4.75,0.0,14.285714285714285,28.57142857142857,57.14285714285714
952,0.43,1,0,11,10,10.0,4.3,0.0,45.45454545454545,36.36363636363637,18.181818181818183
953,0.3,1,0,10,9,10.0,3.0,0.0,80.0,0.0,20.0
954,0.397,1,0,10,9,10.0,3.97,10.0,30.0,40.0,20.0
955,0.31,1,0,10,9,10.0,3.1,0.0,70.0,0.0,30.0
956,0.367,1,0,12,11,10.0,3.67,25.0,50.0,0.0,25.0
957,0.41,1,0,11,10,9.0,4.1,9.090909090909092,27.27272727272727,36.36363636363637,27.27272727272727
958,0.428,1,0,13,12,10.0,4.28,38.46153846153847,0.0,46.15384615384615,15.384615384615385
959,0.326,1,0,10,9,9.0,3.26,20.0,50.0,0.0,30.0
960,0.686,1,0,16,15,10.0,6.86,0.0,25.0,50.0,25.0
961,0.57,1,0,11,10,9.0,5.7,45.45454545454545,27.27272727272727,9.090909090909092,18.181818181818183
962,0.424,1,0,9,8,10.0,4.24,0.0,55.55555555555556,22.22222222222222,22.22222222222222
963,0.525,1,0,10,9,10.0,5.25,0.0,0.0,50.0,50.0
964,0.452,1,0,12,11,10.0,4.52,16.666666666666664,50.0,8.333333333333332,25.0
965,0.519,1,0,10,9,10.0,5.19,0.0,10.0,40.0,50.0
966,0.534,1,0,13,12,10.0,5.34,0.0,0.0,84.61538461538461,15.384615384615385
967,0.415,1,0,13,12,10.0,4.15,0.0,30.76923076923077,38.46153846153847,30.76923076923077
968,0.497,1,0,14,13,9.0,4.97,14.285714285714285,35.714285714285715,14.285714285714285,35.714285714285715
969,0.472,1,0,12,11,10.0,4.72,0.0,25.0,33.33333333333333,41.66666666666667
970,0.649,1,0,11,10,10.0,6.49,0.0,0.0,81.81818181818183,18.181818181818183
971,0.598,1,0,13,12,10.0,5.98,46.15384615384615,15.384615384615385,0.0,38.46153846153847
972,0.454,1,0,14,13,10.0,4.54,0.0,42.857142857142854,21.428571428571427,35.714285714285715
973,0.279,1,0,8,7,10.0,2.79,0.0,62.5,0.0,37.5
974,0.419,1,0,14,13,10.0,4.19,0.0,64.28571428571429,14.285714285714285,21.428571428571427
975,0.414,1,0,9,8,10.0,4.14,44.44444444444444,0.0,22.22222222222222,33.33333333333333
976,0.344,1,0,10,9,9.0,3.44,10.0,0.0,40.0,50.0
977,0.555,1,0,14,13,10.0,5.55,7.142857142857142,7.142857142857142,64.28571428571429,21.428571428571427
978,0.321,1,0,9,8,10.0,3.21,0.0,44.44444444444444,33.33333333333333,22.22222222222222
979,0.429,1,0,12,11,10.0,4.29,0.0,0.0,75.0,25.0
980,0.466,1,0,13,12,10.0,4.66,0.0,0.0,76.92307692307693,23.076923076923077
981,0.262,1,0,8,7,9.0,2.62,0.0,87.5,0.0,12.5
982,0.178,1,0,8,7,10.0,1.78,0.0,75.0,0.0,25.0
983,0.355,1,0,11,10,10.0,3.55,0.0,81.81818181818183,0.0,18.181818181818183
984,0.231,1,0,8,7,7.0,2.31,0.0,25.0,50.0,25.0
985,0.346,1,0,10,9,9.0,3.46,0.0,80.0,0.0,20.0
986,0.322,1,0,11,10,10.0,3.22,0.0,72.72727272727273,9.090909090909092,18.181818181818183
987,0.419,1,0,9,8,9.0,4.19,0.0,44.44444444444444,22.22222222222222,33.33333333333333
988,0.426,1,0,11,10,9.0,4.26,0.0,45.45454545454545,36.36363636363637,18.181818181818183
989,0.503,1,0,13,12,10.0,5.03,0.0,23.076923076923077,38.46153846153847,38.46153846153847
990,0.688,1,0,23,22,10.0,6.88,0.0,26.08695652173913,47.82608695652174,26.08695652173913
991,0.32,1,0,13,12,9.0,3.2,0.0,69.23076923076923,0.0,30.76923076923077
992,0.636,1,0,15,14,10.0,6.36,0.0,46.666666666666664,40.0,13.333333333333334
993,0.582,1,0,12,11,10.0,5.82,0.0,0.0,75.0,25.0
994,0.192,1,0,6,5,10.0,1.92,0.0,33.33333333333333,0.0,66.66666666666666
995,0.425,1,0,14,13,10.0,4.25,0.0,64.28571428571429,21.428571428571427,14.285714285714285
996,0.45,1,0,11,10,10.0,4.5,9.090909090909092,9.090909090909092,63.63636363636363,18.181818181818183
997,0.422,1,0,12,11,10.0,4.22,0.0,58.333333333333336,25.0,16.666666666666664
998,0.641,1,0,14,13,10.0,6.41,0.0,0.0,64.28571428571429,35.714285714285715
999,0.359,1,0,10,9,8.0,3.59,0.0,60.0,20.0,20.0
1000,0.436,1,0,10,9,10.0,4.36,0.0,40.0,10.0,50.0
1001,0.382,1,0,9,8,9.0,3.82,0.0,55.55555555555556,0.0,44.44444444444444
1002,0.335,1,0,7,6,10.0,3.35,0.0,0.0,71.42857142857143,28.57142857142857
1003,0.442,1,0,11,10,10.0,4.42,0.0,36.36363636363637,36.36363636363637,27.27272727272727
1004,0.587,1,0,14,13,10.0,5.87,0.0,64.28571428571429,21.428571428571427,14.285714285714285
1005,0.62,1,0,13,12,10.0,6.2,7.6923076923076925,7.6923076923076925,76.92307692307693,7.6923076923076925
1006,0.525,1,0,14,13,10.0,5.25,0.0,42.857142857142854,42.857142857142854,14.285714285714285
1007,0.197,1,0,9,8,9.0,1.97,0.0,66.66666666666666,0.0,33.33333333333333
1008,0.386,1,0,12,11,10.0,3.86,8.333333333333332,50.0,16.666666666666664,25.0
1009,0.118,1,0,5,4,5.0,1.18,0.0,20.0,0.0,80.0
1010,0.534,1,0,14,13,10.0,5.34,0.0,35.714285714285715,50.0,14.285714285714285
1011,0.56,1,0,20,19,10.0,5.6,0.0,55.00000000000001,10.0,35.0
1012,0.609,1,0,17,16,10.0,6.09,5.88235294117647,35.294117647058826,47.05882352941176,11.76470588235294
1013,0.437,1,0,11,10,9.0,4.37,18.181818181818183,54.54545454545454,9.090909090909092,18.181818181818183
1014,0.527,1,0,14,13,10.0,5.27,7.142857142857142,21.428571428571427,57.14285714285714,14.285714285714285
1015,0.502,1,0,12,11,10.0,5.02,0.0,41.66666666666667,25.0,33.33333333333333
1016,0.409,1,0,10,9,10.0,4.09,0.0,0.0,60.0,40.0
1017,0.28,1,0,10,9,9.0,2.8,0.0,80.0,0.0,20.0
1018,0.422,1,0,11,10,10.0,4.22,9.090909090909092,54.54545454545454,9.090909090909092,27.27272727272727
1019,0.362,1,0,10,9,10.0,3.62,0.0,20.0,60.0,20.0
1020,0.5,1,0,13,12,10.0,5.0,0.0,69.23076923076923,23.076923076923077,7.6923076923076925
1021,0.449,1,0,14,13,10.0,4.49,0.0,64.28571428571429,14.285714285714285,21.428571428571427
1022,0.452,1,0,11,10,9.0,4.52,0.0,54.54545454545454,18.181818181818183,27.27272727272727
1023,0.319,1,0,7,6,9.0,3.19,0.0,57.14285714285714,28.57142857142857,14.285714285714285
1024,0.591,1,0,18,17,10.0,5.91,38.88888888888889,11.11111111111111,38.88888888888889,11.11111111111111
1025,0.564,1,0,12,11,10.0,5.64,0.0,0.0,58.333333333333336,41.66666666666667
1026,0.477,1,0,12,11,10.0,4.77,0.0,16.666666666666664,41.66666666666667,41.66666666666667
1027,0.503,1,0,14,13,10.0,5.03,7.142857142857142,0.0,78.57142857142857,14.285714285714285
1028,0.333,1,0,13,12,10.0,3.33,30.76923076923077,15.384615384615385,15.384615384615385,38.46153846153847
1029,0.309,1,0,6,5,9.0,3.09,0.0,33.33333333333333,16.666666666666664,50.0
1030,0.436,1,0,10,9,10.0,4.36,0.0,70.0,0.0,30.0
1031,0.449,1,0,11,10,10.0,4.49,0.0,9.090909090909092,54.54545454545454,36.36363636363637
1032,0.498,1,0,13,12,10.0,4.98,0.0,46.15384615384615,38.46153846153847,15.384615384615385
1033,0.453,1,0,13,12,10.0,4.53,7.6923076923076925,0.0,61.53846153846154,30.76923076923077
1034,0.396,1,0,11,10,9.0,3.96,0.0,45.45454545454545,18.181818181818183,36.36363636363637
1035,0.449,1,0,8,7,9.0,4.49,0.0,0.0,75.0,25.0
1036,0.481,1,0,14,13,10.0,4.81,14.285714285714285,42.857142857142854,14.285714285714285,28.57142857142857
1037,0.301,1,0,7,6,8.0,3.01,0.0,71.42857142857143,0.0,28.57142857142857
1038,0.483,1,0,15,14,10.0,4.83,0.0,33.33333333333333,0.0,66.66666666666666
1039,0.469,1,0,11,10,10.0,4.69,0.0,36.36363636363637,45.45454545454545,18.181818181818183
1040,0.265,1,0,8,7,9.0,2.65,0.0,62.5,12.5,25.0
1041,0.198,1,0,6,5,8.0,1.98,0.0,33.33333333333333,0.0,66.66666666666666
1042,0.657,1,0,17,16,10.0,6.57,5.88235294117647,41.17647058823529,41.17647058823529,11.76470588235294
1043,0.538,1,0,12,11,10.0,5.38,0.0,25.0,41.66666666666667,33.33333333333333
1044,0.348,1,0,8,7,10.0,3.48,12.5,37.5,25.0,25.0
1045,0.494,1,0,12,11,10.0,4.94,0.0,33.33333333333333,41.66666666666667,25.0
1046,0.503,1,0,10,9,10.0,5.03,0.0,0.0,40.0,60.0
1047,0.268,1,0,7,6,8.0,2.68,0.0,0.0,42.857142857142854,57.14285714285714
1048,0.454,1,0,12,11,9.0,4.54,0.0,58.333333333333336,25.0,16.666666666666664
1049,0.596,1,0,13,12,9.0,5.96,38.46153846153847,23.076923076923077,15.384615384615385,23.076923076923077
1050,0.362,1,0,8,7,8.0,3.62,0.0,37.5,0.0,62.5
1051,0.538,1,0,12,11,10.0,5.38,0.0,16.666666666666664,33.33333333333333,50.0
1052,0.496,1,0,14,13,10.0,4.96,21.428571428571427,50.0,14.285714285714285,14.285714285714285
1053,0.306,1,0,12,11,8.0,3.06,0.0,66.66666666666666,0.0,33.33333333333333
1054,0.434,1,0,12,11,8.0,4.34,0.0,16.666666666666664,8.333333333333332,75.0
1055,0.472,1,0,10,9,10.0,4.72,0.0,30.0,50.0,20.0
1056,0.555,1,0,14,13,10.0,5.55,0.0,35.714285714285715,42.857142857142854,21.428571428571427
1057,0.357,1,0,9,8,10.0,3.57,11.11111111111111,11.11111111111111,44.44444444444444,33.33333333333333
1058,0.549,1,0,17,16,9.0,5.49,0.0,11.76470588235294,64.70588235294117,23.52941176470588
1059,0.31,1,0,8,7,8.0,3.1,0.0,62.5,12.5,25.0
1060,0.45,1,0,10,9,10.0,4.5,0.0,10.0,60.0,30.0
1061,0.146,1,0,7,6,9.0,1.46,0.0,57.14285714285714,0.0,42.857142857142854
1062,0.544,1,0,17,16,10.0,5.44,0.0,58.82352941176471,23.52941176470588,17.647058823529413
1063,0.311,1,0,9,8,9.0,3.11,0.0,11.11111111111111,44.44444444444444,44.44444444444444
1064,0.319,1,0,9,8,9.0,3.19,0.0,33.33333333333333,44.44444444444444,22.22222222222222
1065,0.499,1,0,15,14,10.0,4.99,0.0,53.333333333333336,33.33333333333333,13.333333333333334
1066,0.537,1,0,15,14,10.0,5.37,0.0,53.333333333333336,33.33333333333333,13.333333333333334
1067,0.616,1,0,11,10,10.0,6.16,36.36363636363637,9.090909090909092,9.090909090909092,45.45454545454545
1068,0.404,1,0,8,7,10.0,4.04,0.0,25.0,37.5,37.5
1069,0.669,1,0,18,17,10.0,6.69,0.0,22.22222222222222,50.0,27.77777777777778
1070,0.367,1,0,10,9,10.0,3.67,10.0,30.0,30.0,30.0
1071,0.517,1,0,11,10,10.0,5.17,0.0,0.0,72.72727272727273,27.27272727272727
1072,0.314,1,0,10,9,7.0,3.14,20.0,20.0,30.0,30.0
1073,0.335,1,0,7,6,10.0,3.35,0.0,57.14285714285714,0.0,42.857142857142854
1074,0.523,1,0,11,10,10.0,5.23,0.0,0.0,9.090909090909092,90.9090909090909
1075,0.561,1,0,11,10,10.0,5.61,0.0,0.0,45.45454545454545,54.54545454545454
1076,0.336,1,0,9,8,10.0,3.36,0.0,66.66666666666666,0.0,33.33333333333333
1077,0.541,1,0,13,12,10.0,5.41,0.0,0.0,53.84615384615385,46.15384615384615
1078,0.472,1,0,14,13,10.0,4.72,0.0,50.0,21.428571428571427,28.57142857142857
1079,0.415,1,0,10,9,9.0,4.15,0.0,20.0,40.0,40.0
1080,0.42,1,0,13,12,10.0,4.2,7.6923076923076925,7.6923076923076925,53.84615384615385,30.76923076923077
1081,0.432,1,0,11,10,10.0,4.32,0.0,0.0,81.81818181818183,18.181818181818183
1082,0.419,1,0,10,9,10.0,4.19,0.0,0.0,70.0,30.0
1083,0.361,1,0,9,8,10.0,3.61,0.0,11.11111111111111,66.66666666666666,22.22222222222222
1084,0.453,1,0,14,13,10.0,4.53,0.0,0.0,78.57142857142857,21.428571428571427
1085,0.414,1,0,9,8,10.0,4.14,33.33333333333333,11.11111111111111,33.33333333333333,22.22222222222222
1086,0.316,1,0,8,7,10.0,3.16,0.0,0.0,50.0,50.0
1087,0.376,1,0,10,9,10.0,3.76,0.0,40.0,40.0,20.0
1088,0.502,1,0,8,7,10.0,5.02,0.0,0.0,75.0,25.0
1089,0.248,1,0,8,7,10.0,2.48,25.0,37.5,12.5,25.0
1090,0.598,1,0,13,12,10.0,5.98,0.0,15.384615384615385,23.076923076923077,61.53846153846154
1091,0.363,1,0,10,9,10.0,3.63,0.0,50.0,10.0,40.0
1092,0.548,1,0,13,12,10.0,5.48,0.0,38.46153846153847,30.76923076923077,30.76923076923077
1093,0.469,1,0,18,17,10.0,4.69,11.11111111111111,38.88888888888889,33.33333333333333,16.666666666666664
1094,0.325,1,0,8,7,9.0,3.25,25.0,0.0,50.0,25.0
1095,0.616,1,0,15,14,10.0,6.16,0.0,6.666666666666667,40.0,53.333333333333336
1096,0.504,1,0,13,12,10.0,5.04,0.0,61.53846153846154,30.76923076923077,7.6923076923076925
1097,0.393,1,0,14,13,10.0,3.93,0.0,42.857142857142854,21.428571428571427,35.714285714285715
1098,0.522,1,0,12,11,10.0,5.22,0.0,41.66666666666667,33.33333333333333,25.0
1099,0.536,1,0,12,11,10.0,5.36,0.0,41.66666666666667,16.666666666666664,41.66666666666667
1100,0.592,1,0,12,11,10.0,5.92,0.0,25.0,50.0,25.0
1101,0.369,1,0,9,8,9.0,3.69,0.0,0.0,33.33333333333333,66.66666666666666
1102,0.413,1,0,11,10,10.0,4.13,0.0,72.72727272727273,9.090909090909092,18.181818181818183
1103,0.574,1,0,14,13,10.0,5.74,0.0,57.14285714285714,35.714285714285715,7.142857142857142
1104,0.32,1,0,8,7,10.0,3.2,12.5,37.5,0.0,50.0
1105,0.406,1,0,12,11,10.0,4.06,0.0,66.66666666666666,25.0,8.333333333333332
1106,0.542,1,0,12,11,10.0,5.42,0.0,25.0,66.66666666666666,8.333333333333332
1107,0.578,1,0,13,12,10.0,5.78,0.0,38.46153846153847,46.15384615384615,15.384615384615385
1108,0.399,1,0,10,9,10.0,3.99,0.0,60.0,10.0,30.0
1109,0.519,1,0,13,12,10.0,5.19,0.0,30.76923076923077,30.76923076923077,38.46153846153847
1110,0.344,1,0,8,7,9.0,3.44,0.0,37.5,12.5,50.0
1111,0.385,1,0,9,8,9.0,3.85,0.0,44.44444444444444,33.33333333333333,22.22222222222222
1112,0.423,1,0,13,12,9.0,4.23,30.76923076923077,30.76923076923077,15.384615384615385,23.076923076923077
1113,0.67,1,0,15,14,10.0,6.7,0.0,20.0,20.0,60.0
1114,0.583,1,0,16,15,10.0,5.83,0.0,31.25,37.5,31.25
1115,0.448,1,0,16,15,10.0,4.48,0.0,37.5,50.0,12.5
1116,0.463,1,0,10,9,10.0,4.63,10.0,20.0,50.0,20.0
1117,0.505,1,0,17,16,10.0,5.05,0.0,41.17647058823529,29.411764705882355,29.411764705882355
1118,0.557,1,0,14,13,9.0,5.57,7.142857142857142,14.285714285714285,42.857142857142854,35.714285714285715
1119,0.42,1,0,11,10,9.0,4.2,0.0,54.54545454545454,36.36363636363637,9.090909090909092
1120,0.281,1,0,10,9,9.0,2.81,0.0,80.0,0.0,20.0
1121,0.639,1,0,16,15,10.0,6.39,12.5,12.5,43.75,31.25
1122,0.439,1,0,10,9,10.0,4.39,0.0,60.0,10.0,30.0
1123,0.375,1,0,10,9,9.0,3.75,10.0,50.0,0.0,40.0
1124,0.422,1,0,13,12,10.0,4.22,0.0,30.76923076923077,38.46153846153847,30.76923076923077
1125,0.486,1,0,13,12,10.0,4.86,0.0,0.0,84.61538461538461,15.384615384615385
1126,0.396,1,0,11,10,9.0,3.96,9.090909090909092,0.0,72.72727272727273,18.181818181818183
1127,0.256,1,0,8,7,9.0,2.56,0.0,62.5,12.5,25.0
1128,0.436,1,0,10,9,9.0,4.36,40.0,0.0,30.0,30.0
1129,0.336,1,0,8,7,9.0,3.36,12.5,37.5,0.0,50.0
1130,0.518,1,0,10,9,9.0,5.18,0.0,0.0,50.0,50.0
1131,0.443,1,0,7,6,10.0,4.43,0.0,28.57142857142857,14.285714285714285,57.14285714285714
1132,0.504,1,0,12,11,9.0,5.04,25.0,33.33333333333333,8.333333333333332,33.33333333333333
1133,0.248,1,0,9,8,10.0,2.48,11.11111111111111,66.66666666666666,0.0,22.22222222222222
1134,0.546,1,0,15,14,10.0,5.46,0.0,26.666666666666668,46.666666666666664,26.666666666666668
1135,0.322,1,0,9,8,10.0,3.22,0.0,0.0,55.55555555555556,44.44444444444444
1136,0.348,1,0,12,11,9.0,3.48,25.0,16.666666666666664,33.33333333333333,25.0
1137,0.214,1,0,8,7,9.0,2.14,12.5,37.5,25.0,25.0
1138,0.515,1,0,13,12,9.0,5.15,0.0,46.15384615384615,23.076923076923077,30.76923076923077
1139,0.541,1,0,12,11,10.0,5.41,8.333333333333332,0.0,58.333333333333336,33.33333333333333
1140,0.268,1,0,7,6,9.0,2.68,14.285714285714285,42.857142857142854,14.285714285714285,28.57142857142857
1141,0.574,1,0,14,13,10.0,5.74,0.0,7.142857142857142,71.42857142857143,21.428571428571427
1142,0.485,1,0,11,10,10.0,4.85,0.0,27.27272727272727,45.45454545454545,27.27272727272727
1143,0.433,1,0,11,10,9.0,4.33,0.0,45.45454545454545,36.36363636363637,18.181818181818183
1144,0.298,1,0,8,7,9.0,2.98,0.0,37.5,12.5,50.0
1145,0.468,1,0,10,9,10.0,4.68,0.0,10.0,50.0,40.0
1146,0.544,1,0,11,10,10.0,5.44,27.27272727272727,0.0,54.54545454545454,18.181818181818183
1147,0.64,1,0,22,21,10.0,6.4,0.0,22.727272727272727,68.18181818181817,9.090909090909092
1148,0.379,1,0,9,8,9.0,3.79,0.0,0.0,11.11111111111111,88.88888888888889
1149,0.457,1,0,12,11,10.0,4.57,0.0,41.66666666666667,16.666666666666664,41.66666666666667
1150,0.499,1,0,14,13,10.0,4.99,0.0,50.0,35.714285714285715,14.285714285714285
1151,0.372,1,0,12,11,9.0,3.72,0.0,8.333333333333332,33.33333333333333,58.333333333333336
1152,0.509,1,0,10,9,10.0,5.09,0.0,10.0,40.0,50.0
1153,0.265,1,0,8,7,8.0,2.65,0.0,75.0,0.0,25.0
1154,0.395,1,0,10,9,9.0,3.95,10.0,0.0,40.0,50.0
1155,0.21,1,0,8,7,6.0,2.1,0.0,62.5,0.0,37.5
1156,0.404,1,0,11,10,10.0,4.04,9.090909090909092,54.54545454545454,9.090909090909092,27.27272727272727
1157,0.45,1,0,13,12,10.0,4.5,7.6923076923076925,53.84615384615385,15.384615384615385,23.076923076923077
1158,0.49,1,0,14,13,10.0,4.9,0.0,14.285714285714285,64.28571428571429,21.428571428571427
1159,0.452,1,0,12,11,10.0,4.52,0.0,83.33333333333334,0.0,16.666666666666664
1160,0.288,1,0,10,9,9.0,2.88,0.0,40.0,10.0,50.0
1161,0.431,1,0,14,13,10.0,4.31,0.0,64.28571428571429,14.285714285714285,21.428571428571427
1162,0.472,1,0,14,13,10.0,4.72,21.428571428571427,57.14285714285714,7.142857142857142,14.285714285714285
1163,0.238,1,0,7,6,7.0,2.38,28.57142857142857,14.285714285714285,0.0,57.14285714285714
1164,0.41,1,0,12,11,10.0,4.1,33.33333333333333,25.0,8.333333333333332,33.33333333333333
1165,0.493,1,0,13,12,10.0,4.93,15.384615384615385,15.384615384615385,23.076923076923077,46.15384615384615
1166,0.386,1,0,13,12,10.0,3.86,38.46153846153847,0.0,38.46153846153847,23.076923076923077
1167,0.392,1,0,12,11,8.0,3.92,0.0,25.0,33.33333333333333,41.66666666666667
1168,0.427,1,0,11,10,9.0,4.27,9.090909090909092,0.0,27.27272727272727,63.63636363636363
1169,0.314,1,0,9,8,10.0,3.14,0.0,66.66666666666666,0.0,33.33333333333333
1170,0.459,1,0,11,10,10.0,4.59,0.0,45.45454545454545,27.27272727272727,27.27272727272727
1171,0.264,1,0,9,8,10.0,2.64,11.11111111111111,44.44444444444444,0.0,44.44444444444444
1172,0.492,1,0,13,12,10.0,4.92,0.0,46.15384615384615,38.46153846153847,15.384615384615385
1173,0.253,1,0,10,9,8.0,2.53,0.0,70.0,10.0,20.0
1174,0.258,1,0,9,8,10.0,2.58,0.0,66.66666666666666,0.0,33.33333333333333
1175,0.385,1,0,10,9,9.0,3.85,30.0,40.0,0.0,30.0
1176,0.306,1,0,7,6,8.0,3.06,14.285714285714285,57.14285714285714,0.0,28.57142857142857
1177,0.404,1,0,9,8,10.0,4.04,0.0,55.55555555555556,22.22222222222222,22.22222222222222
1178,0.504,1,0,15,14,10.0,5.04,26.666666666666668,40.0,6.666666666666667,26.666666666666668
1179,0.313,1,0,10,9,10.0,3.13,0.0,50.0,0.0,50.0
1180,0.426,1,0,10,9,9.0,4.26,0.0,60.0,20.0,20.0
1181,0.518,1,0,13,12,9.0,5.18,0.0,7.6923076923076925,53.84615384615385,38.46153846153847
1182,0.402,1,0,15,14,10.0,4.02,0.0,73.33333333333333,0.0,26.666666666666668
1183,0.542,1,0,16,15,10.0,5.42,6.25,68.75,12.5,12.5
1184,0.473,1,0,12,11,10.0,4.73,0.0,50.0,8.333333333333332,41.66666666666667
1185,0.424,1,0,12,11,9.0,4.24,0.0,0.0,58.333333333333336,41.66666666666667
1186,0.411,1,0,11,10,10.0,4.11,0.0,27.27272727272727,36.36363636363637,36.36363636363637
1187,0.477,1,0,11,10,10.0,4.77,0.0,0.0,72.72727272727273,27.27272727272727
1188,0.465,1,0,14,13,10.0,4.65,0.0,21.428571428571427,57.14285714285714,21.428571428571427
1189,0.182,1,0,7,6,7.0,1.82,14.285714285714285,57.14285714285714,14.285714285714285,14.285714285714285
1190,0.381,1,0,14,13,10.0,3.81,0.0,21.428571428571427,21.428571428571427,57.14285714285714
1191,0.491,1,0,10,9,9.0,4.91,0.0,10.0,60.0,30.0
1192,0.548,1,0,11,10,10.0,5.48,0.0,9.090909090909092,27.27272727272727,63.63636363636363
1193,0.448,1,0,14,13,9.0,4.48,0.0,42.857142857142854,35.714285714285715,21.428571428571427
1194,0.684,1,0,11,10,10.0,6.84,0.0,0.0,54.54545454545454,45.45454545454545
1195,0.595,1,0,13,12,10.0,5.95,0.0,30.76923076923077,38.46153846153847,30.76923076923077
1196,0.576,1,0,17,16,10.0,5.76,35.294117647058826,11.76470588235294,23.52941176470588,29.411764705882355
1197,0.441,1,0,14,13,10.0,4.41,0.0,71.42857142857143,14.285714285714285,14.285714285714285
1198,0.375,1,0,12,11,10.0,3.75,25.0,33.33333333333333,16.666666666666664,25.0
1199,0.576,1,0,16,15,10.0,5.76,0.0,37.5,31.25,31.25
1200,0.563,1,0,12,11,10.0,5.63,0.0,25.0,33.33333333333333,41.66666666666667
1201,0.479,1,0,10,9,10.0,4.79,40.0,40.0,0.0,20.0
1202,0.628,1,0,18,17,10.0,6.28,27.77777777777778,22.22222222222222,5.555555555555555,44.44444444444444
1203,0.524,1,0,13,12,10.0,5.24,7.6923076923076925,7.6923076923076925,30.76923076923077,53.84615384615385
1204,0.391,1,0,8,7,9.0,3.91,0.0,0.0,50.0,50.0
1205,0.388,1,0,11,10,9.0,3.88,0.0,45.45454545454545,27.27272727272727,27.27272727272727
1206,0.517,1,0,12,11,10.0,5.17,8.333333333333332,33.33333333333333,25.0,33.33333333333333
1207,0.518,1,0,11,10,10.0,5.18,0.0,36.36363636363637,27.27272727272727,36.36363636363637
1208,0.403,1,0,13,12,10.0,4.03,0.0,61.53846153846154,0.0,38.46153846153847
1209,0.546,1,0,18,17,10.0,5.46,0.0,27.77777777777778,55.55555555555556,16.666666666666664
1210,0.386,1,0,11,10,9.0,3.86,0.0,45.45454545454545,36.36363636363637,18.181818181818183
1211,0.221,1,0,7,6,7.0,2.21,14.285714285714285,28.57142857142857,28.57142857142857,28.57142857142857
1212,0.339,1,0,9,8,10.0,3.39,0.0,44.44444444444444,33.33333333333333,22.22222222222222
1213,0.536,1,0,18,17,10.0,5.36,0.0,38.88888888888889,55.55555555555556,5.555555555555555
1214,0.386,1,0,11,10,8.0,3.86,0.0,0.0,63.63636363636363,36.36363636363637
1215,0.334,1,0,11,10,9.0,3.34,0.0,63.63636363636363,0.0,36.36363636363637
1216,0.613,1,0,17,16,10.0,6.13,0.0,0.0,70.58823529411765,29.411764705882355
1217,0.449,1,0,9,8,10.0,4.49,0.0,0.0,77.77777777777779,22.22222222222222
1218,0.527,1,0,13,12,10.0,5.27,7.6923076923076925,61.53846153846154,23.076923076923077,7.6923076923076925
1219,0.452,1,0,13,12,9.0,4.52,0.0,53.84615384615385,23.076923076923077,23.076923076923077
1220,0.356,1,0,11,10,10.0,3.56,9.090909090909092,54.54545454545454,18.181818181818183,18.181818181818183
1221,0.389,1,0,12,11,10.0,3.89,0.0,75.0,0.0,25.0
1222,0.58,1,0,13,12,9.0,5.8,0.0,76.92307692307693,15.384615384615385,7.6923076923076925
1223,0.362,1,0,9,8,10.0,3.62,0.0,55.55555555555556,22.22222222222222,22.22222222222222
1224,0.601,1,0,14,13,10.0,6.01,0.0,14.285714285714285,28.57142857142857,57.14285714285714
1225,0.459,1,0,13,12,9.0,4.59,15.384615384615385,38.46153846153847,30.76923076923077,15.384615384615385
1226,0.306,1,0,9,8,9.0,3.06,33.33333333333333,0.0,44.44444444444444,22.22222222222222
1227,0.412,1,0,13,12,9.0,4.12,7.6923076923076925,53.84615384615385,7.6923076923076925,30.76923076923077
1228,0.416,1,0,12,11,10.0,4.16,16.666666666666664,25.0,8.333333333333332,50.0
1229,0.449,1,0,17,16,10.0,4.49,0.0,47.05882352941176,35.294117647058826,17.647058823529413
1230,0.355,1,0,12,11,10.0,3.55,8.333333333333332,33.33333333333333,33.33333333333333,25.0
1231,0.561,1,0,17,16,10.0,5.61,0.0,64.70588235294117,23.52941176470588,11.76470588235294
1232,0.522,1,0,15,14,10.0,5.22,13.333333333333334,13.333333333333334,60.0,13.333333333333334
1233,0.416,1,0,10,9,10.0,4.16,0.0,0.0,40.0,60.0
1234,0.432,1,0,10,9,10.0,4.32,10.0,40.0,10.0,40.0
1235,0.675,1,0,13,12,10.0,6.75,0.0,7.6923076923076925,69.23076923076923,23.076923076923077
1236,0.39,1,0,11,10,8.0,3.9,0.0,45.45454545454545,27.27272727272727,27.27272727272727
1237,0.343,1,0,9,8,8.0,3.43,11.11111111111111,0.0,33.33333333333333,55.55555555555556
1238,0.453,1,0,12,11,10.0,4.53,0.0,16.666666666666664,41.66666666666667,41.66666666666667
1239,0.236,1,0,8,7,8.0,2.36,25.0,0.0,37.5,37.5
1240,0.347,1,0,9,8,10.0,3.47,0.0,33.33333333333333,33.33333333333333,33.33333333333333
1241,0.265,1,0,7,6,7.0,2.65,0.0,71.42857142857143,0.0,28.57142857142857
1242,0.43,1,0,13,12,10.0,4.3,15.384615384615385,61.53846153846154,0.0,23.076923076923077
1243,0.371,1,0,10,9,10.0,3.71,0.0,20.0,40.0,40.0
1244,0.513,1,0,15,14,10.0,5.13,6.666666666666667,40.0,33.33333333333333,20.0
1245,0.618,1,0,17,16,10.0,6.18,0.0,17.647058823529413,58.82352941176471,23.52941176470588
1246,0.26,1,0,10,9,9.0,2.6,0.0,30.0,0.0,70.0
1247,0.27,1,0,10,9,10.0,2.7,0.0,40.0,30.0,30.0
1248,0.638,1,0,13,12,10.0,6.38,0.0,15.384615384615385,53.84615384615385,30.76923076923077
1249,0.428,1,0,11,10,9.0,4.28,9.090909090909092,18.181818181818183,27.27272727272727,45.45454545454545
1250,0.484,1,0,12,11,10.0,4.84,8.333333333333332,50.0,25.0,16.666666666666664
1251,0.362,1,0,12,11,10.0,3.62,16.666666666666664,66.66666666666666,0.0,16.666666666666664
1252,0.283,1,0,8,7,7.0,2.83,37.5,12.5,25.0,25.0
1253,0.297,1,0,9,8,7.0,2.97,0.0,77.77777777777779,0.0,22.22222222222222
1254,0.471,1,0,15,14,10.0,4.71,0.0,46.666666666666664,13.333333333333334,40.0
1255,0.387,1,0,11,10,10.0,3.87,0.0,36.36363636363637,18.181818181818183,45.45454545454545
1256,0.314,1,0,11,10,10.0,3.14,0.0,63.63636363636363,0.0,36.36363636363637
1257,0.374,1,0,8,7,10.0,3.74,37.5,37.5,0.0,25.0
1258,0.58,1,0,13,12,10.0,5.8,23.076923076923077,7.6923076923076925,30.76923076923077,38.46153846153847
1259,0.535,1,0,9,8,9.0,5.35,11.11111111111111,11.11111111111111,55.55555555555556,22.22222222222222
1260,0.53,1,0,13,12,10.0,5.3,23.076923076923077,53.84615384615385,0.0,23.076923076923077
1261,0.471,1,0,14,13,10.0,4.71,0.0,35.714285714285715,50.0,14.285714285714285
1262,0.5,1,0,11,10,9.0,5.0,18.181818181818183,36.36363636363637,9.090909090909092,36.36363636363637
1263,0.288,1,0,8,7,10.0,2.88,0.0,75.0,0.0,25.0
1264,0.29,1,0,7,6,9.0,2.9,14.285714285714285,57.14285714285714,0.0,28.57142857142857
1265,0.601,1,0,14,13,10.0,6.01,28.57142857142857,14.285714285714285,21.428571428571427,35.714285714285715
1266,0.334,1,0,14,13,10.0,3.34,7.142857142857142,28.57142857142857,35.714285714285715,28.57142857142857
1267,0.39,1,0,11,10,10.0,3.9,0.0,36.36363636363637,36.36363636363637,27.27272727272727
1268,0.599,1,0,12,11,10.0,5.99,0.0,16.666666666666664,66.66666666666666,16.666666666666664
1269,0.384,1,0,12,11,10.0,3.84,0.0,50.0,25.0,25.0
1270,0.371,1,0,12,11,9.0,3.71,8.333333333333332,58.333333333333336,16.666666666666664,16.666666666666664
1271,0.379,1,0,9,8,9.0,3.79,0.0,66.66666666666666,0.0,33.33333333333333
1272,0.486,1,0,11,10,10.0,4.86,36.36363636363637,18.181818181818183,9.090909090909092,36.36363636363637
1273,0.521,1,0,15,14,9.0,5.21,6.666666666666667,40.0,46.666666666666664,6.666666666666667
1274,0.485,1,0,16,15,10.0,4.85,0.0,50.0,31.25,18.75
1275,0.374,1,0,12,11,10.0,3.74,0.0,25.0,41.66666666666667,33.33333333333333
1276,0.122,1,0,5,4,7.0,1.22,0.0,40.0,0.0,60.0
1277,0.424,1,0,15,14,10.0,4.24,13.333333333333334,26.666666666666668,40.0,20.0
1278,0.578,1,0,15,14,10.0,5.78,13.333333333333334,33.33333333333333,26.666666666666668,26.666666666666668
1279,0.264,1,0,6,5,9.0,2.64,16.666666666666664,50.0,0.0,33.33333333333333
1280,0.607,1,0,15,14,10.0,6.07,0.0,40.0,33.33333333333333,26.666666666666668
1281,0.308,1,0,8,7,8.0,3.08,25.0,12.5,12.5,50.0
1282,0.334,1,0,6,5,10.0,3.34,0.0,33.33333333333333,16.666666666666664,50.0
1283,0.44,1,0,13,12,10.0,4.4,0.0,61.53846153846154,30.76923076923077,7.6923076923076925
1284,0.242,1,0,7,6,7.0,2.42,14.285714285714285,28.57142857142857,28.57142857142857,28.57142857142857
1285,0.564,1,0,12,11,10.0,5.64,0.0,16.666666666666664,50.0,33.33333333333333
1286,0.442,1,0,11,10,9.0,4.42,0.0,18.181818181818183,36.36363636363637,45.45454545454545
1287,0.419,1,0,12,11,10.0,4.19,33.33333333333333,33.33333333333333,8.333333333333332,25.0
1288,0.318,1,0,10,9,9.0,3.18,0.0,60.0,20.0,20.0
1289,0.373,1,0,12,11,10.0,3.73,0.0,66.66666666666666,0.0,33.33333333333333
1290,0.426,1,0,9,8,9.0,4.26,11.11111111111111,33.33333333333333,44.44444444444444,11.11111111111111
1291,0.361,1,0,10,9,10.0,3.61,0.0,0.0,80.0,20.0
1292,0.224,1,0,6,5,5.0,2.24,33.33333333333333,16.666666666666664,16.666666666666664,33.33333333333333
1293,0.24,1,0,8,7,6.0,2.4,12.5,25.0,25.0,37.5
1294,0.371,1,0,11,10,9.0,3.71,18.181818181818183,27.27272727272727,0.0,54.54545454545454
1295,0.341,1,0,9,8,9.0,3.41,11.11111111111111,11.11111111111111,33.33333333333333,44.44444444444444
1296,0.44,1,0,10,9,10.0,4.4,0.0,20.0,40.0,40.0
1297,0.338,1,0,11,10,10.0,3.38,0.0,18.181818181818183,45.45454545454545,36.36363636363637
1298,0.467,1,0,11,10,9.0,4.67,0.0,9.090909090909092,18.181818181818183,72.72727272727273
1299,0.275,1,0,8,7,10.0,2.75,0.0,12.5,62.5,25.0
1300,0.4,1,0,10,9,10.0,4.0,0.0,20.0,0.0,80.0
1301,0.218,1,0,11,10,9.0,2.18,0.0,81.81818181818183,0.0,18.181818181818183
1302,0.281,1,0,7,6,9.0,2.81,0.0,57.14285714285714,14.285714285714285,28.57142857142857
1303,0.503,1,0,13,12,10.0,5.03,0.0,38.46153846153847,46.15384615384615,15.384615384615385
1304,0.428,1,0,11,10,10.0,4.28,0.0,45.45454545454545,27.27272727272727,27.27272727272727
1305,0.426,1,0,13,12,10.0,4.26,0.0,23.076923076923077,53.84615384615385,23.076923076923077
1306,0.388,1,0,15,14,10.0,3.88,0.0,86.66666666666667,0.0,13.333333333333334
1307,0.444,1,0,11,10,9.0,4.44,27.27272727272727,18.181818181818183,18.181818181818183,36.36363636363637
1308,0.677,1,0,15,14,10.0,6.77,6.666666666666667,20.0,46.666666666666664,26.666666666666668
1309,0.538,1,0,14,13,10.0,5.38,0.0,7.142857142857142,42.857142857142854,50.0
1310,0.344,1,0,12,11,9.0,3.44,0.0,8.333333333333332,58.333333333333336,33.33333333333333
1311,0.495,1,0,12,11,9.0,4.95,0.0,50.0,25.0,25.0
1312,0.481,1,0,9,8,10.0,4.81,0.0,11.11111111111111,33.33333333333333,55.55555555555556
1313,0.197,1,0,6,5,6.0,1.97,0.0,33.33333333333333,16.666666666666664,50.0
1314,0.231,1,0,7,6,10.0,2.31,0.0,42.857142857142854,14.285714285714285,42.857142857142854
1315,0.186,1,0,6,5,8.0,1.86,33.33333333333333,16.666666666666664,16.666666666666664,33.33333333333333
1316,0.433,1,0,12,11,10.0,4.33,16.666666666666664,50.0,16.666666666666664,16.666666666666664
1317,0.471,1,0,11,10,10.0,4.71,0.0,54.54545454545454,18.181818181818183,27.27272727272727
1318,0.485,1,0,11,10,10.0,4.85,0.0,0.0,63.63636363636363,36.36363636363637
1319,0.503,1,0,12,11,10.0,5.03,8.333333333333332,25.0,41.66666666666667,25.0
1320,0.538,1,0,14,13,10.0,5.38,0.0,14.285714285714285,21.428571428571427,64.28571428571429
1321,0.444,1,0,12,11,9.0,4.44,8.333333333333332,50.0,16.666666666666664,25.0
1322,0.349,1,0,13,12,10.0,3.49,7.6923076923076925,30.76923076923077,46.15384615384615,15.384615384615385
1323,0.364,1,0,10,9,10.0,3.64,30.0,10.0,40.0,20.0
1324,0.3,1,0,8,7,7.0,3.0,12.5,0.0,62.5,25.0
1325,0.47,1,0,14,13,10.0,4.7,0.0,35.714285714285715,42.857142857142854,21.428571428571427
1326,0.366,1,0,9,8,9.0,3.66,33.33333333333333,0.0,33.33333333333333,33.33333333333333
1327,0.406,1,0,11,10,8.0,4.06,0.0,45.45454545454545,9.090909090909092,45.45454545454545
1328,0.559,1,0,15,14,10.0,5.59,20.0,40.0,20.0,20.0
1329,0.441,1,0,10,9,8.0,4.41,30.0,40.0,0.0,30.0
1330,0.326,1,0,8,7,9.0,3.26,0.0,37.5,37.5,25.0
1331,0.298,1,0,14,13,9.0,2.98,0.0,64.28571428571429,7.142857142857142,28.57142857142857
1332,0.272,1,0,9,8,8.0,2.72,0.0,66.66666666666666,0.0,33.33333333333333
1333,0.283,1,0,10,9,8.0,2.83,0.0,70.0,10.0,20.0
1334,0.351,1,0,10,9,9.0,3.51,0.0,70.0,0.0,30.0
1335,0.36,1,0,10,9,10.0,3.6,0.0,70.0,0.0,30.0
1336,0.444,1,0,12,11,10.0,4.44,0.0,8.333333333333332,50.0,41.66666666666667
1337,0.294,1,0,11,10,10.0,2.94,0.0,63.63636363636363,0.0,36.36363636363637
1338,0.502,1,0,15,14,10.0,5.02,0.0,0.0,80.0,20.0
1339,0.421,1,0,11,10,10.0,4.21,0.0,0.0,81.81818181818183,18.181818181818183
1340,0.587,1,0,17,16,10.0,5.87,0.0,47.05882352941176,29.411764705882355,23.52941176470588
1341,0.238,1,0,6,5,6.0,2.38,0.0,33.33333333333333,16.666666666666664,50.0
1342,0.382,1,0,12,11,9.0,3.82,16.666666666666664,50.0,0.0,33.33333333333333
1343,0.488,1,0,12,11,10.0,4.88,16.666666666666664,25.0,41.66666666666667,16.666666666666664
1344,0.403,1,0,9,8,8.0,4.03,0.0,11.11111111111111,33.33333333333333,55.55555555555556
1345,0.474,1,0,11,10,10.0,4.74,9.090909090909092,0.0,72.72727272727273,18.181818181818183
1346,0.298,1,0,8,7,9.0,2.98,0.0,62.5,0.0,37.5
1347,0.286,1,0,8,7,10.0,2.86,0.0,50.0,12.5,37.5
1348,0.348,1,0,11,10,10.0,3.48,0.0,18.181818181818183,45.45454545454545,36.36363636363637
1349,0.316,1,0,8,7,10.0,3.16,12.5,25.0,37.5,25.0
1350,0.484,1,0,11,10,9.0,4.84,9.090909090909092,0.0,72.72727272727273,18.181818181818183
1351,0.442,1,0,13,12,10.0,4.42,0.0,84.61538461538461,0.0,15.384615384615385
1352,0.334,1,0,8,7,10.0,3.34,37.5,12.5,0.0,50.0
1353,0.373,1,0,13,12,10.0,3.73,0.0,61.53846153846154,0.0,38.46153846153847
1354,0.26,1,0,7,6,9.0,2.6,0.0,42.857142857142854,0.0,57.14285714285714
1355,0.394,1,0,11,10,10.0,3.94,0.0,9.090909090909092,72.72727272727273,18.181818181818183
1356,0.472,1,0,15,14,10.0,4.72,0.0,60.0,20.0,20.0
1357,0.485,1,0,15,14,10.0,4.85,0.0,80.0,13.333333333333334,6.666666666666667
1358,0.456,1,0,12,11,10.0,4.56,8.333333333333332,33.33333333333333,25.0,33.33333333333333
1359,0.661,1,0,16,15,10.0,6.61,12.5,18.75,25.0,43.75
1360,0.491,1,0,14,13,10.0,4.91,0.0,28.57142857142857,57.14285714285714,14.285714285714285
1361,0.284,1,0,9,8,10.0,2.84,0.0,77.77777777777779,0.0,22.22222222222222
1362,0.472,1,0,16,15,10.0,4.72,12.5,25.0,43.75,18.75
1363,0.202,1,0,6,5,8.0,2.02,0.0,50.0,0.0,50.0
1364,0.365,1,0,12,11,10.0,3.65,8.333333333333332,8.333333333333332,58.333333333333336,25.0
1365,0.321,1,0,7,6,9.0,3.21,0.0,57.14285714285714,0.0,42.857142857142854
1366,0.536,1,0,17,16,10.0,5.36,11.76470588235294,5.88235294117647,58.82352941176471,23.52941176470588
1367,0.23,1,0,7,6,5.0,2.3,0.0,28.57142857142857,14.285714285714285,57.14285714285714
1368,0.479,1,0,13,12,10.0,4.79,0.0,61.53846153846154,23.076923076923077,15.384615384615385
1369,0.388,1,0,12,11,10.0,3.88,0.0,75.0,16.666666666666664,8.333333333333332
1370,0.393,1,0,11,10,9.0,3.93,27.27272727272727,18.181818181818183,9.090909090909092,45.45454545454545
1371,0.196,1,0,6,5,5.0,1.96,0.0,16.666666666666664,16.666666666666664,66.66666666666666
1372,0.35,1,0,10,9,10.0,3.5,0.0,80.0,0.0,20.0
1373,0.266,1,0,9,8,8.0,2.66,22.22222222222222,33.33333333333333,11.11111111111111,33.33333333333333
1374,0.293,1,0,10,9,9.0,2.93,0.0,60.0,0.0,40.0
1375,0.495,1,0,12,11,10.0,4.95,0.0,0.0,41.66666666666667,58.333333333333336
1376,0.469,1,0,10,9,8.0,4.69,20.0,30.0,10.0,40.0
1377,0.511,1,0,12,11,10.0,5.11,0.0,50.0,25.0,25.0
1378,0.584,1,0,17,16,10.0,5.84,5.88235294117647,41.17647058823529,35.294117647058826,17.647058823529413
1379,0.36,1,0,9,8,10.0,3.6,0.0,22.22222222222222,55.55555555555556,22.22222222222222
1380,0.279,1,0,11,10,10.0,2.79,0.0,54.54545454545454,18.181818181818183,27.27272727272727
1381,0.536,1,0,15,14,10.0,5.36,46.666666666666664,0.0,40.0,13.333333333333334
1382,0.544,1,0,14,13,10.0,5.44,0.0,21.428571428571427,28.57142857142857,50.0
1383,0.355,1,0,8,7,9.0,3.55,0.0,37.5,37.5,25.0
1384,0.362,1,0,9,8,10.0,3.62,22.22222222222222,33.33333333333333,0.0,44.44444444444444
1385,0.486,1,0,10,9,9.0,4.86,10.0,20.0,50.0,20.0
1386,0.477,1,0,13,12,10.0,4.77,23.076923076923077,23.076923076923077,38.46153846153847,15.384615384615385
1387,0.359,1,0,11,10,10.0,3.59,9.090909090909092,45.45454545454545,18.181818181818183,27.27272727272727
1388,0.514,1,0,14,13,10.0,5.14,7.142857142857142,14.285714285714285,35.714285714285715,42.857142857142854
1389,0.454,1,0,9,8,9.0,4.54,0.0,44.44444444444444,33.33333333333333,22.22222222222222
1390,0.523,1,0,12,11,10.0,5.23,0.0,58.333333333333336,16.666666666666664,25.0
1391,0.695,1,0,16,15,10.0,6.95,0.0,0.0,43.75,56.25
1392,0.478,1,0,15,14,10.0,4.78,0.0,60.0,13.333333333333334,26.666666666666668
1393,0.43,1,0,12,11,10.0,4.3,16.666666666666664,16.666666666666664,41.66666666666667,25.0
1394,0.405,1,0,10,9,10.0,4.05,10.0,60.0,10.0,20.0
1395,0.433,1,0,11,10,10.0,4.33,0.0,0.0,72.72727272727273,27.27272727272727
1396,0.48,1,0,14,13,9.0,4.8,14.285714285714285,7.142857142857142,50.0,28.57142857142857
1397,0.353,1,0,9,8,10.0,3.53,0.0,77.77777777777779,0.0,22.22222222222222
1398,0.412,1,0,14,13,10.0,4.12,7.142857142857142,64.28571428571429,14.285714285714285,14.285714285714285
1399,0.159,1,0,5,4,6.0,1.59,40.0,20.0,0.0,40.0
1400,0.276,1,0,8,7,10.0,2.76,0.0,25.0,12.5,62.5
1401,0.431,1,0,12,11,10.0,4.31,0.0,33.33333333333333,50.0,16.666666666666664
1402,0.391,1,0,11,10,9.0,3.91,0.0,18.181818181818183,36.36363636363637,45.45454545454545
1403,0.619,1,0,17,16,10.0,6.19,35.294117647058826,5.88235294117647,41.17647058823529,17.647058823529413
1404,0.593,1,0,15,14,10.0,5.93,6.666666666666667,26.666666666666668,26.666666666666668,40.0
1405,0.558,1,0,15,14,10.0,5.58,13.333333333333334,26.666666666666668,33.33333333333333,26.666666666666668
1406,0.316,1,0,9,8,9.0,3.16,0.0,11.11111111111111,66.66666666666666,22.22222222222222
1407,0.34,1,0,11,10,10.0,3.4,0.0,0.0,54.54545454545454,45.45454545454545
1408,0.451,1,0,11,10,10.0,4.51,0.0,27.27272727272727,45.45454545454545,27.27272727272727
1409,0.591,1,0,13,12,10.0,5.91,0.0,7.6923076923076925,69.23076923076923,23.076923076923077
1410,0.358,1,0,12,11,9.0,3.58,16.666666666666664,41.66666666666667,25.0,16.666666666666664
1411,0.331,1,0,8,7,10.0,3.31,0.0,75.0,0.0,25.0
1412,0.487,1,0,9,8,9.0,4.87,0.0,22.22222222222222,33.33333333333333,44.44444444444444
1413,0.596,1,0,16,15,10.0,5.96,0.0,37.5,43.75,18.75
1414,0.316,1,0,12,11,9.0,3.16,8.333333333333332,0.0,50.0,41.66666666666667
1415,0.231,1,0,7,6,10.0,2.31,0.0,57.14285714285714,0.0,42.857142857142854
1416,0.472,1,0,9,8,10.0,4.72,0.0,22.22222222222222,55.55555555555556,22.22222222222222
1417,0.355,1,0,9,8,9.0,3.55,0.0,11.11111111111111,33.33333333333333,55.55555555555556
1418,0.528,1,0,13,12,10.0,5.28,0.0,69.23076923076923,23.076923076923077,7.6923076923076925
1419,0.354,1,0,10,9,10.0,3.54,30.0,30.0,10.0,30.0
1420,0.29,1,0,11,10,8.0,2.9,18.181818181818183,27.27272727272727,18.181818181818183,36.36363636363637
1421,0.464,1,0,11,10,10.0,4.64,18.181818181818183,9.090909090909092,45.45454545454545,27.27272727272727
1422,0.319,1,0,13,12,10.0,3.19,0.0,15.384615384615385,53.84615384615385,30.76923076923077
1423,0.358,1,0,9,8,9.0,3.58,0.0,55.55555555555556,22.22222222222222,22.22222222222222
1424,0.417,1,0,16,15,10.0,4.17,0.0,75.0,12.5,12.5
1425,0.45,1,0,9,8,10.0,4.5,0.0,0.0,55.55555555555556,44.44444444444444
1426,0.369,1,0,9,8,10.0,3.69,0.0,33.33333333333333,33.33333333333333,33.33333333333333
1427,0.418,1,0,12,11,10.0,4.18,0.0,0.0,75.0,25.0
1428,0.35,1,0,10,9,9.0,3.5,0.0,80.0,10.0,10.0
1429,0.168,1,0,5,4,6.0,1.68,0.0,20.0,0.0,80.0
1430,0.445,1,0,10,9,10.0,4.45,10.0,60.0,0.0,30.0
1431,0.246,1,0,9,8,7.0,2.46,33.33333333333333,33.33333333333333,11.11111111111111,22.22222222222222
1432,0.368,1,0,14,13,10.0,3.68,35.714285714285715,21.428571428571427,7.142857142857142,35.714285714285715
1433,0.506,1,0,13,12,10.0,5.06,0.0,61.53846153846154,23.076923076923077,15.384615384615385
1434,0.554,1,0,11,10,10.0,5.54,0.0,0.0,81.81818181818183,18.181818181818183
1435,0.442,1,0,9,8,10.0,4.42,11.11111111111111,66.66666666666666,0.0,22.22222222222222
1436,0.202,1,0,6,5,6.0,2.02,0.0,66.66666666666666,0.0,33.33333333333333
1437,0.482,1,0,10,9,10.0,4.82,10.0,30.0,10.0,50.0
1438,0.437,1,0,11,10,9.0,4.37,27.27272727272727,27.27272727272727,0.0,45.45454545454545
1439,0.428,1,0,11,10,9.0,4.28,0.0,27.27272727272727,45.45454545454545,27.27272727272727
1440,0.475,1,0,10,9,9.0,4.75,10.0,30.0,10.0,50.0
1441,0.452,1,0,17,16,10.0,4.52,0.0,35.294117647058826,52.94117647058824,11.76470588235294
1442,0.589,1,0,15,14,10.0,5.89,6.666666666666667,60.0,13.333333333333334,20.0
1443,0.47,1,0,9,8,9.0,4.7,0.0,11.11111111111111,55.55555555555556,33.33333333333333
1444,0.516,1,0,14,13,10.0,5.16,0.0,0.0,85.71428571428571,14.285714285714285
1445,0.437,1,0,11,10,10.0,4.37,9.090909090909092,54.54545454545454,9.090909090909092,27.27272727272727
1446,0.468,1,0,9,8,10.0,4.68,0.0,44.44444444444444,22.22222222222222,33.33333333333333
1447,0.448,1,0,11,10,10.0,4.48,0.0,18.181818181818183,63.63636363636363,18.181818181818183
1448,0.646,1,0,12,11,10.0,6.46,0.0,16.666666666666664,66.66666666666666,16.666666666666664
1449,0.372,1,0,10,9,9.0,3.72,0.0,20.0,60.0,20.0
1450,0.534,1,0,15,14,10.0,5.34,0.0,53.333333333333336,33.33333333333333,13.333333333333334
1451,0.452,1,0,13,12,10.0,4.52,38.46153846153847,23.076923076923077,0.0,38.46153846153847
1452,0.542,1,0,15,14,10.0,5.42,0.0,46.666666666666664,26.666666666666668,26.666666666666668
1453,0.405,1,0,12,11,10.0,4.05,8.333333333333332,16.666666666666664,41.66666666666667,33.33333333333333
1454,0.387,1,0,11,10,8.0,3.87,0.0,45.45454545454545,36.36363636363637,18.181818181818183
1455,0.426,1,0,10,9,10.0,4.26,0.0,20.0,0.0,80.0
1456,0.421,1,0,13,12,10.0,4.21,0.0,76.92307692307693,15.384615384615385,7.6923076923076925
1457,0.441,1,0,11,10,9.0,4.41,0.0,54.54545454545454,9.090909090909092,36.36363636363637
1458,0.43,1,0,11,10,10.0,4.3,0.0,72.72727272727273,0.0,27.27272727272727
1459,0.371,1,0,11,10,10.0,3.71,0.0,54.54545454545454,9.090909090909092,36.36363636363637
1460,0.485,1,0,11,10,10.0,4.85,0.0,45.45454545454545,27.27272727272727,27.27272727272727
1461,0.586,1,0,15,14,10.0,5.86,6.666666666666667,20.0,40.0,33.33333333333333
1462,0.495,1,0,14,13,10.0,4.95,0.0,21.428571428571427,42.857142857142854,35.714285714285715
1463,0.405,1,0,10,9,10.0,4.05,0.0,10.0,70.0,20.0
1464,0.511,1,0,13,12,10.0,5.11,0.0,69.23076923076923,7.6923076923076925,23.076923076923077
1465,0.345,1,0,11,10,9.0,3.45,0.0,63.63636363636363,9.090909090909092,27.27272727272727
1466,0.438,1,0,12,11,9.0,4.38,16.666666666666664,50.0,16.666666666666664,16.666666666666664
1467,0.513,1,0,12,11,10.0,5.13,0.0,0.0,50.0,50.0
1468,0.518,1,0,15,14,10.0,5.18,0.0,60.0,13.333333333333334,26.666666666666668
1469,0.632,1,0,12,11,10.0,6.32,0.0,16.666666666666664,16.666666666666664,66.66666666666666
1470,0.47,1,0,13,12,10.0,4.7,7.6923076923076925,76.92307692307693,0.0,15.384615384615385
1471,0.54,1,0,11,10,10.0,5.4,0.0,0.0,18.181818181818183,81.81818181818183
1472,0.368,1,0,9,8,8.0,3.68,11.11111111111111,11.11111111111111,33.33333333333333,44.44444444444444
1473,0.211,1,0,7,6,10.0,2.11,14.285714285714285,28.57142857142857,0.0,57.14285714285714
1474,0.53,1,0,17,16,10.0,5.3,11.76470588235294,41.17647058823529,11.76470588235294,35.294117647058826
1475,0.27,1,0,9,8,9.0,2.7,0.0,77.77777777777779,0.0,22.22222222222222
1476,0.309,1,0,7,6,8.0,3.09,0.0,42.857142857142854,42.857142857142854,14.285714285714285
1477,0.418,1,0,15,14,10.0,4.18,0.0,86.66666666666667,0.0,13.333333333333334
1478,0.464,1,0,12,11,10.0,4.64,16.666666666666664,58.333333333333336,8.333333333333332,16.666666666666664
1479,0.273,1,0,7,6,9.0,2.73,0.0,57.14285714285714,0.0,42.857142857142854
1480,0.594,1,0,12,11,9.0,5.94,0.0,33.33333333333333,25.0,41.66666666666667
1481,0.478,1,0,16,15,10.0,4.78,37.5,43.75,6.25,12.5
1482,0.569,1,0,11,10,10.0,5.69,0.0,27.27272727272727,45.45454545454545,27.27272727272727
1483,0.327,1,0,11,10,9.0,3.27,0.0,9.090909090909092,54.54545454545454,36.36363636363637
1484,0.426,1,0,12,11,8.0,4.26,0.0,41.66666666666667,16.666666666666664,41.66666666666667
1485,0.197,1,0,8,7,7.0,1.97,12.5,0.0,37.5,50.0
1486,0.436,1,0,14,13,10.0,4.36,0.0,0.0,42.857142857142854,57.14285714285714
1487,0.441,1,0,12,11,10.0,4.41,0.0,16.666666666666664,58.333333333333336,25.0
1488,0.18,1,0,6,5,5.0,1.8,16.666666666666664,0.0,50.0,33.33333333333333
1489,0.422,1,0,13,12,10.0,4.22,7.6923076923076925,69.23076923076923,7.6923076923076925,15.384615384615385
1490,0.28,1,0,6,5,8.0,2.8,0.0,50.0,0.0,50.0
1491,0.564,1,0,14,13,10.0,5.64,0.0,7.142857142857142,57.14285714285714,35.714285714285715
1492,0.419,1,0,12,11,9.0,4.19,8.333333333333332,16.666666666666664,41.66666666666667,33.33333333333333
1493,0.352,1,0,10,9,10.0,3.52,10.0,40.0,20.0,30.0
1494,0.58,1,0,11,10,10.0,5.8,0.0,18.181818181818183,45.45454545454545,36.36363636363637
1495,0.323,1,0,10,9,8.0,3.23,10.0,10.0,40.0,40.0
1496,0.348,1,0,11,10,9.0,3.48,18.181818181818183,36.36363636363637,18.181818181818183,27.27272727272727
1497,0.32,1,0,10,9,9.0,3.2,0.0,60.0,0.0,40.0
1498,0.529,1,0,13,12,10.0,5.29,0.0,0.0,76.92307692307693,23.076923076923077
1499,0.293,1,0,9,8,9.0,2.93,0.0,0.0,66.66666666666666,33.33333333333333
1500,0.393,1,0,10,9,9.0,3.93,0.0,60.0,0.0,40.0
1501,0.167,1,0,6,5,6.0,1.67,16.666666666666664,33.33333333333333,16.666666666666664,33.33333333333333
1502,0.598,1,0,16,15,10.0,5.98,0.0,31.25,43.75,25.0
1503,0.217,1,0,5,4,9.0,2.17,0.0,40.0,0.0,60.0
1504,0.386,1,0,10,9,9.0,3.86,0.0,50.0,0.0,50.0
1505,0.627,1,0,16,15,10.0,6.27,6.25,31.25,31.25,31.25
1506,0.482,1,0,13,12,10.0,4.82,30.76923076923077,7.6923076923076925,23.076923076923077,38.46153846153847
1507,0.401,1,0,9,8,8.0,4.01,0.0,44.44444444444444,33.33333333333333,22.22222222222222
1508,0.584,1,0,14,13,9.0,5.84,0.0,7.142857142857142,50.0,42.857142857142854
1509,0.395,1,0,9,8,10.0,3.95,11.11111111111111,33.33333333333333,0.0,55.55555555555556
1510,0.398,1,0,10,9,7.0,3.98,0.0,50.0,20.0,30.0
1511,0.495,1,0,10,9,10.0,4.95,0.0,80.0,0.0,20.0
1512,0.548,1,0,13,12,10.0,5.48,0.0,46.15384615384615,38.46153846153847,15.384615384615385
1513,0.471,1,0,12,11,9.0,4.71,0.0,25.0,25.0,50.0
1514,0.379,1,0,10,9,10.0,3.79,0.0,70.0,10.0,20.0
1515,0.559,1,0,15,14,10.0,5.59,26.666666666666668,20.0,0.0,53.333333333333336
1516,0.5,1,0,11,10,10.0,5.0,45.45454545454545,9.090909090909092,18.181818181818183,27.27272727272727
1517,0.346,1,0,9,8,10.0,3.46,0.0,88.88888888888889,0.0,11.11111111111111
1518,0.226,1,0,8,7,9.0,2.26,12.5,50.0,12.5,25.0
1519,0.346,1,0,9,8,10.0,3.46,0.0,66.66666666666666,0.0,33.33333333333333
1520,0.515,1,0,11,10,10.0,5.15,0.0,0.0,81.81818181818183,18.181818181818183
1521,0.44,1,0,14,13,8.0,4.4,7.142857142857142,21.428571428571427,50.0,21.428571428571427
1522,0.344,1,0,9,8,10.0,3.44,0.0,44.44444444444444,0.0,55.55555555555556
1523,0.528,1,0,15,14,10.0,5.28,13.333333333333334,53.333333333333336,0.0,33.33333333333333
1524,0.455,1,0,11,10,10.0,4.55,0.0,36.36363636363637,27.27272727272727,36.36363636363637
1525,0.565,1,0,13,12,10.0,5.65,7.6923076923076925,76.92307692307693,0.0,15.384615384615385
1526,0.252,1,0,6,5,7.0,2.52,0.0,50.0,0.0,50.0
1527,0.501,1,0,10,9,10.0,5.01,0.0,0.0,60.0,40.0
1528,0.401,1,0,14,13,10.0,4.01,7.142857142857142,7.142857142857142,71.42857142857143,14.285714285714285
1529,0.293,1,0,8,7,10.0,2.93,0.0,0.0,62.5,37.5
1530,0.379,1,0,11,10,10.0,3.79,0.0,9.090909090909092,63.63636363636363,27.27272727272727
1531,0.506,1,0,11,10,9.0,5.06,0.0,63.63636363636363,18.181818181818183,18.181818181818183
1532,0.568,1,0,14,13,10.0,5.68,0.0,7.142857142857142,42.857142857142854,50.0
1533,0.371,1,0,11,10,10.0,3.71,18.181818181818183,45.45454545454545,18.181818181818183,18.181818181818183
1534,0.248,1,0,7,6,8.0,2.48,0.0,28.57142857142857,28.57142857142857,42.857142857142854
1535,0.463,1,0,14,13,10.0,4.63,7.142857142857142,35.714285714285715,35.714285714285715,21.428571428571427
1536,0.356,1,0,9,8,9.0,3.56,0.0,33.33333333333333,33.33333333333333,33.33333333333333
1537,0.46,1,0,11,10,10.0,4.6,9.090909090909092,9.090909090909092,63.63636363636363,18.181818181818183
1538,0.393,1,0,10,9,10.0,3.93,10.0,70.0,0.0,20.0
1539,0.466,1,0,13,12,10.0,4.66,7.6923076923076925,30.76923076923077,38.46153846153847,23.076923076923077
1540,0.526,1,0,11,10,10.0,5.26,9.090909090909092,0.0,72.72727272727273,18.181818181818183
1541,0.428,1,0,11,10,10.0,4.28,9.090909090909092,36.36363636363637,36.36363636363637,18.181818181818183
1542,0.331,1,0,7,6,9.0,3.31,14.285714285714285,28.57142857142857,28.57142857142857,28.57142857142857
1543,0.544,1,0,12,11,10.0,5.44,16.666666666666664,41.66666666666667,16.666666666666664,25.0
1544,0.384,1,0,8,7,8.0,3.84,0.0,25.0,50.0,25.0
1545,0.473,1,0,10,9,9.0,4.73,0.0,50.0,10.0,40.0
1546,0.444,1,0,10,9,9.0,4.44,0.0,0.0,80.0,20.0
1547,0.34,1,0,10,9,9.0,3.4,0.0,10.0,50.0,40.0
1548,0.351,1,0,12,11,10.0,3.51,25.0,58.333333333333336,0.0,16.666666666666664
1549,0.432,1,0,12,11,9.0,4.32,8.333333333333332,16.666666666666664,41.66666666666667,33.33333333333333
1550,0.457,1,0,10,9,10.0,4.57,0.0,50.0,20.0,30.0
1551,0.51,1,0,16,15,10.0,5.1,0.0,12.5,25.0,62.5
1552,0.221,1,0,8,7,8.0,2.21,0.0,37.5,25.0,37.5
1553,0.422,1,0,13,12,10.0,4.22,0.0,84.61538461538461,0.0,15.384615384615385
1554,0.532,1,0,16,15,10.0,5.32,6.25,31.25,31.25,31.25
1555,0.295,1,0,9,8,9.0,2.95,0.0,66.66666666666666,0.0,33.33333333333333
1556,0.437,1,0,10,9,10.0,4.37,0.0,10.0,60.0,30.0
1557,0.236,1,0,7,6,8.0,2.36,42.857142857142854,28.57142857142857,0.0,28.57142857142857
1558,0.486,1,0,13,12,10.0,4.86,0.0,53.84615384615385,30.76923076923077,15.384615384615385
1559,0.574,1,0,11,10,10.0,5.74,0.0,9.090909090909092,63.63636363636363,27.27272727272727
1560,0.358,1,0,10,9,10.0,3.58,0.0,40.0,40.0,20.0
1561,0.342,1,0,10,9,9.0,3.42,0.0,60.0,10.0,30.0
1562,0.497,1,0,18,17,10.0,4.97,0.0,55.55555555555556,27.77777777777778,16.666666666666664
1563,0.48,1,0,13,12,10.0,4.8,0.0,0.0,76.92307692307693,23.076923076923077
1564,0.548,1,0,14,13,10.0,5.48,0.0,21.428571428571427,42.857142857142854,35.714285714285715
1565,0.566,1,0,15,14,10.0,5.66,0.0,6.666666666666667,60.0,33.33333333333333
1566,0.345,1,0,9,8,9.0,3.45,0.0,0.0,77.77777777777779,22.22222222222222
1567,0.345,1,0,9,8,10.0,3.45,0.0,11.11111111111111,11.11111111111111,77.77777777777779
1568,0.48,1,0,11,10,10.0,4.8,0.0,72.72727272727273,0.0,27.27272727272727
1569,0.416,1,0,15,14,10.0,4.16,0.0,86.66666666666667,0.0,13.333333333333334
1570,0.458,1,0,12,11,10.0,4.58,0.0,50.0,33.33333333333333,16.666666666666664
1571,0.375,1,0,11,10,10.0,3.75,0.0,63.63636363636363,0.0,36.36363636363637
1572,0.264,1,0,11,10,9.0,2.64,0.0,9.090909090909092,63.63636363636363,27.27272727272727
1573,0.537,1,0,14,13,10.0,5.37,0.0,57.14285714285714,7.142857142857142,35.714285714285715
1574,0.49,1,0,14,13,10.0,4.9,21.428571428571427,42.857142857142854,0.0,35.714285714285715
1575,0.368,1,0,12,11,9.0,3.68,25.0,25.0,33.33333333333333,16.666666666666664
1576,0.387,1,0,8,7,9.0,3.87,0.0,25.0,0.0,75.0
1577,0.539,1,0,11,10,10.0,5.39,0.0,0.0,54.54545454545454,45.45454545454545
1578,0.357,1,0,10,9,10.0,3.57,0.0,20.0,50.0,30.0
1579,0.373,1,0,10,9,9.0,3.73,0.0,40.0,30.0,30.0
1580,0.351,1,0,10,9,9.0,3.51,0.0,50.0,20.0,30.0
1581,0.665,1,0,14,13,10.0,6.65,0.0,21.428571428571427,50.0,28.57142857142857
1582,0.342,1,0,16,15,10.0,3.42,0.0,75.0,6.25,18.75
1583,0.27,1,0,6,5,7.0,2.7,0.0,50.0,33.33333333333333,16.666666666666664
1584,0.745,1,0,15,14,10.0,7.45,0.0,13.333333333333334,66.66666666666666,20.0
1585,0.442,1,0,9,8,10.0,4.42,0.0,22.22222222222222,55.55555555555556,22.22222222222222
1586,0.342,1,0,11,10,10.0,3.42,0.0,63.63636363636363,9.090909090909092,27.27272727272727
1587,0.366,1,0,9,8,10.0,3.66,0.0,55.55555555555556,22.22222222222222,22.22222222222222
1588,0.485,1,0,14,13,10.0,4.85,35.714285714285715,7.142857142857142,42.857142857142854,14.285714285714285
1589,0.618,1,0,15,14,9.0,6.18,0.0,26.666666666666668,46.666666666666664,26.666666666666668
1590,0.408,1,0,12,11,9.0,4.08,0.0,50.0,16.666666666666664,33.33333333333333
1591,0.431,1,0,12,11,8.0,4.31,0.0,41.66666666666667,33.33333333333333,25.0
1592,0.488,1,0,15,14,10.0,4.88,6.666666666666667,66.66666666666666,6.666666666666667,20.0
1593,0.456,1,0,12,11,10.0,4.56,0.0,8.333333333333332,16.666666666666664,75.0
1594,0.673,1,0,14,13,10.0,6.73,0.0,7.142857142857142,28.57142857142857,64.28571428571429
1595,0.472,1,0,12,11,9.0,4.72,0.0,41.66666666666667,25.0,33.33333333333333
1596,0.409,1,0,8,7,10.0,4.09,25.0,0.0,37.5,37.5
1597,0.243,1,0,8,7,10.0,2.43,0.0,75.0,0.0,25.0
1598,0.416,1,0,10,9,10.0,4.16,10.0,30.0,20.0,40.0
1599,0.639,1,0,16,15,10.0,6.39,0.0,43.75,12.5,43.75
1600,0.516,1,0,13,12,10.0,5.16,0.0,53.84615384615385,23.076923076923077,23.076923076923077
1601,0.456,1,0,12,11,10.0,4.56,0.0,8.333333333333332,33.33333333333333,58.333333333333336
1602,0.432,1,0,12,11,10.0,4.32,8.333333333333332,58.333333333333336,0.0,33.33333333333333
1603,0.508,1,0,12,11,10.0,5.08,8.333333333333332,41.66666666666667,25.0,25.0
1604,0.689,1,0,16,15,10.0,6.89,0.0,43.75,37.5,18.75
1605,0.281,1,0,6,5,9.0,2.81,0.0,50.0,0.0,50.0
1606,0.477,1,0,10,9,9.0,4.77,0.0,30.0,30.0,40.0
1607,0.503,1,0,15,14,10.0,5.03,0.0,53.333333333333336,13.333333333333334,33.33333333333333
1608,0.425,1,0,12,11,10.0,4.25,8.333333333333332,25.0,50.0,16.666666666666664
1609,0.374,1,0,12,11,9.0,3.74,0.0,8.333333333333332,58.333333333333336,33.33333333333333
1610,0.517,1,0,14,13,10.0,5.17,7.142857142857142,28.57142857142857,28.57142857142857,35.714285714285715
1611,0.382,1,0,10,9,9.0,3.82,10.0,40.0,20.0,30.0
1612,0.551,1,0,12,11,10.0,5.51,16.666666666666664,8.333333333333332,33.33333333333333,41.66666666666667
1613,0.551,1,0,14,13,10.0,5.51,0.0,7.142857142857142,64.28571428571429,28.57142857142857
1614,0.25,1,0,9,8,9.0,2.5,11.11111111111111,0.0,22.22222222222222,66.66666666666666
1615,0.371,1,0,9,8,10.0,3.71,11.11111111111111,55.55555555555556,11.11111111111111,22.22222222222222
1616,0.581,1,0,18,17,10.0,5.81,16.666666666666664,5.555555555555555,66.66666666666666,11.11111111111111
1617,0.579,1,0,14,13,10.0,5.79,0.0,21.428571428571427,35.714285714285715,42.857142857142854
1618,0.377,1,0,9,8,8.0,3.77,11.11111111111111,33.33333333333333,0.0,55.55555555555556
1619,0.446,1,0,11,10,10.0,4.46,0.0,36.36363636363637,36.36363636363637,27.27272727272727
1620,0.35,1,0,8,7,10.0,3.5,0.0,12.5,50.0,37.5
1621,0.556,1,0,15,14,10.0,5.56,0.0,0.0,60.0,40.0
1622,0.697,1,0,13,12,10.0,6.97,0.0,15.384615384615385,38.46153846153847,46.15384615384615
1623,0.356,1,0,8,7,9.0,3.56,0.0,37.5,37.5,25.0
1624,0.286,1,0,9,8,7.0,2.86,0.0,66.66666666666666,0.0,33.33333333333333
1625,0.498,1,0,14,13,10.0,4.98,0.0,21.428571428571427,14.285714285714285,64.28571428571429
1626,0.24,1,0,7,6,10.0,2.4,0.0,71.42857142857143,0.0,28.57142857142857
1627,0.528,1,0,14,13,10.0,5.28,0.0,35.714285714285715,21.428571428571427,42.857142857142854
1628,0.499,1,0,12,11,10.0,4.99,8.333333333333332,41.66666666666667,16.666666666666664,33.33333333333333
1629,0.324,1,0,11,10,10.0,3.24,0.0,18.181818181818183,63.63636363636363,18.181818181818183
1630,0.406,1,0,9,8,8.0,4.06,0.0,33.33333333333333,44.44444444444444,22.22222222222222
1631,0.409,1,0,10,9,10.0,4.09,0.0,30.0,40.0,30.0
1632,0.627,1,0,16,15,10.0,6.27,0.0,25.0,37.5,37.5
1633,0.405,1,0,9,8,10.0,4.05,0.0,22.22222222222222,44.44444444444444,33.33333333333333
1634,0.343,1,0,14,13,10.0,3.43,7.142857142857142,21.428571428571427,42.857142857142854,28.57142857142857
1635,0.434,1,0,12,11,10.0,4.34,33.33333333333333,25.0,25.0,16.666666666666664
1636,0.397,1,0,10,9,10.0,3.97,0.0,80.0,0.0,20.0
1637,0.457,1,0,12,11,10.0,4.57,0.0,33.33333333333333,58.333333333333336,8.333333333333332
1638,0.446,1,0,10,9,10.0,4.46,10.0,20.0,50.0,20.0
1639,0.401,1,0,13,12,10.0,4.01,7.6923076923076925,0.0,53.84615384615385,38.46153846153847
1640,0.359,1,0,10,9,9.0,3.59,0.0,50.0,20.0,30.0
1641,0.611,1,0,12,11,9.0,6.11,0.0,16.666666666666664,58.333333333333336,25.0
1642,0.484,1,0,14,13,9.0,4.84,7.142857142857142,57.14285714285714,7.142857142857142,28.57142857142857
1643,0.308,1,0,8,7,8.0,3.08,0.0,37.5,50.0,12.5
1644,0.301,1,0,8,7,9.0,3.01,0.0,87.5,0.0,12.5
1645,0.403,1,0,13,12,10.0,4.03,15.384615384615385,30.76923076923077,0.0,53.84615384615385
1646,0.671,1,0,13,12,10.0,6.71,0.0,38.46153846153847,46.15384615384615,15.384615384615385
1647,0.39,1,0,10,9,10.0,3.9,10.0,20.0,40.0,30.0
1648,0.331,1,0,11,10,9.0,3.31,36.36363636363637,9.090909090909092,18.181818181818183,36.36363636363637
1649,0.267,1,0,7,6,6.0,2.67,0.0,57.14285714285714,14.285714285714285,28.57142857142857
1650,0.594,1,0,14,13,10.0,5.94,0.0,35.714285714285715,42.857142857142854,21.428571428571427
1651,0.364,1,0,10,9,10.0,3.64,0.0,0.0,20.0,80.0
1652,0.521,1,0,12,11,9.0,5.21,0.0,50.0,41.66666666666667,8.333333333333332
1653,0.39,1,0,10,9,8.0,3.9,30.0,10.0,40.0,20.0
1654,0.266,1,0,9,8,10.0,2.66,11.11111111111111,66.66666666666666,0.0,22.22222222222222
1655,0.586,1,0,17,16,10.0,5.86,0.0,41.17647058823529,41.17647058823529,17.647058823529413
1656,0.521,1,0,13,12,9.0,5.21,7.6923076923076925,46.15384615384615,30.76923076923077,15.384615384615385
1657,0.458,1,0,11,10,10.0,4.58,0.0,45.45454545454545,36.36363636363637,18.181818181818183
1658,0.434,1,0,13,12,10.0,4.34,0.0,0.0,84.61538461538461,15.384615384615385
1659,0.573,1,0,14,13,10.0,5.73,7.142857142857142,14.285714285714285,64.28571428571429,14.285714285714285
1660,0.397,1,0,13,12,9.0,3.97,0.0,69.23076923076923,15.384615384615385,15.384615384615385
1661,0.514,1,0,12,11,10.0,5.14,0.0,16.666666666666664,25.0,58.333333333333336
1662,0.352,1,0,10,9,10.0,3.52,0.0,60.0,10.0,30.0
1663,0.335,1,0,7,6,9.0,3.35,14.285714285714285,0.0,28.57142857142857,57.14285714285714
1664,0.459,1,0,10,9,10.0,4.59,0.0,40.0,40.0,20.0
1665,0.322,1,0,8,7,10.0,3.22,12.5,62.5,0.0,25.0
1666,0.571,1,0,15,14,10.0,5.71,26.666666666666668,0.0,53.333333333333336,20.0
1667,0.446,1,0,12,11,10.0,4.46,0.0,16.666666666666664,50.0,33.33333333333333
1668,0.106,1,0,5,4,5.0,1.06,20.0,20.0,0.0,60.0
1669,0.488,1,0,16,15,10.0,4.88,18.75,0.0,62.5,18.75
1670,0.523,1,0,14,13,9.0,5.23,0.0,14.285714285714285,64.28571428571429,21.428571428571427
1671,0.531,1,0,13,12,10.0,5.31,0.0,46.15384615384615,23.076923076923077,30.76923076923077
1672,0.548,1,0,15,14,10.0,5.48,0.0,60.0,26.666666666666668,13.333333333333334
1673,0.254,1,0,8,7,9.0,2.54,0.0,62.5,0.0,37.5
1674,0.242,1,0,9,8,10.0,2.42,0.0,44.44444444444444,0.0,55.55555555555556
1675,0.461,1,0,9,8,10.0,4.61,0.0,22.22222222222222,44.44444444444444,33.33333333333333
1676,0.536,1,0,12,11,9.0,5.36,8.333333333333332,50.0,25.0,16.666666666666664
1677,0.289,1,0,9,8,9.0,2.89,11.11111111111111,55.55555555555556,0.0,33.33333333333333
1678,0.509,1,0,12,11,9.0,5.09,8.333333333333332,16.666666666666664,25.0,50.0
1679,0.427,1,0,8,7,9.0,4.27,50.0,25.0,0.0,25.0
1680,0.28,1,0,8,7,8.0,2.8,0.0,62.5,0.0,37.5
1681,0.37,1,0,10,9,9.0,3.7,0.0,40.0,30.0,30.0
1682,0.37,1,0,10,9,9.0,3.7,10.0,60.0,0.0,30.0
1683,0.41,1,0,11,10,10.0,4.1,9.090909090909092,27.27272727272727,9.090909090909092,54.54545454545454
1684,0.499,1,0,11,10,10.0,4.99,9.090909090909092,9.090909090909092,54.54545454545454,27.27272727272727
1685,0.418,1,0,11,10,10.0,4.18,0.0,54.54545454545454,0.0,45.45454545454545
1686,0.285,1,0,8,7,8.0,2.85,0.0,37.5,25.0,37.5
1687,0.505,1,0,14,13,10.0,5.05,0.0,7.142857142857142,42.857142857142854,50.0
1688,0.388,1,0,11,10,9.0,3.88,9.090909090909092,54.54545454545454,9.090909090909092,27.27272727272727
1689,0.41,1,0,13,12,9.0,4.1,0.0,23.076923076923077,61.53846153846154,15.384615384615385
1690,0.367,1,0,11,10,9.0,3.67,0.0,45.45454545454545,27.27272727272727,27.27272727272727
1691,0.212,1,0,8,7,9.0,2.12,0.0,25.0,50.0,25.0
1692,0.3,1,0,9,8,9.0,3.0,0.0,33.33333333333333,33.33333333333333,33.33333333333333
1693,0.248,1,0,8,7,8.0,2.48,0.0,12.5,37.5,50.0
1694,0.46,1,0,15,14,10.0,4.6,0.0,0.0,20.0,80.0
1695,0.396,1,0,8,7,9.0,3.96,0.0,37.5,37.5,25.0
1696,0.32,1,0,9,8,10.0,3.2,11.11111111111111,44.44444444444444,33.33333333333333,11.11111111111111
1697,0.31,1,0,7,6,8.0,3.1,0.0,42.857142857142854,28.57142857142857,28.57142857142857
1698,0.234,1,0,9,8,10.0,2.34,0.0,44.44444444444444,11.11111111111111,44.44444444444444
1699,0.448,1,0,9,8,10.0,4.48,0.0,22.22222222222222,44.44444444444444,33.33333333333333
1700,0.158,1,0,7,6,6.0,1.58,0.0,14.285714285714285,0.0,85.71428571428571
1701,0.419,1,0,11,10,10.0,4.19,0.0,36.36363636363637,9.090909090909092,54.54545454545454
1702,0.537,1,0,11,10,10.0,5.37,0.0,18.181818181818183,27.27272727272727,54.54545454545454
1703,0.428,1,0,12,11,10.0,4.28,0.0,0.0,66.66666666666666,33.33333333333333
1704,0.489,1,0,12,11,9.0,4.89,0.0,41.66666666666667,25.0,33.33333333333333
1705,0.517,1,0,15,14,10.0,5.17,0.0,46.666666666666664,33.33333333333333,20.0
1706,0.414,1,0,12,11,9.0,4.14,16.666666666666664,25.0,25.0,33.33333333333333
1707,0.517,1,0,13,12,10.0,5.17,7.6923076923076925,30.76923076923077,53.84615384615385,7.6923076923076925
1708,0.385,1,0,14,13,10.0,3.85,0.0,92.85714285714286,0.0,7.142857142857142
1709,0.423,1,0,8,7,10.0,4.23,12.5,12.5,62.5,12.5
1710,0.566,1,0,10,9,9.0,5.66,0.0,10.0,30.0,60.0
1711,0.427,1,0,10,9,10.0,4.27,0.0,10.0,30.0,60.0
1712,0.557,1,0,13,12,10.0,5.57,0.0,53.84615384615385,30.76923076923077,15.384615384615385
1713,0.422,1,0,17,16,10.0,4.22,0.0,64.70588235294117,11.76470588235294,23.52941176470588
1714,0.341,1,0,13,12,10.0,3.41,0.0,69.23076923076923,0.0,30.76923076923077
1715,0.426,1,0,8,7,9.0,4.26,12.5,25.0,37.5,25.0
1716,0.428,1,0,10,9,10.0,4.28,10.0,30.0,40.0,20.0
1717,0.456,1,0,12,11,10.0,4.56,0.0,8.333333333333332,58.333333333333336,33.33333333333333
1718,0.398,1,0,13,12,10.0,3.98,0.0,53.84615384615385,0.0,46.15384615384615
1719,0.396,1,0,15,14,10.0,3.96,20.0,66.66666666666666,0.0,13.333333333333334
1720,0.476,1,0,11,10,10.0,4.76,9.090909090909092,45.45454545454545,18.181818181818183,27.27272727272727
1721,0.504,1,0,19,18,10.0,5.04,0.0,47.368421052631575,15.789473684210526,36.84210526315789
1722,0.288,1,0,10,9,7.0,2.88,20.0,50.0,0.0,30.0
1723,0.387,1,0,10,9,10.0,3.87,0.0,70.0,10.0,20.0
1724,0.368,1,0,13,12,10.0,3.68,0.0,76.92307692307693,0.0,23.076923076923077
1725,0.277,1,0,10,9,9.0,2.77,10.0,10.0,40.0,40.0
1726,0.457,1,0,15,14,10.0,4.57,6.666666666666667,60.0,26.666666666666668,6.666666666666667
1727,0.312,1,0,11,10,10.0,3.12,9.090909090909092,45.45454545454545,27.27272727272727,18.181818181818183
1728,0.34,1,0,9,8,9.0,3.4,11.11111111111111,66.66666666666666,0.0,22.22222222222222
1729,0.373,1,0,12,11,10.0,3.73,8.333333333333332,33.33333333333333,33.33333333333333,25.0
1730,0.292,1,0,10,9,7.0,2.92,0.0,40.0,20.0,40.0
1731,0.418,1,0,14,13,10.0,4.18,7.142857142857142,50.0,21.428571428571427,21.428571428571427
1732,0.394,1,0,8,7,10.0,3.94,0.0,0.0,75.0,25.0
1733,0.586,1,0,15,14,10.0,5.86,0.0,20.0,40.0,40.0
1734,0.542,1,0,17,16,10.0,5.42,23.52941176470588,70.58823529411765,0.0,5.88235294117647
1735,0.371,1,0,12,11,10.0,3.71,8.333333333333332,58.333333333333336,8.333333333333332,25.0
1736,0.419,1,0,13,12,9.0,4.19,0.0,23.076923076923077,53.84615384615385,23.076923076923077
1737,0.591,1,0,16,15,10.0,5.91,0.0,18.75,62.5,18.75
1738,0.208,1,0,7,6,7.0,2.08,0.0,28.57142857142857,28.57142857142857,42.857142857142854
1739,0.368,1,0,10,9,9.0,3.68,0.0,50.0,10.0,40.0
1740,0.403,1,0,13,12,10.0,4.03,0.0,46.15384615384615,38.46153846153847,15.384615384615385
1741,0.412,1,0,11,10,10.0,4.12,0.0,0.0,81.81818181818183,18.181818181818183
1742,0.49,1,0,11,10,9.0,4.9,0.0,0.0,81.81818181818183,18.181818181818183
1743,0.656,1,0,15,14,10.0,6.56,0.0,6.666666666666667,60.0,33.33333333333333
1744,0.307,1,0,12,11,9.0,3.07,0.0,25.0,41.66666666666667,33.33333333333333
1745,0.288,1,0,9,8,7.0,2.88,0.0,44.44444444444444,22.22222222222222,33.33333333333333
1746,0.572,1,0,13,12,10.0,5.72,0.0,7.6923076923076925,61.53846153846154,30.76923076923077
1747,0.399,1,0,13,12,10.0,3.99,7.6923076923076925,30.76923076923077,30.76923076923077,30.76923076923077
1748,0.432,1,0,14,13,10.0,4.32,0.0,57.14285714285714,21.428571428571427,21.428571428571427
1749,0.215,1,0,7,6,6.0,2.15,0.0,28.57142857142857,28.57142857142857,42.857142857142854
1750,0.603,1,0,13,12,10.0,6.03,0.0,23.076923076923077,23.076923076923077,53.84615384615385
1751,0.247,1,0,5,4,9.0,2.47,0.0,20.0,20.0,60.0
1752,0.429,1,0,13,12,10.0,4.29,0.0,84.61538461538461,0.0,15.384615384615385
1753,0.337,1,0,9,8,9.0,3.37,33.33333333333333,22.22222222222222,0.0,44.44444444444444
1754,0.379,1,0,13,12,10.0,3.79,15.384615384615385,30.76923076923077,30.76923076923077,23.076923076923077
1755,0.391,1,0,11,10,9.0,3.91,0.0,54.54545454545454,0.0,45.45454545454545
1756,0.412,1,0,9,8,10.0,4.12,0.0,44.44444444444444,44.44444444444444,11.11111111111111
1757,0.517,1,0,14,13,9.0,5.17,7.142857142857142,28.57142857142857,21.428571428571427,42.857142857142854
1758,0.478,1,0,14,13,10.0,4.78,0.0,78.57142857142857,14.285714285714285,7.142857142857142
1759,0.177,1,0,6,5,5.0,1.77,0.0,16.666666666666664,33.33333333333333,50.0
1760,0.374,1,0,12,11,10.0,3.74,0.0,8.333333333333332,58.333333333333336,33.33333333333333
1761,0.352,1,0,12,11,10.0,3.52,8.333333333333332,58.333333333333336,0.0,33.33333333333333
1762,0.247,1,0,7,6,6.0,2.47,0.0,28.57142857142857,0.0,71.42857142857143
1763,0.499,1,0,13,12,10.0,4.99,46.15384615384615,0.0,38.46153846153847,15.384615384615385
1764,0.26,1,0,10,9,8.0,2.6,0.0,60.0,10.0,30.0
1765,0.223,1,0,8,7,10.0,2.23,0.0,0.0,62.5,37.5
1766,0.502,1,0,13,12,10.0,5.02,0.0,0.0,84.61538461538461,15.384615384615385
1767,0.462,1,0,16,15,10.0,4.62,0.0,12.5,56.25,31.25
1768,0.346,1,0,8,7,10.0,3.46,0.0,0.0,75.0,25.0
1769,0.402,1,0,11,10,8.0,4.02,0.0,72.72727272727273,9.090909090909092,18.181818181818183
1770,0.416,1,0,11,10,9.0,4.16,0.0,27.27272727272727,9.090909090909092,63.63636363636363
1771,0.181,1,0,7,6,7.0,1.81,28.57142857142857,28.57142857142857,0.0,42.857142857142854
1772,0.406,1,0,11,10,9.0,4.06,0.0,36.36363636363637,36.36363636363637,27.27272727272727
1773,0.444,1,0,15,14,10.0,4.44,0.0,6.666666666666667,66.66666666666666,26.666666666666668
1774,0.596,1,0,14,13,10.0,5.96,0.0,42.857142857142854,0.0,57.14285714285714
1775,0.329,1,0,9,8,10.0,3.29,0.0,77.77777777777779,0.0,22.22222222222222
1776,0.393,1,0,12,11,10.0,3.93,0.0,75.0,0.0,25.0
1777,0.306,1,0,7,6,10.0,3.06,28.57142857142857,28.57142857142857,0.0,42.857142857142854
1778,0.514,1,0,19,18,10.0,5.14,0.0,68.42105263157895,10.526315789473683,21.052631578947366
1779,0.652,1,0,17,16,10.0,6.52,35.294117647058826,0.0,52.94117647058824,11.76470588235294
1780,0.594,1,0,14,13,10.0,5.94,14.285714285714285,28.57142857142857,35.714285714285715,21.428571428571427
1781,0.543,1,0,15,14,10.0,5.43,0.0,26.666666666666668,46.666666666666664,26.666666666666668
1782,0.392,1,0,11,10,10.0,3.92,36.36363636363637,45.45454545454545,0.0,18.181818181818183
1783,0.598,1,0,18,17,10.0,5.98,0.0,5.555555555555555,66.66666666666666,27.77777777777778
1784,0.535,1,0,12,11,10.0,5.35,8.333333333333332,50.0,8.333333333333332,33.33333333333333
1785,0.49,1,0,11,10,10.0,4.9,0.0,18.181818181818183,36.36363636363637,45.45454545454545
1786,0.364,1,0,11,10,7.0,3.64,0.0,45.45454545454545,27.27272727272727,27.27272727272727
1787,0.373,1,0,8,7,10.0,3.73,0.0,50.0,0.0,50.0
1788,0.283,1,0,9,8,8.0,2.83,0.0,55.55555555555556,0.0,44.44444444444444
1789,0.554,1,0,14,13,10.0,5.54,0.0,0.0,78.57142857142857,21.428571428571427
1790,0.481,1,0,10,9,10.0,4.81,0.0,10.0,60.0,30.0
1791,0.428,1,0,12,11,10.0,4.28,0.0,58.333333333333336,0.0,41.66666666666667
1792,0.461,1,0,11,10,10.0,4.61,0.0,54.54545454545454,9.090909090909092,36.36363636363637
1793,0.598,1,0,14,13,10.0,5.98,7.142857142857142,50.0,28.57142857142857,14.285714285714285
1794,0.602,1,0,10,9,10.0,6.02,0.0,20.0,50.0,30.0
1795,0.332,1,0,13,12,10.0,3.32,7.6923076923076925,38.46153846153847,7.6923076923076925,46.15384615384615
1796,0.45,1,0,11,10,10.0,4.5,0.0,9.090909090909092,18.181818181818183,72.72727272727273
1797,0.38,1,0,10,9,9.0,3.8,0.0,50.0,30.0,20.0
1798,0.301,1,0,10,9,10.0,3.01,0.0,70.0,10.0,20.0
1799,0.422,1,0,11,10,10.0,4.22,27.27272727272727,9.090909090909092,27.27272727272727,36.36363636363637
1800,0.639,1,0,18,17,10.0,6.39,0.0,27.77777777777778,50.0,22.22222222222222
1801,0.392,1,0,12,11,10.0,3.92,0.0,83.33333333333334,8.333333333333332,8.333333333333332
1802,0.42,1,0,13,12,10.0,4.2,23.076923076923077,46.15384615384615,7.6923076923076925,23.076923076923077
1803,0.462,1,0,10,9,9.0,4.62,0.0,0.0,70.0,30.0
1804,0.609,1,0,19,18,10.0,6.09,0.0,0.0,73.68421052631578,26.31578947368421
1805,0.717,1,0,18,17,10.0,7.17,5.555555555555555,33.33333333333333,50.0,11.11111111111111
1806,0.375,1,0,12,11,9.0,3.75,0.0,50.0,16.666666666666664,33.33333333333333
1807,0.29,1,0,9,8,10.0,2.9,55.55555555555556,11.11111111111111,0.0,33.33333333333333
1808,0.432,1,0,13,12,9.0,4.32,0.0,61.53846153846154,7.6923076923076925,30.76923076923077
1809,0.402,1,0,13,12,10.0,4.02,0.0,15.384615384615385,46.15384615384615,38.46153846153847
1810,0.533,1,0,13,12,10.0,5.33,15.384615384615385,30.76923076923077,30.76923076923077,23.076923076923077
1811,0.431,1,0,9,8,10.0,4.31,0.0,22.22222222222222,44.44444444444444,33.33333333333333
1812,0.441,1,0,11,10,8.0,4.41,0.0,45.45454545454545,27.27272727272727,27.27272727272727
1813,0.483,1,0,11,10,9.0,4.83,0.0,45.45454545454545,18.181818181818183,36.36363636363637
1814,0.508,1,0,13,12,10.0,5.08,0.0,30.76923076923077,46.15384615384615,23.076923076923077
1815,0.612,1,0,15,14,10.0,6.12,6.666666666666667,0.0,46.666666666666664,46.666666666666664
1816,0.323,1,0,11,10,10.0,3.23,0.0,72.72727272727273,0.0,27.27272727272727
1817,0.492,1,0,13,12,10.0,4.92,7.6923076923076925,30.76923076923077,30.76923076923077,30.76923076923077
1818,0.54,1,0,17,16,10.0,5.4,11.76470588235294,11.76470588235294,52.94117647058824,23.52941176470588
1819,0.53,1,0,11,10,10.0,5.3,9.090909090909092,18.181818181818183,9.090909090909092,63.63636363636363
1820,0.447,1,0,12,11,10.0,4.47,0.0,0.0,66.66666666666666,33.33333333333333
1821,0.355,1,0,10,9,9.0,3.55,10.0,20.0,10.0,60.0
1822,0.355,1,0,8,7,9.0,3.55,0.0,50.0,0.0,50.0
1823,0.385,1,0,13,12,10.0,3.85,0.0,76.92307692307693,0.0,23.076923076923077
1824,0.212,1,0,7,6,9.0,2.12,0.0,57.14285714285714,0.0,42.857142857142854
1825,0.179,1,0,5,4,4.0,1.79,20.0,0.0,20.0,60.0
1826,0.36,1,0,10,9,10.0,3.6,20.0,60.0,0.0,20.0
1827,0.384,1,0,9,8,10.0,3.84,0.0,11.11111111111111,77.77777777777779,11.11111111111111
1828,0.359,1,0,8,7,10.0,3.59,0.0,87.5,0.0,12.5
1829,0.53,1,0,15,14,10.0,5.3,6.666666666666667,26.666666666666668,46.666666666666664,20.0
1830,0.291,1,0,9,8,8.0,2.91,0.0,44.44444444444444,22.22222222222222,33.33333333333333
1831,0.436,1,0,8,7,10.0,4.36,50.0,0.0,25.0,25.0
1832,0.416,1,0,9,8,8.0,4.16,0.0,22.22222222222222,0.0,77.77777777777779
1833,0.471,1,0,12,11,10.0,4.71,8.333333333333332,58.333333333333336,0.0,33.33333333333333
1834,0.588,1,0,15,14,10.0,5.88,0.0,46.666666666666664,40.0,13.333333333333334
1835,0.176,1,0,6,5,5.0,1.76,0.0,33.33333333333333,16.666666666666664,50.0
1836,0.348,1,0,10,9,9.0,3.48,0.0,60.0,20.0,20.0
1837,0.409,1,0,14,13,10.0,4.09,7.142857142857142,71.42857142857143,7.142857142857142,14.285714285714285
1838,0.435,1,0,12,11,10.0,4.35,0.0,66.66666666666666,16.666666666666664,16.666666666666664
1839,0.348,1,0,10,9,10.0,3.48,0.0,50.0,30.0,20.0
1840,0.3,1,0,10,9,9.0,3.0,0.0,70.0,0.0,30.0
1841,0.522,1,0,13,12,10.0,5.22,0.0,46.15384615384615,30.76923076923077,23.076923076923077
1842,0.299,1,0,8,7,9.0,2.99,0.0,0.0,75.0,25.0
1843,0.476,1,0,9,8,9.0,4.76,0.0,22.22222222222222,44.44444444444444,33.33333333333333
1844,0.443,1,0,12,11,10.0,4.43,16.666666666666664,50.0,0.0,33.33333333333333
1845,0.286,1,0,7,6,8.0,2.86,0.0,14.285714285714285,42.857142857142854,42.857142857142854
1846,0.288,1,0,7,6,8.0,2.88,28.57142857142857,42.857142857142854,0.0,28.57142857142857
1847,0.378,1,0,11,10,9.0,3.78,9.090909090909092,36.36363636363637,0.0,54.54545454545454
1848,0.486,1,0,16,15,10.0,4.86,0.0,62.5,18.75,18.75
1849,0.313,1,0,12,11,10.0,3.13,0.0,75.0,0.0,25.0
1850,0.481,1,0,8,7,10.0,4.81,0.0,0.0,75.0,25.0
1851,0.301,1,0,9,8,9.0,3.01,0.0,0.0,66.66666666666666,33.33333333333333
1852,0.251,1,0,6,5,7.0,2.51,0.0,50.0,16.666666666666664,33.33333333333333
1853,0.263,1,0,6,5,7.0,2.63,0.0,50.0,16.666666666666664,33.33333333333333
1854,0.353,1,0,11,10,10.0,3.53,0.0,27.27272727272727,45.45454545454545,27.27272727272727
1855,0.304,1,0,10,9,10.0,3.04,20.0,40.0,20.0,20.0
1856,0.474,1,0,8,7,10.0,4.74,0.0,25.0,12.5,62.5
1857,0.437,1,0,11,10,9.0,4.37,0.0,9.090909090909092,72.72727272727273,18.181818181818183
1858,0.388,1,0,11,10,10.0,3.88,0.0,54.54545454545454,9.090909090909092,36.36363636363637
1859,0.527,1,0,9,8,10.0,5.27,0.0,11.11111111111111,66.66666666666666,22.22222222222222
1860,0.323,1,0,10,9,9.0,3.23,0.0,60.0,30.0,10.0
1861,0.49,1,0,16,15,10.0,4.9,0.0,43.75,43.75,12.5
1862,0.561,1,0,15,14,10.0,5.61,26.666666666666668,53.333333333333336,0.0,20.0
1863,0.387,1,0,10,9,10.0,3.87,0.0,60.0,0.0,40.0
1864,0.346,1,0,12,11,10.0,3.46,16.666666666666664,66.66666666666666,0.0,16.666666666666664
1865,0.499,1,0,15,14,10.0,4.99,0.0,80.0,6.666666666666667,13.333333333333334
1866,0.378,1,0,13,12,10.0,3.78,23.076923076923077,61.53846153846154,0.0,15.384615384615385
1867,0.278,1,0,8,7,8.0,2.78,0.0,37.5,37.5,25.0
1868,0.389,1,0,9,8,8.0,3.89,0.0,33.33333333333333,44.44444444444444,22.22222222222222
1869,0.322,1,0,11,10,9.0,3.22,0.0,81.81818181818183,0.0,18.181818181818183
1870,0.474,1,0,13,12,10.0,4.74,0.0,61.53846153846154,7.6923076923076925,30.76923076923077
1871,0.346,1,0,9,8,9.0,3.46,22.22222222222222,33.33333333333333,0.0,44.44444444444444
1872,0.328,1,0,10,9,10.0,3.28,0.0,50.0,30.0,20.0
1873,0.47,1,0,13,12,9.0,4.7,0.0,23.076923076923077,23.076923076923077,53.84615384615385
1874,0.452,1,0,14,13,10.0,4.52,7.142857142857142,57.14285714285714,21.428571428571427,14.285714285714285
1875,0.443,1,0,16,15,10.0,4.43,0.0,0.0,75.0,25.0
1876,0.427,1,0,11,10,10.0,4.27,0.0,81.81818181818183,0.0,18.181818181818183
1877,0.26,1,0,10,9,9.0,2.6,0.0,60.0,20.0,20.0
1878,0.316,1,0,8,7,10.0,3.16,0.0,50.0,12.5,37.5
1879,0.361,1,0,12,11,10.0,3.61,0.0,41.66666666666667,33.33333333333333,25.0
1880,0.361,1,0,10,9,9.0,3.61,30.0,40.0,0.0,30.0
1881,0.321,1,0,7,6,9.0,3.21,0.0,71.42857142857143,0.0,28.57142857142857
1882,0.559,1,0,11,10,10.0,5.59,45.45454545454545,0.0,0.0,54.54545454545454
1883,0.492,1,0,12,11,10.0,4.92,8.333333333333332,66.66666666666666,0.0,25.0
1884,0.36,1,0,11,10,10.0,3.6,0.0,27.27272727272727,0.0,72.72727272727273
1885,0.292,1,0,10,9,10.0,2.92,0.0,10.0,60.0,30.0
1886,0.46,1,0,16,15,10.0,4.6,0.0,31.25,50.0,18.75
1887,0.368,1,0,9,8,10.0,3.68,0.0,55.55555555555556,11.11111111111111,33.33333333333333
1888,0.386,1,0,13,12,10.0,3.86,0.0,53.84615384615385,0.0,46.15384615384615
1889,0.451,1,0,8,7,10.0,4.51,0.0,25.0,50.0,25.0
1890,0.312,1,0,7,6,9.0,3.12,0.0,14.285714285714285,57.14285714285714,28.57142857142857
1891,0.605,1,0,16,15,10.0,6.05,0.0,18.75,56.25,25.0
1892,0.392,1,0,12,11,10.0,3.92,0.0,58.333333333333336,16.666666666666664,25.0
1893,0.481,1,0,18,17,10.0,4.81,0.0,16.666666666666664,66.66666666666666,16.666666666666664
1894,0.32,1,0,8,7,10.0,3.2,0.0,75.0,0.0,25.0
1895,0.403,1,0,10,9,9.0,4.03,0.0,50.0,30.0,20.0
1896,0.539,1,0,11,10,10.0,5.39,0.0,0.0,72.72727272727273,27.27272727272727
1897,0.316,1,0,9,8,9.0,3.16,0.0,44.44444444444444,11.11111111111111,44.44444444444444
1898,0.252,1,0,7,6,10.0,2.52,0.0,85.71428571428571,0.0,14.285714285714285
1899,0.528,1,0,14,13,10.0,5.28,14.285714285714285,57.14285714285714,14.285714285714285,14.285714285714285
1900,0.386,1,0,12,11,10.0,3.86,0.0,66.66666666666666,0.0,33.33333333333333
1901,0.619,1,0,16,15,10.0,6.19,0.0,18.75,56.25,25.0
1902,0.351,1,0,12,11,9.0,3.51,0.0,50.0,25.0,25.0
1903,0.24,1,0,7,6,8.0,2.4,0.0,57.14285714285714,0.0,42.857142857142854
1904,0.513,1,0,14,13,10.0,5.13,0.0,35.714285714285715,28.57142857142857,35.714285714285715
1905,0.351,1,0,10,9,9.0,3.51,0.0,60.0,0.0,40.0
1906,0.474,1,0,14,13,9.0,4.74,0.0,35.714285714285715,50.0,14.285714285714285
1907,0.331,1,0,9,8,9.0,3.31,33.33333333333333,11.11111111111111,11.11111111111111,44.44444444444444
1908,0.568,1,0,13,12,10.0,5.68,0.0,7.6923076923076925,53.84615384615385,38.46153846153847
1909,0.317,1,0,11,10,9.0,3.17,0.0,36.36363636363637,36.36363636363637,27.27272727272727
1910,0.541,1,0,11,10,9.0,5.41,0.0,18.181818181818183,63.63636363636363,18.181818181818183
1911,0.448,1,0,11,10,10.0,4.48,0.0,9.090909090909092,63.63636363636363,27.27272727272727
1912,0.533,1,0,9,8,10.0,5.33,0.0,11.11111111111111,22.22222222222222,66.66666666666666
1913,0.264,1,0,11,10,10.0,2.64,36.36363636363637,18.181818181818183,18.181818181818183,27.27272727272727
1914,0.555,1,0,14,13,10.0,5.55,0.0,0.0,35.714285714285715,64.28571428571429
1915,0.374,1,0,10,9,9.0,3.74,30.0,20.0,10.0,40.0
1916,0.482,1,0,11,10,10.0,4.82,0.0,63.63636363636363,18.181818181818183,18.181818181818183
1917,0.339,1,0,10,9,10.0,3.39,0.0,90.0,0.0,10.0
1918,0.382,1,0,12,11,9.0,3.82,0.0,75.0,8.333333333333332,16.666666666666664
1919,0.328,1,0,8,7,9.0,3.28,50.0,0.0,12.5,37.5
1920,0.44,1,0,12,11,10.0,4.4,8.333333333333332,41.66666666666667,25.0,25.0
1921,0.295,1,0,8,7,10.0,2.95,0.0,62.5,0.0,37.5
1922,0.583,1,0,13,12,10.0,5.83,15.384615384615385,23.076923076923077,23.076923076923077,38.46153846153847
1923,0.498,1,0,10,9,10.0,4.98,0.0,20.0,60.0,20.0
1924,0.538,1,0,13,12,10.0,5.38,7.6923076923076925,46.15384615384615,38.46153846153847,7.6923076923076925
1925,0.541,1,0,16,15,10.0,5.41,0.0,12.5,68.75,18.75
1926,0.408,1,0,11,10,10.0,4.08,0.0,72.72727272727273,0.0,27.27272727272727
1927,0.354,1,0,9,8,9.0,3.54,33.33333333333333,33.33333333333333,0.0,33.33333333333333
1928,0.553,1,0,13,12,10.0,5.53,0.0,7.6923076923076925,23.076923076923077,69.23076923076923
1929,0.373,1,0,11,10,9.0,3.73,18.181818181818183,45.45454545454545,9.090909090909092,27.27272727272727
1930,0.301,1,0,9,8,6.0,3.01,0.0,22.22222222222222,33.33333333333333,44.44444444444444
1931,0.571,1,0,10,9,10.0,5.71,0.0,20.0,50.0,30.0
1932,0.258,1,0,9,8,7.0,2.58,0.0,44.44444444444444,22.22222222222222,33.33333333333333
1933,0.152,1,0,5,4,6.0,1.52,0.0,60.0,0.0,40.0
1934,0.365,1,0,8,7,10.0,3.65,0.0,62.5,0.0,37.5
1935,0.708,1,0,18,17,10.0,7.08,0.0,33.33333333333333,44.44444444444444,22.22222222222222
1936,0.257,1,0,10,9,10.0,2.57,0.0,60.0,0.0,40.0
1937,0.444,1,0,14,13,10.0,4.44,0.0,78.57142857142857,0.0,21.428571428571427
1938,0.509,1,0,12,11,10.0,5.09,0.0,41.66666666666667,33.33333333333333,25.0
1939,0.397,1,0,9,8,9.0,3.97,22.22222222222222,44.44444444444444,11.11111111111111,22.22222222222222
1940,0.362,1,0,10,9,10.0,3.62,0.0,50.0,10.0,40.0
1941,0.347,1,0,11,10,9.0,3.47,0.0,72.72727272727273,0.0,27.27272727272727
1942,0.325,1,0,10,9,9.0,3.25,0.0,60.0,20.0,20.0
1943,0.565,1,0,17,16,10.0,5.65,11.76470588235294,29.411764705882355,41.17647058823529,17.647058823529413
1944,0.526,1,0,13,12,10.0,5.26,0.0,38.46153846153847,23.076923076923077,38.46153846153847
1945,0.521,1,0,17,16,10.0,5.21,0.0,41.17647058823529,29.411764705882355,29.411764705882355
1946,0.565,1,0,13,12,10.0,5.65,0.0,46.15384615384615,23.076923076923077,30.76923076923077
1947,0.466,1,0,11,10,10.0,4.66,0.0,36.36363636363637,36.36363636363637,27.27272727272727
1948,0.416,1,0,12,11,9.0,4.16,0.0,58.333333333333336,16.666666666666664,25.0
1949,0.616,1,0,15,14,10.0,6.16,0.0,0.0,86.66666666666667,13.333333333333334
1950,0.422,1,0,13,12,10.0,4.22,0.0,15.384615384615385,53.84615384615385,30.76923076923077
1951,0.482,1,0,14,13,10.0,4.82,0.0,64.28571428571429,14.285714285714285,21.428571428571427
1952,0.265,1,0,9,8,8.0,2.65,0.0,44.44444444444444,11.11111111111111,44.44444444444444
1953,0.578,1,0,13,12,10.0,5.78,0.0,30.76923076923077,23.076923076923077,46.15384615384615
1954,0.398,1,0,7,6,8.0,3.98,0.0,28.57142857142857,42.857142857142854,28.57142857142857
1955,0.469,1,0,11,10,10.0,4.69,0.0,63.63636363636363,9.090909090909092,27.27272727272727
1956,0.288,1,0,8,7,10.0,2.88,12.5,50.0,12.5,25.0
1957,0.548,1,0,14,13,10.0,5.48,14.285714285714285,0.0,71.42857142857143,14.285714285714285
1958,0.398,1,0,13,12,9.0,3.98,0.0,53.84615384615385,15.384615384615385,30.76923076923077
1959,0.426,1,0,14,13,10.0,4.26,7.142857142857142,42.857142857142854,28.57142857142857,21.428571428571427
1960,0.491,1,0,13,12,10.0,4.91,0.0,7.6923076923076925,46.15384615384615,46.15384615384615
1961,0.3,1,0,6,5,9.0,3.0,16.666666666666664,50.0,0.0,33.33333333333333
1962,0.26,1,0,7,6,9.0,2.6,0.0,42.857142857142854,14.285714285714285,42.857142857142854
1963,0.371,1,0,11,10,10.0,3.71,0.0,63.63636363636363,27.27272727272727,9.090909090909092
1964,0.511,1,0,14,13,10.0,5.11,0.0,64.28571428571429,21.428571428571427,14.285714285714285
1965,0.549,1,0,16,15,10.0,5.49,0.0,18.75,56.25,25.0
1966,0.308,1,0,8,7,9.0,3.08,0.0,62.5,0.0,37.5
1967,0.419,1,0,13,12,10.0,4.19,0.0,23.076923076923077,46.15384615384615,30.76923076923077
1968,0.433,1,0,12,11,9.0,4.33,8.333333333333332,25.0,50.0,16.666666666666664
1969,0.37,1,0,8,7,10.0,3.7,25.0,25.0,12.5,37.5
1970,0.154,1,0,6,5,7.0,1.54,16.666666666666664,50.0,0.0,33.33333333333333
1971,0.42,1,0,13,12,10.0,4.2,7.6923076923076925,61.53846153846154,23.076923076923077,7.6923076923076925
1972,0.613,1,0,12,11,10.0,6.13,25.0,0.0,8.333333333333332,66.66666666666666
1973,0.444,1,0,12,11,9.0,4.44,0.0,16.666666666666664,16.666666666666664,66.66666666666666
1974,0.449,1,0,17,16,10.0,4.49,0.0,64.70588235294117,11.76470588235294,23.52941176470588
1975,0.354,1,0,8,7,9.0,3.54,0.0,37.5,50.0,12.5
1976,0.462,1,0,10,9,10.0,4.62,0.0,0.0,80.0,20.0
1977,0.56,1,0,15,14,10.0,5.6,0.0,40.0,46.666666666666664,13.333333333333334
1978,0.456,1,0,12,11,10.0,4.56,0.0,58.333333333333336,16.666666666666664,25.0
1979,0.55,1,0,15,14,10.0,5.5,20.0,13.333333333333334,20.0,46.666666666666664
1980,0.362,1,0,9,8,8.0,3.62,11.11111111111111,11.11111111111111,33.33333333333333,44.44444444444444
1981,0.403,1,0,9,8,10.0,4.03,11.11111111111111,66.66666666666666,0.0,22.22222222222222
1982,0.492,1,0,15,14,10.0,4.92,0.0,26.666666666666668,53.333333333333336,20.0
1983,0.566,1,0,13,12,9.0,5.66,0.0,46.15384615384615,38.46153846153847,15.384615384615385
1984,0.39,1,0,10,9,10.0,3.9,0.0,20.0,40.0,40.0
1985,0.251,1,0,7,6,9.0,2.51,0.0,14.285714285714285,57.14285714285714,28.57142857142857
1986,0.254,1,0,7,6,10.0,2.54,0.0,14.285714285714285,42.857142857142854,42.857142857142854
1987,0.411,1,0,10,9,10.0,4.11,0.0,60.0,20.0,20.0
1988,0.451,1,0,10,9,9.0,4.51,0.0,20.0,20.0,60.0
1989,0.225,1,0,6,5,6.0,2.25,0.0,66.66666666666666,16.666666666666664,16.666666666666664
1990,0.486,1,0,13,12,10.0,4.86,0.0,53.84615384615385,15.384615384615385,30.76923076923077
1991,0.304,1,0,7,6,7.0,3.04,0.0,0.0,71.42857142857143,28.57142857142857
1992,0.718,1,0,15,14,10.0,7.18,6.666666666666667,6.666666666666667,66.66666666666666,20.0
1993,0.316,1,0,7,6,8.0,3.16,0.0,14.285714285714285,28.57142857142857,57.14285714285714
1994,0.357,1,0,9,8,10.0,3.57,0.0,66.66666666666666,0.0,33.33333333333333
1995,0.325,1,0,10,9,8.0,3.25,10.0,20.0,10.0,60.0
1996,0.374,1,0,13,12,10.0,3.74,0.0,61.53846153846154,0.0,38.46153846153847
1997,0.294,1,0,9,8,10.0,2.94,0.0,66.66666666666666,0.0,33.33333333333333
1998,0.316,1,0,11,10,10.0,3.16,0.0,27.27272727272727,9.090909090909092,63.63636363636363
1999,0.393,1,0,13,12,10.0,3.93,0.0,0.0,61.53846153846154,38.46153846153847
2000,0.551,1,0,13,12,9.0,5.51,0.0,46.15384615384615,15.384615384615385,38.46153846153847
2001,0.457,1,0,11,10,10.0,4.57,0.0,81.81818181818183,0.0,18.181818181818183
2002,0.222,1,0,7,6,10.0,2.22,0.0,71.42857142857143,14.285714285714285,14.285714285714285
2003,0.332,1,0,9,8,9.0,3.32,22.22222222222222,44.44444444444444,0.0,33.33333333333333
2004,0.424,1,0,11,10,10.0,4.24,9.090909090909092,18.181818181818183,54.54545454545454,18.181818181818183
2005,0.422,1,0,10,9,10.0,4.22,0.0,10.0,30.0,60.0
2006,0.512,1,0,14,13,10.0,5.12,0.0,0.0,85.71428571428571,14.285714285714285
2007,0.243,1,0,8,7,10.0,2.43,0.0,75.0,0.0,25.0
2008,0.604,1,0,13,12,10.0,6.04,23.076923076923077,38.46153846153847,23.076923076923077,15.384615384615385
2009,0.484,1,0,15,14,10.0,4.84,0.0,46.666666666666664,20.0,33.33333333333333
2010,0.548,1,0,11,10,10.0,5.48,0.0,9.090909090909092,54.54545454545454,36.36363636363637
2011,0.524,1,0,14,13,10.0,5.24,0.0,28.57142857142857,42.857142857142854,28.57142857142857
2012,0.438,1,0,12,11,9.0,4.38,8.333333333333332,50.0,25.0,16.666666666666664
2013,0.223,1,0,9,8,9.0,2.23,22.22222222222222,55.55555555555556,0.0,22.22222222222222
2014,0.372,1,0,11,10,10.0,3.72,0.0,36.36363636363637,0.0,63.63636363636363
2015,0.305,1,0,9,8,9.0,3.05,0.0,44.44444444444444,33.33333333333333,22.22222222222222
2016,0.32,1,0,8,7,10.0,3.2,0.0,62.5,0.0,37.5
2017,0.563,1,0,16,15,10.0,5.63,0.0,43.75,31.25,25.0
2018,0.399,1,0,10,9,10.0,3.99,0.0,50.0,30.0,20.0
2019,0.421,1,0,13,12,9.0,4.21,0.0,46.15384615384615,30.76923076923077,23.076923076923077
2020,0.486,1,0,14,13,10.0,4.86,14.285714285714285,64.28571428571429,0.0,21.428571428571427
2021,0.431,1,0,11,10,10.0,4.31,0.0,63.63636363636363,27.27272727272727,9.090909090909092
2022,0.371,1,0,12,11,10.0,3.71,0.0,58.333333333333336,25.0,16.666666666666664
2023,0.47,1,0,14,13,10.0,4.7,7.142857142857142,35.714285714285715,35.714285714285715,21.428571428571427
2024,0.359,1,0,9,8,8.0,3.59,0.0,0.0,44.44444444444444,55.55555555555556
2025,0.548,1,0,15,14,10.0,5.48,0.0,33.33333333333333,46.666666666666664,20.0
2026,0.432,1,0,12,11,10.0,4.32,0.0,58.333333333333336,16.666666666666664,25.0
2027,0.439,1,0,9,8,9.0,4.39,0.0,66.66666666666666,11.11111111111111,22.22222222222222
2028,0.436,1,0,8,7,10.0,4.36,0.0,50.0,0.0,50.0
2029,0.226,1,0,7,6,10.0,2.26,0.0,14.285714285714285,14.285714285714285,71.42857142857143
2030,0.269,1,0,10,9,10.0,2.69,10.0,20.0,40.0,30.0
2031,0.451,1,0,13,12,10.0,4.51,0.0,30.76923076923077,15.384615384615385,53.84615384615385
2032,0.56,1,0,11,10,10.0,5.6,0.0,27.27272727272727,36.36363636363637,36.36363636363637
2033,0.41,1,0,14,13,10.0,4.1,28.57142857142857,50.0,0.0,21.428571428571427
2034,0.33,1,0,12,11,10.0,3.3,0.0,58.333333333333336,0.0,41.66666666666667
2035,0.597,1,0,15,14,10.0,5.97,0.0,40.0,40.0,20.0
2036,0.548,1,0,15,14,10.0,5.48,0.0,33.33333333333333,60.0,6.666666666666667
2037,0.421,1,0,13,12,10.0,4.21,0.0,0.0,76.92307692307693,23.076923076923077
2038,0.472,1,0,11,10,10.0,4.72,0.0,9.090909090909092,72.72727272727273,18.181818181818183
2039,0.357,1,0,11,10,10.0,3.57,0.0,9.090909090909092,18.181818181818183,72.72727272727273
2040,0.613,1,0,14,13,10.0,6.13,0.0,7.142857142857142,64.28571428571429,28.57142857142857
2041,0.415,1,0,11,10,10.0,4.15,0.0,45.45454545454545,0.0,54.54545454545454
2042,0.268,1,0,8,7,9.0,2.68,0.0,50.0,25.0,25.0
2043,0.388,1,0,10,9,10.0,3.88,10.0,40.0,30.0,20.0
2044,0.518,1,0,12,11,10.0,5.18,8.333333333333332,25.0,41.66666666666667,25.0
2045,0.187,1,0,5,4,8.0,1.87,0.0,60.0,0.0,40.0
2046,0.395,1,0,10,9,9.0,3.95,10.0,50.0,0.0,40.0
2047,0.28,1,0,9,8,8.0,2.8,0.0,66.66666666666666,0.0,33.33333333333333
2048,0.29,1,0,9,8,10.0,2.9,0.0,44.44444444444444,22.22222222222222,33.33333333333333
2049,0.409,1,0,11,10,9.0,4.09,0.0,72.72727272727273,0.0,27.27272727272727
2050,0.412,1,0,11,10,10.0,4.12,27.27272727272727,0.0,9.090909090909092,63.63636363636363
2051,0.508,1,0,12,11,9.0,5.08,8.333333333333332,33.33333333333333,33.33333333333333,25.0
2052,0.453,1,0,12,11,10.0,4.53,16.666666666666664,16.666666666666664,33.33333333333333,33.33333333333333
2053,0.425,1,0,9,8,9.0,4.25,11.11111111111111,44.44444444444444,11.11111111111111,33.33333333333333
2054,0.453,1,0,12,11,10.0,4.53,0.0,50.0,25.0,25.0
2055,0.607,1,0,10,9,10.0,6.07,0.0,10.0,60.0,30.0
2056,0.515,1,0,14,13,10.0,5.15,0.0,42.857142857142854,35.714285714285715,21.428571428571427
2057,0.407,1,0,12,11,10.0,4.07,0.0,33.33333333333333,41.66666666666667,25.0
2058,0.424,1,0,14,13,10.0,4.24,0.0,57.14285714285714,35.714285714285715,7.142857142857142
2059,0.614,1,0,17,16,10.0,6.14,0.0,5.88235294117647,41.17647058823529,52.94117647058824
2060,0.42,1,0,12,11,9.0,4.2,0.0,50.0,33.33333333333333,16.666666666666664
2061,0.372,1,0,13,12,10.0,3.72,0.0,53.84615384615385,7.6923076923076925,38.46153846153847
2062,0.348,1,0,9,8,8.0,3.48,22.22222222222222,22.22222222222222,33.33333333333333,22.22222222222222
2063,0.412,1,0,14,13,9.0,4.12,7.142857142857142,57.14285714285714,28.57142857142857,7.142857142857142
2064,0.586,1,0,13,12,10.0,5.86,0.0,7.6923076923076925,76.92307692307693,15.384615384615385
2065,0.496,1,0,15,14,10.0,4.96,0.0,40.0,33.33333333333333,26.666666666666668
2066,0.326,1,0,11,10,10.0,3.26,0.0,36.36363636363637,36.36363636363637,27.27272727272727
2067,0.321,1,0,9,8,8.0,3.21,0.0,55.55555555555556,22.22222222222222,22.22222222222222
2068,0.466,1,0,12,11,10.0,4.66,0.0,58.333333333333336,25.0,16.666666666666664
2069,0.373,1,0,9,8,9.0,3.73,22.22222222222222,55.55555555555556,0.0,22.22222222222222
2070,0.557,1,0,13,12,10.0,5.57,0.0,7.6923076923076925,53.84615384615385,38.46153846153847
2071,0.386,1,0,10,9,10.0,3.86,0.0,60.0,10.0,30.0
2072,0.641,1,0,16,15,10.0,6.41,0.0,37.5,50.0,12.5
2073,0.508,1,0,14,13,10.0,5.08,0.0,21.428571428571427,28.57142857142857,50.0
2074,0.515,1,0,13,12,10.0,5.15,0.0,7.6923076923076925,38.46153846153847,53.84615384615385
2075,0.52,1,0,15,14,10.0,5.2,0.0,26.666666666666668,40.0,33.33333333333333
2076,0.414,1,0,13,12,10.0,4.14,0.0,30.76923076923077,46.15384615384615,23.076923076923077
2077,0.597,1,0,21,20,10.0,5.97,0.0,66.66666666666666,23.809523809523807,9.523809523809524
2078,0.472,1,0,11,10,10.0,4.72,0.0,27.27272727272727,36.36363636363637,36.36363636363637
2079,0.451,1,0,13,12,10.0,4.51,0.0,38.46153846153847,38.46153846153847,23.076923076923077
2080,0.581,1,0,12,11,10.0,5.81,0.0,16.666666666666664,66.66666666666666,16.666666666666664
2081,0.382,1,0,11,10,10.0,3.82,54.54545454545454,0.0,0.0,45.45454545454545
2082,0.31,1,0,7,6,10.0,3.1,0.0,42.857142857142854,28.57142857142857,28.57142857142857
2083,0.502,1,0,11,10,10.0,5.02,0.0,27.27272727272727,54.54545454545454,18.181818181818183
2084,0.482,1,0,13,12,9.0,4.82,0.0,0.0,69.23076923076923,30.76923076923077
2085,0.541,1,0,17,16,10.0,5.41,0.0,47.05882352941176,41.17647058823529,11.76470588235294
2086,0.379,1,0,12,11,9.0,3.79,0.0,8.333333333333332,66.66666666666666,25.0
2087,0.338,1,0,12,11,10.0,3.38,0.0,66.66666666666666,0.0,33.33333333333333
2088,0.677,1,0,16,15,10.0,6.77,12.5,12.5,62.5,12.5
2089,0.422,1,0,12,11,10.0,4.22,16.666666666666664,50.0,8.333333333333332,25.0
2090,0.404,1,0,6,5,9.0,4.04,0.0,16.666666666666664,33.33333333333333,50.0
2091,0.498,1,0,9,8,9.0,4.98,0.0,44.44444444444444,22.22222222222222,33.33333333333333
2092,0.559,1,0,16,15,9.0,5.59,0.0,6.25,75.0,18.75
2093,0.486,1,0,14,13,10.0,4.86,35.714285714285715,35.714285714285715,14.285714285714285,14.285714285714285
2094,0.45,1,0,12,11,9.0,4.5,0.0,25.0,33.33333333333333,41.66666666666667
2095,0.354,1,0,9,8,10.0,3.54,0.0,33.33333333333333,22.22222222222222,44.44444444444444
2096,0.42,1,0,8,7,10.0,4.2,0.0,25.0,25.0,50.0
2097,0.469,1,0,14,13,10.0,4.69,57.14285714285714,14.285714285714285,0.0,28.57142857142857
2098,0.388,1,0,9,8,8.0,3.88,0.0,0.0,55.55555555555556,44.44444444444444
2099,0.19,1,0,7,6,6.0,1.9,0.0,42.857142857142854,42.857142857142854,14.285714285714285
2100,0.536,1,0,11,10,9.0,5.36,0.0,18.181818181818183,36.36363636363637,45.45454545454545
SUMMARY,0.42181142857142906,2100,0,,,,,7.217119391207183,34.289673787748654,27.170397040788654,31.322809780255504
