episode,utilization,invalid_learned,invalid_attempted,boxes_attempted,placed_boxes,max_height,avg_height,perc_stacking,perc_best_fit,perc_semi_perfect_fit,perc_random_fit
1,0.595,1,0,12,11,10.0,5.95,16.666666666666664,33.33333333333333,25.0,25.0
2,0.38,1,0,13,12,10.0,3.8,15.384615384615385,15.384615384615385,61.53846153846154,7.6923076923076925
3,0.529,1,0,16,15,10.0,5.29,31.25,31.25,25.0,12.5
4,0.882,1,0,24,23,10.0,8.82,12.5,37.5,20.833333333333336,29.166666666666668
5,0.63,1,0,18,17,10.0,6.3,22.22222222222222,38.88888888888889,27.77777777777778,11.11111111111111
6,0.724,1,0,25,24,10.0,7.24,16.0,24.0,32.0,28.000000000000004
7,0.516,1,0,13,12,10.0,5.16,23.076923076923077,23.076923076923077,23.076923076923077,30.76923076923077
8,0.62,1,0,15,14,10.0,6.2,13.333333333333334,40.0,33.33333333333333,13.333333333333334
9,0.71,1,0,14,13,10.0,7.1,21.428571428571427,21.428571428571427,35.714285714285715,21.428571428571427
10,0.676,1,0,25,24,10.0,6.76,24.0,28.000000000000004,36.0,12.0
11,0.55,1,0,13,12,10.0,5.5,23.076923076923077,23.076923076923077,15.384615384615385,38.46153846153847
12,0.58,1,0,9,8,10.0,5.8,22.22222222222222,55.55555555555556,22.22222222222222,0.0
13,0.575,1,0,10,9,10.0,5.75,40.0,20.0,10.0,30.0
14,0.698,1,0,20,19,10.0,6.98,10.0,45.0,15.0,30.0
15,0.704,1,0,22,21,10.0,7.04,13.636363636363635,27.27272727272727,22.727272727272727,36.36363636363637
16,0.598,1,0,18,17,10.0,5.98,16.666666666666664,22.22222222222222,44.44444444444444,16.666666666666664
17,0.598,1,0,18,17,10.0,5.98,22.22222222222222,22.22222222222222,44.44444444444444,11.11111111111111
18,0.721,1,0,21,20,10.0,7.21,23.809523809523807,33.33333333333333,28.57142857142857,14.285714285714285
19,0.562,1,0,24,23,10.0,5.62,25.0,25.0,29.166666666666668,20.833333333333336
20,0.593,1,0,15,14,10.0,5.93,13.333333333333334,46.666666666666664,26.666666666666668,13.333333333333334
21,0.78,1,0,15,14,10.0,7.8,6.666666666666667,46.666666666666664,33.33333333333333,13.333333333333334
22,0.582,1,0,18,17,10.0,5.82,38.88888888888889,11.11111111111111,16.666666666666664,33.33333333333333
23,0.631,1,0,22,21,10.0,6.31,27.27272727272727,22.727272727272727,31.818181818181817,18.181818181818183
24,0.487,1,0,12,11,10.0,4.87,41.66666666666667,41.66666666666667,16.666666666666664,0.0
25,0.74,1,0,17,16,10.0,7.4,52.94117647058824,11.76470588235294,17.647058823529413,17.647058823529413
26,0.47,1,0,14,13,10.0,4.7,21.428571428571427,50.0,14.285714285714285,14.285714285714285
27,0.75,1,0,14,13,10.0,7.5,28.57142857142857,21.428571428571427,28.57142857142857,21.428571428571427
28,0.6,1,0,20,19,10.0,6.0,30.0,25.0,15.0,30.0
29,0.68,1,0,24,23,10.0,6.8,25.0,29.166666666666668,20.833333333333336,25.0
30,0.76,1,0,18,17,10.0,7.6,22.22222222222222,38.88888888888889,16.666666666666664,22.22222222222222
31,0.72,1,0,24,23,10.0,7.2,12.5,45.83333333333333,33.33333333333333,8.333333333333332
32,0.7,1,0,25,24,10.0,7.0,32.0,28.000000000000004,20.0,20.0
33,0.635,1,0,14,13,10.0,6.35,21.428571428571427,21.428571428571427,0.0,57.14285714285714
34,0.546,1,0,15,14,10.0,5.46,13.333333333333334,26.666666666666668,33.33333333333333,26.666666666666668
35,0.6,1,0,16,15,10.0,6.0,31.25,43.75,25.0,0.0
36,0.745,1,0,21,20,10.0,7.45,14.285714285714285,19.047619047619047,33.33333333333333,33.33333333333333
37,0.592,1,0,23,22,10.0,5.92,30.434782608695656,30.434782608695656,13.043478260869565,26.08695652173913
38,0.6,1,0,19,18,10.0,6.0,21.052631578947366,15.789473684210526,26.31578947368421,36.84210526315789
39,0.592,1,0,14,13,10.0,5.92,14.285714285714285,35.714285714285715,21.428571428571427,28.57142857142857
40,0.6,1,0,17,16,10.0,6.0,41.17647058823529,35.294117647058826,5.88235294117647,17.647058823529413
41,0.7,1,0,15,14,10.0,7.0,33.33333333333333,6.666666666666667,33.33333333333333,26.666666666666668
42,0.795,1,0,22,21,10.0,7.95,27.27272727272727,31.818181818181817,18.181818181818183,22.727272727272727
43,0.631,1,0,15,14,10.0,6.31,20.0,40.0,26.666666666666668,13.333333333333334
44,0.718,1,0,24,23,10.0,7.18,33.33333333333333,12.5,20.833333333333336,33.33333333333333
45,0.62,1,0,19,18,10.0,6.2,31.57894736842105,47.368421052631575,10.526315789473683,10.526315789473683
46,0.738,1,0,27,26,10.0,7.38,29.629629629629626,18.51851851851852,44.44444444444444,7.4074074074074066
47,0.656,1,0,16,15,10.0,6.56,25.0,25.0,18.75,31.25
48,0.612,1,0,21,20,10.0,6.12,19.047619047619047,33.33333333333333,19.047619047619047,28.57142857142857
49,0.34,1,0,9,8,10.0,3.4,33.33333333333333,33.33333333333333,11.11111111111111,22.22222222222222
50,0.64,1,0,24,23,10.0,6.4,29.166666666666668,25.0,25.0,20.833333333333336
51,0.458,1,0,15,14,10.0,4.58,33.33333333333333,20.0,13.333333333333334,33.33333333333333
52,0.504,1,0,14,13,10.0,5.04,35.714285714285715,14.285714285714285,14.285714285714285,35.714285714285715
53,0.652,1,0,16,15,10.0,6.52,12.5,25.0,31.25,31.25
54,0.54,1,0,13,12,10.0,5.4,23.076923076923077,23.076923076923077,7.6923076923076925,46.15384615384615
55,0.461,1,0,12,11,10.0,4.61,58.333333333333336,33.33333333333333,0.0,8.333333333333332
56,0.545,1,0,19,18,10.0,5.45,36.84210526315789,21.052631578947366,26.31578947368421,15.789473684210526
57,0.668,1,0,15,14,10.0,6.68,40.0,13.333333333333334,20.0,26.666666666666668
58,0.632,1,0,19,18,10.0,6.32,52.63157894736842,21.052631578947366,5.263157894736842,21.052631578947366
59,0.72,1,0,24,23,10.0,7.2,25.0,20.833333333333336,25.0,29.166666666666668
60,0.76,1,0,18,17,10.0,7.6,44.44444444444444,16.666666666666664,5.555555555555555,33.33333333333333
61,0.72,1,0,22,21,10.0,7.2,40.909090909090914,22.727272727272727,22.727272727272727,13.636363636363635
62,0.77,1,0,20,19,10.0,7.7,15.0,15.0,20.0,50.0
63,0.424,1,0,11,10,10.0,4.24,27.27272727272727,9.090909090909092,27.27272727272727,36.36363636363637
64,0.62,1,0,12,11,10.0,6.2,41.66666666666667,16.666666666666664,25.0,16.666666666666664
65,0.492,1,0,16,15,10.0,4.92,25.0,31.25,12.5,31.25
66,0.695,1,0,13,12,10.0,6.95,30.76923076923077,30.76923076923077,15.384615384615385,23.076923076923077
67,0.7,1,0,15,14,10.0,7.0,33.33333333333333,20.0,33.33333333333333,13.333333333333334
68,0.632,1,0,17,16,10.0,6.32,23.52941176470588,47.05882352941176,11.76470588235294,17.647058823529413
69,0.655,1,0,13,12,10.0,6.55,46.15384615384615,7.6923076923076925,15.384615384615385,30.76923076923077
70,0.752,1,0,21,20,10.0,7.52,9.523809523809524,19.047619047619047,23.809523809523807,47.61904761904761
71,0.657,1,0,20,19,10.0,6.57,15.0,30.0,10.0,45.0
72,0.61,1,0,16,15,10.0,6.1,31.25,25.0,6.25,37.5
73,0.538,1,0,17,16,10.0,5.38,52.94117647058824,23.52941176470588,5.88235294117647,17.647058823529413
74,0.68,1,0,16,15,10.0,6.8,62.5,18.75,6.25,12.5
75,0.65,1,0,12,11,10.0,6.5,33.33333333333333,41.66666666666667,16.666666666666664,8.333333333333332
76,0.668,1,0,22,21,10.0,6.68,9.090909090909092,31.818181818181817,31.818181818181817,27.27272727272727
77,0.575,1,0,12,11,10.0,5.75,25.0,16.666666666666664,33.33333333333333,25.0
78,0.577,1,0,14,13,10.0,5.77,14.285714285714285,50.0,0.0,35.714285714285715
79,0.656,1,0,26,25,10.0,6.56,23.076923076923077,23.076923076923077,7.6923076923076925,46.15384615384615
80,0.42,1,0,14,13,10.0,4.2,57.14285714285714,7.142857142857142,21.428571428571427,14.285714285714285
81,0.76,1,0,16,15,10.0,7.6,18.75,25.0,25.0,31.25
82,0.57,1,0,13,12,10.0,5.7,7.6923076923076925,38.46153846153847,7.6923076923076925,46.15384615384615
83,0.576,1,0,16,15,10.0,5.76,12.5,31.25,6.25,50.0
84,0.628,1,0,18,17,10.0,6.28,22.22222222222222,27.77777777777778,27.77777777777778,22.22222222222222
85,0.754,1,0,20,19,10.0,7.54,10.0,60.0,15.0,15.0
86,0.594,1,0,18,17,10.0,5.94,16.666666666666664,50.0,27.77777777777778,5.555555555555555
87,0.755,1,0,12,11,10.0,7.55,33.33333333333333,41.66666666666667,0.0,25.0
88,0.624,1,0,20,19,10.0,6.24,10.0,40.0,25.0,25.0
89,0.384,1,0,11,10,9.0,3.84,18.181818181818183,18.181818181818183,45.45454545454545,18.181818181818183
90,0.4,1,0,7,6,10.0,4.0,14.285714285714285,28.57142857142857,42.857142857142854,14.285714285714285
91,0.46,1,0,15,14,10.0,4.6,20.0,33.33333333333333,20.0,26.666666666666668
92,0.598,1,0,14,13,10.0,5.98,28.57142857142857,21.428571428571427,21.428571428571427,28.57142857142857
93,0.592,1,0,19,18,10.0,5.92,5.263157894736842,42.10526315789473,36.84210526315789,15.789473684210526
94,0.535,1,0,21,20,10.0,5.35,14.285714285714285,23.809523809523807,28.57142857142857,33.33333333333333
95,0.568,1,0,18,17,10.0,5.68,5.555555555555555,55.55555555555556,27.77777777777778,11.11111111111111
96,0.575,1,0,10,9,10.0,5.75,30.0,30.0,30.0,10.0
97,0.756,1,0,19,18,10.0,7.56,10.526315789473683,31.57894736842105,31.57894736842105,26.31578947368421
98,0.696,1,0,17,16,10.0,6.96,11.76470588235294,29.411764705882355,41.17647058823529,17.647058823529413
99,0.736,1,0,25,24,10.0,7.36,8.0,20.0,52.0,20.0
100,0.556,1,0,14,13,10.0,5.56,7.142857142857142,28.57142857142857,50.0,14.285714285714285
101,0.744,1,0,24,23,10.0,7.44,25.0,20.833333333333336,25.0,29.166666666666668
102,0.608,1,0,23,22,10.0,6.08,26.08695652173913,13.043478260869565,39.130434782608695,21.73913043478261
103,0.7,1,0,30,29,10.0,7.0,23.333333333333332,26.666666666666668,40.0,10.0
104,0.661,1,0,15,14,10.0,6.61,6.666666666666667,40.0,46.666666666666664,6.666666666666667
105,0.76,1,0,25,24,10.0,7.6,16.0,24.0,48.0,12.0
106,0.712,1,0,32,31,10.0,7.12,18.75,18.75,46.875,15.625
107,0.442,1,0,13,12,10.0,4.42,7.6923076923076925,23.076923076923077,46.15384615384615,23.076923076923077
108,0.68,1,0,20,19,10.0,6.8,15.0,60.0,15.0,10.0
109,0.728,1,0,16,15,10.0,7.28,6.25,50.0,25.0,18.75
110,0.5,1,0,9,8,10.0,5.0,11.11111111111111,33.33333333333333,44.44444444444444,11.11111111111111
111,0.79,1,0,25,24,10.0,7.9,20.0,24.0,40.0,16.0
112,0.642,1,0,19,18,10.0,6.42,26.31578947368421,26.31578947368421,21.052631578947366,26.31578947368421
113,0.6,1,0,18,17,10.0,6.0,0.0,22.22222222222222,33.33333333333333,44.44444444444444
114,0.76,1,0,28,27,10.0,7.6,17.857142857142858,53.57142857142857,14.285714285714285,14.285714285714285
115,0.814,1,0,27,26,10.0,8.14,14.814814814814813,22.22222222222222,29.629629629629626,33.33333333333333
116,0.896,1,0,24,23,10.0,8.96,12.5,54.166666666666664,12.5,20.833333333333336
117,0.76,1,0,15,14,10.0,7.6,13.333333333333334,66.66666666666666,0.0,20.0
118,0.6,1,0,17,16,10.0,6.0,17.647058823529413,17.647058823529413,17.647058823529413,47.05882352941176
119,0.73,1,0,20,19,10.0,7.3,5.0,30.0,35.0,30.0
120,0.464,1,0,15,14,10.0,4.64,13.333333333333334,20.0,13.333333333333334,53.333333333333336
121,0.672,1,0,17,16,10.0,6.72,11.76470588235294,58.82352941176471,5.88235294117647,23.52941176470588
122,0.608,1,0,20,19,10.0,6.08,10.0,45.0,25.0,20.0
123,0.536,1,0,14,13,10.0,5.36,14.285714285714285,28.57142857142857,21.428571428571427,35.714285714285715
124,0.42,1,0,12,11,10.0,4.2,8.333333333333332,33.33333333333333,25.0,33.33333333333333
125,0.375,1,0,14,13,10.0,3.75,35.714285714285715,21.428571428571427,21.428571428571427,21.428571428571427
126,0.608,1,0,15,14,10.0,6.08,46.666666666666664,13.333333333333334,26.666666666666668,13.333333333333334
127,0.636,1,0,13,12,10.0,6.36,7.6923076923076925,30.76923076923077,23.076923076923077,38.46153846153847
128,0.308,1,0,9,8,9.0,3.08,55.55555555555556,0.0,22.22222222222222,22.22222222222222
129,0.644,1,0,17,16,10.0,6.44,5.88235294117647,23.52941176470588,52.94117647058824,17.647058823529413
130,0.618,1,0,17,16,10.0,6.18,17.647058823529413,41.17647058823529,29.411764705882355,11.76470588235294
131,0.62,1,0,13,12,10.0,6.2,15.384615384615385,38.46153846153847,38.46153846153847,7.6923076923076925
132,0.724,1,0,24,23,10.0,7.24,20.833333333333336,33.33333333333333,33.33333333333333,12.5
133,0.75,1,0,15,14,10.0,7.5,20.0,20.0,33.33333333333333,26.666666666666668
134,0.464,1,0,18,17,10.0,4.64,11.11111111111111,33.33333333333333,27.77777777777778,27.77777777777778
135,0.537,1,0,14,13,10.0,5.37,7.142857142857142,21.428571428571427,50.0,21.428571428571427
136,0.797,1,0,25,24,10.0,7.97,12.0,40.0,32.0,16.0
137,0.54,1,0,10,9,10.0,5.4,20.0,60.0,10.0,10.0
138,0.672,1,0,24,23,10.0,6.72,25.0,41.66666666666667,20.833333333333336,12.5
139,0.585,1,0,16,15,10.0,5.85,25.0,37.5,25.0,12.5
140,0.65,1,0,13,12,10.0,6.5,0.0,23.076923076923077,7.6923076923076925,69.23076923076923
141,0.495,1,0,14,13,10.0,4.95,14.285714285714285,35.714285714285715,21.428571428571427,28.57142857142857
142,0.592,1,0,18,17,10.0,5.92,22.22222222222222,44.44444444444444,22.22222222222222,11.11111111111111
143,0.712,1,0,32,31,10.0,7.12,25.0,34.375,21.875,18.75
144,0.492,1,0,14,13,9.0,4.92,21.428571428571427,50.0,14.285714285714285,14.285714285714285
145,0.78,1,0,15,14,10.0,7.8,20.0,53.333333333333336,20.0,6.666666666666667
146,0.774,1,0,18,17,10.0,7.74,0.0,27.77777777777778,50.0,22.22222222222222
147,0.55,1,0,11,10,10.0,5.5,9.090909090909092,18.181818181818183,36.36363636363637,36.36363636363637
148,0.758,1,0,22,21,10.0,7.58,22.727272727272727,22.727272727272727,9.090909090909092,45.45454545454545
149,0.6,1,0,20,19,10.0,6.0,20.0,20.0,30.0,30.0
150,0.637,1,0,22,21,10.0,6.37,13.636363636363635,59.09090909090909,4.545454545454546,22.727272727272727
151,0.718,1,0,22,21,10.0,7.18,9.090909090909092,27.27272727272727,59.09090909090909,4.545454545454546
152,0.55,1,0,12,11,10.0,5.5,0.0,41.66666666666667,0.0,58.333333333333336
153,0.554,1,0,19,18,10.0,5.54,42.10526315789473,15.789473684210526,5.263157894736842,36.84210526315789
154,0.53,1,0,9,8,10.0,5.3,0.0,55.55555555555556,0.0,44.44444444444444
155,0.571,1,0,20,19,10.0,5.71,10.0,45.0,25.0,20.0
156,0.73,1,0,12,11,10.0,7.3,8.333333333333332,25.0,41.66666666666667,25.0
157,0.4,1,0,12,11,10.0,4.0,8.333333333333332,58.333333333333336,8.333333333333332,25.0
158,0.507,1,0,14,13,10.0,5.07,21.428571428571427,35.714285714285715,21.428571428571427,21.428571428571427
159,0.551,1,0,16,15,10.0,5.51,0.0,43.75,12.5,43.75
160,0.606,1,0,13,12,10.0,6.06,7.6923076923076925,53.84615384615385,38.46153846153847,0.0
161,0.58,1,0,12,11,10.0,5.8,16.666666666666664,58.333333333333336,25.0,0.0
162,0.71,1,0,18,17,10.0,7.1,5.555555555555555,55.55555555555556,16.666666666666664,22.22222222222222
163,0.623,1,0,18,17,10.0,6.23,22.22222222222222,11.11111111111111,33.33333333333333,33.33333333333333
164,0.808,1,0,23,22,10.0,8.08,21.73913043478261,30.434782608695656,13.043478260869565,34.78260869565217
165,0.682,1,0,15,14,10.0,6.82,0.0,80.0,6.666666666666667,13.333333333333334
166,0.767,1,0,17,16,10.0,7.67,35.294117647058826,17.647058823529413,0.0,47.05882352941176
167,0.698,1,0,18,17,10.0,6.98,22.22222222222222,50.0,0.0,27.77777777777778
168,0.684,1,0,17,16,10.0,6.84,17.647058823529413,58.82352941176471,0.0,23.52941176470588
169,0.688,1,0,19,18,10.0,6.88,42.10526315789473,5.263157894736842,26.31578947368421,26.31578947368421
170,0.725,1,0,16,15,10.0,7.25,18.75,43.75,25.0,12.5
171,0.68,1,0,13,12,10.0,6.8,61.53846153846154,23.076923076923077,7.6923076923076925,7.6923076923076925
172,0.7,1,0,17,16,10.0,7.0,29.411764705882355,35.294117647058826,17.647058823529413,17.647058823529413
173,0.688,1,0,21,20,10.0,6.88,14.285714285714285,38.095238095238095,33.33333333333333,14.285714285714285
174,0.716,1,0,20,19,10.0,7.16,15.0,40.0,35.0,10.0
175,0.386,1,0,14,13,10.0,3.86,7.142857142857142,21.428571428571427,64.28571428571429,7.142857142857142
176,0.698,1,0,15,14,10.0,6.98,13.333333333333334,33.33333333333333,33.33333333333333,20.0
177,0.422,1,0,11,10,10.0,4.22,45.45454545454545,27.27272727272727,9.090909090909092,18.181818181818183
178,0.522,1,0,14,13,10.0,5.22,42.857142857142854,14.285714285714285,35.714285714285715,7.142857142857142
179,0.7,1,0,24,23,10.0,7.0,12.5,54.166666666666664,33.33333333333333,0.0
180,0.596,1,0,24,23,10.0,5.96,25.0,12.5,45.83333333333333,16.666666666666664
181,0.672,1,0,23,22,10.0,6.72,13.043478260869565,52.17391304347826,13.043478260869565,21.73913043478261
182,0.588,1,0,20,19,10.0,5.88,20.0,30.0,25.0,25.0
183,0.688,1,0,21,20,10.0,6.88,47.61904761904761,33.33333333333333,9.523809523809524,9.523809523809524
184,0.616,1,0,20,19,10.0,6.16,25.0,45.0,25.0,5.0
185,0.728,1,0,19,18,10.0,7.28,10.526315789473683,15.789473684210526,57.89473684210527,15.789473684210526
186,0.535,1,0,9,8,10.0,5.35,44.44444444444444,33.33333333333333,11.11111111111111,11.11111111111111
187,0.844,1,0,24,23,10.0,8.44,20.833333333333336,45.83333333333333,29.166666666666668,4.166666666666666
188,0.52,1,0,14,13,10.0,5.2,50.0,14.285714285714285,28.57142857142857,7.142857142857142
189,0.588,1,0,18,17,10.0,5.88,44.44444444444444,0.0,44.44444444444444,11.11111111111111
190,0.48,1,0,12,11,10.0,4.8,41.66666666666667,25.0,8.333333333333332,25.0
191,0.458,1,0,12,11,9.0,4.58,58.333333333333336,8.333333333333332,8.333333333333332,25.0
192,0.704,1,0,20,19,10.0,7.04,45.0,40.0,10.0,5.0
193,0.436,1,0,12,11,10.0,4.36,25.0,41.66666666666667,8.333333333333332,25.0
194,0.66,1,0,18,17,10.0,6.6,27.77777777777778,38.88888888888889,22.22222222222222,11.11111111111111
195,0.6,1,0,17,16,10.0,6.0,29.411764705882355,29.411764705882355,23.52941176470588,17.647058823529413
196,0.616,1,0,24,23,10.0,6.16,29.166666666666668,29.166666666666668,20.833333333333336,20.833333333333336
197,0.67,1,0,22,21,10.0,6.7,13.636363636363635,27.27272727272727,31.818181818181817,27.27272727272727
198,0.848,1,0,20,19,10.0,8.48,15.0,30.0,25.0,30.0
199,0.719,1,0,20,19,10.0,7.19,30.0,45.0,25.0,0.0
200,0.68,1,0,21,20,10.0,6.8,19.047619047619047,52.38095238095239,0.0,28.57142857142857
201,0.784,1,0,25,24,10.0,7.84,16.0,40.0,16.0,28.000000000000004
202,0.65,1,0,12,11,10.0,6.5,41.66666666666667,16.666666666666664,25.0,16.666666666666664
203,0.596,1,0,16,15,10.0,5.96,6.25,62.5,6.25,25.0
204,0.446,1,0,10,9,10.0,4.46,10.0,60.0,10.0,20.0
205,0.444,1,0,12,11,10.0,4.44,25.0,41.66666666666667,16.666666666666664,16.666666666666664
206,0.76,1,0,18,17,10.0,7.6,27.77777777777778,38.88888888888889,33.33333333333333,0.0
207,0.579,1,0,18,17,10.0,5.79,22.22222222222222,11.11111111111111,55.55555555555556,11.11111111111111
208,0.48,1,0,13,12,10.0,4.8,53.84615384615385,23.076923076923077,23.076923076923077,0.0
209,0.74,1,0,16,15,10.0,7.4,12.5,37.5,43.75,6.25
210,0.73,1,0,12,11,10.0,7.3,8.333333333333332,83.33333333333334,0.0,8.333333333333332
211,0.68,1,0,10,9,10.0,6.8,40.0,50.0,0.0,10.0
212,0.632,1,0,22,21,10.0,6.32,27.27272727272727,18.181818181818183,27.27272727272727,27.27272727272727
213,0.524,1,0,15,14,10.0,5.24,20.0,33.33333333333333,33.33333333333333,13.333333333333334
214,0.56,1,0,12,11,10.0,5.6,75.0,8.333333333333332,8.333333333333332,8.333333333333332
215,0.51,1,0,17,16,10.0,5.1,17.647058823529413,0.0,17.647058823529413,64.70588235294117
216,0.9,1,0,22,21,10.0,9.0,27.27272727272727,22.727272727272727,45.45454545454545,4.545454545454546
217,0.66,1,0,22,21,10.0,6.6,13.636363636363635,50.0,31.818181818181817,4.545454545454546
218,0.602,1,0,19,18,10.0,6.02,15.789473684210526,47.368421052631575,26.31578947368421,10.526315789473683
219,0.6,1,0,17,16,10.0,6.0,5.88235294117647,64.70588235294117,11.76470588235294,17.647058823529413
220,0.562,1,0,17,16,10.0,5.62,23.52941176470588,23.52941176470588,35.294117647058826,17.647058823529413
221,0.41,1,0,8,7,10.0,4.1,12.5,87.5,0.0,0.0
222,0.398,1,0,11,10,10.0,3.98,36.36363636363637,54.54545454545454,0.0,9.090909090909092
223,0.572,1,0,16,15,10.0,5.72,12.5,12.5,18.75,56.25
224,0.66,1,0,18,17,10.0,6.6,11.11111111111111,11.11111111111111,27.77777777777778,50.0
225,0.764,1,0,23,22,10.0,7.64,21.73913043478261,17.391304347826086,13.043478260869565,47.82608695652174
226,0.64,1,0,24,23,10.0,6.4,58.333333333333336,12.5,8.333333333333332,20.833333333333336
227,0.605,1,0,15,14,10.0,6.05,40.0,20.0,20.0,20.0
228,0.664,1,0,18,17,10.0,6.64,50.0,27.77777777777778,5.555555555555555,16.666666666666664
229,0.502,1,0,15,14,10.0,5.02,13.333333333333334,13.333333333333334,6.666666666666667,66.66666666666666
230,0.632,1,0,18,17,10.0,6.32,22.22222222222222,11.11111111111111,11.11111111111111,55.55555555555556
231,0.672,1,0,25,24,10.0,6.72,64.0,8.0,8.0,20.0
232,0.645,1,0,11,10,10.0,6.45,45.45454545454545,9.090909090909092,18.181818181818183,27.27272727272727
233,0.532,1,0,15,14,10.0,5.32,40.0,13.333333333333334,33.33333333333333,13.333333333333334
234,0.756,1,0,22,21,10.0,7.56,27.27272727272727,9.090909090909092,40.909090909090914,22.727272727272727
235,0.483,1,0,13,12,10.0,4.83,15.384615384615385,23.076923076923077,46.15384615384615,15.384615384615385
236,0.57,1,0,17,16,10.0,5.7,29.411764705882355,29.411764705882355,29.411764705882355,11.76470588235294
237,0.548,1,0,15,14,10.0,5.48,46.666666666666664,6.666666666666667,46.666666666666664,0.0
238,0.698,1,0,18,17,10.0,6.98,33.33333333333333,11.11111111111111,50.0,5.555555555555555
239,0.564,1,0,19,18,10.0,5.64,31.57894736842105,21.052631578947366,42.10526315789473,5.263157894736842
240,0.52,1,0,16,15,10.0,5.2,6.25,31.25,62.5,0.0
241,0.66,1,0,17,16,10.0,6.6,47.05882352941176,23.52941176470588,11.76470588235294,17.647058823529413
242,0.646,1,0,18,17,10.0,6.46,11.11111111111111,77.77777777777779,5.555555555555555,5.555555555555555
243,0.504,1,0,10,9,10.0,5.04,40.0,30.0,30.0,0.0
244,0.452,1,0,16,15,10.0,4.52,56.25,12.5,25.0,6.25
245,0.646,1,0,18,17,10.0,6.46,33.33333333333333,11.11111111111111,38.88888888888889,16.666666666666664
246,0.652,1,0,23,22,10.0,6.52,56.52173913043478,17.391304347826086,17.391304347826086,8.695652173913043
247,0.6,1,0,13,12,10.0,6.0,69.23076923076923,0.0,23.076923076923077,7.6923076923076925
248,0.65,1,0,17,16,10.0,6.5,58.82352941176471,5.88235294117647,5.88235294117647,29.411764705882355
249,0.661,1,0,20,19,10.0,6.61,50.0,30.0,10.0,10.0
250,0.75,1,0,20,19,10.0,7.5,40.0,5.0,40.0,15.0
251,0.553,1,0,23,22,10.0,5.53,30.434782608695656,60.86956521739131,8.695652173913043,0.0
252,0.62,1,0,17,16,10.0,6.2,17.647058823529413,64.70588235294117,11.76470588235294,5.88235294117647
253,0.806,1,0,24,23,10.0,8.06,58.333333333333336,29.166666666666668,0.0,12.5
254,0.71,1,0,13,12,10.0,7.1,38.46153846153847,53.84615384615385,7.6923076923076925,0.0
255,0.686,1,0,24,23,10.0,6.86,29.166666666666668,4.166666666666666,33.33333333333333,33.33333333333333
256,0.552,1,0,15,14,10.0,5.52,60.0,40.0,0.0,0.0
257,0.586,1,0,18,17,10.0,5.86,33.33333333333333,16.666666666666664,44.44444444444444,5.555555555555555
258,0.7,1,0,21,20,10.0,7.0,28.57142857142857,52.38095238095239,14.285714285714285,4.761904761904762
259,0.78,1,0,15,14,10.0,7.8,20.0,40.0,26.666666666666668,13.333333333333334
260,0.62,1,0,16,15,10.0,6.2,6.25,68.75,25.0,0.0
261,0.64,1,0,21,20,10.0,6.4,23.809523809523807,23.809523809523807,38.095238095238095,14.285714285714285
262,0.516,1,0,19,18,10.0,5.16,15.789473684210526,21.052631578947366,47.368421052631575,15.789473684210526
263,0.664,1,0,18,17,10.0,6.64,27.77777777777778,33.33333333333333,22.22222222222222,16.666666666666664
264,0.492,1,0,15,14,9.0,4.92,33.33333333333333,40.0,0.0,26.666666666666668
265,0.74,1,0,15,14,10.0,7.4,26.666666666666668,6.666666666666667,20.0,46.666666666666664
266,0.528,1,0,15,14,10.0,5.28,46.666666666666664,6.666666666666667,26.666666666666668,20.0
267,0.36,1,0,11,10,10.0,3.6,27.27272727272727,0.0,9.090909090909092,63.63636363636363
268,0.609,1,0,19,18,10.0,6.09,15.789473684210526,26.31578947368421,36.84210526315789,21.052631578947366
269,0.7,1,0,20,19,10.0,7.0,5.0,5.0,35.0,55.00000000000001
270,0.768,1,0,21,20,10.0,7.68,19.047619047619047,52.38095238095239,4.761904761904762,23.809523809523807
271,0.504,1,0,13,12,10.0,5.04,23.076923076923077,30.76923076923077,7.6923076923076925,38.46153846153847
272,0.563,1,0,15,14,10.0,5.63,13.333333333333334,6.666666666666667,73.33333333333333,6.666666666666667
273,0.57,1,0,16,15,10.0,5.7,18.75,31.25,37.5,12.5
274,0.685,1,0,19,18,10.0,6.85,5.263157894736842,68.42105263157895,15.789473684210526,10.526315789473683
275,0.61,1,0,18,17,10.0,6.1,50.0,16.666666666666664,33.33333333333333,0.0
276,0.6,1,0,23,22,10.0,6.0,13.043478260869565,13.043478260869565,65.21739130434783,8.695652173913043
277,0.66,1,0,15,14,10.0,6.6,6.666666666666667,13.333333333333334,73.33333333333333,6.666666666666667
278,0.654,1,0,18,17,10.0,6.54,11.11111111111111,22.22222222222222,61.111111111111114,5.555555555555555
279,0.625,1,0,16,15,10.0,6.25,12.5,18.75,62.5,6.25
280,0.324,1,0,7,6,10.0,3.24,14.285714285714285,0.0,85.71428571428571,0.0
281,0.8,1,0,27,26,10.0,8.0,25.925925925925924,11.11111111111111,62.96296296296296,0.0
282,0.438,1,0,14,13,10.0,4.38,14.285714285714285,0.0,85.71428571428571,0.0
283,0.52,1,0,16,15,10.0,5.2,31.25,6.25,56.25,6.25
284,0.716,1,0,19,18,10.0,7.16,42.10526315789473,26.31578947368421,26.31578947368421,5.263157894736842
285,0.745,1,0,13,12,10.0,7.45,23.076923076923077,30.76923076923077,30.76923076923077,15.384615384615385
286,0.593,1,0,17,16,10.0,5.93,35.294117647058826,5.88235294117647,52.94117647058824,5.88235294117647
287,0.534,1,0,19,18,10.0,5.34,47.368421052631575,15.789473684210526,26.31578947368421,10.526315789473683
288,0.764,1,0,24,23,10.0,7.64,20.833333333333336,4.166666666666666,54.166666666666664,20.833333333333336
289,0.645,1,0,13,12,10.0,6.45,46.15384615384615,30.76923076923077,15.384615384615385,7.6923076923076925
290,0.61,1,0,13,12,10.0,6.1,46.15384615384615,7.6923076923076925,30.76923076923077,15.384615384615385
291,0.71,1,0,15,14,10.0,7.1,53.333333333333336,13.333333333333334,26.666666666666668,6.666666666666667
292,0.46,1,0,15,14,10.0,4.6,40.0,6.666666666666667,6.666666666666667,46.666666666666664
293,0.7,1,0,19,18,10.0,7.0,10.526315789473683,63.1578947368421,5.263157894736842,21.052631578947366
294,0.74,1,0,16,15,10.0,7.4,18.75,37.5,0.0,43.75
295,0.532,1,0,13,12,10.0,5.32,38.46153846153847,53.84615384615385,0.0,7.6923076923076925
296,0.658,1,0,19,18,10.0,6.58,15.789473684210526,26.31578947368421,31.57894736842105,26.31578947368421
297,0.624,1,0,16,15,10.0,6.24,25.0,56.25,12.5,6.25
298,0.6,1,0,14,13,10.0,6.0,21.428571428571427,0.0,78.57142857142857,0.0
299,0.652,1,0,21,20,10.0,6.52,19.047619047619047,9.523809523809524,19.047619047619047,52.38095238095239
300,0.664,1,0,20,19,10.0,6.64,15.0,5.0,5.0,75.0
301,0.452,1,0,16,15,10.0,4.52,18.75,6.25,62.5,12.5
302,0.526,1,0,12,11,9.0,5.26,58.333333333333336,16.666666666666664,25.0,0.0
303,0.88,1,0,22,21,10.0,8.8,36.36363636363637,50.0,13.636363636363635,0.0
304,0.512,1,0,16,15,10.0,5.12,31.25,62.5,6.25,0.0
305,0.6,1,0,12,11,10.0,6.0,8.333333333333332,66.66666666666666,0.0,25.0
306,0.595,1,0,16,15,10.0,5.95,6.25,56.25,31.25,6.25
307,0.55,1,0,12,11,10.0,5.5,16.666666666666664,83.33333333333334,0.0,0.0
308,0.647,1,0,18,17,10.0,6.47,55.55555555555556,33.33333333333333,11.11111111111111,0.0
309,0.432,1,0,12,11,10.0,4.32,8.333333333333332,50.0,0.0,41.66666666666667
310,0.445,1,0,13,12,10.0,4.45,46.15384615384615,30.76923076923077,7.6923076923076925,15.384615384615385
311,0.639,1,0,17,16,10.0,6.39,11.76470588235294,29.411764705882355,0.0,58.82352941176471
312,0.72,1,0,25,24,10.0,7.2,44.0,8.0,20.0,28.000000000000004
313,0.744,1,0,18,17,10.0,7.44,94.44444444444444,5.555555555555555,0.0,0.0
314,0.746,1,0,20,19,10.0,7.46,55.00000000000001,5.0,15.0,25.0
315,0.824,1,0,23,22,10.0,8.24,13.043478260869565,8.695652173913043,34.78260869565217,43.47826086956522
316,0.52,1,0,17,16,10.0,5.2,41.17647058823529,35.294117647058826,17.647058823529413,5.88235294117647
317,0.6,1,0,14,13,10.0,6.0,21.428571428571427,14.285714285714285,35.714285714285715,28.57142857142857
318,0.797,1,0,15,14,10.0,7.97,46.666666666666664,33.33333333333333,13.333333333333334,6.666666666666667
319,0.5,1,0,10,9,10.0,5.0,20.0,20.0,30.0,30.0
320,0.69,1,0,23,22,10.0,6.9,43.47826086956522,30.434782608695656,8.695652173913043,17.391304347826086
321,0.619,1,0,17,16,10.0,6.19,41.17647058823529,0.0,0.0,58.82352941176471
322,0.742,1,0,23,22,10.0,7.42,21.73913043478261,8.695652173913043,8.695652173913043,60.86956521739131
323,0.749,1,0,20,19,10.0,7.49,30.0,10.0,0.0,60.0
324,0.456,1,0,16,15,10.0,4.56,12.5,6.25,12.5,68.75
325,0.68,1,0,15,14,10.0,6.8,46.666666666666664,13.333333333333334,0.0,40.0
326,0.679,1,0,19,18,10.0,6.79,10.526315789473683,15.789473684210526,0.0,73.68421052631578
327,0.472,1,0,16,15,10.0,4.72,12.5,12.5,6.25,68.75
328,0.548,1,0,15,14,10.0,5.48,13.333333333333334,0.0,0.0,86.66666666666667
329,0.654,1,0,20,19,10.0,6.54,35.0,25.0,0.0,40.0
330,0.84,1,0,28,27,10.0,8.4,21.428571428571427,17.857142857142858,14.285714285714285,46.42857142857143
331,0.542,1,0,14,13,10.0,5.42,35.714285714285715,14.285714285714285,7.142857142857142,42.857142857142854
332,0.664,1,0,15,14,10.0,6.64,60.0,20.0,6.666666666666667,13.333333333333334
333,0.26,1,0,10,9,10.0,2.6,70.0,20.0,10.0,0.0
334,0.68,1,0,17,16,10.0,6.8,35.294117647058826,35.294117647058826,17.647058823529413,11.76470588235294
335,0.708,1,0,20,19,10.0,7.08,20.0,35.0,25.0,20.0
336,0.723,1,0,23,22,10.0,7.23,39.130434782608695,39.130434782608695,17.391304347826086,4.3478260869565215
337,0.56,1,0,11,10,10.0,5.6,36.36363636363637,9.090909090909092,9.090909090909092,45.45454545454545
338,0.624,1,0,21,20,10.0,6.24,33.33333333333333,28.57142857142857,28.57142857142857,9.523809523809524
339,0.662,1,0,21,20,10.0,6.62,19.047619047619047,4.761904761904762,61.904761904761905,14.285714285714285
340,0.667,1,0,18,17,10.0,6.67,50.0,27.77777777777778,16.666666666666664,5.555555555555555
341,0.704,1,0,22,21,10.0,7.04,22.727272727272727,27.27272727272727,18.181818181818183,31.818181818181817
342,0.73,1,0,14,13,10.0,7.3,50.0,7.142857142857142,35.714285714285715,7.142857142857142
343,0.793,1,0,20,19,10.0,7.93,25.0,25.0,50.0,0.0
344,0.372,1,0,13,12,10.0,3.72,38.46153846153847,30.76923076923077,15.384615384615385,15.384615384615385
345,0.556,1,0,15,14,10.0,5.56,26.666666666666668,46.666666666666664,6.666666666666667,20.0
346,0.7,1,0,15,14,10.0,7.0,6.666666666666667,46.666666666666664,13.333333333333334,33.33333333333333
347,0.398,1,0,12,11,10.0,3.98,8.333333333333332,83.33333333333334,0.0,8.333333333333332
348,0.357,1,0,12,11,10.0,3.57,33.33333333333333,66.66666666666666,0.0,0.0
349,0.7,1,0,19,18,10.0,7.0,31.57894736842105,47.368421052631575,10.526315789473683,10.526315789473683
350,0.775,1,0,17,16,10.0,7.75,5.88235294117647,94.11764705882352,0.0,0.0
351,0.628,1,0,21,20,10.0,6.28,14.285714285714285,47.61904761904761,9.523809523809524,28.57142857142857
352,0.536,1,0,16,15,10.0,5.36,6.25,31.25,6.25,56.25
353,0.904,1,0,23,22,10.0,9.04,4.3478260869565215,39.130434782608695,52.17391304347826,4.3478260869565215
354,0.646,1,0,18,17,10.0,6.46,5.555555555555555,11.11111111111111,55.55555555555556,27.77777777777778
355,0.718,1,0,21,20,10.0,7.18,4.761904761904762,52.38095238095239,9.523809523809524,33.33333333333333
356,0.55,1,0,11,10,10.0,5.5,0.0,45.45454545454545,9.090909090909092,45.45454545454545
357,0.525,1,0,12,11,10.0,5.25,8.333333333333332,33.33333333333333,8.333333333333332,50.0
358,0.651,1,0,17,16,10.0,6.51,41.17647058823529,23.52941176470588,5.88235294117647,29.411764705882355
359,0.56,1,0,14,13,10.0,5.6,7.142857142857142,35.714285714285715,7.142857142857142,50.0
360,0.632,1,0,25,24,10.0,6.32,44.0,4.0,16.0,36.0
361,0.55,1,0,16,15,10.0,5.5,50.0,25.0,12.5,12.5
362,0.76,1,0,23,22,10.0,7.6,17.391304347826086,17.391304347826086,0.0,65.21739130434783
363,0.615,1,0,13,12,10.0,6.15,7.6923076923076925,0.0,15.384615384615385,76.92307692307693
364,0.69,1,0,16,15,10.0,6.9,25.0,31.25,18.75,25.0
365,0.774,1,0,20,19,10.0,7.74,10.0,55.00000000000001,10.0,25.0
366,0.528,1,0,17,16,10.0,5.28,47.05882352941176,23.52941176470588,5.88235294117647,23.52941176470588
367,0.58,1,0,12,11,10.0,5.8,25.0,25.0,16.666666666666664,33.33333333333333
368,0.41,1,0,13,12,10.0,4.1,61.53846153846154,7.6923076923076925,0.0,30.76923076923077
369,0.602,1,0,18,17,10.0,6.02,16.666666666666664,38.88888888888889,5.555555555555555,38.88888888888889
370,0.745,1,0,23,22,10.0,7.45,47.82608695652174,47.82608695652174,0.0,4.3478260869565215
371,0.544,1,0,15,14,10.0,5.44,13.333333333333334,33.33333333333333,0.0,53.333333333333336
372,0.604,1,0,19,18,10.0,6.04,31.57894736842105,0.0,21.052631578947366,47.368421052631575
373,0.746,1,0,23,22,10.0,7.46,47.82608695652174,13.043478260869565,34.78260869565217,4.3478260869565215
374,0.58,1,0,21,20,10.0,5.8,38.095238095238095,14.285714285714285,47.61904761904761,0.0
375,0.62,1,0,15,14,10.0,6.2,6.666666666666667,6.666666666666667,86.66666666666667,0.0
376,0.742,1,0,17,16,10.0,7.42,17.647058823529413,11.76470588235294,70.58823529411765,0.0
377,0.8,1,0,19,18,10.0,8.0,0.0,42.10526315789473,15.789473684210526,42.10526315789473
378,0.66,1,0,17,16,10.0,6.6,35.294117647058826,11.76470588235294,11.76470588235294,41.17647058823529
379,0.412,1,0,12,11,10.0,4.12,25.0,0.0,0.0,75.0
380,0.601,1,0,16,15,10.0,6.01,56.25,12.5,25.0,6.25
381,0.76,1,0,14,13,10.0,7.6,14.285714285714285,14.285714285714285,64.28571428571429,7.142857142857142
382,0.792,1,0,32,31,10.0,7.92,18.75,31.25,50.0,0.0
383,0.452,1,0,14,13,10.0,4.52,7.142857142857142,0.0,92.85714285714286,0.0
384,0.72,1,0,17,16,10.0,7.2,0.0,0.0,94.11764705882352,5.88235294117647
385,0.86,1,0,17,16,10.0,8.6,5.88235294117647,0.0,76.47058823529412,17.647058823529413
386,0.696,1,0,18,17,10.0,6.96,5.555555555555555,5.555555555555555,88.88888888888889,0.0
387,0.56,1,0,14,13,10.0,5.6,64.28571428571429,21.428571428571427,14.285714285714285,0.0
388,0.65,1,0,13,12,10.0,6.5,15.384615384615385,38.46153846153847,38.46153846153847,7.6923076923076925
389,0.55,1,0,12,11,10.0,5.5,16.666666666666664,41.66666666666667,41.66666666666667,0.0
390,0.601,1,0,20,19,10.0,6.01,10.0,5.0,85.0,0.0
391,0.568,1,0,16,15,10.0,5.68,31.25,0.0,68.75,0.0
392,0.44,1,0,10,9,10.0,4.4,30.0,30.0,40.0,0.0
393,0.64,1,0,17,16,10.0,6.4,11.76470588235294,17.647058823529413,58.82352941176471,11.76470588235294
394,0.664,1,0,18,17,10.0,6.64,0.0,0.0,88.88888888888889,11.11111111111111
395,0.768,1,0,23,22,10.0,7.68,56.52173913043478,34.78260869565217,8.695652173913043,0.0
396,0.525,1,0,17,16,10.0,5.25,17.647058823529413,0.0,70.58823529411765,11.76470588235294
397,0.575,1,0,9,8,10.0,5.75,0.0,11.11111111111111,88.88888888888889,0.0
398,0.65,1,0,22,21,10.0,6.5,50.0,9.090909090909092,36.36363636363637,4.545454545454546
399,0.48,1,0,12,11,10.0,4.8,33.33333333333333,8.333333333333332,58.333333333333336,0.0
400,0.72,1,0,14,13,10.0,7.2,0.0,14.285714285714285,85.71428571428571,0.0
401,0.72,1,0,22,21,10.0,7.2,13.636363636363635,4.545454545454546,81.81818181818183,0.0
402,0.62,1,0,16,15,10.0,6.2,25.0,25.0,37.5,12.5
403,0.438,1,0,19,18,10.0,4.38,5.263157894736842,5.263157894736842,84.21052631578947,5.263157894736842
404,0.54,1,0,15,14,10.0,5.4,33.33333333333333,6.666666666666667,60.0,0.0
405,0.715,1,0,17,16,10.0,7.15,35.294117647058826,11.76470588235294,35.294117647058826,17.647058823529413
406,0.58,1,0,9,8,10.0,5.8,11.11111111111111,55.55555555555556,33.33333333333333,0.0
407,0.557,1,0,16,15,10.0,5.57,6.25,25.0,68.75,0.0
408,0.732,1,0,25,24,10.0,7.32,16.0,44.0,40.0,0.0
409,0.7,1,0,24,23,10.0,7.0,33.33333333333333,12.5,54.166666666666664,0.0
410,0.58,1,0,16,15,10.0,5.8,37.5,12.5,50.0,0.0
411,0.48,1,0,12,11,10.0,4.8,33.33333333333333,50.0,16.666666666666664,0.0
412,0.576,1,0,13,12,10.0,5.76,15.384615384615385,38.46153846153847,46.15384615384615,0.0
413,0.6,1,0,14,13,10.0,6.0,0.0,28.57142857142857,71.42857142857143,0.0
414,0.448,1,0,11,10,10.0,4.48,9.090909090909092,9.090909090909092,81.81818181818183,0.0
415,0.455,1,0,14,13,9.0,4.55,14.285714285714285,42.857142857142854,42.857142857142854,0.0
416,0.548,1,0,15,14,10.0,5.48,0.0,20.0,80.0,0.0
417,0.655,1,0,12,11,10.0,6.55,8.333333333333332,50.0,41.66666666666667,0.0
418,0.69,1,0,20,19,10.0,6.9,35.0,30.0,35.0,0.0
419,0.796,1,0,22,21,10.0,7.96,4.545454545454546,63.63636363636363,27.27272727272727,4.545454545454546
420,0.55,1,0,22,21,10.0,5.5,31.818181818181817,9.090909090909092,59.09090909090909,0.0
421,0.596,1,0,21,20,10.0,5.96,4.761904761904762,61.904761904761905,23.809523809523807,9.523809523809524
422,0.62,1,0,28,27,10.0,6.2,7.142857142857142,50.0,42.857142857142854,0.0
423,0.564,1,0,23,22,10.0,5.64,21.73913043478261,69.56521739130434,8.695652173913043,0.0
424,0.744,1,0,24,23,10.0,7.44,4.166666666666666,70.83333333333334,16.666666666666664,8.333333333333332
425,0.6,1,0,11,10,10.0,6.0,0.0,81.81818181818183,0.0,18.181818181818183
426,0.62,1,0,15,14,10.0,6.2,6.666666666666667,40.0,53.333333333333336,0.0
427,0.712,1,0,20,19,10.0,7.12,20.0,35.0,40.0,5.0
428,0.61,1,0,17,16,10.0,6.1,5.88235294117647,23.52941176470588,58.82352941176471,11.76470588235294
429,0.725,1,0,9,8,10.0,7.25,33.33333333333333,33.33333333333333,33.33333333333333,0.0
430,0.708,1,0,26,25,10.0,7.08,3.8461538461538463,88.46153846153845,3.8461538461538463,3.8461538461538463
431,0.497,1,0,12,11,10.0,4.97,0.0,75.0,25.0,0.0
432,0.64,1,0,20,19,10.0,6.4,10.0,85.0,5.0,0.0
433,0.396,1,0,13,12,10.0,3.96,7.6923076923076925,38.46153846153847,53.84615384615385,0.0
434,0.8,1,0,16,15,10.0,8.0,12.5,62.5,12.5,12.5
435,0.69,1,0,31,30,10.0,6.9,3.225806451612903,67.74193548387096,29.03225806451613,0.0
436,0.65,1,0,14,13,10.0,6.5,7.142857142857142,64.28571428571429,14.285714285714285,14.285714285714285
437,0.616,1,0,19,18,10.0,6.16,10.526315789473683,52.63157894736842,31.57894736842105,5.263157894736842
438,0.72,1,0,13,12,10.0,7.2,15.384615384615385,76.92307692307693,0.0,7.6923076923076925
439,0.637,1,0,16,15,10.0,6.37,0.0,81.25,12.5,6.25
440,0.752,1,0,26,25,10.0,7.52,3.8461538461538463,73.07692307692307,15.384615384615385,7.6923076923076925
441,0.634,1,0,19,18,10.0,6.34,5.263157894736842,57.89473684210527,36.84210526315789,0.0
442,0.624,1,0,16,15,10.0,6.24,6.25,68.75,18.75,6.25
443,0.832,1,0,24,23,10.0,8.32,4.166666666666666,50.0,33.33333333333333,12.5
444,0.65,1,0,12,11,10.0,6.5,16.666666666666664,58.333333333333336,0.0,25.0
445,0.605,1,0,16,15,10.0,6.05,0.0,62.5,31.25,6.25
446,0.62,1,0,19,18,10.0,6.2,21.052631578947366,31.57894736842105,42.10526315789473,5.263157894736842
447,0.536,1,0,15,14,10.0,5.36,6.666666666666667,80.0,6.666666666666667,6.666666666666667
448,0.691,1,0,15,14,10.0,6.91,6.666666666666667,60.0,13.333333333333334,20.0
449,0.6,1,0,17,16,10.0,6.0,11.76470588235294,58.82352941176471,29.411764705882355,0.0
450,0.64,1,0,16,15,10.0,6.4,12.5,31.25,56.25,0.0
451,0.624,1,0,22,21,10.0,6.24,4.545454545454546,54.54545454545454,36.36363636363637,4.545454545454546
452,0.648,1,0,22,21,10.0,6.48,40.909090909090914,36.36363636363637,13.636363636363635,9.090909090909092
453,0.496,1,0,19,18,9.0,4.96,31.57894736842105,42.10526315789473,15.789473684210526,10.526315789473683
454,0.464,1,0,15,14,10.0,4.64,26.666666666666668,26.666666666666668,26.666666666666668,20.0
455,0.708,1,0,25,24,10.0,7.08,20.0,32.0,24.0,24.0
456,0.632,1,0,26,25,10.0,6.32,38.46153846153847,50.0,7.6923076923076925,3.8461538461538463
457,0.625,1,0,12,11,10.0,6.25,41.66666666666667,25.0,8.333333333333332,25.0
458,0.685,1,0,25,24,10.0,6.85,8.0,20.0,56.00000000000001,16.0
459,0.654,1,0,24,23,10.0,6.54,25.0,8.333333333333332,62.5,4.166666666666666
460,0.725,1,0,19,18,10.0,7.25,42.10526315789473,47.368421052631575,5.263157894736842,5.263157894736842
461,0.544,1,0,13,12,10.0,5.44,23.076923076923077,23.076923076923077,46.15384615384615,7.6923076923076925
462,0.6,1,0,22,21,10.0,6.0,45.45454545454545,22.727272727272727,4.545454545454546,27.27272727272727
463,0.659,1,0,20,19,10.0,6.59,30.0,40.0,25.0,5.0
464,0.554,1,0,14,13,10.0,5.54,28.57142857142857,7.142857142857142,57.14285714285714,7.142857142857142
465,0.62,1,0,19,18,10.0,6.2,42.10526315789473,10.526315789473683,47.368421052631575,0.0
466,0.668,1,0,16,15,10.0,6.68,43.75,37.5,18.75,0.0
467,0.572,1,0,16,15,10.0,5.72,50.0,18.75,18.75,12.5
468,0.632,1,0,25,24,10.0,6.32,40.0,28.000000000000004,12.0,20.0
469,0.537,1,0,15,14,10.0,5.37,33.33333333333333,46.666666666666664,13.333333333333334,6.666666666666667
470,0.728,1,0,18,17,10.0,7.28,38.88888888888889,22.22222222222222,22.22222222222222,16.666666666666664
471,0.675,1,0,16,15,10.0,6.75,6.25,18.75,50.0,25.0
472,0.73,1,0,16,15,10.0,7.3,6.25,50.0,43.75,0.0
473,0.713,1,0,12,11,10.0,7.13,25.0,41.66666666666667,33.33333333333333,0.0
474,0.641,1,0,21,20,10.0,6.41,14.285714285714285,38.095238095238095,47.61904761904761,0.0
475,0.612,1,0,15,14,10.0,6.12,0.0,26.666666666666668,60.0,13.333333333333334
476,0.6,1,0,13,12,10.0,6.0,23.076923076923077,53.84615384615385,23.076923076923077,0.0
477,0.772,1,0,22,21,10.0,7.72,18.181818181818183,50.0,31.818181818181817,0.0
478,0.72,1,0,22,21,10.0,7.2,45.45454545454545,50.0,4.545454545454546,0.0
479,0.566,1,0,19,18,10.0,5.66,42.10526315789473,0.0,31.57894736842105,26.31578947368421
480,0.56,1,0,25,24,10.0,5.6,72.0,24.0,4.0,0.0
481,0.666,1,0,21,20,10.0,6.66,52.38095238095239,33.33333333333333,9.523809523809524,4.761904761904762
482,0.524,1,0,14,13,10.0,5.24,50.0,7.142857142857142,35.714285714285715,7.142857142857142
483,0.572,1,0,14,13,10.0,5.72,64.28571428571429,14.285714285714285,21.428571428571427,0.0
484,0.74,1,0,28,27,10.0,7.4,21.428571428571427,25.0,46.42857142857143,7.142857142857142
485,0.495,1,0,10,9,10.0,4.95,30.0,10.0,60.0,0.0
486,0.513,1,0,11,10,10.0,5.13,45.45454545454545,0.0,54.54545454545454,0.0
487,0.62,1,0,18,17,10.0,6.2,38.88888888888889,5.555555555555555,55.55555555555556,0.0
488,0.662,1,0,19,18,10.0,6.62,36.84210526315789,26.31578947368421,26.31578947368421,10.526315789473683
489,0.682,1,0,19,18,10.0,6.82,47.368421052631575,21.052631578947366,31.57894736842105,0.0
490,0.642,1,0,18,17,10.0,6.42,33.33333333333333,27.77777777777778,22.22222222222222,16.666666666666664
491,0.54,1,0,14,13,10.0,5.4,57.14285714285714,7.142857142857142,28.57142857142857,7.142857142857142
492,0.592,1,0,17,16,10.0,5.92,41.17647058823529,17.647058823529413,41.17647058823529,0.0
493,0.638,1,0,14,13,10.0,6.38,14.285714285714285,0.0,85.71428571428571,0.0
494,0.426,1,0,19,18,10.0,4.26,73.68421052631578,0.0,26.31578947368421,0.0
495,0.534,1,0,15,14,10.0,5.34,26.666666666666668,26.666666666666668,6.666666666666667,40.0
496,0.445,1,0,12,11,10.0,4.45,50.0,33.33333333333333,16.666666666666664,0.0
497,0.8,1,0,18,17,10.0,8.0,27.77777777777778,16.666666666666664,44.44444444444444,11.11111111111111
498,0.54,1,0,13,12,10.0,5.4,30.76923076923077,30.76923076923077,30.76923076923077,7.6923076923076925
499,0.496,1,0,20,19,10.0,4.96,35.0,0.0,10.0,55.00000000000001
500,0.862,1,0,22,21,10.0,8.62,13.636363636363635,45.45454545454545,9.090909090909092,31.818181818181817
501,0.538,1,0,12,11,9.0,5.38,25.0,8.333333333333332,0.0,66.66666666666666
502,0.636,1,0,17,16,10.0,6.36,35.294117647058826,23.52941176470588,5.88235294117647,35.294117647058826
503,0.79,1,0,25,24,10.0,7.9,20.0,8.0,24.0,48.0
504,0.564,1,0,17,16,10.0,5.64,29.411764705882355,17.647058823529413,11.76470588235294,41.17647058823529
505,0.68,1,0,20,19,10.0,6.8,35.0,25.0,10.0,30.0
506,0.548,1,0,14,13,10.0,5.48,78.57142857142857,7.142857142857142,14.285714285714285,0.0
507,0.76,1,0,20,19,10.0,7.6,35.0,50.0,5.0,10.0
508,0.672,1,0,20,19,10.0,6.72,65.0,30.0,5.0,0.0
509,0.516,1,0,17,16,10.0,5.16,47.05882352941176,23.52941176470588,0.0,29.411764705882355
510,0.755,1,0,13,12,10.0,7.55,23.076923076923077,53.84615384615385,15.384615384615385,7.6923076923076925
511,0.558,1,0,15,14,9.0,5.58,33.33333333333333,26.666666666666668,0.0,40.0
512,0.412,1,0,12,11,10.0,4.12,16.666666666666664,16.666666666666664,16.666666666666664,50.0
513,0.681,1,0,19,18,10.0,6.81,42.10526315789473,0.0,21.052631578947366,36.84210526315789
514,0.817,1,0,31,30,10.0,8.17,19.35483870967742,25.806451612903224,25.806451612903224,29.03225806451613
515,0.675,1,0,16,15,10.0,6.75,18.75,18.75,12.5,50.0
516,0.56,1,0,17,16,10.0,5.6,47.05882352941176,0.0,11.76470588235294,41.17647058823529
517,0.628,1,0,19,18,10.0,6.28,5.263157894736842,26.31578947368421,21.052631578947366,47.368421052631575
518,0.654,1,0,16,15,10.0,6.54,50.0,0.0,37.5,12.5
519,0.5,1,0,13,12,10.0,5.0,46.15384615384615,7.6923076923076925,23.076923076923077,23.076923076923077
520,0.88,1,0,15,14,10.0,8.8,46.666666666666664,46.666666666666664,0.0,6.666666666666667
521,0.388,1,0,11,10,9.0,3.88,27.27272727272727,0.0,36.36363636363637,36.36363636363637
522,0.551,1,0,22,21,10.0,5.51,59.09090909090909,31.818181818181817,9.090909090909092,0.0
523,0.49,1,0,15,14,10.0,4.9,86.66666666666667,6.666666666666667,6.666666666666667,0.0
524,0.763,1,0,23,22,10.0,7.63,4.3478260869565215,26.08695652173913,65.21739130434783,4.3478260869565215
525,0.63,1,0,14,13,10.0,6.3,35.714285714285715,28.57142857142857,14.285714285714285,21.428571428571427
526,0.8,1,0,15,14,10.0,8.0,46.666666666666664,26.666666666666668,13.333333333333334,13.333333333333334
527,0.696,1,0,22,21,10.0,6.96,27.27272727272727,4.545454545454546,59.09090909090909,9.090909090909092
528,0.508,1,0,15,14,10.0,5.08,20.0,0.0,73.33333333333333,6.666666666666667
529,0.838,1,0,28,27,10.0,8.38,32.142857142857146,14.285714285714285,53.57142857142857,0.0
530,0.6,1,0,20,19,10.0,6.0,35.0,5.0,60.0,0.0
531,0.763,1,0,24,23,10.0,7.63,8.333333333333332,41.66666666666667,33.33333333333333,16.666666666666664
532,0.704,1,0,19,18,10.0,7.04,26.31578947368421,5.263157894736842,68.42105263157895,0.0
533,0.624,1,0,18,17,10.0,6.24,38.88888888888889,5.555555555555555,38.88888888888889,16.666666666666664
534,0.578,1,0,15,14,10.0,5.78,33.33333333333333,33.33333333333333,13.333333333333334,20.0
535,0.6,1,0,13,12,10.0,6.0,30.76923076923077,38.46153846153847,30.76923076923077,0.0
536,0.93,1,0,16,15,10.0,9.3,0.0,43.75,50.0,6.25
537,0.672,1,0,23,22,10.0,6.72,56.52173913043478,30.434782608695656,8.695652173913043,4.3478260869565215
538,0.52,1,0,17,16,10.0,5.2,52.94117647058824,0.0,35.294117647058826,11.76470588235294
539,0.65,1,0,17,16,10.0,6.5,70.58823529411765,0.0,23.52941176470588,5.88235294117647
540,0.645,1,0,13,12,10.0,6.45,23.076923076923077,38.46153846153847,38.46153846153847,0.0
541,0.728,1,0,26,25,10.0,7.28,30.76923076923077,38.46153846153847,23.076923076923077,7.6923076923076925
542,0.595,1,0,12,11,10.0,5.95,8.333333333333332,25.0,33.33333333333333,33.33333333333333
543,0.78,1,0,28,27,10.0,7.8,46.42857142857143,46.42857142857143,7.142857142857142,0.0
544,0.66,1,0,26,25,10.0,6.6,7.6923076923076925,19.230769230769234,38.46153846153847,34.61538461538461
545,0.644,1,0,20,19,10.0,6.44,35.0,45.0,15.0,5.0
546,0.675,1,0,16,15,10.0,6.75,37.5,43.75,18.75,0.0
547,0.81,1,0,13,12,10.0,8.1,15.384615384615385,46.15384615384615,38.46153846153847,0.0
548,0.623,1,0,14,13,10.0,6.23,21.428571428571427,64.28571428571429,14.285714285714285,0.0
549,0.622,1,0,16,15,10.0,6.22,50.0,6.25,12.5,31.25
550,0.722,1,0,28,27,10.0,7.22,21.428571428571427,28.57142857142857,14.285714285714285,35.714285714285715
551,0.515,1,0,16,15,10.0,5.15,56.25,18.75,0.0,25.0
552,0.5,1,0,16,15,10.0,5.0,75.0,12.5,6.25,6.25
553,0.719,1,0,17,16,10.0,7.19,29.411764705882355,47.05882352941176,17.647058823529413,5.88235294117647
554,0.574,1,0,13,12,9.0,5.74,84.61538461538461,15.384615384615385,0.0,0.0
555,0.42,1,0,9,8,10.0,4.2,66.66666666666666,0.0,33.33333333333333,0.0
556,0.525,1,0,9,8,10.0,5.25,22.22222222222222,33.33333333333333,33.33333333333333,11.11111111111111
557,0.73,1,0,28,27,10.0,7.3,46.42857142857143,46.42857142857143,3.571428571428571,3.571428571428571
558,0.5,1,0,12,11,10.0,5.0,16.666666666666664,16.666666666666664,50.0,16.666666666666664
559,0.374,1,0,14,13,9.0,3.74,50.0,0.0,0.0,50.0
560,0.596,1,0,18,17,10.0,5.96,50.0,22.22222222222222,5.555555555555555,22.22222222222222
561,0.684,1,0,14,13,10.0,6.84,28.57142857142857,35.714285714285715,28.57142857142857,7.142857142857142
562,0.684,1,0,22,21,10.0,6.84,54.54545454545454,36.36363636363637,4.545454545454546,4.545454545454546
563,0.635,1,0,21,20,10.0,6.35,42.857142857142854,38.095238095238095,19.047619047619047,0.0
564,0.595,1,0,20,19,10.0,5.95,65.0,25.0,0.0,10.0
565,0.596,1,0,19,18,10.0,5.96,36.84210526315789,31.57894736842105,21.052631578947366,10.526315789473683
566,0.7,1,0,17,16,10.0,7.0,17.647058823529413,70.58823529411765,0.0,11.76470588235294
567,0.665,1,0,17,16,10.0,6.65,35.294117647058826,23.52941176470588,29.411764705882355,11.76470588235294
568,0.684,1,0,21,20,10.0,6.84,61.904761904761905,14.285714285714285,19.047619047619047,4.761904761904762
569,0.7,1,0,16,15,10.0,7.0,6.25,18.75,25.0,50.0
570,0.824,1,0,23,22,10.0,8.24,47.82608695652174,17.391304347826086,8.695652173913043,26.08695652173913
571,0.621,1,0,19,18,10.0,6.21,36.84210526315789,36.84210526315789,10.526315789473683,15.789473684210526
572,0.678,1,0,21,20,10.0,6.78,19.047619047619047,38.095238095238095,38.095238095238095,4.761904761904762
573,0.777,1,0,23,22,10.0,7.77,43.47826086956522,43.47826086956522,13.043478260869565,0.0
574,0.628,1,0,21,20,10.0,6.28,57.14285714285714,28.57142857142857,4.761904761904762,9.523809523809524
575,0.613,1,0,14,13,10.0,6.13,7.142857142857142,64.28571428571429,28.57142857142857,0.0
576,0.674,1,0,16,15,10.0,6.74,43.75,18.75,18.75,18.75
577,0.602,1,0,18,17,10.0,6.02,38.88888888888889,27.77777777777778,11.11111111111111,22.22222222222222
578,0.72,1,0,20,19,10.0,7.2,55.00000000000001,25.0,10.0,10.0
579,0.638,1,0,20,19,10.0,6.38,50.0,20.0,5.0,25.0
580,0.634,1,0,18,17,10.0,6.34,50.0,27.77777777777778,16.666666666666664,5.555555555555555
581,0.74,1,0,18,17,10.0,7.4,16.666666666666664,5.555555555555555,27.77777777777778,50.0
582,0.485,1,0,10,9,10.0,4.85,50.0,10.0,30.0,10.0
583,0.484,1,0,14,13,10.0,4.84,71.42857142857143,28.57142857142857,0.0,0.0
584,0.704,1,0,22,21,10.0,7.04,63.63636363636363,27.27272727272727,9.090909090909092,0.0
585,0.705,1,0,12,11,10.0,7.05,58.333333333333336,33.33333333333333,8.333333333333332,0.0
586,0.756,1,0,19,18,10.0,7.56,89.47368421052632,10.526315789473683,0.0,0.0
587,0.527,1,0,16,15,10.0,5.27,56.25,18.75,25.0,0.0
588,0.725,1,0,10,9,10.0,7.25,20.0,60.0,20.0,0.0
589,0.59,1,0,16,15,10.0,5.9,75.0,18.75,0.0,6.25
590,0.614,1,0,15,14,10.0,6.14,80.0,20.0,0.0,0.0
591,0.652,1,0,19,18,10.0,6.52,21.052631578947366,10.526315789473683,57.89473684210527,10.526315789473683
592,0.41,1,0,13,12,10.0,4.1,84.61538461538461,0.0,7.6923076923076925,7.6923076923076925
593,0.732,1,0,30,29,10.0,7.32,36.666666666666664,36.666666666666664,10.0,16.666666666666664
594,0.688,1,0,21,20,10.0,6.88,38.095238095238095,52.38095238095239,9.523809523809524,0.0
595,0.868,1,0,15,14,10.0,8.68,13.333333333333334,6.666666666666667,33.33333333333333,46.666666666666664
596,0.607,1,0,15,14,10.0,6.07,33.33333333333333,6.666666666666667,53.333333333333336,6.666666666666667
597,0.624,1,0,18,17,10.0,6.24,22.22222222222222,5.555555555555555,72.22222222222221,0.0
598,0.71,1,0,14,13,10.0,7.1,50.0,28.57142857142857,0.0,21.428571428571427
599,0.88,1,0,16,15,10.0,8.8,37.5,56.25,6.25,0.0
600,0.714,1,0,25,24,10.0,7.14,56.00000000000001,28.000000000000004,16.0,0.0
601,0.476,1,0,16,15,10.0,4.76,62.5,31.25,0.0,6.25
602,0.829,1,0,25,24,10.0,8.29,24.0,64.0,12.0,0.0
603,0.665,1,0,17,16,10.0,6.65,70.58823529411765,23.52941176470588,0.0,5.88235294117647
604,0.812,1,0,31,30,10.0,8.12,35.483870967741936,12.903225806451612,45.16129032258064,6.451612903225806
605,0.708,1,0,22,21,10.0,7.08,50.0,18.181818181818183,27.27272727272727,4.545454545454546
606,0.505,1,0,16,15,10.0,5.05,25.0,6.25,12.5,56.25
607,0.76,1,0,18,17,10.0,7.6,38.88888888888889,0.0,61.111111111111114,0.0
608,0.664,1,0,18,17,10.0,6.64,61.111111111111114,22.22222222222222,5.555555555555555,11.11111111111111
609,0.571,1,0,15,14,10.0,5.71,46.666666666666664,46.666666666666664,0.0,6.666666666666667
610,0.632,1,0,26,25,10.0,6.32,73.07692307692307,11.538461538461538,0.0,15.384615384615385
611,0.56,1,0,15,14,10.0,5.6,33.33333333333333,0.0,46.666666666666664,20.0
612,0.544,1,0,23,22,10.0,5.44,86.95652173913044,13.043478260869565,0.0,0.0
613,0.634,1,0,19,18,10.0,6.34,57.89473684210527,36.84210526315789,0.0,5.263157894736842
614,0.606,1,0,18,17,10.0,6.06,66.66666666666666,16.666666666666664,11.11111111111111,5.555555555555555
615,0.57,1,0,14,13,10.0,5.7,78.57142857142857,14.285714285714285,7.142857142857142,0.0
616,0.64,1,0,14,13,10.0,6.4,57.14285714285714,7.142857142857142,35.714285714285715,0.0
617,0.7,1,0,12,11,10.0,7.0,16.666666666666664,33.33333333333333,25.0,25.0
618,0.76,1,0,18,17,10.0,7.6,66.66666666666666,11.11111111111111,22.22222222222222,0.0
619,0.64,1,0,9,8,10.0,6.4,33.33333333333333,11.11111111111111,44.44444444444444,11.11111111111111
620,0.615,1,0,13,12,10.0,6.15,30.76923076923077,46.15384615384615,15.384615384615385,7.6923076923076925
621,0.83,1,0,13,12,10.0,8.3,53.84615384615385,15.384615384615385,23.076923076923077,7.6923076923076925
622,0.55,1,0,15,14,10.0,5.5,80.0,20.0,0.0,0.0
623,0.676,1,0,20,19,10.0,6.76,45.0,50.0,5.0,0.0
624,0.54,1,0,12,11,10.0,5.4,50.0,0.0,50.0,0.0
625,0.544,1,0,15,14,10.0,5.44,80.0,0.0,13.333333333333334,6.666666666666667
626,0.768,1,0,25,24,10.0,7.68,24.0,28.000000000000004,44.0,4.0
627,0.655,1,0,18,17,10.0,6.55,72.22222222222221,11.11111111111111,16.666666666666664,0.0
628,0.57,1,0,20,19,10.0,5.7,75.0,15.0,10.0,0.0
629,0.592,1,0,17,16,10.0,5.92,94.11764705882352,5.88235294117647,0.0,0.0
630,0.648,1,0,18,17,10.0,6.48,11.11111111111111,11.11111111111111,77.77777777777779,0.0
631,0.634,1,0,19,18,10.0,6.34,57.89473684210527,0.0,42.10526315789473,0.0
632,0.627,1,0,16,15,10.0,6.27,37.5,6.25,56.25,0.0
633,0.76,1,0,21,20,10.0,7.6,57.14285714285714,9.523809523809524,33.33333333333333,0.0
634,0.626,1,0,17,16,10.0,6.26,58.82352941176471,0.0,29.411764705882355,11.76470588235294
635,0.664,1,0,21,20,10.0,6.64,47.61904761904761,19.047619047619047,19.047619047619047,14.285714285714285
636,0.7,1,0,18,17,10.0,7.0,61.111111111111114,16.666666666666664,22.22222222222222,0.0
637,0.76,1,0,18,17,10.0,7.6,50.0,44.44444444444444,5.555555555555555,0.0
638,0.665,1,0,18,17,10.0,6.65,55.55555555555556,16.666666666666664,22.22222222222222,5.555555555555555
639,0.6,1,0,17,16,10.0,6.0,58.82352941176471,11.76470588235294,5.88235294117647,23.52941176470588
640,0.86,1,0,27,26,10.0,8.6,51.85185185185185,48.148148148148145,0.0,0.0
641,0.475,1,0,13,12,10.0,4.75,76.92307692307693,15.384615384615385,7.6923076923076925,0.0
642,0.79,1,0,29,28,10.0,7.9,37.93103448275862,51.724137931034484,10.344827586206897,0.0
643,0.612,1,0,24,23,10.0,6.12,41.66666666666667,12.5,33.33333333333333,12.5
644,0.515,1,0,16,15,10.0,5.15,81.25,0.0,18.75,0.0
645,0.528,1,0,15,14,10.0,5.28,80.0,13.333333333333334,6.666666666666667,0.0
646,0.644,1,0,22,21,10.0,6.44,72.72727272727273,27.27272727272727,0.0,0.0
647,0.63,1,0,17,16,10.0,6.3,76.47058823529412,17.647058823529413,0.0,5.88235294117647
648,0.664,1,0,22,21,10.0,6.64,40.909090909090914,9.090909090909092,0.0,50.0
649,0.645,1,0,15,14,10.0,6.45,40.0,0.0,53.333333333333336,6.666666666666667
650,0.576,1,0,15,14,10.0,5.76,66.66666666666666,33.33333333333333,0.0,0.0
651,0.616,1,0,19,18,10.0,6.16,21.052631578947366,10.526315789473683,57.89473684210527,10.526315789473683
652,0.832,1,0,23,22,10.0,8.32,43.47826086956522,47.82608695652174,0.0,8.695652173913043
653,0.563,1,0,20,19,10.0,5.63,85.0,0.0,10.0,5.0
654,0.64,1,0,18,17,10.0,6.4,61.111111111111114,16.666666666666664,16.666666666666664,5.555555555555555
655,0.68,1,0,18,17,10.0,6.8,50.0,22.22222222222222,16.666666666666664,11.11111111111111
656,0.768,1,0,19,18,10.0,7.68,57.89473684210527,31.57894736842105,10.526315789473683,0.0
657,0.598,1,0,18,17,10.0,5.98,61.111111111111114,16.666666666666664,16.666666666666664,5.555555555555555
658,0.556,1,0,13,12,10.0,5.56,53.84615384615385,38.46153846153847,0.0,7.6923076923076925
659,0.768,1,0,23,22,10.0,7.68,60.86956521739131,39.130434782608695,0.0,0.0
660,0.539,1,0,16,15,10.0,5.39,62.5,37.5,0.0,0.0
661,0.492,1,0,15,14,10.0,4.92,80.0,6.666666666666667,13.333333333333334,0.0
662,0.723,1,0,27,26,10.0,7.23,40.74074074074074,14.814814814814813,44.44444444444444,0.0
663,0.518,1,0,13,12,10.0,5.18,46.15384615384615,15.384615384615385,15.384615384615385,23.076923076923077
664,0.528,1,0,18,17,10.0,5.28,83.33333333333334,0.0,16.666666666666664,0.0
665,0.3,1,0,12,11,9.0,3.0,75.0,0.0,0.0,25.0
666,0.51,1,0,13,12,10.0,5.1,61.53846153846154,0.0,0.0,38.46153846153847
667,0.64,1,0,17,16,10.0,6.4,23.52941176470588,47.05882352941176,17.647058823529413,11.76470588235294
668,0.516,1,0,22,21,10.0,5.16,54.54545454545454,0.0,4.545454545454546,40.909090909090914
669,0.8,1,0,13,12,10.0,8.0,69.23076923076923,30.76923076923077,0.0,0.0
670,0.726,1,0,16,15,10.0,7.26,62.5,6.25,12.5,18.75
671,0.84,1,0,14,13,10.0,8.4,28.57142857142857,57.14285714285714,7.142857142857142,7.142857142857142
672,0.625,1,0,15,14,10.0,6.25,46.666666666666664,26.666666666666668,13.333333333333334,13.333333333333334
673,0.62,1,0,12,11,10.0,6.2,25.0,8.333333333333332,8.333333333333332,58.333333333333336
674,0.602,1,0,25,24,10.0,6.02,72.0,20.0,4.0,4.0
675,0.736,1,0,23,22,10.0,7.36,43.47826086956522,21.73913043478261,8.695652173913043,26.08695652173913
676,0.612,1,0,20,19,10.0,6.12,85.0,10.0,0.0,5.0
677,0.443,1,0,13,12,10.0,4.43,100.0,0.0,0.0,0.0
678,0.558,1,0,18,17,10.0,5.58,83.33333333333334,5.555555555555555,11.11111111111111,0.0
679,0.6,1,0,23,22,10.0,6.0,65.21739130434783,26.08695652173913,8.695652173913043,0.0
680,0.657,1,0,18,17,10.0,6.57,72.22222222222221,11.11111111111111,11.11111111111111,5.555555555555555
681,0.413,1,0,15,14,10.0,4.13,26.666666666666668,0.0,6.666666666666667,66.66666666666666
682,0.628,1,0,19,18,10.0,6.28,68.42105263157895,26.31578947368421,5.263157894736842,0.0
683,0.624,1,0,19,18,10.0,6.24,21.052631578947366,57.89473684210527,0.0,21.052631578947366
684,0.624,1,0,27,26,10.0,6.24,25.925925925925924,22.22222222222222,29.629629629629626,22.22222222222222
685,0.76,1,0,14,13,10.0,7.6,64.28571428571429,14.285714285714285,7.142857142857142,14.285714285714285
686,0.766,1,0,25,24,10.0,7.66,44.0,44.0,4.0,8.0
687,0.504,1,0,17,16,10.0,5.04,88.23529411764706,0.0,0.0,11.76470588235294
688,0.728,1,0,24,23,10.0,7.28,54.166666666666664,33.33333333333333,0.0,12.5
689,0.85,1,0,16,15,10.0,8.5,68.75,25.0,6.25,0.0
690,0.656,1,0,24,23,10.0,6.56,83.33333333333334,8.333333333333332,8.333333333333332,0.0
691,0.581,1,0,13,12,10.0,5.81,46.15384615384615,15.384615384615385,7.6923076923076925,30.76923076923077
692,0.757,1,0,22,21,10.0,7.57,4.545454545454546,31.818181818181817,4.545454545454546,59.09090909090909
693,0.706,1,0,22,21,10.0,7.06,63.63636363636363,18.181818181818183,0.0,18.181818181818183
694,0.731,1,0,14,13,10.0,7.31,57.14285714285714,21.428571428571427,7.142857142857142,14.285714285714285
695,0.472,1,0,17,16,10.0,4.72,88.23529411764706,5.88235294117647,0.0,5.88235294117647
696,0.77,1,0,16,15,10.0,7.7,43.75,25.0,18.75,12.5
697,0.55,1,0,18,17,10.0,5.5,83.33333333333334,16.666666666666664,0.0,0.0
698,0.74,1,0,33,32,10.0,7.4,48.484848484848484,33.33333333333333,6.0606060606060606,12.121212121212121
699,0.6,1,0,23,22,10.0,6.0,52.17391304347826,30.434782608695656,0.0,17.391304347826086
700,0.55,1,0,11,10,10.0,5.5,63.63636363636363,18.181818181818183,18.181818181818183,0.0
701,0.784,1,0,21,20,10.0,7.84,80.95238095238095,9.523809523809524,0.0,9.523809523809524
702,0.606,1,0,15,14,10.0,6.06,33.33333333333333,6.666666666666667,13.333333333333334,46.666666666666664
703,0.405,1,0,14,13,10.0,4.05,78.57142857142857,7.142857142857142,0.0,14.285714285714285
704,0.603,1,0,17,16,10.0,6.03,52.94117647058824,17.647058823529413,11.76470588235294,17.647058823529413
705,0.616,1,0,18,17,10.0,6.16,61.111111111111114,16.666666666666664,0.0,22.22222222222222
706,0.62,1,0,21,20,10.0,6.2,38.095238095238095,9.523809523809524,0.0,52.38095238095239
707,0.36,1,0,11,10,9.0,3.6,90.9090909090909,9.090909090909092,0.0,0.0
708,0.856,1,0,37,36,10.0,8.56,37.83783783783784,54.054054054054056,0.0,8.108108108108109
709,0.78,1,0,21,20,10.0,7.8,66.66666666666666,14.285714285714285,14.285714285714285,4.761904761904762
710,0.65,1,0,14,13,10.0,6.5,14.285714285714285,35.714285714285715,42.857142857142854,7.142857142857142
711,0.75,1,0,23,22,10.0,7.5,52.17391304347826,26.08695652173913,8.695652173913043,13.043478260869565
712,0.716,1,0,21,20,10.0,7.16,85.71428571428571,9.523809523809524,4.761904761904762,0.0
713,0.785,1,0,16,15,10.0,7.85,43.75,31.25,0.0,25.0
714,0.611,1,0,17,16,10.0,6.11,11.76470588235294,35.294117647058826,11.76470588235294,41.17647058823529
715,0.524,1,0,19,18,10.0,5.24,57.89473684210527,15.789473684210526,5.263157894736842,21.052631578947366
716,0.615,1,0,13,12,10.0,6.15,76.92307692307693,23.076923076923077,0.0,0.0
717,0.6,1,0,19,18,10.0,6.0,31.57894736842105,10.526315789473683,21.052631578947366,36.84210526315789
718,0.508,1,0,17,16,10.0,5.08,88.23529411764706,11.76470588235294,0.0,0.0
719,0.636,1,0,19,18,10.0,6.36,73.68421052631578,21.052631578947366,0.0,5.263157894736842
720,0.79,1,0,15,14,10.0,7.9,73.33333333333333,26.666666666666668,0.0,0.0
721,0.785,1,0,13,12,10.0,7.85,38.46153846153847,53.84615384615385,7.6923076923076925,0.0
722,0.592,1,0,24,23,10.0,5.92,79.16666666666666,20.833333333333336,0.0,0.0
723,0.58,1,0,11,10,10.0,5.8,72.72727272727273,27.27272727272727,0.0,0.0
724,0.725,1,0,16,15,10.0,7.25,75.0,18.75,0.0,6.25
725,0.576,1,0,16,15,10.0,5.76,43.75,31.25,12.5,12.5
726,0.826,1,0,22,21,10.0,8.26,45.45454545454545,9.090909090909092,27.27272727272727,18.181818181818183
727,0.642,1,0,13,12,10.0,6.42,38.46153846153847,0.0,0.0,61.53846153846154
728,0.538,1,0,16,15,10.0,5.38,43.75,43.75,6.25,6.25
729,0.536,1,0,18,17,9.0,5.36,77.77777777777779,22.22222222222222,0.0,0.0
730,0.604,1,0,18,17,10.0,6.04,55.55555555555556,38.88888888888889,0.0,5.555555555555555
731,0.874,1,0,31,30,10.0,8.74,77.41935483870968,22.58064516129032,0.0,0.0
732,0.784,1,0,29,28,10.0,7.84,31.03448275862069,34.48275862068966,10.344827586206897,24.137931034482758
733,0.645,1,0,18,17,10.0,6.45,61.111111111111114,27.77777777777778,5.555555555555555,5.555555555555555
734,0.58,1,0,19,18,10.0,5.8,63.1578947368421,5.263157894736842,26.31578947368421,5.263157894736842
735,0.73,1,0,20,19,10.0,7.3,75.0,25.0,0.0,0.0
736,0.744,1,0,30,29,10.0,7.44,56.666666666666664,40.0,3.3333333333333335,0.0
737,0.633,1,0,18,17,10.0,6.33,55.55555555555556,44.44444444444444,0.0,0.0
738,0.62,1,0,17,16,10.0,6.2,58.82352941176471,23.52941176470588,0.0,17.647058823529413
739,0.71,1,0,14,13,10.0,7.1,64.28571428571429,35.714285714285715,0.0,0.0
740,0.564,1,0,17,16,10.0,5.64,29.411764705882355,41.17647058823529,5.88235294117647,23.52941176470588
741,0.614,1,0,15,14,10.0,6.14,53.333333333333336,46.666666666666664,0.0,0.0
742,0.477,1,0,12,11,10.0,4.77,25.0,0.0,8.333333333333332,66.66666666666666
743,0.53,1,0,19,18,10.0,5.3,52.63157894736842,10.526315789473683,15.789473684210526,21.052631578947366
744,0.468,1,0,12,11,10.0,4.68,66.66666666666666,16.666666666666664,0.0,16.666666666666664
745,0.835,1,0,23,22,10.0,8.35,21.73913043478261,52.17391304347826,0.0,26.08695652173913
746,0.48,1,0,12,11,10.0,4.8,66.66666666666666,8.333333333333332,25.0,0.0
747,0.55,1,0,14,13,10.0,5.5,85.71428571428571,7.142857142857142,0.0,7.142857142857142
748,0.684,1,0,27,26,10.0,6.84,55.55555555555556,44.44444444444444,0.0,0.0
749,0.628,1,0,23,22,10.0,6.28,78.26086956521739,8.695652173913043,0.0,13.043478260869565
750,0.79,1,0,16,15,10.0,7.9,50.0,50.0,0.0,0.0
751,0.646,1,0,19,18,10.0,6.46,57.89473684210527,0.0,26.31578947368421,15.789473684210526
752,0.5,1,0,10,9,10.0,5.0,100.0,0.0,0.0,0.0
753,0.735,1,0,13,12,10.0,7.35,61.53846153846154,38.46153846153847,0.0,0.0
754,0.58,1,0,14,13,10.0,5.8,64.28571428571429,0.0,7.142857142857142,28.57142857142857
755,0.66,1,0,23,22,10.0,6.6,60.86956521739131,13.043478260869565,8.695652173913043,17.391304347826086
756,0.6,1,0,10,9,10.0,6.0,20.0,20.0,10.0,50.0
757,0.784,1,0,22,21,10.0,7.84,27.27272727272727,63.63636363636363,0.0,9.090909090909092
758,0.5,1,0,10,9,10.0,5.0,80.0,0.0,10.0,10.0
759,0.673,1,0,29,28,10.0,6.73,48.275862068965516,34.48275862068966,3.4482758620689653,13.793103448275861
760,0.772,1,0,23,22,10.0,7.72,21.73913043478261,52.17391304347826,4.3478260869565215,21.73913043478261
761,0.518,1,0,15,14,10.0,5.18,66.66666666666666,6.666666666666667,26.666666666666668,0.0
762,0.444,1,0,16,15,10.0,4.44,100.0,0.0,0.0,0.0
763,0.562,1,0,20,19,10.0,5.62,40.0,5.0,50.0,5.0
764,0.571,1,0,15,14,10.0,5.71,33.33333333333333,20.0,6.666666666666667,40.0
765,0.73,1,0,19,18,10.0,7.3,52.63157894736842,42.10526315789473,5.263157894736842,0.0
766,0.572,1,0,14,13,10.0,5.72,57.14285714285714,14.285714285714285,14.285714285714285,14.285714285714285
767,0.606,1,0,18,17,10.0,6.06,50.0,44.44444444444444,5.555555555555555,0.0
768,0.696,1,0,21,20,10.0,6.96,52.38095238095239,33.33333333333333,14.285714285714285,0.0
769,0.69,1,0,14,13,10.0,6.9,71.42857142857143,14.285714285714285,7.142857142857142,7.142857142857142
770,0.568,1,0,13,12,10.0,5.68,46.15384615384615,30.76923076923077,23.076923076923077,0.0
771,0.42,1,0,12,11,9.0,4.2,58.333333333333336,16.666666666666664,25.0,0.0
772,0.62,1,0,13,12,10.0,6.2,38.46153846153847,38.46153846153847,7.6923076923076925,15.384615384615385
773,0.7,1,0,16,15,10.0,7.0,62.5,37.5,0.0,0.0
774,0.528,1,0,14,13,10.0,5.28,35.714285714285715,57.14285714285714,7.142857142857142,0.0
775,0.738,1,0,18,17,10.0,7.38,66.66666666666666,27.77777777777778,0.0,5.555555555555555
776,0.708,1,0,21,20,10.0,7.08,66.66666666666666,23.809523809523807,0.0,9.523809523809524
777,0.576,1,0,20,19,10.0,5.76,75.0,20.0,0.0,5.0
778,0.51,1,0,20,19,10.0,5.1,45.0,15.0,0.0,40.0
779,0.59,1,0,18,17,10.0,5.9,77.77777777777779,22.22222222222222,0.0,0.0
780,0.509,1,0,18,17,10.0,5.09,55.55555555555556,11.11111111111111,11.11111111111111,22.22222222222222
781,0.515,1,0,16,15,10.0,5.15,75.0,18.75,6.25,0.0
782,0.36,1,0,13,12,10.0,3.6,100.0,0.0,0.0,0.0
783,0.773,1,0,20,19,10.0,7.73,20.0,15.0,15.0,50.0
784,0.302,1,0,8,7,10.0,3.02,75.0,12.5,12.5,0.0
785,0.631,1,0,14,13,10.0,6.31,78.57142857142857,21.428571428571427,0.0,0.0
786,0.7,1,0,21,20,10.0,7.0,23.809523809523807,57.14285714285714,4.761904761904762,14.285714285714285
787,0.709,1,0,15,14,10.0,7.09,73.33333333333333,13.333333333333334,6.666666666666667,6.666666666666667
788,0.616,1,0,19,18,10.0,6.16,52.63157894736842,31.57894736842105,15.789473684210526,0.0
789,0.54,1,0,18,17,10.0,5.4,100.0,0.0,0.0,0.0
790,0.7,1,0,20,19,10.0,7.0,80.0,10.0,10.0,0.0
791,0.68,1,0,11,10,10.0,6.8,36.36363636363637,9.090909090909092,54.54545454545454,0.0
792,0.638,1,0,22,21,10.0,6.38,77.27272727272727,18.181818181818183,0.0,4.545454545454546
793,0.688,1,0,22,21,10.0,6.88,50.0,0.0,27.27272727272727,22.727272727272727
794,0.682,1,0,24,23,10.0,6.82,45.83333333333333,33.33333333333333,20.833333333333336,0.0
795,0.656,1,0,19,18,10.0,6.56,63.1578947368421,26.31578947368421,0.0,10.526315789473683
796,0.592,1,0,20,19,10.0,5.92,75.0,25.0,0.0,0.0
797,0.512,1,0,18,17,10.0,5.12,94.44444444444444,5.555555555555555,0.0,0.0
798,0.824,1,0,26,25,10.0,8.24,53.84615384615385,42.30769230769231,3.8461538461538463,0.0
799,0.552,1,0,16,15,10.0,5.52,56.25,43.75,0.0,0.0
800,0.804,1,0,26,25,10.0,8.04,26.923076923076923,42.30769230769231,11.538461538461538,19.230769230769234
801,0.78,1,0,16,15,10.0,7.8,43.75,43.75,6.25,6.25
802,0.708,1,0,26,25,10.0,7.08,76.92307692307693,19.230769230769234,0.0,3.8461538461538463
803,0.72,1,0,25,24,10.0,7.2,52.0,36.0,0.0,12.0
804,0.529,1,0,16,15,10.0,5.29,25.0,68.75,6.25,0.0
805,0.605,1,0,12,11,10.0,6.05,58.333333333333336,25.0,8.333333333333332,8.333333333333332
806,0.391,1,0,15,14,10.0,3.91,80.0,6.666666666666667,13.333333333333334,0.0
807,0.84,1,0,17,16,10.0,8.4,52.94117647058824,17.647058823529413,23.52941176470588,5.88235294117647
808,0.752,1,0,21,20,10.0,7.52,28.57142857142857,28.57142857142857,42.857142857142854,0.0
809,0.6,1,0,19,18,10.0,6.0,57.89473684210527,36.84210526315789,5.263157894736842,0.0
810,0.628,1,0,21,20,10.0,6.28,71.42857142857143,28.57142857142857,0.0,0.0
811,0.512,1,0,14,13,10.0,5.12,78.57142857142857,21.428571428571427,0.0,0.0
812,0.429,1,0,13,12,10.0,4.29,92.3076923076923,0.0,0.0,7.6923076923076925
813,0.636,1,0,20,19,10.0,6.36,40.0,55.00000000000001,0.0,5.0
814,0.688,1,0,15,14,10.0,6.88,60.0,40.0,0.0,0.0
815,0.79,1,0,15,14,10.0,7.9,20.0,40.0,13.333333333333334,26.666666666666668
816,0.81,1,0,14,13,10.0,8.1,57.14285714285714,35.714285714285715,7.142857142857142,0.0
817,0.385,1,0,14,13,10.0,3.85,92.85714285714286,0.0,0.0,7.142857142857142
818,0.74,1,0,14,13,10.0,7.4,64.28571428571429,35.714285714285715,0.0,0.0
819,0.664,1,0,20,19,10.0,6.64,70.0,30.0,0.0,0.0
820,0.532,1,0,18,17,10.0,5.32,72.22222222222221,16.666666666666664,11.11111111111111,0.0
821,0.43,1,0,11,10,10.0,4.3,90.9090909090909,9.090909090909092,0.0,0.0
822,0.672,1,0,21,20,10.0,6.72,66.66666666666666,4.761904761904762,23.809523809523807,4.761904761904762
823,0.732,1,0,21,20,10.0,7.32,47.61904761904761,42.857142857142854,4.761904761904762,4.761904761904762
824,0.645,1,0,12,11,10.0,6.45,66.66666666666666,33.33333333333333,0.0,0.0
825,0.44,1,0,12,11,10.0,4.4,58.333333333333336,0.0,33.33333333333333,8.333333333333332
826,0.672,1,0,19,18,10.0,6.72,73.68421052631578,21.052631578947366,0.0,5.263157894736842
827,0.612,1,0,18,17,10.0,6.12,38.88888888888889,22.22222222222222,33.33333333333333,5.555555555555555
828,0.618,1,0,15,14,10.0,6.18,86.66666666666667,6.666666666666667,6.666666666666667,0.0
829,0.5,1,0,9,8,10.0,5.0,66.66666666666666,22.22222222222222,11.11111111111111,0.0
830,0.565,1,0,12,11,9.0,5.65,66.66666666666666,33.33333333333333,0.0,0.0
831,0.656,1,0,20,19,10.0,6.56,65.0,20.0,0.0,15.0
832,0.688,1,0,22,21,10.0,6.88,72.72727272727273,22.727272727272727,0.0,4.545454545454546
833,0.794,1,0,21,20,10.0,7.94,61.904761904761905,33.33333333333333,0.0,4.761904761904762
834,0.76,1,0,17,16,10.0,7.6,70.58823529411765,23.52941176470588,5.88235294117647,0.0
835,0.588,1,0,16,15,10.0,5.88,62.5,37.5,0.0,0.0
836,0.564,1,0,16,15,9.0,5.64,37.5,31.25,6.25,25.0
837,0.85,1,0,12,11,10.0,8.5,41.66666666666667,41.66666666666667,8.333333333333332,8.333333333333332
838,0.334,1,0,9,8,10.0,3.34,88.88888888888889,11.11111111111111,0.0,0.0
839,0.74,1,0,12,11,10.0,7.4,66.66666666666666,25.0,0.0,8.333333333333332
840,0.74,1,0,30,29,10.0,7.4,43.333333333333336,20.0,36.666666666666664,0.0
841,0.576,1,0,22,21,10.0,5.76,81.81818181818183,18.181818181818183,0.0,0.0
842,0.596,1,0,16,15,10.0,5.96,75.0,12.5,0.0,12.5
843,0.592,1,0,17,16,10.0,5.92,82.35294117647058,17.647058823529413,0.0,0.0
844,0.46,1,0,10,9,9.0,4.6,90.0,0.0,10.0,0.0
845,0.68,1,0,19,18,10.0,6.8,36.84210526315789,10.526315789473683,42.10526315789473,10.526315789473683
846,0.466,1,0,13,12,10.0,4.66,76.92307692307693,15.384615384615385,7.6923076923076925,0.0
847,0.608,1,0,20,19,10.0,6.08,70.0,30.0,0.0,0.0
848,0.686,1,0,26,25,10.0,6.86,73.07692307692307,26.923076923076923,0.0,0.0
849,0.528,1,0,14,13,10.0,5.28,100.0,0.0,0.0,0.0
850,0.567,1,0,16,15,10.0,5.67,100.0,0.0,0.0,0.0
851,0.564,1,0,14,13,10.0,5.64,78.57142857142857,14.285714285714285,7.142857142857142,0.0
852,0.76,1,0,20,19,10.0,7.6,60.0,40.0,0.0,0.0
853,0.572,1,0,17,16,10.0,5.72,76.47058823529412,23.52941176470588,0.0,0.0
854,0.632,1,0,18,17,10.0,6.32,61.111111111111114,33.33333333333333,5.555555555555555,0.0
855,0.73,1,0,17,16,10.0,7.3,58.82352941176471,17.647058823529413,11.76470588235294,11.76470588235294
856,0.64,1,0,19,18,10.0,6.4,73.68421052631578,26.31578947368421,0.0,0.0
857,0.798,1,0,25,24,10.0,7.98,56.00000000000001,24.0,12.0,8.0
858,0.57,1,0,21,20,10.0,5.7,61.904761904761905,23.809523809523807,14.285714285714285,0.0
859,0.76,1,0,14,13,10.0,7.6,50.0,21.428571428571427,14.285714285714285,14.285714285714285
860,0.752,1,0,25,24,10.0,7.52,52.0,36.0,4.0,8.0
861,0.405,1,0,12,11,10.0,4.05,83.33333333333334,16.666666666666664,0.0,0.0
862,0.884,1,0,24,23,10.0,8.84,20.833333333333336,45.83333333333333,33.33333333333333,0.0
863,0.414,1,0,10,9,10.0,4.14,50.0,20.0,30.0,0.0
864,0.71,1,0,15,14,10.0,7.1,86.66666666666667,6.666666666666667,6.666666666666667,0.0
865,0.547,1,0,16,15,10.0,5.47,81.25,6.25,6.25,6.25
866,0.616,1,0,17,16,10.0,6.16,70.58823529411765,23.52941176470588,5.88235294117647,0.0
867,0.443,1,0,13,12,10.0,4.43,61.53846153846154,0.0,7.6923076923076925,30.76923076923077
868,0.54,1,0,11,10,10.0,5.4,63.63636363636363,36.36363636363637,0.0,0.0
869,0.67,1,0,13,12,10.0,6.7,23.076923076923077,38.46153846153847,23.076923076923077,15.384615384615385
870,0.508,1,0,14,13,10.0,5.08,85.71428571428571,7.142857142857142,7.142857142857142,0.0
871,0.675,1,0,15,14,10.0,6.75,40.0,20.0,6.666666666666667,33.33333333333333
872,0.69,1,0,22,21,10.0,6.9,68.18181818181817,31.818181818181817,0.0,0.0
873,0.52,1,0,14,13,10.0,5.2,85.71428571428571,0.0,0.0,14.285714285714285
874,0.322,1,0,11,10,10.0,3.22,90.9090909090909,9.090909090909092,0.0,0.0
875,0.64,1,0,15,14,10.0,6.4,20.0,6.666666666666667,73.33333333333333,0.0
876,0.55,1,0,11,10,10.0,5.5,81.81818181818183,18.181818181818183,0.0,0.0
877,0.7,1,0,13,12,10.0,7.0,53.84615384615385,30.76923076923077,15.384615384615385,0.0
878,0.676,1,0,19,18,10.0,6.76,36.84210526315789,42.10526315789473,10.526315789473683,10.526315789473683
879,0.62,1,0,17,16,10.0,6.2,47.05882352941176,29.411764705882355,23.52941176470588,0.0
880,0.502,1,0,13,12,10.0,5.02,53.84615384615385,23.076923076923077,15.384615384615385,7.6923076923076925
881,0.686,1,0,21,20,10.0,6.86,71.42857142857143,28.57142857142857,0.0,0.0
882,0.456,1,0,11,10,10.0,4.56,63.63636363636363,18.181818181818183,9.090909090909092,9.090909090909092
883,0.442,1,0,14,13,10.0,4.42,78.57142857142857,21.428571428571427,0.0,0.0
884,0.5,1,0,11,10,10.0,5.0,63.63636363636363,36.36363636363637,0.0,0.0
885,0.516,1,0,15,14,10.0,5.16,73.33333333333333,13.333333333333334,13.333333333333334,0.0
886,0.64,1,0,21,20,10.0,6.4,61.904761904761905,14.285714285714285,9.523809523809524,14.285714285714285
887,0.7,1,0,20,19,10.0,7.0,20.0,40.0,15.0,25.0
888,0.7,1,0,22,21,10.0,7.0,59.09090909090909,40.909090909090914,0.0,0.0
889,0.575,1,0,12,11,10.0,5.75,66.66666666666666,16.666666666666664,16.666666666666664,0.0
890,0.632,1,0,14,13,10.0,6.32,50.0,21.428571428571427,0.0,28.57142857142857
891,0.638,1,0,18,17,10.0,6.38,77.77777777777779,16.666666666666664,5.555555555555555,0.0
892,0.7,1,0,13,12,10.0,7.0,61.53846153846154,38.46153846153847,0.0,0.0
893,0.732,1,0,27,26,10.0,7.32,51.85185185185185,29.629629629629626,14.814814814814813,3.7037037037037033
894,0.8,1,0,23,22,10.0,8.0,65.21739130434783,34.78260869565217,0.0,0.0
895,0.6,1,0,19,18,10.0,6.0,31.57894736842105,26.31578947368421,36.84210526315789,5.263157894736842
896,0.4,1,0,10,9,10.0,4.0,90.0,10.0,0.0,0.0
897,0.614,1,0,17,16,10.0,6.14,58.82352941176471,5.88235294117647,35.294117647058826,0.0
898,0.462,1,0,15,14,10.0,4.62,86.66666666666667,6.666666666666667,0.0,6.666666666666667
899,0.724,1,0,19,18,10.0,7.24,52.63157894736842,15.789473684210526,21.052631578947366,10.526315789473683
900,0.614,1,0,19,18,10.0,6.14,47.368421052631575,10.526315789473683,31.57894736842105,10.526315789473683
901,0.58,1,0,16,15,10.0,5.8,87.5,12.5,0.0,0.0
902,0.411,1,0,14,13,10.0,4.11,92.85714285714286,0.0,0.0,7.142857142857142
903,0.6,1,0,18,17,10.0,6.0,55.55555555555556,44.44444444444444,0.0,0.0
904,0.708,1,0,21,20,10.0,7.08,28.57142857142857,4.761904761904762,66.66666666666666,0.0
905,0.525,1,0,10,9,10.0,5.25,60.0,30.0,0.0,10.0
906,0.724,1,0,22,21,10.0,7.24,72.72727272727273,27.27272727272727,0.0,0.0
907,0.661,1,0,17,16,10.0,6.61,70.58823529411765,29.411764705882355,0.0,0.0
908,0.816,1,0,21,20,10.0,8.16,52.38095238095239,38.095238095238095,9.523809523809524,0.0
909,0.671,1,0,23,22,10.0,6.71,56.52173913043478,43.47826086956522,0.0,0.0
910,0.652,1,0,20,19,10.0,6.52,65.0,30.0,5.0,0.0
911,0.74,1,0,19,18,10.0,7.4,73.68421052631578,26.31578947368421,0.0,0.0
912,0.64,1,0,19,18,10.0,6.4,73.68421052631578,26.31578947368421,0.0,0.0
913,0.72,1,0,17,16,10.0,7.2,41.17647058823529,17.647058823529413,17.647058823529413,23.52941176470588
914,0.552,1,0,19,18,10.0,5.52,84.21052631578947,15.789473684210526,0.0,0.0
915,0.6,1,0,21,20,10.0,6.0,57.14285714285714,33.33333333333333,9.523809523809524,0.0
916,0.74,1,0,33,32,10.0,7.4,81.81818181818183,18.181818181818183,0.0,0.0
917,0.632,1,0,16,15,10.0,6.32,68.75,31.25,0.0,0.0
918,0.493,1,0,17,16,10.0,4.93,88.23529411764706,5.88235294117647,5.88235294117647,0.0
919,0.587,1,0,18,17,10.0,5.87,77.77777777777779,16.666666666666664,0.0,5.555555555555555
920,0.544,1,0,14,13,10.0,5.44,71.42857142857143,28.57142857142857,0.0,0.0
921,0.672,1,0,21,20,10.0,6.72,71.42857142857143,9.523809523809524,19.047619047619047,0.0
922,0.712,1,0,17,16,10.0,7.12,70.58823529411765,11.76470588235294,17.647058823529413,0.0
923,0.88,1,0,31,30,10.0,8.8,48.38709677419355,16.129032258064516,35.483870967741936,0.0
924,0.542,1,0,12,11,10.0,5.42,66.66666666666666,33.33333333333333,0.0,0.0
925,0.528,1,0,19,18,10.0,5.28,100.0,0.0,0.0,0.0
926,0.7,1,0,11,10,10.0,7.0,72.72727272727273,9.090909090909092,9.090909090909092,9.090909090909092
927,0.785,1,0,17,16,10.0,7.85,41.17647058823529,58.82352941176471,0.0,0.0
928,0.784,1,0,19,18,10.0,7.84,47.368421052631575,47.368421052631575,5.263157894736842,0.0
929,0.675,1,0,13,12,10.0,6.75,61.53846153846154,15.384615384615385,0.0,23.076923076923077
930,0.692,1,0,21,20,10.0,6.92,33.33333333333333,4.761904761904762,42.857142857142854,19.047619047619047
931,0.667,1,0,19,18,10.0,6.67,84.21052631578947,5.263157894736842,10.526315789473683,0.0
932,0.7,1,0,20,19,10.0,7.0,50.0,20.0,25.0,5.0
933,0.572,1,0,21,20,10.0,5.72,76.19047619047619,19.047619047619047,4.761904761904762,0.0
934,0.586,1,0,16,15,10.0,5.86,62.5,37.5,0.0,0.0
935,0.64,1,0,20,19,10.0,6.4,35.0,15.0,35.0,15.0
936,0.672,1,0,20,19,10.0,6.72,35.0,65.0,0.0,0.0
937,0.79,1,0,23,22,10.0,7.9,43.47826086956522,52.17391304347826,4.3478260869565215,0.0
938,0.67,1,0,23,22,10.0,6.7,34.78260869565217,17.391304347826086,39.130434782608695,8.695652173913043
939,0.632,1,0,16,15,10.0,6.32,75.0,18.75,0.0,6.25
940,0.628,1,0,18,17,10.0,6.28,77.77777777777779,22.22222222222222,0.0,0.0
941,0.72,1,0,23,22,10.0,7.2,56.52173913043478,43.47826086956522,0.0,0.0
942,0.48,1,0,12,11,10.0,4.8,41.66666666666667,58.333333333333336,0.0,0.0
943,0.605,1,0,10,9,10.0,6.05,80.0,20.0,0.0,0.0
944,0.527,1,0,20,19,10.0,5.27,60.0,25.0,5.0,10.0
945,0.618,1,0,17,16,10.0,6.18,35.294117647058826,5.88235294117647,0.0,58.82352941176471
946,0.548,1,0,21,20,10.0,5.48,76.19047619047619,23.809523809523807,0.0,0.0
947,0.805,1,0,15,14,10.0,8.05,46.666666666666664,40.0,13.333333333333334,0.0
948,0.656,1,0,24,23,10.0,6.56,50.0,50.0,0.0,0.0
949,0.615,1,0,13,12,10.0,6.15,69.23076923076923,7.6923076923076925,23.076923076923077,0.0
950,0.552,1,0,16,15,10.0,5.52,43.75,0.0,50.0,6.25
951,0.4,1,0,10,9,10.0,4.0,90.0,10.0,0.0,0.0
952,0.71,1,0,22,21,10.0,7.1,68.18181818181817,27.27272727272727,4.545454545454546,0.0
953,0.526,1,0,19,18,10.0,5.26,78.94736842105263,10.526315789473683,0.0,10.526315789473683
954,0.703,1,0,19,18,10.0,7.03,68.42105263157895,26.31578947368421,0.0,5.263157894736842
955,0.601,1,0,19,18,10.0,6.01,52.63157894736842,42.10526315789473,5.263157894736842,0.0
956,0.469,1,0,13,12,10.0,4.69,46.15384615384615,0.0,7.6923076923076925,46.15384615384615
957,0.49,1,0,13,12,10.0,4.9,69.23076923076923,15.384615384615385,15.384615384615385,0.0
958,0.736,1,0,30,29,10.0,7.36,66.66666666666666,16.666666666666664,16.666666666666664,0.0
959,0.658,1,0,26,25,10.0,6.58,76.92307692307693,15.384615384615385,7.6923076923076925,0.0
960,0.624,1,0,16,15,10.0,6.24,68.75,31.25,0.0,0.0
961,0.716,1,0,28,27,10.0,7.16,53.57142857142857,46.42857142857143,0.0,0.0
962,0.632,1,0,18,17,10.0,6.32,22.22222222222222,44.44444444444444,27.77777777777778,5.555555555555555
963,0.56,1,0,17,16,10.0,5.6,64.70588235294117,35.294117647058826,0.0,0.0
964,0.572,1,0,22,21,10.0,5.72,77.27272727272727,18.181818181818183,0.0,4.545454545454546
965,0.637,1,0,22,21,10.0,6.37,77.27272727272727,22.727272727272727,0.0,0.0
966,0.64,1,0,14,13,10.0,6.4,78.57142857142857,21.428571428571427,0.0,0.0
967,0.766,1,0,20,19,10.0,7.66,85.0,15.0,0.0,0.0
968,0.732,1,0,25,24,10.0,7.32,44.0,52.0,4.0,0.0
969,0.62,1,0,14,13,10.0,6.2,35.714285714285715,28.57142857142857,35.714285714285715,0.0
970,0.59,1,0,19,18,10.0,5.9,68.42105263157895,5.263157894736842,26.31578947368421,0.0
971,0.596,1,0,15,14,10.0,5.96,80.0,13.333333333333334,6.666666666666667,0.0
972,0.779,1,0,22,21,10.0,7.79,54.54545454545454,45.45454545454545,0.0,0.0
973,0.65,1,0,13,12,10.0,6.5,76.92307692307693,15.384615384615385,7.6923076923076925,0.0
974,0.584,1,0,17,16,10.0,5.84,58.82352941176471,41.17647058823529,0.0,0.0
975,0.644,1,0,20,19,10.0,6.44,70.0,30.0,0.0,0.0
976,0.54,1,0,18,17,10.0,5.4,50.0,5.555555555555555,5.555555555555555,38.88888888888889
977,0.628,1,0,15,14,10.0,6.28,60.0,26.666666666666668,13.333333333333334,0.0
978,0.82,1,0,20,19,10.0,8.2,70.0,20.0,10.0,0.0
979,0.582,1,0,20,19,10.0,5.82,100.0,0.0,0.0,0.0
980,0.555,1,0,17,16,10.0,5.55,64.70588235294117,29.411764705882355,0.0,5.88235294117647
981,0.574,1,0,17,16,10.0,5.74,94.11764705882352,5.88235294117647,0.0,0.0
982,0.71,1,0,27,26,10.0,7.1,55.55555555555556,33.33333333333333,7.4074074074074066,3.7037037037037033
983,0.736,1,0,19,18,10.0,7.36,31.57894736842105,36.84210526315789,5.263157894736842,26.31578947368421
984,0.81,1,0,20,19,10.0,8.1,60.0,35.0,5.0,0.0
985,0.68,1,0,13,12,10.0,6.8,61.53846153846154,30.76923076923077,0.0,7.6923076923076925
986,0.525,1,0,17,16,10.0,5.25,76.47058823529412,17.647058823529413,5.88235294117647,0.0
987,0.74,1,0,16,15,10.0,7.4,50.0,31.25,18.75,0.0
988,0.714,1,0,26,25,10.0,7.14,50.0,46.15384615384615,3.8461538461538463,0.0
989,0.618,1,0,21,20,10.0,6.18,57.14285714285714,23.809523809523807,19.047619047619047,0.0
990,0.42,1,0,13,12,10.0,4.2,92.3076923076923,7.6923076923076925,0.0,0.0
991,0.664,1,0,21,20,10.0,6.64,80.95238095238095,19.047619047619047,0.0,0.0
992,0.7,1,0,18,17,10.0,7.0,77.77777777777779,22.22222222222222,0.0,0.0
993,0.68,1,0,29,28,10.0,6.8,34.48275862068966,41.37931034482759,24.137931034482758,0.0
994,0.766,1,0,19,18,10.0,7.66,68.42105263157895,31.57894736842105,0.0,0.0
995,0.66,1,0,19,18,10.0,6.6,84.21052631578947,10.526315789473683,5.263157894736842,0.0
996,0.598,1,0,17,16,10.0,5.98,70.58823529411765,29.411764705882355,0.0,0.0
997,0.449,1,0,11,10,10.0,4.49,63.63636363636363,18.181818181818183,18.181818181818183,0.0
998,0.69,1,0,13,12,10.0,6.9,61.53846153846154,30.76923076923077,7.6923076923076925,0.0
999,0.66,1,0,25,24,10.0,6.6,64.0,28.000000000000004,8.0,0.0
1000,0.56,1,0,14,13,10.0,5.6,42.857142857142854,28.57142857142857,28.57142857142857,0.0
1001,0.627,1,0,17,16,10.0,6.27,76.47058823529412,23.52941176470588,0.0,0.0
1002,0.68,1,0,20,19,10.0,6.8,75.0,20.0,0.0,5.0
1003,0.66,1,0,18,17,10.0,6.6,77.77777777777779,16.666666666666664,5.555555555555555,0.0
1004,0.924,1,0,20,19,10.0,9.24,25.0,75.0,0.0,0.0
1005,0.558,1,0,17,16,10.0,5.58,47.05882352941176,35.294117647058826,17.647058823529413,0.0
1006,0.652,1,0,17,16,10.0,6.52,64.70588235294117,23.52941176470588,5.88235294117647,5.88235294117647
1007,0.68,1,0,18,17,10.0,6.8,50.0,33.33333333333333,0.0,16.666666666666664
1008,0.553,1,0,15,14,10.0,5.53,86.66666666666667,13.333333333333334,0.0,0.0
1009,0.58,1,0,18,17,10.0,5.8,33.33333333333333,5.555555555555555,27.77777777777778,33.33333333333333
1010,0.69,1,0,15,14,10.0,6.9,20.0,26.666666666666668,53.333333333333336,0.0
1011,0.614,1,0,16,15,10.0,6.14,56.25,12.5,6.25,25.0
1012,0.476,1,0,18,17,10.0,4.76,94.44444444444444,0.0,0.0,5.555555555555555
1013,0.664,1,0,17,16,10.0,6.64,52.94117647058824,47.05882352941176,0.0,0.0
1014,0.716,1,0,22,21,10.0,7.16,59.09090909090909,40.909090909090914,0.0,0.0
1015,0.476,1,0,13,12,10.0,4.76,84.61538461538461,15.384615384615385,0.0,0.0
1016,0.696,1,0,19,18,10.0,6.96,52.63157894736842,31.57894736842105,5.263157894736842,10.526315789473683
1017,0.736,1,0,27,26,10.0,7.36,51.85185185185185,14.814814814814813,25.925925925925924,7.4074074074074066
1018,0.774,1,0,16,15,10.0,7.74,37.5,50.0,12.5,0.0
1019,0.76,1,0,16,15,10.0,7.6,56.25,12.5,0.0,31.25
1020,0.647,1,0,16,15,10.0,6.47,62.5,18.75,6.25,12.5
1021,0.742,1,0,17,16,10.0,7.42,47.05882352941176,47.05882352941176,0.0,5.88235294117647
1022,0.648,1,0,19,18,10.0,6.48,47.368421052631575,26.31578947368421,26.31578947368421,0.0
1023,0.559,1,0,18,17,10.0,5.59,66.66666666666666,0.0,0.0,33.33333333333333
1024,0.625,1,0,13,12,10.0,6.25,53.84615384615385,7.6923076923076925,23.076923076923077,15.384615384615385
1025,0.455,1,0,11,10,10.0,4.55,100.0,0.0,0.0,0.0
1026,0.762,1,0,21,20,10.0,7.62,52.38095238095239,42.857142857142854,4.761904761904762,0.0
1027,0.512,1,0,14,13,10.0,5.12,71.42857142857143,21.428571428571427,7.142857142857142,0.0
1028,0.92,1,0,30,29,10.0,9.2,20.0,73.33333333333333,0.0,6.666666666666667
1029,0.599,1,0,17,16,10.0,5.99,70.58823529411765,11.76470588235294,17.647058823529413,0.0
1030,0.632,1,0,18,17,10.0,6.32,77.77777777777779,22.22222222222222,0.0,0.0
1031,0.6,1,0,19,18,10.0,6.0,63.1578947368421,21.052631578947366,15.789473684210526,0.0
1032,0.692,1,0,23,22,10.0,6.92,34.78260869565217,43.47826086956522,17.391304347826086,4.3478260869565215
1033,0.58,1,0,11,10,10.0,5.8,81.81818181818183,9.090909090909092,0.0,9.090909090909092
1034,0.676,1,0,16,15,10.0,6.76,50.0,43.75,6.25,0.0
1035,0.74,1,0,14,13,10.0,7.4,57.14285714285714,42.857142857142854,0.0,0.0
1036,0.6,1,0,12,11,10.0,6.0,66.66666666666666,8.333333333333332,25.0,0.0
1037,0.8,1,0,11,10,10.0,8.0,63.63636363636363,36.36363636363637,0.0,0.0
1038,0.578,1,0,18,17,10.0,5.78,94.44444444444444,5.555555555555555,0.0,0.0
1039,0.617,1,0,15,14,10.0,6.17,100.0,0.0,0.0,0.0
1040,0.63,1,0,14,13,10.0,6.3,78.57142857142857,0.0,0.0,21.428571428571427
1041,0.52,1,0,15,14,10.0,5.2,86.66666666666667,13.333333333333334,0.0,0.0
1042,0.62,1,0,24,23,10.0,6.2,75.0,4.166666666666666,8.333333333333332,12.5
1043,0.708,1,0,20,19,10.0,7.08,75.0,20.0,5.0,0.0
1044,0.702,1,0,26,25,10.0,7.02,42.30769230769231,19.230769230769234,15.384615384615385,23.076923076923077
1045,0.736,1,0,15,14,10.0,7.36,46.666666666666664,20.0,33.33333333333333,0.0
1046,0.497,1,0,16,15,10.0,4.97,93.75,6.25,0.0,0.0
1047,0.522,1,0,16,15,10.0,5.22,81.25,12.5,0.0,6.25
1048,0.604,1,0,28,27,10.0,6.04,64.28571428571429,3.571428571428571,0.0,32.142857142857146
1049,0.561,1,0,17,16,10.0,5.61,82.35294117647058,17.647058823529413,0.0,0.0
1050,0.784,1,0,17,16,10.0,7.84,70.58823529411765,29.411764705882355,0.0,0.0
1051,0.766,1,0,26,25,10.0,7.66,46.15384615384615,53.84615384615385,0.0,0.0
1052,0.564,1,0,20,19,10.0,5.64,95.0,5.0,0.0,0.0
1053,0.64,1,0,20,19,10.0,6.4,75.0,20.0,0.0,5.0
1054,0.724,1,0,22,21,10.0,7.24,50.0,40.909090909090914,0.0,9.090909090909092
1055,0.725,1,0,29,28,10.0,7.25,62.06896551724138,13.793103448275861,6.896551724137931,17.24137931034483
1056,0.615,1,0,12,11,10.0,6.15,50.0,50.0,0.0,0.0
1057,0.685,1,0,17,16,10.0,6.85,82.35294117647058,17.647058823529413,0.0,0.0
1058,0.496,1,0,11,10,10.0,4.96,90.9090909090909,9.090909090909092,0.0,0.0
1059,0.64,1,0,14,13,10.0,6.4,64.28571428571429,21.428571428571427,7.142857142857142,7.142857142857142
1060,0.638,1,0,25,24,10.0,6.38,96.0,4.0,0.0,0.0
1061,0.504,1,0,20,19,10.0,5.04,75.0,20.0,0.0,5.0
1062,0.482,1,0,14,13,10.0,4.82,78.57142857142857,14.285714285714285,7.142857142857142,0.0
1063,0.627,1,0,18,17,10.0,6.27,50.0,38.88888888888889,5.555555555555555,5.555555555555555
1064,0.65,1,0,18,17,10.0,6.5,44.44444444444444,55.55555555555556,0.0,0.0
1065,0.64,1,0,11,10,10.0,6.4,63.63636363636363,18.181818181818183,9.090909090909092,9.090909090909092
1066,0.568,1,0,16,15,10.0,5.68,93.75,6.25,0.0,0.0
1067,0.65,1,0,13,12,10.0,6.5,76.92307692307693,23.076923076923077,0.0,0.0
1068,0.672,1,0,26,25,10.0,6.72,76.92307692307693,23.076923076923077,0.0,0.0
1069,0.44,1,0,11,10,10.0,4.4,81.81818181818183,18.181818181818183,0.0,0.0
1070,0.54,1,0,11,10,10.0,5.4,81.81818181818183,18.181818181818183,0.0,0.0
1071,0.736,1,0,19,18,10.0,7.36,42.10526315789473,36.84210526315789,21.052631578947366,0.0
1072,0.706,1,0,19,18,10.0,7.06,42.10526315789473,5.263157894736842,52.63157894736842,0.0
1073,0.71,1,0,28,27,10.0,7.1,53.57142857142857,28.57142857142857,0.0,17.857142857142858
1074,0.73,1,0,16,15,10.0,7.3,31.25,62.5,6.25,0.0
1075,0.6,1,0,17,16,10.0,6.0,64.70588235294117,35.294117647058826,0.0,0.0
1076,0.56,1,0,20,19,10.0,5.6,65.0,25.0,10.0,0.0
1077,0.648,1,0,16,15,10.0,6.48,43.75,50.0,6.25,0.0
1078,0.443,1,0,15,14,10.0,4.43,86.66666666666667,6.666666666666667,6.666666666666667,0.0
1079,0.57,1,0,16,15,10.0,5.7,50.0,6.25,43.75,0.0
1080,0.68,1,0,14,13,10.0,6.8,7.142857142857142,50.0,42.857142857142854,0.0
1081,0.59,1,0,20,19,10.0,5.9,85.0,15.0,0.0,0.0
1082,0.808,1,0,27,26,10.0,8.08,40.74074074074074,59.25925925925925,0.0,0.0
1083,0.641,1,0,20,19,10.0,6.41,50.0,35.0,15.0,0.0
1084,0.598,1,0,17,16,10.0,5.98,82.35294117647058,17.647058823529413,0.0,0.0
1085,0.622,1,0,15,14,10.0,6.22,80.0,13.333333333333334,6.666666666666667,0.0
1086,0.473,1,0,14,13,10.0,4.73,64.28571428571429,0.0,35.714285714285715,0.0
1087,0.706,1,0,25,24,10.0,7.06,56.00000000000001,24.0,20.0,0.0
1088,0.71,1,0,24,23,10.0,7.1,70.83333333333334,29.166666666666668,0.0,0.0
1089,0.66,1,0,26,25,10.0,6.6,65.38461538461539,30.76923076923077,3.8461538461538463,0.0
1090,0.58,1,0,19,18,10.0,5.8,100.0,0.0,0.0,0.0
1091,0.58,1,0,12,11,10.0,5.8,50.0,41.66666666666667,8.333333333333332,0.0
1092,0.5,1,0,20,19,10.0,5.0,75.0,20.0,0.0,5.0
1093,0.692,1,0,16,15,10.0,6.92,31.25,25.0,6.25,37.5
1094,0.6,1,0,23,22,10.0,6.0,73.91304347826086,21.73913043478261,0.0,4.3478260869565215
1095,0.708,1,0,22,21,10.0,7.08,86.36363636363636,4.545454545454546,9.090909090909092,0.0
1096,0.644,1,0,20,19,10.0,6.44,85.0,15.0,0.0,0.0
1097,0.717,1,0,19,18,10.0,7.17,73.68421052631578,26.31578947368421,0.0,0.0
1098,0.527,1,0,19,18,10.0,5.27,73.68421052631578,5.263157894736842,5.263157894736842,15.789473684210526
1099,0.486,1,0,15,14,10.0,4.86,93.33333333333333,6.666666666666667,0.0,0.0
1100,0.584,1,0,19,18,10.0,5.84,73.68421052631578,26.31578947368421,0.0,0.0
1101,0.675,1,0,12,11,10.0,6.75,66.66666666666666,16.666666666666664,16.666666666666664,0.0
1102,0.466,1,0,14,13,10.0,4.66,57.14285714285714,42.857142857142854,0.0,0.0
1103,0.65,1,0,18,17,10.0,6.5,72.22222222222221,27.77777777777778,0.0,0.0
1104,0.85,1,0,11,10,10.0,8.5,54.54545454545454,36.36363636363637,0.0,9.090909090909092
1105,0.456,1,0,14,13,10.0,4.56,64.28571428571429,0.0,35.714285714285715,0.0
1106,0.662,1,0,16,15,10.0,6.62,68.75,25.0,0.0,6.25
1107,0.68,1,0,22,21,10.0,6.8,68.18181818181817,18.181818181818183,13.636363636363635,0.0
1108,0.54,1,0,15,14,10.0,5.4,93.33333333333333,6.666666666666667,0.0,0.0
1109,0.778,1,0,22,21,10.0,7.78,68.18181818181817,31.818181818181817,0.0,0.0
1110,0.461,1,0,12,11,10.0,4.61,75.0,16.666666666666664,8.333333333333332,0.0
1111,0.616,1,0,18,17,10.0,6.16,94.44444444444444,5.555555555555555,0.0,0.0
1112,0.668,1,0,21,20,10.0,6.68,85.71428571428571,14.285714285714285,0.0,0.0
1113,0.413,1,0,11,10,9.0,4.13,90.9090909090909,9.090909090909092,0.0,0.0
1114,0.63,1,0,10,9,10.0,6.3,60.0,0.0,30.0,10.0
1115,0.444,1,0,15,14,10.0,4.44,73.33333333333333,6.666666666666667,20.0,0.0
1116,0.825,1,0,11,10,10.0,8.25,72.72727272727273,27.27272727272727,0.0,0.0
1117,0.425,1,0,14,13,10.0,4.25,100.0,0.0,0.0,0.0
1118,0.664,1,0,22,21,10.0,6.64,54.54545454545454,18.181818181818183,13.636363636363635,13.636363636363635
1119,0.629,1,0,18,17,10.0,6.29,27.77777777777778,5.555555555555555,66.66666666666666,0.0
1120,0.556,1,0,17,16,10.0,5.56,52.94117647058824,41.17647058823529,5.88235294117647,0.0
1121,0.564,1,0,17,16,10.0,5.64,64.70588235294117,35.294117647058826,0.0,0.0
1122,0.75,1,0,19,18,10.0,7.5,21.052631578947366,31.57894736842105,47.368421052631575,0.0
1123,0.615,1,0,16,15,10.0,6.15,68.75,25.0,6.25,0.0
1124,0.63,1,0,13,12,10.0,6.3,92.3076923076923,7.6923076923076925,0.0,0.0
1125,0.52,1,0,12,11,10.0,5.2,66.66666666666666,33.33333333333333,0.0,0.0
1126,0.552,1,0,17,16,10.0,5.52,47.05882352941176,35.294117647058826,5.88235294117647,11.76470588235294
1127,0.569,1,0,15,14,10.0,5.69,66.66666666666666,26.666666666666668,0.0,6.666666666666667
1128,0.684,1,0,25,24,10.0,6.84,76.0,8.0,0.0,16.0
1129,0.584,1,0,17,16,10.0,5.84,88.23529411764706,11.76470588235294,0.0,0.0
1130,0.577,1,0,21,20,10.0,5.77,61.904761904761905,23.809523809523807,14.285714285714285,0.0
1131,0.656,1,0,18,17,10.0,6.56,55.55555555555556,44.44444444444444,0.0,0.0
1132,0.68,1,0,15,14,10.0,6.8,66.66666666666666,13.333333333333334,20.0,0.0
1133,0.718,1,0,22,21,10.0,7.18,50.0,50.0,0.0,0.0
1134,0.768,1,0,23,22,10.0,7.68,52.17391304347826,13.043478260869565,34.78260869565217,0.0
1135,0.618,1,0,16,15,10.0,6.18,62.5,31.25,6.25,0.0
1136,0.635,1,0,11,10,10.0,6.35,81.81818181818183,18.181818181818183,0.0,0.0
1137,0.528,1,0,14,13,10.0,5.28,64.28571428571429,14.285714285714285,14.285714285714285,7.142857142857142
1138,0.66,1,0,16,15,10.0,6.6,62.5,25.0,12.5,0.0
1139,0.802,1,0,18,17,10.0,8.02,27.77777777777778,50.0,16.666666666666664,5.555555555555555
1140,0.63,1,0,20,19,10.0,6.3,40.0,5.0,0.0,55.00000000000001
1141,0.761,1,0,18,17,10.0,7.61,50.0,44.44444444444444,5.555555555555555,0.0
1142,0.688,1,0,21,20,10.0,6.88,76.19047619047619,19.047619047619047,0.0,4.761904761904762
1143,0.66,1,0,11,10,10.0,6.6,54.54545454545454,18.181818181818183,18.181818181818183,9.090909090909092
1144,0.728,1,0,25,24,10.0,7.28,68.0,32.0,0.0,0.0
1145,0.62,1,0,12,11,10.0,6.2,25.0,33.33333333333333,33.33333333333333,8.333333333333332
1146,0.535,1,0,16,15,10.0,5.35,81.25,12.5,0.0,6.25
1147,0.612,1,0,23,22,10.0,6.12,65.21739130434783,34.78260869565217,0.0,0.0
1148,0.65,1,0,14,13,10.0,6.5,64.28571428571429,14.285714285714285,14.285714285714285,7.142857142857142
1149,0.656,1,0,20,19,10.0,6.56,70.0,15.0,0.0,15.0
1150,0.832,1,0,32,31,10.0,8.32,15.625,21.875,34.375,28.125
1151,0.634,1,0,16,15,10.0,6.34,56.25,43.75,0.0,0.0
1152,0.6,1,0,11,10,10.0,6.0,63.63636363636363,27.27272727272727,9.090909090909092,0.0
1153,0.493,1,0,12,11,10.0,4.93,100.0,0.0,0.0,0.0
1154,0.784,1,0,25,24,10.0,7.84,72.0,28.000000000000004,0.0,0.0
1155,0.692,1,0,15,14,10.0,6.92,66.66666666666666,6.666666666666667,26.666666666666668,0.0
1156,0.792,1,0,18,17,10.0,7.92,72.22222222222221,22.22222222222222,0.0,5.555555555555555
1157,0.408,1,0,12,11,10.0,4.08,83.33333333333334,0.0,0.0,16.666666666666664
1158,0.47,1,0,16,15,10.0,4.7,75.0,6.25,18.75,0.0
1159,0.684,1,0,15,14,10.0,6.84,60.0,6.666666666666667,33.33333333333333,0.0
1160,0.38,1,0,12,11,9.0,3.8,83.33333333333334,16.666666666666664,0.0,0.0
1161,0.632,1,0,17,16,10.0,6.32,76.47058823529412,11.76470588235294,11.76470588235294,0.0
1162,0.656,1,0,16,15,10.0,6.56,50.0,50.0,0.0,0.0
1163,0.82,1,0,22,21,10.0,8.2,59.09090909090909,36.36363636363637,0.0,4.545454545454546
1164,0.472,1,0,11,10,10.0,4.72,81.81818181818183,18.181818181818183,0.0,0.0
1165,0.7,1,0,20,19,10.0,7.0,65.0,30.0,5.0,0.0
1166,0.468,1,0,18,17,10.0,4.68,94.44444444444444,5.555555555555555,0.0,0.0
1167,0.564,1,0,12,11,10.0,5.64,33.33333333333333,16.666666666666664,25.0,25.0
1168,0.666,1,0,21,20,10.0,6.66,71.42857142857143,28.57142857142857,0.0,0.0
1169,0.654,1,0,19,18,10.0,6.54,84.21052631578947,5.263157894736842,10.526315789473683,0.0
1170,0.684,1,0,17,16,10.0,6.84,58.82352941176471,29.411764705882355,11.76470588235294,0.0
1171,0.66,1,0,18,17,10.0,6.6,88.88888888888889,11.11111111111111,0.0,0.0
1172,0.415,1,0,11,10,10.0,4.15,72.72727272727273,27.27272727272727,0.0,0.0
1173,0.8,1,0,19,18,10.0,8.0,78.94736842105263,21.052631578947366,0.0,0.0
1174,0.728,1,0,28,27,10.0,7.28,21.428571428571427,46.42857142857143,32.142857142857146,0.0
1175,0.452,1,0,16,15,10.0,4.52,87.5,12.5,0.0,0.0
1176,0.6,1,0,13,12,10.0,6.0,46.15384615384615,23.076923076923077,30.76923076923077,0.0
1177,0.52,1,0,19,18,10.0,5.2,100.0,0.0,0.0,0.0
1178,0.702,1,0,19,18,10.0,7.02,73.68421052631578,10.526315789473683,15.789473684210526,0.0
1179,0.689,1,0,17,16,10.0,6.89,29.411764705882355,35.294117647058826,29.411764705882355,5.88235294117647
1180,0.71,1,0,15,14,10.0,7.1,86.66666666666667,6.666666666666667,6.666666666666667,0.0
1181,0.648,1,0,21,20,10.0,6.48,47.61904761904761,42.857142857142854,0.0,9.523809523809524
1182,0.805,1,0,13,12,10.0,8.05,69.23076923076923,23.076923076923077,7.6923076923076925,0.0
1183,0.576,1,0,17,16,10.0,5.76,82.35294117647058,17.647058823529413,0.0,0.0
1184,0.976,1,0,19,18,10.0,9.76,42.10526315789473,52.63157894736842,5.263157894736842,0.0
1185,0.622,1,0,17,16,10.0,6.22,64.70588235294117,11.76470588235294,23.52941176470588,0.0
1186,0.65,1,0,23,22,10.0,6.5,69.56521739130434,30.434782608695656,0.0,0.0
1187,0.648,1,0,21,20,10.0,6.48,61.904761904761905,23.809523809523807,14.285714285714285,0.0
1188,0.56,1,0,18,17,10.0,5.6,55.55555555555556,22.22222222222222,0.0,22.22222222222222
1189,0.677,1,0,15,14,10.0,6.77,66.66666666666666,20.0,0.0,13.333333333333334
1190,0.6,1,0,24,23,10.0,6.0,100.0,0.0,0.0,0.0
1191,0.622,1,0,27,26,10.0,6.22,66.66666666666666,18.51851851851852,0.0,14.814814814814813
1192,0.574,1,0,20,19,10.0,5.74,85.0,5.0,0.0,10.0
1193,0.74,1,0,12,11,10.0,7.4,41.66666666666667,25.0,16.666666666666664,16.666666666666664
1194,0.624,1,0,19,18,10.0,6.24,73.68421052631578,21.052631578947366,0.0,5.263157894736842
1195,0.691,1,0,28,27,10.0,6.91,64.28571428571429,10.714285714285714,10.714285714285714,14.285714285714285
1196,0.314,1,0,11,10,10.0,3.14,100.0,0.0,0.0,0.0
1197,0.405,1,0,12,11,10.0,4.05,100.0,0.0,0.0,0.0
1198,0.517,1,0,16,15,10.0,5.17,93.75,6.25,0.0,0.0
1199,0.78,1,0,20,19,10.0,7.8,50.0,50.0,0.0,0.0
1200,0.746,1,0,31,30,10.0,7.46,32.25806451612903,25.806451612903224,25.806451612903224,16.129032258064516
1201,0.56,1,0,17,16,10.0,5.6,41.17647058823529,17.647058823529413,41.17647058823529,0.0
1202,0.85,1,0,20,19,10.0,8.5,45.0,35.0,20.0,0.0
1203,0.55,1,0,13,12,10.0,5.5,23.076923076923077,15.384615384615385,61.53846153846154,0.0
1204,0.64,1,0,20,19,10.0,6.4,60.0,5.0,35.0,0.0
1205,0.399,1,0,15,14,10.0,3.99,80.0,13.333333333333334,6.666666666666667,0.0
1206,0.7,1,0,21,20,10.0,7.0,71.42857142857143,28.57142857142857,0.0,0.0
1207,0.572,1,0,16,15,10.0,5.72,62.5,18.75,18.75,0.0
1208,0.584,1,0,13,12,10.0,5.84,69.23076923076923,7.6923076923076925,15.384615384615385,7.6923076923076925
1209,0.81,1,0,14,13,10.0,8.1,50.0,50.0,0.0,0.0
1210,0.692,1,0,15,14,10.0,6.92,73.33333333333333,26.666666666666668,0.0,0.0
1211,0.67,1,0,14,13,10.0,6.7,57.14285714285714,35.714285714285715,7.142857142857142,0.0
1212,0.632,1,0,21,20,10.0,6.32,80.95238095238095,19.047619047619047,0.0,0.0
1213,0.664,1,0,16,15,10.0,6.64,68.75,31.25,0.0,0.0
1214,0.609,1,0,16,15,10.0,6.09,37.5,43.75,18.75,0.0
1215,0.558,1,0,19,18,10.0,5.58,78.94736842105263,0.0,21.052631578947366,0.0
1216,0.6,1,0,20,19,10.0,6.0,85.0,15.0,0.0,0.0
1217,0.65,1,0,10,9,10.0,6.5,50.0,40.0,10.0,0.0
1218,0.63,1,0,16,15,10.0,6.3,81.25,18.75,0.0,0.0
1219,0.704,1,0,23,22,10.0,7.04,60.86956521739131,26.08695652173913,0.0,13.043478260869565
1220,0.72,1,0,15,14,10.0,7.2,26.666666666666668,66.66666666666666,6.666666666666667,0.0
1221,0.668,1,0,21,20,10.0,6.68,57.14285714285714,14.285714285714285,23.809523809523807,4.761904761904762
1222,0.62,1,0,19,18,10.0,6.2,52.63157894736842,31.57894736842105,15.789473684210526,0.0
1223,0.735,1,0,22,21,10.0,7.35,40.909090909090914,59.09090909090909,0.0,0.0
1224,0.686,1,0,31,30,10.0,6.86,64.51612903225806,25.806451612903224,9.67741935483871,0.0
1225,0.62,1,0,18,17,10.0,6.2,83.33333333333334,11.11111111111111,0.0,5.555555555555555
1226,0.515,1,0,16,15,10.0,5.15,81.25,0.0,18.75,0.0
1227,0.556,1,0,11,10,10.0,5.56,72.72727272727273,27.27272727272727,0.0,0.0
1228,0.53,1,0,13,12,10.0,5.3,53.84615384615385,46.15384615384615,0.0,0.0
1229,0.644,1,0,20,19,10.0,6.44,85.0,15.0,0.0,0.0
1230,0.5,1,0,8,7,10.0,5.0,75.0,25.0,0.0,0.0
1231,0.6,1,0,19,18,10.0,6.0,52.63157894736842,47.368421052631575,0.0,0.0
1232,0.636,1,0,17,16,10.0,6.36,64.70588235294117,23.52941176470588,11.76470588235294,0.0
1233,0.727,1,0,20,19,10.0,7.27,70.0,20.0,5.0,5.0
1234,0.46,1,0,13,12,10.0,4.6,92.3076923076923,7.6923076923076925,0.0,0.0
1235,0.52,1,0,21,20,10.0,5.2,90.47619047619048,4.761904761904762,4.761904761904762,0.0
1236,0.53,1,0,16,15,10.0,5.3,100.0,0.0,0.0,0.0
1237,0.76,1,0,19,18,10.0,7.6,42.10526315789473,31.57894736842105,21.052631578947366,5.263157894736842
1238,0.72,1,0,24,23,10.0,7.2,58.333333333333336,41.66666666666667,0.0,0.0
1239,0.82,1,0,25,24,10.0,8.2,60.0,40.0,0.0,0.0
1240,0.606,1,0,17,16,10.0,6.06,82.35294117647058,17.647058823529413,0.0,0.0
1241,0.538,1,0,15,14,10.0,5.38,86.66666666666667,6.666666666666667,0.0,6.666666666666667
1242,0.735,1,0,17,16,10.0,7.35,35.294117647058826,17.647058823529413,47.05882352941176,0.0
1243,0.76,1,0,20,19,10.0,7.6,25.0,40.0,15.0,20.0
1244,0.508,1,0,21,20,10.0,5.08,71.42857142857143,19.047619047619047,9.523809523809524,0.0
1245,0.6,1,0,13,12,10.0,6.0,76.92307692307693,23.076923076923077,0.0,0.0
1246,0.59,1,0,19,18,10.0,5.9,78.94736842105263,0.0,21.052631578947366,0.0
1247,0.555,1,0,10,9,10.0,5.55,50.0,30.0,20.0,0.0
1248,0.775,1,0,9,8,10.0,7.75,22.22222222222222,44.44444444444444,11.11111111111111,22.22222222222222
1249,0.522,1,0,16,15,10.0,5.22,81.25,6.25,12.5,0.0
1250,0.64,1,0,11,10,10.0,6.4,36.36363636363637,36.36363636363637,9.090909090909092,18.181818181818183
1251,0.508,1,0,18,17,10.0,5.08,77.77777777777779,0.0,11.11111111111111,11.11111111111111
1252,0.559,1,0,14,13,10.0,5.59,64.28571428571429,7.142857142857142,14.285714285714285,14.285714285714285
1253,0.48,1,0,15,14,10.0,4.8,86.66666666666667,13.333333333333334,0.0,0.0
1254,0.703,1,0,19,18,10.0,7.03,52.63157894736842,26.31578947368421,21.052631578947366,0.0
1255,0.716,1,0,19,18,10.0,7.16,57.89473684210527,5.263157894736842,36.84210526315789,0.0
1256,0.698,1,0,22,21,10.0,6.98,59.09090909090909,40.909090909090914,0.0,0.0
1257,0.55,1,0,12,11,10.0,5.5,75.0,16.666666666666664,0.0,8.333333333333332
1258,0.48,1,0,16,15,10.0,4.8,68.75,25.0,6.25,0.0
1259,0.532,1,0,20,19,10.0,5.32,45.0,15.0,5.0,35.0
1260,0.724,1,0,29,28,10.0,7.24,51.724137931034484,48.275862068965516,0.0,0.0
1261,0.642,1,0,18,17,10.0,6.42,38.88888888888889,61.111111111111114,0.0,0.0
1262,0.704,1,0,22,21,10.0,7.04,68.18181818181817,31.818181818181817,0.0,0.0
1263,0.7,1,0,26,25,10.0,7.0,80.76923076923077,19.230769230769234,0.0,0.0
1264,0.532,1,0,15,14,10.0,5.32,66.66666666666666,20.0,13.333333333333334,0.0
1265,0.52,1,0,26,25,10.0,5.2,65.38461538461539,26.923076923076923,3.8461538461538463,3.8461538461538463
1266,0.51,1,0,10,9,10.0,5.1,70.0,10.0,10.0,10.0
1267,0.616,1,0,21,20,10.0,6.16,61.904761904761905,23.809523809523807,9.523809523809524,4.761904761904762
1268,0.584,1,0,16,15,10.0,5.84,31.25,62.5,6.25,0.0
1269,0.64,1,0,18,17,10.0,6.4,88.88888888888889,11.11111111111111,0.0,0.0
1270,0.36,1,0,12,11,10.0,3.6,83.33333333333334,0.0,8.333333333333332,8.333333333333332
1271,0.434,1,0,13,12,10.0,4.34,100.0,0.0,0.0,0.0
1272,0.77,1,0,16,15,10.0,7.7,12.5,43.75,43.75,0.0
1273,0.81,1,0,12,11,10.0,8.1,41.66666666666667,58.333333333333336,0.0,0.0
1274,0.645,1,0,13,12,10.0,6.45,46.15384615384615,15.384615384615385,38.46153846153847,0.0
1275,0.608,1,0,20,19,10.0,6.08,55.00000000000001,15.0,20.0,10.0
1276,0.655,1,0,23,22,10.0,6.55,56.52173913043478,21.73913043478261,21.73913043478261,0.0
1277,0.444,1,0,13,12,10.0,4.44,92.3076923076923,7.6923076923076925,0.0,0.0
1278,0.554,1,0,18,17,10.0,5.54,77.77777777777779,22.22222222222222,0.0,0.0
1279,0.52,1,0,15,14,10.0,5.2,80.0,20.0,0.0,0.0
1280,0.62,1,0,11,10,10.0,6.2,54.54545454545454,27.27272727272727,9.090909090909092,9.090909090909092
1281,0.88,1,0,17,16,10.0,8.8,58.82352941176471,35.294117647058826,0.0,5.88235294117647
1282,0.717,1,0,16,15,10.0,7.17,31.25,18.75,50.0,0.0
1283,0.8,1,0,30,29,10.0,8.0,53.333333333333336,40.0,6.666666666666667,0.0
1284,0.65,1,0,10,9,10.0,6.5,60.0,40.0,0.0,0.0
1285,0.72,1,0,22,21,10.0,7.2,40.909090909090914,4.545454545454546,45.45454545454545,9.090909090909092
1286,0.6,1,0,16,15,10.0,6.0,31.25,12.5,56.25,0.0
1287,0.45,1,0,12,11,10.0,4.5,58.333333333333336,16.666666666666664,25.0,0.0
1288,0.354,1,0,13,12,10.0,3.54,100.0,0.0,0.0,0.0
1289,0.74,1,0,23,22,10.0,7.4,91.30434782608695,8.695652173913043,0.0,0.0
1290,0.563,1,0,16,15,10.0,5.63,25.0,31.25,43.75,0.0
1291,0.621,1,0,18,17,10.0,6.21,50.0,27.77777777777778,11.11111111111111,11.11111111111111
1292,0.64,1,0,18,17,10.0,6.4,50.0,11.11111111111111,33.33333333333333,5.555555555555555
1293,0.662,1,0,21,20,10.0,6.62,42.857142857142854,19.047619047619047,23.809523809523807,14.285714285714285
1294,0.6,1,0,17,16,10.0,6.0,64.70588235294117,35.294117647058826,0.0,0.0
1295,0.65,1,0,11,10,10.0,6.5,36.36363636363637,36.36363636363637,0.0,27.27272727272727
1296,0.594,1,0,16,15,10.0,5.94,43.75,25.0,6.25,25.0
1297,0.655,1,0,18,17,10.0,6.55,50.0,16.666666666666664,33.33333333333333,0.0
1298,0.625,1,0,10,9,10.0,6.25,80.0,10.0,10.0,0.0
1299,0.586,1,0,16,15,10.0,5.86,75.0,25.0,0.0,0.0
1300,0.354,1,0,11,10,9.0,3.54,72.72727272727273,0.0,9.090909090909092,18.181818181818183
1301,0.64,1,0,15,14,10.0,6.4,46.666666666666664,40.0,13.333333333333334,0.0
1302,0.615,1,0,12,11,10.0,6.15,91.66666666666666,0.0,0.0,8.333333333333332
1303,0.455,1,0,17,16,10.0,4.55,76.47058823529412,5.88235294117647,0.0,17.647058823529413
1304,0.7,1,0,22,21,10.0,7.0,63.63636363636363,36.36363636363637,0.0,0.0
1305,0.54,1,0,19,18,10.0,5.4,78.94736842105263,21.052631578947366,0.0,0.0
1306,0.58,1,0,14,13,10.0,5.8,64.28571428571429,21.428571428571427,14.285714285714285,0.0
1307,0.592,1,0,13,12,10.0,5.92,92.3076923076923,7.6923076923076925,0.0,0.0
1308,0.635,1,0,15,14,10.0,6.35,66.66666666666666,33.33333333333333,0.0,0.0
1309,0.562,1,0,17,16,10.0,5.62,70.58823529411765,29.411764705882355,0.0,0.0
1310,0.528,1,0,14,13,10.0,5.28,64.28571428571429,28.57142857142857,7.142857142857142,0.0
1311,0.76,1,0,14,13,10.0,7.6,85.71428571428571,14.285714285714285,0.0,0.0
1312,0.672,1,0,23,22,10.0,6.72,47.82608695652174,39.130434782608695,13.043478260869565,0.0
1313,0.7,1,0,19,18,10.0,7.0,26.31578947368421,47.368421052631575,26.31578947368421,0.0
1314,0.707,1,0,15,14,10.0,7.07,46.666666666666664,6.666666666666667,40.0,6.666666666666667
1315,0.646,1,0,20,19,10.0,6.46,35.0,45.0,20.0,0.0
1316,0.552,1,0,22,21,10.0,5.52,86.36363636363636,13.636363636363635,0.0,0.0
1317,0.55,1,0,11,10,10.0,5.5,54.54545454545454,36.36363636363637,9.090909090909092,0.0
1318,0.55,1,0,9,8,10.0,5.5,77.77777777777779,22.22222222222222,0.0,0.0
1319,0.624,1,0,21,20,10.0,6.24,71.42857142857143,28.57142857142857,0.0,0.0
1320,0.755,1,0,15,14,10.0,7.55,60.0,33.33333333333333,6.666666666666667,0.0
1321,0.563,1,0,22,21,10.0,5.63,90.9090909090909,9.090909090909092,0.0,0.0
1322,0.681,1,0,22,21,10.0,6.81,90.9090909090909,9.090909090909092,0.0,0.0
1323,0.366,1,0,10,9,10.0,3.66,80.0,10.0,10.0,0.0
1324,0.517,1,0,14,13,10.0,5.17,50.0,0.0,35.714285714285715,14.285714285714285
1325,0.712,1,0,15,14,10.0,7.12,66.66666666666666,26.666666666666668,6.666666666666667,0.0
1326,0.642,1,0,18,17,10.0,6.42,66.66666666666666,5.555555555555555,27.77777777777778,0.0
1327,0.652,1,0,18,17,10.0,6.52,77.77777777777779,22.22222222222222,0.0,0.0
1328,0.708,1,0,26,25,10.0,7.08,50.0,11.538461538461538,38.46153846153847,0.0
1329,0.56,1,0,21,20,10.0,5.6,76.19047619047619,19.047619047619047,0.0,4.761904761904762
1330,0.695,1,0,15,14,10.0,6.95,33.33333333333333,33.33333333333333,33.33333333333333,0.0
1331,0.687,1,0,21,20,10.0,6.87,66.66666666666666,19.047619047619047,4.761904761904762,9.523809523809524
1332,0.62,1,0,18,17,10.0,6.2,55.55555555555556,0.0,33.33333333333333,11.11111111111111
1333,0.458,1,0,16,15,10.0,4.58,37.5,37.5,25.0,0.0
1334,0.668,1,0,23,22,10.0,6.68,78.26086956521739,21.73913043478261,0.0,0.0
1335,0.605,1,0,15,14,10.0,6.05,40.0,53.333333333333336,0.0,6.666666666666667
1336,0.55,1,0,11,10,10.0,5.5,81.81818181818183,18.181818181818183,0.0,0.0
1337,0.55,1,0,10,9,9.0,5.5,50.0,0.0,0.0,50.0
1338,0.82,1,0,26,25,10.0,8.2,50.0,30.76923076923077,19.230769230769234,0.0
1339,0.72,1,0,11,10,10.0,7.2,54.54545454545454,18.181818181818183,18.181818181818183,9.090909090909092
1340,0.695,1,0,18,17,10.0,6.95,72.22222222222221,5.555555555555555,22.22222222222222,0.0
1341,0.788,1,0,22,21,10.0,7.88,54.54545454545454,27.27272727272727,9.090909090909092,9.090909090909092
1342,0.838,1,0,19,18,10.0,8.38,63.1578947368421,26.31578947368421,10.526315789473683,0.0
1343,0.62,1,0,13,12,10.0,6.2,30.76923076923077,7.6923076923076925,61.53846153846154,0.0
1344,0.619,1,0,16,15,10.0,6.19,56.25,12.5,25.0,6.25
1345,0.458,1,0,15,14,10.0,4.58,53.333333333333336,13.333333333333334,6.666666666666667,26.666666666666668
1346,0.623,1,0,17,16,10.0,6.23,76.47058823529412,23.52941176470588,0.0,0.0
1347,0.552,1,0,18,17,10.0,5.52,94.44444444444444,5.555555555555555,0.0,0.0
1348,0.7,1,0,12,11,10.0,7.0,66.66666666666666,16.666666666666664,16.666666666666664,0.0
1349,0.51,1,0,19,18,9.0,5.1,84.21052631578947,15.789473684210526,0.0,0.0
1350,0.516,1,0,19,18,10.0,5.16,84.21052631578947,15.789473684210526,0.0,0.0
1351,0.649,1,0,16,15,10.0,6.49,56.25,18.75,12.5,12.5
1352,0.702,1,0,22,21,10.0,7.02,54.54545454545454,31.818181818181817,4.545454545454546,9.090909090909092
1353,0.604,1,0,23,22,10.0,6.04,60.86956521739131,30.434782608695656,8.695652173913043,0.0
1354,0.6,1,0,20,19,10.0,6.0,65.0,0.0,35.0,0.0
1355,0.44,1,0,11,10,10.0,4.4,100.0,0.0,0.0,0.0
1356,0.684,1,0,28,27,10.0,6.84,60.71428571428571,21.428571428571427,7.142857142857142,10.714285714285714
1357,0.776,1,0,22,21,10.0,7.76,77.27272727272727,22.727272727272727,0.0,0.0
1358,0.65,1,0,15,14,10.0,6.5,66.66666666666666,26.666666666666668,6.666666666666667,0.0
1359,0.61,1,0,23,22,10.0,6.1,100.0,0.0,0.0,0.0
1360,0.624,1,0,16,15,10.0,6.24,81.25,18.75,0.0,0.0
1361,0.56,1,0,23,22,10.0,5.6,78.26086956521739,17.391304347826086,4.3478260869565215,0.0
1362,0.888,1,0,32,31,10.0,8.88,53.125,46.875,0.0,0.0
1363,0.292,1,0,10,9,9.0,2.92,100.0,0.0,0.0,0.0
1364,0.536,1,0,15,14,10.0,5.36,73.33333333333333,20.0,6.666666666666667,0.0
1365,0.53,1,0,14,13,10.0,5.3,71.42857142857143,21.428571428571427,0.0,7.142857142857142
1366,0.627,1,0,19,18,10.0,6.27,15.789473684210526,21.052631578947366,0.0,63.1578947368421
1367,0.632,1,0,20,19,10.0,6.32,95.0,0.0,5.0,0.0
1368,0.702,1,0,21,20,10.0,7.02,42.857142857142854,33.33333333333333,23.809523809523807,0.0
1369,0.748,1,0,26,25,10.0,7.48,65.38461538461539,30.76923076923077,3.8461538461538463,0.0
1370,0.735,1,0,21,20,10.0,7.35,66.66666666666666,4.761904761904762,28.57142857142857,0.0
1371,0.687,1,0,19,18,10.0,6.87,57.89473684210527,42.10526315789473,0.0,0.0
1372,0.308,1,0,10,9,9.0,3.08,80.0,0.0,20.0,0.0
1373,0.6,1,0,20,19,10.0,6.0,35.0,15.0,50.0,0.0
1374,0.604,1,0,18,17,10.0,6.04,72.22222222222221,16.666666666666664,11.11111111111111,0.0
1375,0.572,1,0,17,16,10.0,5.72,94.11764705882352,5.88235294117647,0.0,0.0
1376,0.59,1,0,19,18,10.0,5.9,52.63157894736842,10.526315789473683,5.263157894736842,31.57894736842105
1377,0.72,1,0,14,13,10.0,7.2,57.14285714285714,28.57142857142857,7.142857142857142,7.142857142857142
1378,0.712,1,0,24,23,10.0,7.12,54.166666666666664,41.66666666666667,4.166666666666666,0.0
1379,0.5,1,0,20,19,10.0,5.0,65.0,15.0,0.0,20.0
1380,0.6,1,0,20,19,10.0,6.0,45.0,10.0,20.0,25.0
1381,0.552,1,0,16,15,10.0,5.52,75.0,25.0,0.0,0.0
1382,0.792,1,0,31,30,10.0,7.92,67.74193548387096,9.67741935483871,22.58064516129032,0.0
1383,0.615,1,0,13,12,10.0,6.15,38.46153846153847,30.76923076923077,30.76923076923077,0.0
1384,0.633,1,0,20,19,10.0,6.33,75.0,20.0,5.0,0.0
1385,0.7,1,0,13,12,10.0,7.0,69.23076923076923,30.76923076923077,0.0,0.0
1386,0.7,1,0,19,18,10.0,7.0,73.68421052631578,26.31578947368421,0.0,0.0
1387,0.62,1,0,20,19,10.0,6.2,75.0,25.0,0.0,0.0
1388,0.548,1,0,14,13,10.0,5.48,57.14285714285714,28.57142857142857,14.285714285714285,0.0
1389,0.87,1,0,17,16,10.0,8.7,41.17647058823529,52.94117647058824,5.88235294117647,0.0
1390,0.76,1,0,21,20,10.0,7.6,33.33333333333333,61.904761904761905,0.0,4.761904761904762
1391,0.54,1,0,17,16,10.0,5.4,82.35294117647058,11.76470588235294,0.0,5.88235294117647
1392,0.4,1,0,10,9,10.0,4.0,100.0,0.0,0.0,0.0
1393,0.73,1,0,18,17,10.0,7.3,77.77777777777779,22.22222222222222,0.0,0.0
1394,0.712,1,0,24,23,10.0,7.12,41.66666666666667,33.33333333333333,8.333333333333332,16.666666666666664
1395,0.722,1,0,21,20,10.0,7.22,28.57142857142857,23.809523809523807,47.61904761904761,0.0
1396,0.736,1,0,22,21,10.0,7.36,54.54545454545454,31.818181818181817,13.636363636363635,0.0
1397,0.426,1,0,14,13,10.0,4.26,85.71428571428571,14.285714285714285,0.0,0.0
1398,0.826,1,0,31,30,10.0,8.26,58.06451612903226,41.935483870967744,0.0,0.0
1399,0.814,1,0,24,23,10.0,8.14,66.66666666666666,33.33333333333333,0.0,0.0
1400,0.73,1,0,16,15,10.0,7.3,81.25,18.75,0.0,0.0
1401,0.7,1,0,23,22,10.0,7.0,39.130434782608695,52.17391304347826,8.695652173913043,0.0
1402,0.744,1,0,19,18,10.0,7.44,31.57894736842105,42.10526315789473,26.31578947368421,0.0
1403,0.636,1,0,15,14,10.0,6.36,73.33333333333333,20.0,6.666666666666667,0.0
1404,0.678,1,0,19,18,10.0,6.78,57.89473684210527,26.31578947368421,0.0,15.789473684210526
1405,0.628,1,0,19,18,10.0,6.28,73.68421052631578,5.263157894736842,21.052631578947366,0.0
1406,0.68,1,0,25,24,10.0,6.8,64.0,32.0,4.0,0.0
1407,0.624,1,0,22,21,10.0,6.24,81.81818181818183,18.181818181818183,0.0,0.0
1408,0.638,1,0,19,18,10.0,6.38,52.63157894736842,42.10526315789473,5.263157894736842,0.0
1409,0.792,1,0,25,24,10.0,7.92,60.0,40.0,0.0,0.0
1410,0.714,1,0,24,23,10.0,7.14,66.66666666666666,33.33333333333333,0.0,0.0
1411,0.676,1,0,13,12,10.0,6.76,46.15384615384615,23.076923076923077,30.76923076923077,0.0
1412,0.588,1,0,18,17,10.0,5.88,83.33333333333334,11.11111111111111,0.0,5.555555555555555
1413,0.7,1,0,19,18,9.0,7.0,73.68421052631578,26.31578947368421,0.0,0.0
1414,0.632,1,0,25,24,10.0,6.32,76.0,24.0,0.0,0.0
1415,0.678,1,0,17,16,10.0,6.78,29.411764705882355,58.82352941176471,11.76470588235294,0.0
1416,0.643,1,0,14,13,10.0,6.43,42.857142857142854,28.57142857142857,28.57142857142857,0.0
1417,0.735,1,0,13,12,10.0,7.35,69.23076923076923,7.6923076923076925,15.384615384615385,7.6923076923076925
1418,0.615,1,0,24,23,10.0,6.15,91.66666666666666,8.333333333333332,0.0,0.0
1419,0.69,1,0,15,14,10.0,6.9,73.33333333333333,26.666666666666668,0.0,0.0
1420,0.6,1,0,20,19,10.0,6.0,95.0,5.0,0.0,0.0
1421,0.76,1,0,24,23,10.0,7.6,58.333333333333336,41.66666666666667,0.0,0.0
1422,0.576,1,0,14,13,10.0,5.76,71.42857142857143,7.142857142857142,21.428571428571427,0.0
1423,0.465,1,0,14,13,10.0,4.65,78.57142857142857,7.142857142857142,7.142857142857142,7.142857142857142
1424,0.3,1,0,8,7,10.0,3.0,100.0,0.0,0.0,0.0
1425,0.629,1,0,15,14,10.0,6.29,40.0,33.33333333333333,20.0,6.666666666666667
1426,0.635,1,0,14,13,10.0,6.35,85.71428571428571,7.142857142857142,0.0,7.142857142857142
1427,0.624,1,0,19,18,10.0,6.24,68.42105263157895,15.789473684210526,15.789473684210526,0.0
1428,0.556,1,0,16,15,10.0,5.56,56.25,0.0,18.75,25.0
1429,0.622,1,0,19,18,10.0,6.22,57.89473684210527,21.052631578947366,21.052631578947366,0.0
1430,0.672,1,0,21,20,10.0,6.72,52.38095238095239,42.857142857142854,4.761904761904762,0.0
1431,0.815,1,0,15,14,10.0,8.15,66.66666666666666,6.666666666666667,26.666666666666668,0.0
1432,0.584,1,0,20,19,10.0,5.84,50.0,20.0,10.0,20.0
1433,0.647,1,0,18,17,10.0,6.47,61.111111111111114,38.88888888888889,0.0,0.0
1434,0.616,1,0,16,15,10.0,6.16,87.5,12.5,0.0,0.0
1435,0.59,1,0,20,19,10.0,5.9,75.0,25.0,0.0,0.0
1436,0.592,1,0,23,22,10.0,5.92,82.6086956521739,13.043478260869565,0.0,4.3478260869565215
1437,0.688,1,0,20,19,10.0,6.88,25.0,15.0,45.0,15.0
1438,0.66,1,0,22,21,10.0,6.6,45.45454545454545,22.727272727272727,31.818181818181817,0.0
1439,0.6,1,0,24,23,10.0,6.0,62.5,37.5,0.0,0.0
1440,0.464,1,0,23,22,10.0,4.64,47.82608695652174,8.695652173913043,34.78260869565217,8.695652173913043
1441,0.775,1,0,14,13,10.0,7.75,50.0,14.285714285714285,21.428571428571427,14.285714285714285
1442,0.64,1,0,14,13,10.0,6.4,71.42857142857143,28.57142857142857,0.0,0.0
1443,0.708,1,0,20,19,10.0,7.08,25.0,20.0,55.00000000000001,0.0
1444,0.426,1,0,14,13,10.0,4.26,85.71428571428571,14.285714285714285,0.0,0.0
1445,0.601,1,0,22,21,10.0,6.01,81.81818181818183,18.181818181818183,0.0,0.0
1446,0.69,1,0,13,12,10.0,6.9,61.53846153846154,30.76923076923077,7.6923076923076925,0.0
1447,0.735,1,0,14,13,10.0,7.35,50.0,35.714285714285715,7.142857142857142,7.142857142857142
1448,0.814,1,0,25,24,10.0,8.14,40.0,52.0,8.0,0.0
1449,0.84,1,0,19,18,10.0,8.4,68.42105263157895,31.57894736842105,0.0,0.0
1450,0.624,1,0,23,22,10.0,6.24,39.130434782608695,0.0,60.86956521739131,0.0
1451,0.66,1,0,13,12,10.0,6.6,69.23076923076923,23.076923076923077,7.6923076923076925,0.0
1452,0.701,1,0,22,21,10.0,7.01,36.36363636363637,45.45454545454545,4.545454545454546,13.636363636363635
1453,0.885,1,0,15,14,10.0,8.85,60.0,33.33333333333333,6.666666666666667,0.0
1454,0.52,1,0,19,18,10.0,5.2,94.73684210526315,5.263157894736842,0.0,0.0
1455,0.448,1,0,11,10,8.0,4.48,72.72727272727273,18.181818181818183,9.090909090909092,0.0
1456,0.614,1,0,16,15,10.0,6.14,75.0,25.0,0.0,0.0
1457,0.57,1,0,13,12,10.0,5.7,53.84615384615385,23.076923076923077,23.076923076923077,0.0
1458,0.63,1,0,19,18,10.0,6.3,84.21052631578947,10.526315789473683,5.263157894736842,0.0
1459,0.734,1,0,18,17,10.0,7.34,33.33333333333333,55.55555555555556,11.11111111111111,0.0
1460,0.6,1,0,18,17,10.0,6.0,77.77777777777779,16.666666666666664,0.0,5.555555555555555
1461,0.624,1,0,19,18,10.0,6.24,94.73684210526315,5.263157894736842,0.0,0.0
1462,0.46,1,0,12,11,9.0,4.6,91.66666666666666,8.333333333333332,0.0,0.0
1463,0.564,1,0,15,14,10.0,5.64,80.0,0.0,20.0,0.0
1464,0.824,1,0,19,18,10.0,8.24,68.42105263157895,26.31578947368421,5.263157894736842,0.0
1465,0.512,1,0,14,13,10.0,5.12,85.71428571428571,14.285714285714285,0.0,0.0
1466,0.466,1,0,12,11,10.0,4.66,91.66666666666666,8.333333333333332,0.0,0.0
1467,0.534,1,0,13,12,10.0,5.34,76.92307692307693,7.6923076923076925,15.384615384615385,0.0
1468,0.736,1,0,13,12,10.0,7.36,53.84615384615385,38.46153846153847,7.6923076923076925,0.0
1469,0.865,1,0,16,15,10.0,8.65,50.0,37.5,6.25,6.25
1470,0.74,1,0,15,14,10.0,7.4,66.66666666666666,26.666666666666668,6.666666666666667,0.0
1471,0.574,1,0,16,15,10.0,5.74,56.25,43.75,0.0,0.0
1472,0.77,1,0,16,15,10.0,7.7,50.0,37.5,12.5,0.0
1473,0.64,1,0,27,26,10.0,6.4,59.25925925925925,40.74074074074074,0.0,0.0
1474,0.85,1,0,16,15,10.0,8.5,50.0,43.75,0.0,6.25
1475,0.649,1,0,17,16,10.0,6.49,41.17647058823529,11.76470588235294,35.294117647058826,11.76470588235294
1476,0.622,1,0,26,25,10.0,6.22,69.23076923076923,15.384615384615385,3.8461538461538463,11.538461538461538
1477,0.5,1,0,10,9,10.0,5.0,30.0,60.0,10.0,0.0
1478,0.88,1,0,17,16,10.0,8.8,52.94117647058824,35.294117647058826,11.76470588235294,0.0
1479,0.52,1,0,13,12,10.0,5.2,69.23076923076923,30.76923076923077,0.0,0.0
1480,0.69,1,0,20,19,10.0,6.9,75.0,20.0,5.0,0.0
1481,0.381,1,0,10,9,10.0,3.81,90.0,10.0,0.0,0.0
1482,0.64,1,0,22,21,10.0,6.4,68.18181818181817,4.545454545454546,18.181818181818183,9.090909090909092
1483,0.724,1,0,20,19,10.0,7.24,55.00000000000001,35.0,10.0,0.0
1484,0.63,1,0,17,16,10.0,6.3,94.11764705882352,5.88235294117647,0.0,0.0
1485,0.636,1,0,19,18,10.0,6.36,63.1578947368421,36.84210526315789,0.0,0.0
1486,0.572,1,0,12,11,10.0,5.72,58.333333333333336,16.666666666666664,25.0,0.0
1487,0.811,1,0,19,18,10.0,8.11,52.63157894736842,31.57894736842105,15.789473684210526,0.0
1488,0.528,1,0,14,13,10.0,5.28,42.857142857142854,35.714285714285715,21.428571428571427,0.0
1489,0.488,1,0,14,13,10.0,4.88,78.57142857142857,21.428571428571427,0.0,0.0
1490,0.58,1,0,11,10,10.0,5.8,36.36363636363637,36.36363636363637,27.27272727272727,0.0
1491,0.531,1,0,14,13,10.0,5.31,71.42857142857143,21.428571428571427,0.0,7.142857142857142
1492,0.475,1,0,14,13,10.0,4.75,78.57142857142857,14.285714285714285,7.142857142857142,0.0
1493,0.77,1,0,19,18,10.0,7.7,68.42105263157895,31.57894736842105,0.0,0.0
1494,0.72,1,0,16,15,10.0,7.2,75.0,25.0,0.0,0.0
1495,0.44,1,0,16,15,10.0,4.4,81.25,0.0,6.25,12.5
1496,0.58,1,0,17,16,10.0,5.8,11.76470588235294,23.52941176470588,52.94117647058824,11.76470588235294
1497,0.734,1,0,23,22,10.0,7.34,26.08695652173913,30.434782608695656,34.78260869565217,8.695652173913043
1498,0.695,1,0,13,12,10.0,6.95,61.53846153846154,30.76923076923077,7.6923076923076925,0.0
1499,0.624,1,0,14,13,10.0,6.24,57.14285714285714,35.714285714285715,7.142857142857142,0.0
1500,0.626,1,0,20,19,10.0,6.26,45.0,40.0,5.0,10.0
1501,0.61,1,0,17,16,10.0,6.1,64.70588235294117,35.294117647058826,0.0,0.0
1502,0.582,1,0,20,19,10.0,5.82,15.0,5.0,40.0,40.0
1503,0.712,1,0,22,21,10.0,7.12,59.09090909090909,27.27272727272727,9.090909090909092,4.545454545454546
1504,0.621,1,0,20,19,10.0,6.21,60.0,40.0,0.0,0.0
1505,0.652,1,0,25,24,10.0,6.52,72.0,28.000000000000004,0.0,0.0
1506,0.438,1,0,14,13,10.0,4.38,78.57142857142857,14.285714285714285,0.0,7.142857142857142
1507,0.752,1,0,20,19,10.0,7.52,30.0,60.0,0.0,10.0
1508,0.87,1,0,29,28,10.0,8.7,65.51724137931035,31.03448275862069,3.4482758620689653,0.0
1509,0.68,1,0,13,12,10.0,6.8,38.46153846153847,7.6923076923076925,15.384615384615385,38.46153846153847
1510,0.364,1,0,10,9,9.0,3.64,70.0,0.0,30.0,0.0
1511,0.69,1,0,16,15,10.0,6.9,56.25,12.5,25.0,6.25
1512,0.674,1,0,17,16,10.0,6.74,58.82352941176471,35.294117647058826,5.88235294117647,0.0
1513,0.624,1,0,19,18,10.0,6.24,57.89473684210527,26.31578947368421,15.789473684210526,0.0
1514,0.621,1,0,15,14,10.0,6.21,53.333333333333336,33.33333333333333,6.666666666666667,6.666666666666667
1515,0.688,1,0,18,17,10.0,6.88,44.44444444444444,33.33333333333333,16.666666666666664,5.555555555555555
1516,0.555,1,0,14,13,10.0,5.55,78.57142857142857,14.285714285714285,7.142857142857142,0.0
1517,0.69,1,0,14,13,10.0,6.9,78.57142857142857,21.428571428571427,0.0,0.0
1518,0.815,1,0,17,16,10.0,8.15,82.35294117647058,17.647058823529413,0.0,0.0
1519,0.61,1,0,17,16,10.0,6.1,23.52941176470588,47.05882352941176,29.411764705882355,0.0
1520,0.42,1,0,12,11,10.0,4.2,66.66666666666666,16.666666666666664,16.666666666666664,0.0
1521,0.6,1,0,16,15,10.0,6.0,68.75,25.0,6.25,0.0
1522,0.612,1,0,22,21,10.0,6.12,68.18181818181817,13.636363636363635,0.0,18.181818181818183
1523,0.574,1,0,17,16,10.0,5.74,76.47058823529412,23.52941176470588,0.0,0.0
1524,0.56,1,0,10,9,10.0,5.6,70.0,30.0,0.0,0.0
1525,0.652,1,0,16,15,10.0,6.52,43.75,18.75,37.5,0.0
1526,0.613,1,0,22,21,10.0,6.13,72.72727272727273,22.727272727272727,4.545454545454546,0.0
1527,0.728,1,0,22,21,10.0,7.28,81.81818181818183,18.181818181818183,0.0,0.0
1528,0.596,1,0,22,21,10.0,5.96,50.0,13.636363636363635,9.090909090909092,27.27272727272727
1529,0.675,1,0,18,17,10.0,6.75,61.111111111111114,16.666666666666664,5.555555555555555,16.666666666666664
1530,0.701,1,0,21,20,10.0,7.01,61.904761904761905,33.33333333333333,4.761904761904762,0.0
1531,0.665,1,0,10,9,10.0,6.65,80.0,20.0,0.0,0.0
1532,0.516,1,0,14,13,10.0,5.16,78.57142857142857,7.142857142857142,0.0,14.285714285714285
1533,0.63,1,0,11,10,10.0,6.3,54.54545454545454,27.27272727272727,18.181818181818183,0.0
1534,0.489,1,0,14,13,9.0,4.89,64.28571428571429,28.57142857142857,7.142857142857142,0.0
1535,0.602,1,0,19,18,10.0,6.02,42.10526315789473,21.052631578947366,31.57894736842105,5.263157894736842
1536,0.471,1,0,14,13,10.0,4.71,71.42857142857143,7.142857142857142,21.428571428571427,0.0
1537,0.678,1,0,20,19,10.0,6.78,80.0,15.0,0.0,5.0
1538,0.709,1,0,19,18,10.0,7.09,36.84210526315789,10.526315789473683,47.368421052631575,5.263157894736842
1539,0.585,1,0,10,9,10.0,5.85,70.0,30.0,0.0,0.0
1540,0.522,1,0,18,17,10.0,5.22,100.0,0.0,0.0,0.0
1541,0.74,1,0,14,13,10.0,7.4,64.28571428571429,28.57142857142857,7.142857142857142,0.0
1542,0.694,1,0,20,19,10.0,6.94,45.0,15.0,15.0,25.0
1543,0.723,1,0,23,22,10.0,7.23,60.86956521739131,34.78260869565217,4.3478260869565215,0.0
1544,0.708,1,0,17,16,10.0,7.08,52.94117647058824,41.17647058823529,0.0,5.88235294117647
1545,0.68,1,0,16,15,10.0,6.8,75.0,25.0,0.0,0.0
1546,0.628,1,0,16,15,10.0,6.28,75.0,12.5,12.5,0.0
1547,0.783,1,0,18,17,10.0,7.83,72.22222222222221,27.77777777777778,0.0,0.0
1548,0.72,1,0,25,24,10.0,7.2,44.0,44.0,4.0,8.0
1549,0.68,1,0,23,22,10.0,6.8,56.52173913043478,34.78260869565217,8.695652173913043,0.0
1550,0.586,1,0,19,18,10.0,5.86,68.42105263157895,31.57894736842105,0.0,0.0
1551,0.688,1,0,25,24,10.0,6.88,40.0,32.0,24.0,4.0
1552,0.511,1,0,16,15,10.0,5.11,75.0,18.75,0.0,6.25
1553,0.704,1,0,19,18,10.0,7.04,68.42105263157895,31.57894736842105,0.0,0.0
1554,0.626,1,0,18,17,10.0,6.26,50.0,33.33333333333333,16.666666666666664,0.0
1555,0.718,1,0,21,20,10.0,7.18,76.19047619047619,23.809523809523807,0.0,0.0
1556,0.7,1,0,12,11,10.0,7.0,41.66666666666667,33.33333333333333,8.333333333333332,16.666666666666664
1557,0.592,1,0,16,15,10.0,5.92,50.0,18.75,31.25,0.0
1558,0.784,1,0,22,21,10.0,7.84,50.0,50.0,0.0,0.0
1559,0.678,1,0,20,19,10.0,6.78,55.00000000000001,45.0,0.0,0.0
1560,0.596,1,0,17,16,10.0,5.96,76.47058823529412,17.647058823529413,5.88235294117647,0.0
1561,0.748,1,0,26,25,10.0,7.48,65.38461538461539,34.61538461538461,0.0,0.0
1562,0.62,1,0,11,10,10.0,6.2,81.81818181818183,18.181818181818183,0.0,0.0
1563,0.588,1,0,17,16,9.0,5.88,88.23529411764706,11.76470588235294,0.0,0.0
1564,0.78,1,0,21,20,10.0,7.8,61.904761904761905,28.57142857142857,9.523809523809524,0.0
1565,0.476,1,0,13,12,10.0,4.76,76.92307692307693,0.0,7.6923076923076925,15.384615384615385
1566,0.54,1,0,11,10,10.0,5.4,54.54545454545454,27.27272727272727,18.181818181818183,0.0
1567,0.6,1,0,17,16,10.0,6.0,64.70588235294117,11.76470588235294,17.647058823529413,5.88235294117647
1568,0.508,1,0,17,16,10.0,5.08,88.23529411764706,5.88235294117647,5.88235294117647,0.0
1569,0.718,1,0,20,19,10.0,7.18,60.0,35.0,5.0,0.0
1570,0.76,1,0,24,23,10.0,7.6,54.166666666666664,37.5,8.333333333333332,0.0
1571,0.615,1,0,14,13,10.0,6.15,57.14285714285714,42.857142857142854,0.0,0.0
1572,0.625,1,0,12,11,10.0,6.25,83.33333333333334,8.333333333333332,8.333333333333332,0.0
1573,0.693,1,0,18,17,10.0,6.93,77.77777777777779,16.666666666666664,5.555555555555555,0.0
1574,0.646,1,0,19,18,10.0,6.46,78.94736842105263,5.263157894736842,15.789473684210526,0.0
1575,0.48,1,0,22,21,10.0,4.8,100.0,0.0,0.0,0.0
1576,0.55,1,0,11,10,10.0,5.5,90.9090909090909,9.090909090909092,0.0,0.0
1577,0.592,1,0,19,18,10.0,5.92,57.89473684210527,10.526315789473683,26.31578947368421,5.263157894736842
1578,0.54,1,0,11,10,10.0,5.4,63.63636363636363,18.181818181818183,9.090909090909092,9.090909090909092
1579,0.65,1,0,15,14,10.0,6.5,46.666666666666664,20.0,20.0,13.333333333333334
1580,0.8,1,0,21,20,10.0,8.0,71.42857142857143,28.57142857142857,0.0,0.0
1581,0.79,1,0,17,16,10.0,7.9,52.94117647058824,5.88235294117647,35.294117647058826,5.88235294117647
1582,0.674,1,0,19,18,10.0,6.74,57.89473684210527,42.10526315789473,0.0,0.0
1583,0.72,1,0,14,13,10.0,7.2,42.857142857142854,42.857142857142854,14.285714285714285,0.0
1584,0.644,1,0,19,18,10.0,6.44,78.94736842105263,21.052631578947366,0.0,0.0
1585,0.764,1,0,24,23,10.0,7.64,62.5,12.5,20.833333333333336,4.166666666666666
1586,0.431,1,0,11,10,10.0,4.31,63.63636363636363,0.0,27.27272727272727,9.090909090909092
1587,0.416,1,0,13,12,10.0,4.16,53.84615384615385,0.0,15.384615384615385,30.76923076923077
1588,0.508,1,0,18,17,10.0,5.08,66.66666666666666,0.0,27.77777777777778,5.555555555555555
1589,0.391,1,0,12,11,10.0,3.91,83.33333333333334,0.0,16.666666666666664,0.0
1590,0.368,1,0,11,10,10.0,3.68,90.9090909090909,0.0,0.0,9.090909090909092
1591,0.54,1,0,13,12,10.0,5.4,76.92307692307693,15.384615384615385,0.0,7.6923076923076925
1592,0.56,1,0,16,15,10.0,5.6,62.5,37.5,0.0,0.0
1593,0.848,1,0,31,30,10.0,8.48,74.19354838709677,12.903225806451612,6.451612903225806,6.451612903225806
1594,0.588,1,0,19,18,10.0,5.88,52.63157894736842,47.368421052631575,0.0,0.0
1595,0.79,1,0,24,23,10.0,7.9,37.5,37.5,20.833333333333336,4.166666666666666
1596,0.664,1,0,18,17,10.0,6.64,66.66666666666666,33.33333333333333,0.0,0.0
1597,0.79,1,0,19,18,10.0,7.9,73.68421052631578,26.31578947368421,0.0,0.0
1598,0.275,1,0,8,7,9.0,2.75,75.0,25.0,0.0,0.0
1599,0.548,1,0,18,17,10.0,5.48,72.22222222222221,0.0,5.555555555555555,22.22222222222222
1600,0.864,1,0,24,23,10.0,8.64,50.0,25.0,0.0,25.0
1601,0.8,1,0,19,18,10.0,8.0,52.63157894736842,42.10526315789473,0.0,5.263157894736842
1602,0.648,1,0,19,18,10.0,6.48,52.63157894736842,26.31578947368421,21.052631578947366,0.0
1603,0.614,1,0,14,13,10.0,6.14,57.14285714285714,35.714285714285715,7.142857142857142,0.0
1604,0.49,1,0,15,14,10.0,4.9,93.33333333333333,6.666666666666667,0.0,0.0
1605,0.647,1,0,17,16,10.0,6.47,47.05882352941176,35.294117647058826,17.647058823529413,0.0
1606,0.567,1,0,18,17,10.0,5.67,72.22222222222221,27.77777777777778,0.0,0.0
1607,0.566,1,0,20,19,10.0,5.66,85.0,0.0,15.0,0.0
1608,0.712,1,0,21,20,10.0,7.12,66.66666666666666,28.57142857142857,0.0,4.761904761904762
1609,0.747,1,0,20,19,10.0,7.47,55.00000000000001,35.0,10.0,0.0
1610,0.6,1,0,20,19,10.0,6.0,55.00000000000001,30.0,10.0,5.0
1611,0.625,1,0,10,9,10.0,6.25,50.0,30.0,20.0,0.0
1612,0.644,1,0,18,17,10.0,6.44,27.77777777777778,16.666666666666664,55.55555555555556,0.0
1613,0.408,1,0,16,15,10.0,4.08,93.75,6.25,0.0,0.0
1614,0.584,1,0,14,13,10.0,5.84,64.28571428571429,28.57142857142857,7.142857142857142,0.0
1615,0.504,1,0,20,19,10.0,5.04,90.0,10.0,0.0,0.0
1616,0.592,1,0,20,19,10.0,5.92,100.0,0.0,0.0,0.0
1617,0.56,1,0,16,15,10.0,5.6,93.75,0.0,0.0,6.25
1618,0.78,1,0,17,16,10.0,7.8,70.58823529411765,11.76470588235294,17.647058823529413,0.0
1619,0.7,1,0,13,12,10.0,7.0,53.84615384615385,15.384615384615385,30.76923076923077,0.0
1620,0.636,1,0,22,21,10.0,6.36,50.0,22.727272727272727,27.27272727272727,0.0
1621,0.656,1,0,19,18,10.0,6.56,52.63157894736842,15.789473684210526,31.57894736842105,0.0
1622,0.698,1,0,18,17,9.0,6.98,50.0,33.33333333333333,16.666666666666664,0.0
1623,0.64,1,0,14,13,10.0,6.4,50.0,28.57142857142857,21.428571428571427,0.0
1624,0.674,1,0,17,16,10.0,6.74,64.70588235294117,29.411764705882355,0.0,5.88235294117647
1625,0.71,1,0,13,12,10.0,7.1,61.53846153846154,23.076923076923077,0.0,15.384615384615385
1626,0.71,1,0,23,22,10.0,7.1,78.26086956521739,17.391304347826086,4.3478260869565215,0.0
1627,0.626,1,0,14,13,10.0,6.26,64.28571428571429,0.0,28.57142857142857,7.142857142857142
1628,0.476,1,0,16,15,10.0,4.76,93.75,6.25,0.0,0.0
1629,0.465,1,0,13,12,10.0,4.65,61.53846153846154,0.0,23.076923076923077,15.384615384615385
1630,0.666,1,0,21,20,10.0,6.66,42.857142857142854,47.61904761904761,9.523809523809524,0.0
1631,0.527,1,0,15,14,10.0,5.27,80.0,20.0,0.0,0.0
1632,0.524,1,0,14,13,10.0,5.24,78.57142857142857,21.428571428571427,0.0,0.0
1633,0.432,1,0,14,13,10.0,4.32,50.0,7.142857142857142,0.0,42.857142857142854
1634,0.68,1,0,19,18,10.0,6.8,31.57894736842105,26.31578947368421,15.789473684210526,26.31578947368421
1635,0.536,1,0,14,13,10.0,5.36,78.57142857142857,21.428571428571427,0.0,0.0
1636,0.578,1,0,19,18,10.0,5.78,89.47368421052632,10.526315789473683,0.0,0.0
1637,0.455,1,0,16,15,10.0,4.55,81.25,18.75,0.0,0.0
1638,0.628,1,0,17,16,10.0,6.28,82.35294117647058,17.647058823529413,0.0,0.0
1639,0.552,1,0,15,14,10.0,5.52,80.0,20.0,0.0,0.0
1640,0.7,1,0,18,17,10.0,7.0,38.88888888888889,50.0,11.11111111111111,0.0
1641,0.465,1,0,16,15,10.0,4.65,81.25,18.75,0.0,0.0
1642,0.794,1,0,21,20,10.0,7.94,33.33333333333333,19.047619047619047,23.809523809523807,23.809523809523807
1643,0.31,1,0,9,8,10.0,3.1,88.88888888888889,0.0,11.11111111111111,0.0
1644,0.92,1,0,21,20,10.0,9.2,57.14285714285714,42.857142857142854,0.0,0.0
1645,0.735,1,0,14,13,10.0,7.35,50.0,35.714285714285715,14.285714285714285,0.0
1646,0.699,1,0,21,20,10.0,6.99,76.19047619047619,23.809523809523807,0.0,0.0
1647,0.58,1,0,17,16,10.0,5.8,64.70588235294117,5.88235294117647,17.647058823529413,11.76470588235294
1648,0.6,1,0,15,14,10.0,6.0,66.66666666666666,33.33333333333333,0.0,0.0
1649,0.7,1,0,29,28,10.0,7.0,75.86206896551724,6.896551724137931,17.24137931034483,0.0
1650,0.792,1,0,22,21,10.0,7.92,59.09090909090909,18.181818181818183,22.727272727272727,0.0
1651,0.788,1,0,21,20,10.0,7.88,42.857142857142854,42.857142857142854,9.523809523809524,4.761904761904762
1652,0.42,1,0,15,14,10.0,4.2,100.0,0.0,0.0,0.0
1653,0.672,1,0,18,17,10.0,6.72,55.55555555555556,33.33333333333333,5.555555555555555,5.555555555555555
1654,0.698,1,0,24,23,10.0,6.98,79.16666666666666,16.666666666666664,4.166666666666666,0.0
1655,0.683,1,0,16,15,10.0,6.83,43.75,12.5,37.5,6.25
1656,0.694,1,0,27,26,10.0,6.94,81.48148148148148,7.4074074074074066,0.0,11.11111111111111
1657,0.634,1,0,19,18,10.0,6.34,52.63157894736842,42.10526315789473,5.263157894736842,0.0
1658,0.672,1,0,19,18,10.0,6.72,63.1578947368421,26.31578947368421,10.526315789473683,0.0
1659,0.652,1,0,22,21,10.0,6.52,40.909090909090914,13.636363636363635,22.727272727272727,22.727272727272727
1660,0.71,1,0,11,10,10.0,7.1,90.9090909090909,9.090909090909092,0.0,0.0
1661,0.78,1,0,13,12,10.0,7.8,76.92307692307693,23.076923076923077,0.0,0.0
1662,0.652,1,0,16,15,10.0,6.52,18.75,25.0,56.25,0.0
1663,0.504,1,0,23,22,10.0,5.04,78.26086956521739,21.73913043478261,0.0,0.0
1664,0.536,1,0,17,16,10.0,5.36,82.35294117647058,5.88235294117647,11.76470588235294,0.0
1665,0.54,1,0,20,19,10.0,5.4,50.0,0.0,50.0,0.0
1666,0.695,1,0,23,22,10.0,6.95,47.82608695652174,21.73913043478261,21.73913043478261,8.695652173913043
1667,0.578,1,0,17,16,10.0,5.78,64.70588235294117,11.76470588235294,17.647058823529413,5.88235294117647
1668,0.656,1,0,21,20,10.0,6.56,57.14285714285714,38.095238095238095,4.761904761904762,0.0
1669,0.49,1,0,18,17,10.0,4.9,66.66666666666666,27.77777777777778,0.0,5.555555555555555
1670,0.664,1,0,22,21,10.0,6.64,36.36363636363637,59.09090909090909,4.545454545454546,0.0
1671,0.7,1,0,24,23,10.0,7.0,58.333333333333336,41.66666666666667,0.0,0.0
1672,0.656,1,0,18,17,10.0,6.56,61.111111111111114,38.88888888888889,0.0,0.0
1673,0.72,1,0,21,20,10.0,7.2,9.523809523809524,42.857142857142854,14.285714285714285,33.33333333333333
1674,0.375,1,0,9,8,10.0,3.75,66.66666666666666,0.0,22.22222222222222,11.11111111111111
1675,0.822,1,0,26,25,10.0,8.22,53.84615384615385,46.15384615384615,0.0,0.0
1676,0.62,1,0,12,11,10.0,6.2,91.66666666666666,8.333333333333332,0.0,0.0
1677,0.404,1,0,10,9,10.0,4.04,70.0,10.0,20.0,0.0
1678,0.642,1,0,23,22,10.0,6.42,73.91304347826086,17.391304347826086,4.3478260869565215,4.3478260869565215
1679,0.539,1,0,16,15,10.0,5.39,43.75,43.75,6.25,6.25
1680,0.658,1,0,17,16,10.0,6.58,58.82352941176471,41.17647058823529,0.0,0.0
1681,0.58,1,0,13,12,10.0,5.8,46.15384615384615,15.384615384615385,38.46153846153847,0.0
1682,0.54,1,0,13,12,10.0,5.4,84.61538461538461,0.0,7.6923076923076925,7.6923076923076925
1683,0.62,1,0,17,16,10.0,6.2,88.23529411764706,5.88235294117647,5.88235294117647,0.0
1684,0.7,1,0,18,17,10.0,7.0,83.33333333333334,11.11111111111111,0.0,5.555555555555555
1685,0.626,1,0,24,23,10.0,6.26,62.5,12.5,8.333333333333332,16.666666666666664
1686,0.744,1,0,23,22,10.0,7.44,73.91304347826086,21.73913043478261,4.3478260869565215,0.0
1687,0.8,1,0,17,16,10.0,8.0,58.82352941176471,41.17647058823529,0.0,0.0
1688,0.724,1,0,20,19,10.0,7.24,50.0,40.0,0.0,10.0
1689,0.615,1,0,13,12,10.0,6.15,23.076923076923077,30.76923076923077,46.15384615384615,0.0
1690,0.619,1,0,17,16,10.0,6.19,76.47058823529412,23.52941176470588,0.0,0.0
1691,0.549,1,0,15,14,10.0,5.49,93.33333333333333,0.0,0.0,6.666666666666667
1692,0.6,1,0,19,18,10.0,6.0,47.368421052631575,31.57894736842105,21.052631578947366,0.0
1693,0.681,1,0,22,21,10.0,6.81,68.18181818181817,27.27272727272727,4.545454545454546,0.0
1694,0.608,1,0,20,19,10.0,6.08,65.0,5.0,20.0,10.0
1695,0.62,1,0,16,15,10.0,6.2,43.75,43.75,12.5,0.0
1696,0.71,1,0,14,13,10.0,7.1,28.57142857142857,35.714285714285715,35.714285714285715,0.0
1697,0.524,1,0,19,18,10.0,5.24,89.47368421052632,0.0,0.0,10.526315789473683
1698,0.68,1,0,20,19,10.0,6.8,40.0,50.0,10.0,0.0
1699,0.568,1,0,18,17,10.0,5.68,55.55555555555556,5.555555555555555,33.33333333333333,5.555555555555555
1700,0.748,1,0,22,21,10.0,7.48,27.27272727272727,27.27272727272727,13.636363636363635,31.818181818181817
1701,0.56,1,0,19,18,10.0,5.6,73.68421052631578,26.31578947368421,0.0,0.0
1702,0.86,1,0,19,18,10.0,8.6,36.84210526315789,63.1578947368421,0.0,0.0
1703,0.634,1,0,21,20,10.0,6.34,66.66666666666666,0.0,19.047619047619047,14.285714285714285
1704,0.64,1,0,17,16,10.0,6.4,76.47058823529412,5.88235294117647,17.647058823529413,0.0
1705,0.694,1,0,24,23,10.0,6.94,29.166666666666668,37.5,29.166666666666668,4.166666666666666
1706,0.6,1,0,19,18,10.0,6.0,36.84210526315789,21.052631578947366,36.84210526315789,5.263157894736842
1707,0.672,1,0,19,18,10.0,6.72,42.10526315789473,0.0,57.89473684210527,0.0
1708,0.507,1,0,17,16,10.0,5.07,64.70588235294117,5.88235294117647,29.411764705882355,0.0
1709,0.733,1,0,22,21,10.0,7.33,63.63636363636363,4.545454545454546,27.27272727272727,4.545454545454546
1710,0.375,1,0,9,8,10.0,3.75,100.0,0.0,0.0,0.0
1711,0.552,1,0,19,18,10.0,5.52,68.42105263157895,21.052631578947366,0.0,10.526315789473683
1712,0.71,1,0,22,21,10.0,7.1,77.27272727272727,22.727272727272727,0.0,0.0
1713,0.752,1,0,24,23,10.0,7.52,62.5,37.5,0.0,0.0
1714,0.629,1,0,18,17,10.0,6.29,33.33333333333333,16.666666666666664,27.77777777777778,22.22222222222222
1715,0.812,1,0,30,29,10.0,8.12,66.66666666666666,26.666666666666668,6.666666666666667,0.0
1716,0.577,1,0,18,17,10.0,5.77,83.33333333333334,5.555555555555555,0.0,11.11111111111111
1717,0.756,1,0,24,23,10.0,7.56,54.166666666666664,16.666666666666664,29.166666666666668,0.0
1718,0.57,1,0,12,11,10.0,5.7,41.66666666666667,33.33333333333333,25.0,0.0
1719,0.696,1,0,19,18,10.0,6.96,26.31578947368421,73.68421052631578,0.0,0.0
1720,0.71,1,0,15,14,10.0,7.1,66.66666666666666,13.333333333333334,20.0,0.0
1721,0.504,1,0,18,17,10.0,5.04,83.33333333333334,11.11111111111111,5.555555555555555,0.0
1722,0.728,1,0,23,22,10.0,7.28,52.17391304347826,13.043478260869565,34.78260869565217,0.0
1723,0.52,1,0,12,11,10.0,5.2,75.0,8.333333333333332,0.0,16.666666666666664
1724,0.672,1,0,23,22,10.0,6.72,56.52173913043478,39.130434782608695,4.3478260869565215,0.0
1725,0.638,1,0,26,25,10.0,6.38,26.923076923076923,53.84615384615385,15.384615384615385,3.8461538461538463
1726,0.486,1,0,17,16,10.0,4.86,58.82352941176471,0.0,17.647058823529413,23.52941176470588
1727,0.545,1,0,20,19,10.0,5.45,95.0,5.0,0.0,0.0
1728,0.593,1,0,23,22,10.0,5.93,69.56521739130434,8.695652173913043,4.3478260869565215,17.391304347826086
1729,0.808,1,0,14,13,10.0,8.08,42.857142857142854,42.857142857142854,7.142857142857142,7.142857142857142
1730,0.564,1,0,18,17,10.0,5.64,61.111111111111114,38.88888888888889,0.0,0.0
1731,0.6,1,0,13,12,10.0,6.0,30.76923076923077,23.076923076923077,46.15384615384615,0.0
1732,0.673,1,0,19,18,10.0,6.73,78.94736842105263,21.052631578947366,0.0,0.0
1733,0.788,1,0,22,21,10.0,7.88,40.909090909090914,50.0,9.090909090909092,0.0
1734,0.68,1,0,16,15,10.0,6.8,37.5,50.0,12.5,0.0
1735,0.58,1,0,13,12,10.0,5.8,61.53846153846154,15.384615384615385,7.6923076923076925,15.384615384615385
1736,0.8,1,0,20,19,10.0,8.0,30.0,55.00000000000001,0.0,15.0
1737,0.65,1,0,13,12,10.0,6.5,61.53846153846154,30.76923076923077,7.6923076923076925,0.0
1738,0.56,1,0,11,10,10.0,5.6,36.36363636363637,27.27272727272727,36.36363636363637,0.0
1739,0.624,1,0,18,17,10.0,6.24,61.111111111111114,5.555555555555555,33.33333333333333,0.0
1740,0.736,1,0,23,22,10.0,7.36,52.17391304347826,43.47826086956522,4.3478260869565215,0.0
1741,0.624,1,0,17,16,10.0,6.24,64.70588235294117,29.411764705882355,5.88235294117647,0.0
1742,0.538,1,0,14,13,10.0,5.38,42.857142857142854,0.0,42.857142857142854,14.285714285714285
1743,0.465,1,0,18,17,10.0,4.65,88.88888888888889,0.0,0.0,11.11111111111111
1744,0.659,1,0,18,17,10.0,6.59,66.66666666666666,27.77777777777778,0.0,5.555555555555555
1745,0.6,1,0,15,14,10.0,6.0,80.0,13.333333333333334,6.666666666666667,0.0
1746,0.832,1,0,26,25,10.0,8.32,76.92307692307693,23.076923076923077,0.0,0.0
1747,0.76,1,0,19,18,10.0,7.6,52.63157894736842,31.57894736842105,15.789473684210526,0.0
1748,0.706,1,0,17,16,10.0,7.06,88.23529411764706,11.76470588235294,0.0,0.0
1749,0.6,1,0,20,19,10.0,6.0,45.0,5.0,45.0,5.0
1750,0.696,1,0,25,24,10.0,6.96,44.0,48.0,8.0,0.0
1751,0.616,1,0,15,14,10.0,6.16,73.33333333333333,26.666666666666668,0.0,0.0
1752,0.469,1,0,13,12,10.0,4.69,100.0,0.0,0.0,0.0
1753,0.67,1,0,18,17,10.0,6.7,83.33333333333334,11.11111111111111,5.555555555555555,0.0
1754,0.585,1,0,16,15,10.0,5.85,81.25,18.75,0.0,0.0
1755,0.738,1,0,15,14,10.0,7.38,66.66666666666666,20.0,0.0,13.333333333333334
1756,0.572,1,0,17,16,10.0,5.72,76.47058823529412,23.52941176470588,0.0,0.0
1757,0.584,1,0,17,16,10.0,5.84,52.94117647058824,11.76470588235294,11.76470588235294,23.52941176470588
1758,0.72,1,0,22,21,10.0,7.2,40.909090909090914,50.0,9.090909090909092,0.0
1759,0.63,1,0,15,14,10.0,6.3,80.0,13.333333333333334,6.666666666666667,0.0
1760,0.64,1,0,18,17,10.0,6.4,61.111111111111114,38.88888888888889,0.0,0.0
1761,0.544,1,0,21,20,10.0,5.44,57.14285714285714,19.047619047619047,14.285714285714285,9.523809523809524
1762,0.624,1,0,24,23,10.0,6.24,79.16666666666666,0.0,20.833333333333336,0.0
1763,0.757,1,0,22,21,10.0,7.57,54.54545454545454,9.090909090909092,22.727272727272727,13.636363636363635
1764,0.611,1,0,19,18,10.0,6.11,57.89473684210527,26.31578947368421,15.789473684210526,0.0
1765,0.6,1,0,22,21,10.0,6.0,63.63636363636363,9.090909090909092,4.545454545454546,22.727272727272727
1766,0.7,1,0,27,26,10.0,7.0,74.07407407407408,22.22222222222222,3.7037037037037033,0.0
1767,0.716,1,0,24,23,10.0,7.16,54.166666666666664,45.83333333333333,0.0,0.0
1768,0.648,1,0,17,16,10.0,6.48,82.35294117647058,11.76470588235294,5.88235294117647,0.0
1769,0.443,1,0,12,11,10.0,4.43,66.66666666666666,16.666666666666664,16.666666666666664,0.0
1770,0.92,1,0,38,37,10.0,9.2,52.63157894736842,34.21052631578947,0.0,13.157894736842104
1771,0.484,1,0,13,12,10.0,4.84,76.92307692307693,23.076923076923077,0.0,0.0
1772,0.763,1,0,18,17,10.0,7.63,77.77777777777779,22.22222222222222,0.0,0.0
1773,0.824,1,0,21,20,10.0,8.24,66.66666666666666,14.285714285714285,19.047619047619047,0.0
1774,0.64,1,0,15,14,10.0,6.4,53.333333333333336,40.0,0.0,6.666666666666667
1775,0.576,1,0,18,17,10.0,5.76,77.77777777777779,22.22222222222222,0.0,0.0
1776,0.47,1,0,14,13,9.0,4.7,50.0,42.857142857142854,7.142857142857142,0.0
1777,0.68,1,0,11,10,10.0,6.8,63.63636363636363,27.27272727272727,9.090909090909092,0.0
1778,0.725,1,0,11,10,10.0,7.25,72.72727272727273,18.181818181818183,9.090909090909092,0.0
1779,0.655,1,0,17,16,10.0,6.55,64.70588235294117,29.411764705882355,0.0,5.88235294117647
1780,0.76,1,0,27,26,10.0,7.6,55.55555555555556,29.629629629629626,11.11111111111111,3.7037037037037033
1781,0.69,1,0,21,20,10.0,6.9,57.14285714285714,19.047619047619047,23.809523809523807,0.0
1782,0.56,1,0,13,12,9.0,5.6,84.61538461538461,7.6923076923076925,7.6923076923076925,0.0
1783,0.542,1,0,20,19,10.0,5.42,95.0,5.0,0.0,0.0
1784,0.644,1,0,23,22,10.0,6.44,47.82608695652174,47.82608695652174,4.3478260869565215,0.0
1785,0.72,1,0,26,25,10.0,7.2,84.61538461538461,11.538461538461538,3.8461538461538463,0.0
1786,0.7,1,0,21,20,10.0,7.0,52.38095238095239,47.61904761904761,0.0,0.0
1787,0.572,1,0,15,14,10.0,5.72,73.33333333333333,13.333333333333334,13.333333333333334,0.0
1788,0.645,1,0,21,20,10.0,6.45,71.42857142857143,14.285714285714285,9.523809523809524,4.761904761904762
1789,0.661,1,0,19,18,10.0,6.61,31.57894736842105,21.052631578947366,21.052631578947366,26.31578947368421
1790,0.693,1,0,18,17,10.0,6.93,88.88888888888889,11.11111111111111,0.0,0.0
1791,0.322,1,0,9,8,9.0,3.22,88.88888888888889,11.11111111111111,0.0,0.0
1792,0.405,1,0,12,11,9.0,4.05,100.0,0.0,0.0,0.0
1793,0.625,1,0,11,10,10.0,6.25,72.72727272727273,0.0,27.27272727272727,0.0
1794,0.604,1,0,21,20,10.0,6.04,85.71428571428571,14.285714285714285,0.0,0.0
1795,0.597,1,0,16,15,10.0,5.97,68.75,25.0,6.25,0.0
1796,0.556,1,0,16,15,10.0,5.56,62.5,18.75,12.5,6.25
1797,0.744,1,0,21,20,10.0,7.44,33.33333333333333,38.095238095238095,23.809523809523807,4.761904761904762
1798,0.612,1,0,22,21,10.0,6.12,45.45454545454545,27.27272727272727,4.545454545454546,22.727272727272727
1799,0.64,1,0,19,18,10.0,6.4,63.1578947368421,36.84210526315789,0.0,0.0
1800,0.736,1,0,14,13,10.0,7.36,28.57142857142857,71.42857142857143,0.0,0.0
1801,0.82,1,0,20,19,10.0,8.2,60.0,35.0,0.0,5.0
1802,0.53,1,0,14,13,10.0,5.3,71.42857142857143,0.0,7.142857142857142,21.428571428571427
1803,0.677,1,0,17,16,10.0,6.77,35.294117647058826,52.94117647058824,11.76470588235294,0.0
1804,0.59,1,0,17,16,10.0,5.9,70.58823529411765,29.411764705882355,0.0,0.0
1805,0.549,1,0,19,18,10.0,5.49,57.89473684210527,5.263157894736842,5.263157894736842,31.57894736842105
1806,0.696,1,0,23,22,10.0,6.96,39.130434782608695,43.47826086956522,8.695652173913043,8.695652173913043
1807,0.646,1,0,16,15,10.0,6.46,31.25,43.75,25.0,0.0
1808,0.55,1,0,12,11,10.0,5.5,58.333333333333336,25.0,8.333333333333332,8.333333333333332
1809,0.524,1,0,17,16,10.0,5.24,58.82352941176471,11.76470588235294,29.411764705882355,0.0
1810,0.648,1,0,16,15,10.0,6.48,37.5,56.25,6.25,0.0
1811,0.76,1,0,27,26,10.0,7.6,22.22222222222222,66.66666666666666,11.11111111111111,0.0
1812,0.626,1,0,23,22,10.0,6.26,73.91304347826086,13.043478260869565,8.695652173913043,4.3478260869565215
1813,0.7,1,0,17,16,10.0,7.0,70.58823529411765,29.411764705882355,0.0,0.0
1814,0.618,1,0,16,15,10.0,6.18,50.0,37.5,12.5,0.0
1815,0.717,1,0,16,15,10.0,7.17,62.5,37.5,0.0,0.0
1816,0.67,1,0,19,18,10.0,6.7,36.84210526315789,42.10526315789473,0.0,21.052631578947366
1817,0.576,1,0,13,12,10.0,5.76,84.61538461538461,15.384615384615385,0.0,0.0
1818,0.53,1,0,11,10,10.0,5.3,81.81818181818183,0.0,18.181818181818183,0.0
1819,0.572,1,0,15,14,10.0,5.72,66.66666666666666,26.666666666666668,6.666666666666667,0.0
1820,0.728,1,0,23,22,10.0,7.28,52.17391304347826,43.47826086956522,4.3478260869565215,0.0
1821,0.704,1,0,19,18,10.0,7.04,73.68421052631578,21.052631578947366,0.0,5.263157894736842
1822,0.772,1,0,21,20,10.0,7.72,38.095238095238095,42.857142857142854,19.047619047619047,0.0
1823,0.632,1,0,19,18,10.0,6.32,36.84210526315789,10.526315789473683,10.526315789473683,42.10526315789473
1824,0.558,1,0,19,18,10.0,5.58,52.63157894736842,31.57894736842105,0.0,15.789473684210526
1825,0.654,1,0,24,23,10.0,6.54,58.333333333333336,20.833333333333336,4.166666666666666,16.666666666666664
1826,0.584,1,0,16,15,10.0,5.84,81.25,18.75,0.0,0.0
1827,0.502,1,0,13,12,10.0,5.02,38.46153846153847,61.53846153846154,0.0,0.0
1828,0.508,1,0,14,13,10.0,5.08,85.71428571428571,14.285714285714285,0.0,0.0
1829,0.6,1,0,17,16,10.0,6.0,29.411764705882355,47.05882352941176,23.52941176470588,0.0
1830,0.726,1,0,20,19,10.0,7.26,50.0,45.0,5.0,0.0
1831,0.652,1,0,24,23,10.0,6.52,66.66666666666666,29.166666666666668,4.166666666666666,0.0
1832,0.85,1,0,17,16,10.0,8.5,58.82352941176471,41.17647058823529,0.0,0.0
1833,0.552,1,0,24,23,10.0,5.52,79.16666666666666,8.333333333333332,4.166666666666666,8.333333333333332
1834,0.413,1,0,13,12,10.0,4.13,100.0,0.0,0.0,0.0
1835,0.728,1,0,22,21,10.0,7.28,68.18181818181817,27.27272727272727,4.545454545454546,0.0
1836,0.698,1,0,18,17,10.0,6.98,33.33333333333333,27.77777777777778,22.22222222222222,16.666666666666664
1837,0.716,1,0,20,19,10.0,7.16,60.0,40.0,0.0,0.0
1838,0.744,1,0,26,25,10.0,7.44,50.0,23.076923076923077,26.923076923076923,0.0
1839,0.72,1,0,14,13,10.0,7.2,64.28571428571429,28.57142857142857,0.0,7.142857142857142
1840,0.52,1,0,14,13,10.0,5.2,64.28571428571429,21.428571428571427,14.285714285714285,0.0
1841,0.3,1,0,8,7,10.0,3.0,75.0,0.0,0.0,25.0
1842,0.384,1,0,10,9,10.0,3.84,100.0,0.0,0.0,0.0
1843,0.576,1,0,21,20,10.0,5.76,95.23809523809523,4.761904761904762,0.0,0.0
1844,0.6,1,0,15,14,10.0,6.0,53.333333333333336,40.0,6.666666666666667,0.0
1845,0.56,1,0,11,10,10.0,5.6,81.81818181818183,9.090909090909092,0.0,9.090909090909092
1846,0.588,1,0,14,13,10.0,5.88,57.14285714285714,35.714285714285715,7.142857142857142,0.0
1847,0.558,1,0,14,13,9.0,5.58,71.42857142857143,21.428571428571427,7.142857142857142,0.0
1848,0.712,1,0,23,22,10.0,7.12,60.86956521739131,34.78260869565217,4.3478260869565215,0.0
1849,0.8,1,0,10,9,10.0,8.0,30.0,40.0,20.0,10.0
1850,0.576,1,0,14,13,10.0,5.76,85.71428571428571,14.285714285714285,0.0,0.0
1851,0.55,1,0,9,8,10.0,5.5,66.66666666666666,33.33333333333333,0.0,0.0
1852,0.8,1,0,17,16,10.0,8.0,52.94117647058824,41.17647058823529,5.88235294117647,0.0
1853,0.195,1,0,5,4,8.0,1.95,100.0,0.0,0.0,0.0
1854,0.736,1,0,22,21,10.0,7.36,81.81818181818183,18.181818181818183,0.0,0.0
1855,0.7,1,0,21,20,10.0,7.0,52.38095238095239,42.857142857142854,0.0,4.761904761904762
1856,0.684,1,0,23,22,10.0,6.84,69.56521739130434,26.08695652173913,0.0,4.3478260869565215
1857,0.76,1,0,18,17,10.0,7.6,83.33333333333334,16.666666666666664,0.0,0.0
1858,0.7,1,0,21,20,10.0,7.0,42.857142857142854,47.61904761904761,9.523809523809524,0.0
1859,0.76,1,0,28,27,10.0,7.6,53.57142857142857,46.42857142857143,0.0,0.0
1860,0.644,1,0,24,23,10.0,6.44,70.83333333333334,29.166666666666668,0.0,0.0
1861,0.708,1,0,20,19,10.0,7.08,40.0,60.0,0.0,0.0
1862,0.658,1,0,22,21,10.0,6.58,59.09090909090909,18.181818181818183,18.181818181818183,4.545454545454546
1863,0.772,1,0,27,26,10.0,7.72,44.44444444444444,44.44444444444444,0.0,11.11111111111111
1864,0.56,1,0,16,15,10.0,5.6,37.5,56.25,6.25,0.0
1865,0.708,1,0,19,18,10.0,7.08,89.47368421052632,10.526315789473683,0.0,0.0
1866,0.68,1,0,17,16,10.0,6.8,41.17647058823529,23.52941176470588,35.294117647058826,0.0
1867,0.768,1,0,21,20,10.0,7.68,66.66666666666666,33.33333333333333,0.0,0.0
1868,0.62,1,0,13,12,10.0,6.2,53.84615384615385,23.076923076923077,23.076923076923077,0.0
1869,0.748,1,0,19,18,10.0,7.48,42.10526315789473,31.57894736842105,21.052631578947366,5.263157894736842
1870,0.508,1,0,16,15,10.0,5.08,100.0,0.0,0.0,0.0
1871,0.434,1,0,12,11,10.0,4.34,50.0,0.0,50.0,0.0
1872,0.5,1,0,18,17,10.0,5.0,94.44444444444444,5.555555555555555,0.0,0.0
1873,0.597,1,0,17,16,10.0,5.97,64.70588235294117,35.294117647058826,0.0,0.0
1874,0.76,1,0,19,18,10.0,7.6,57.89473684210527,42.10526315789473,0.0,0.0
1875,0.444,1,0,11,10,10.0,4.44,54.54545454545454,0.0,45.45454545454545,0.0
1876,0.647,1,0,20,19,10.0,6.47,15.0,45.0,35.0,5.0
1877,0.85,1,0,15,14,10.0,8.5,60.0,26.666666666666668,0.0,13.333333333333334
1878,0.655,1,0,13,12,10.0,6.55,69.23076923076923,23.076923076923077,7.6923076923076925,0.0
1879,0.86,1,0,25,24,10.0,8.6,40.0,44.0,8.0,8.0
1880,0.58,1,0,15,14,10.0,5.8,40.0,33.33333333333333,26.666666666666668,0.0
1881,0.584,1,0,22,21,10.0,5.84,86.36363636363636,9.090909090909092,4.545454545454546,0.0
1882,0.455,1,0,17,16,10.0,4.55,52.94117647058824,23.52941176470588,17.647058823529413,5.88235294117647
1883,0.664,1,0,24,23,10.0,6.64,79.16666666666666,4.166666666666666,16.666666666666664,0.0
1884,0.607,1,0,17,16,10.0,6.07,41.17647058823529,58.82352941176471,0.0,0.0
1885,0.568,1,0,15,14,10.0,5.68,80.0,20.0,0.0,0.0
1886,0.486,1,0,13,12,10.0,4.86,30.76923076923077,23.076923076923077,46.15384615384615,0.0
1887,0.732,1,0,23,22,10.0,7.32,52.17391304347826,43.47826086956522,4.3478260869565215,0.0
1888,0.556,1,0,24,23,10.0,5.56,95.83333333333334,4.166666666666666,0.0,0.0
1889,0.72,1,0,21,20,10.0,7.2,76.19047619047619,23.809523809523807,0.0,0.0
1890,0.42,1,0,12,11,10.0,4.2,83.33333333333334,8.333333333333332,8.333333333333332,0.0
1891,0.82,1,0,18,17,10.0,8.2,16.666666666666664,61.111111111111114,0.0,22.22222222222222
1892,0.718,1,0,14,13,10.0,7.18,35.714285714285715,28.57142857142857,35.714285714285715,0.0
1893,0.6,1,0,24,23,10.0,6.0,79.16666666666666,12.5,4.166666666666666,4.166666666666666
1894,0.64,1,0,19,18,10.0,6.4,78.94736842105263,21.052631578947366,0.0,0.0
1895,0.56,1,0,20,19,10.0,5.6,90.0,10.0,0.0,0.0
1896,0.75,1,0,15,14,10.0,7.5,60.0,26.666666666666668,0.0,13.333333333333334
1897,0.712,1,0,15,14,10.0,7.12,66.66666666666666,33.33333333333333,0.0,0.0
1898,0.712,1,0,24,23,10.0,7.12,54.166666666666664,29.166666666666668,16.666666666666664,0.0
1899,0.578,1,0,22,21,10.0,5.78,50.0,45.45454545454545,4.545454545454546,0.0
1900,0.592,1,0,20,19,10.0,5.92,95.0,5.0,0.0,0.0
1901,0.7,1,0,20,19,10.0,7.0,60.0,40.0,0.0,0.0
1902,0.644,1,0,17,16,10.0,6.44,70.58823529411765,29.411764705882355,0.0,0.0
1903,0.62,1,0,17,16,10.0,6.2,88.23529411764706,11.76470588235294,0.0,0.0
1904,0.8,1,0,34,33,10.0,8.0,58.82352941176471,26.47058823529412,14.705882352941178,0.0
1905,0.764,1,0,16,15,10.0,7.64,75.0,25.0,0.0,0.0
1906,0.734,1,0,22,21,10.0,7.34,63.63636363636363,9.090909090909092,27.27272727272727,0.0
1907,0.8,1,0,19,18,10.0,8.0,57.89473684210527,42.10526315789473,0.0,0.0
1908,0.524,1,0,20,19,10.0,5.24,60.0,40.0,0.0,0.0
1909,0.76,1,0,18,17,10.0,7.6,44.44444444444444,33.33333333333333,16.666666666666664,5.555555555555555
1910,0.638,1,0,12,11,10.0,6.38,58.333333333333336,41.66666666666667,0.0,0.0
1911,0.542,1,0,17,16,10.0,5.42,29.411764705882355,47.05882352941176,23.52941176470588,0.0
1912,0.576,1,0,22,21,10.0,5.76,54.54545454545454,36.36363636363637,9.090909090909092,0.0
1913,0.635,1,0,11,10,10.0,6.35,36.36363636363637,36.36363636363637,27.27272727272727,0.0
1914,0.668,1,0,15,14,10.0,6.68,86.66666666666667,13.333333333333334,0.0,0.0
1915,0.763,1,0,27,26,10.0,7.63,74.07407407407408,25.925925925925924,0.0,0.0
1916,0.7,1,0,15,14,10.0,7.0,46.666666666666664,40.0,13.333333333333334,0.0
1917,0.663,1,0,17,16,10.0,6.63,88.23529411764706,11.76470588235294,0.0,0.0
1918,0.832,1,0,22,21,10.0,8.32,68.18181818181817,31.818181818181817,0.0,0.0
1919,0.7,1,0,22,21,10.0,7.0,40.909090909090914,31.818181818181817,27.27272727272727,0.0
1920,0.82,1,0,16,15,10.0,8.2,56.25,31.25,0.0,12.5
1921,0.71,1,0,21,20,10.0,7.1,57.14285714285714,28.57142857142857,14.285714285714285,0.0
1922,0.537,1,0,18,17,10.0,5.37,66.66666666666666,33.33333333333333,0.0,0.0
1923,0.698,1,0,22,21,10.0,6.98,63.63636363636363,22.727272727272727,13.636363636363635,0.0
1924,0.875,1,0,15,14,10.0,8.75,40.0,40.0,6.666666666666667,13.333333333333334
1925,0.728,1,0,27,26,10.0,7.28,81.48148148148148,18.51851851851852,0.0,0.0
1926,0.667,1,0,21,20,10.0,6.67,47.61904761904761,0.0,28.57142857142857,23.809523809523807
1927,0.732,1,0,21,20,10.0,7.32,57.14285714285714,19.047619047619047,4.761904761904762,19.047619047619047
1928,0.623,1,0,19,18,10.0,6.23,100.0,0.0,0.0,0.0
1929,0.614,1,0,20,19,10.0,6.14,50.0,25.0,25.0,0.0
1930,0.72,1,0,14,13,10.0,7.2,50.0,21.428571428571427,14.285714285714285,14.285714285714285
1931,0.72,1,0,13,12,10.0,7.2,61.53846153846154,38.46153846153847,0.0,0.0
1932,0.685,1,0,14,13,10.0,6.85,42.857142857142854,50.0,7.142857142857142,0.0
1933,0.596,1,0,20,19,10.0,5.96,70.0,20.0,10.0,0.0
1934,0.446,1,0,12,11,10.0,4.46,91.66666666666666,8.333333333333332,0.0,0.0
1935,0.696,1,0,27,26,10.0,6.96,55.55555555555556,25.925925925925924,11.11111111111111,7.4074074074074066
1936,0.62,1,0,14,13,10.0,6.2,100.0,0.0,0.0,0.0
1937,0.615,1,0,13,12,10.0,6.15,76.92307692307693,15.384615384615385,7.6923076923076925,0.0
1938,0.444,1,0,11,10,10.0,4.44,81.81818181818183,18.181818181818183,0.0,0.0
1939,0.54,1,0,14,13,10.0,5.4,64.28571428571429,14.285714285714285,0.0,21.428571428571427
1940,0.59,1,0,13,12,10.0,5.9,46.15384615384615,53.84615384615385,0.0,0.0
1941,0.76,1,0,19,18,10.0,7.6,57.89473684210527,26.31578947368421,10.526315789473683,5.263157894736842
1942,0.604,1,0,14,13,10.0,6.04,35.714285714285715,14.285714285714285,50.0,0.0
1943,0.596,1,0,21,20,10.0,5.96,85.71428571428571,14.285714285714285,0.0,0.0
1944,0.7,1,0,13,12,10.0,7.0,76.92307692307693,7.6923076923076925,0.0,15.384615384615385
1945,0.5,1,0,14,13,10.0,5.0,78.57142857142857,14.285714285714285,7.142857142857142,0.0
1946,0.515,1,0,18,17,10.0,5.15,77.77777777777779,22.22222222222222,0.0,0.0
1947,0.432,1,0,20,19,10.0,4.32,85.0,0.0,0.0,15.0
1948,0.578,1,0,18,17,10.0,5.78,44.44444444444444,33.33333333333333,16.666666666666664,5.555555555555555
1949,0.736,1,0,20,19,10.0,7.36,80.0,20.0,0.0,0.0
1950,0.795,1,0,15,14,10.0,7.95,66.66666666666666,26.666666666666668,6.666666666666667,0.0
1951,0.576,1,0,17,16,10.0,5.76,82.35294117647058,17.647058823529413,0.0,0.0
1952,0.576,1,0,21,20,10.0,5.76,71.42857142857143,28.57142857142857,0.0,0.0
1953,0.66,1,0,17,16,10.0,6.6,52.94117647058824,0.0,47.05882352941176,0.0
1954,0.638,1,0,18,17,10.0,6.38,50.0,50.0,0.0,0.0
1955,0.82,1,0,29,28,10.0,8.2,44.827586206896555,44.827586206896555,6.896551724137931,3.4482758620689653
1956,0.62,1,0,11,10,10.0,6.2,54.54545454545454,0.0,45.45454545454545,0.0
1957,0.83,1,0,19,18,10.0,8.3,57.89473684210527,21.052631578947366,21.052631578947366,0.0
1958,0.696,1,0,20,19,10.0,6.96,50.0,35.0,0.0,15.0
1959,0.616,1,0,23,22,10.0,6.16,56.52173913043478,34.78260869565217,0.0,8.695652173913043
1960,0.61,1,0,16,15,10.0,6.1,56.25,25.0,18.75,0.0
1961,0.71,1,0,14,13,10.0,7.1,35.714285714285715,21.428571428571427,0.0,42.857142857142854
1962,0.742,1,0,28,27,10.0,7.42,53.57142857142857,39.285714285714285,7.142857142857142,0.0
1963,0.516,1,0,14,13,10.0,5.16,92.85714285714286,7.142857142857142,0.0,0.0
1964,0.516,1,0,15,14,10.0,5.16,93.33333333333333,6.666666666666667,0.0,0.0
1965,0.784,1,0,16,15,10.0,7.84,56.25,43.75,0.0,0.0
1966,0.67,1,0,17,16,10.0,6.7,58.82352941176471,41.17647058823529,0.0,0.0
1967,0.644,1,0,17,16,10.0,6.44,58.82352941176471,41.17647058823529,0.0,0.0
1968,0.45,1,0,16,15,10.0,4.5,75.0,18.75,6.25,0.0
1969,0.6,1,0,16,15,10.0,6.0,62.5,31.25,6.25,0.0
1970,0.493,1,0,17,16,10.0,4.93,70.58823529411765,23.52941176470588,5.88235294117647,0.0
1971,0.644,1,0,19,18,10.0,6.44,73.68421052631578,15.789473684210526,0.0,10.526315789473683
1972,0.7,1,0,20,19,10.0,7.0,60.0,40.0,0.0,0.0
1973,0.582,1,0,16,15,10.0,5.82,31.25,50.0,18.75,0.0
1974,0.68,1,0,17,16,10.0,6.8,70.58823529411765,17.647058823529413,11.76470588235294,0.0
1975,0.754,1,0,23,22,10.0,7.54,52.17391304347826,17.391304347826086,21.73913043478261,8.695652173913043
1976,0.568,1,0,17,16,10.0,5.68,58.82352941176471,11.76470588235294,29.411764705882355,0.0
1977,0.582,1,0,19,18,10.0,5.82,84.21052631578947,10.526315789473683,0.0,5.263157894736842
1978,0.72,1,0,20,19,10.0,7.2,65.0,20.0,15.0,0.0
1979,0.73,1,0,14,13,10.0,7.3,64.28571428571429,35.714285714285715,0.0,0.0
1980,0.64,1,0,12,11,10.0,6.4,75.0,25.0,0.0,0.0
1981,0.73,1,0,29,28,10.0,7.3,44.827586206896555,17.24137931034483,37.93103448275862,0.0
1982,0.646,1,0,17,16,10.0,6.46,88.23529411764706,11.76470588235294,0.0,0.0
1983,0.766,1,0,21,20,10.0,7.66,28.57142857142857,33.33333333333333,33.33333333333333,4.761904761904762
1984,0.592,1,0,19,18,10.0,5.92,100.0,0.0,0.0,0.0
1985,0.572,1,0,19,18,10.0,5.72,63.1578947368421,5.263157894736842,21.052631578947366,10.526315789473683
1986,0.684,1,0,23,22,10.0,6.84,56.52173913043478,8.695652173913043,8.695652173913043,26.08695652173913
1987,0.7,1,0,15,14,10.0,7.0,60.0,33.33333333333333,0.0,6.666666666666667
1988,0.397,1,0,16,15,10.0,3.97,93.75,0.0,0.0,6.25
1989,0.59,1,0,19,18,10.0,5.9,84.21052631578947,15.789473684210526,0.0,0.0
1990,0.704,1,0,21,20,10.0,7.04,57.14285714285714,38.095238095238095,4.761904761904762,0.0
1991,0.4,1,0,11,10,9.0,4.0,100.0,0.0,0.0,0.0
1992,0.73,1,0,14,13,10.0,7.3,21.428571428571427,42.857142857142854,35.714285714285715,0.0
1993,0.626,1,0,19,18,10.0,6.26,36.84210526315789,36.84210526315789,10.526315789473683,15.789473684210526
1994,0.62,1,0,16,15,10.0,6.2,93.75,6.25,0.0,0.0
1995,0.722,1,0,24,23,10.0,7.22,50.0,29.166666666666668,16.666666666666664,4.166666666666666
1996,0.387,1,0,13,12,10.0,3.87,69.23076923076923,0.0,0.0,30.76923076923077
1997,0.616,1,0,19,18,10.0,6.16,57.89473684210527,0.0,36.84210526315789,5.263157894736842
1998,0.56,1,0,10,9,10.0,5.6,50.0,30.0,20.0,0.0
1999,0.804,1,0,23,22,10.0,8.04,43.47826086956522,34.78260869565217,17.391304347826086,4.3478260869565215
2000,0.53,1,0,11,10,10.0,5.3,100.0,0.0,0.0,0.0
2001,0.392,1,0,12,11,10.0,3.92,100.0,0.0,0.0,0.0
2002,0.64,1,0,20,19,10.0,6.4,75.0,20.0,5.0,0.0
2003,0.726,1,0,20,19,10.0,7.26,85.0,15.0,0.0,0.0
2004,0.578,1,0,22,21,10.0,5.78,72.72727272727273,9.090909090909092,0.0,18.181818181818183
2005,0.736,1,0,23,22,10.0,7.36,82.6086956521739,17.391304347826086,0.0,0.0
2006,0.726,1,0,18,17,10.0,7.26,94.44444444444444,5.555555555555555,0.0,0.0
2007,0.597,1,0,17,16,10.0,5.97,52.94117647058824,41.17647058823529,5.88235294117647,0.0
2008,0.536,1,0,15,14,10.0,5.36,33.33333333333333,13.333333333333334,53.333333333333336,0.0
2009,0.679,1,0,18,17,10.0,6.79,50.0,27.77777777777778,22.22222222222222,0.0
2010,0.524,1,0,13,12,10.0,5.24,38.46153846153847,30.76923076923077,15.384615384615385,15.384615384615385
2011,0.432,1,0,12,11,10.0,4.32,91.66666666666666,8.333333333333332,0.0,0.0
2012,0.805,1,0,20,19,10.0,8.05,65.0,15.0,15.0,5.0
2013,0.547,1,0,16,15,10.0,5.47,37.5,31.25,31.25,0.0
2014,0.68,1,0,16,15,10.0,6.8,81.25,18.75,0.0,0.0
2015,0.724,1,0,24,23,10.0,7.24,25.0,62.5,12.5,0.0
2016,0.534,1,0,14,13,10.0,5.34,78.57142857142857,21.428571428571427,0.0,0.0
2017,0.7,1,0,23,22,10.0,7.0,56.52173913043478,34.78260869565217,8.695652173913043,0.0
2018,0.648,1,0,20,19,10.0,6.48,75.0,25.0,0.0,0.0
2019,0.776,1,0,22,21,10.0,7.76,72.72727272727273,27.27272727272727,0.0,0.0
2020,0.7,1,0,16,15,10.0,7.0,56.25,37.5,6.25,0.0
2021,0.565,1,0,9,8,10.0,5.65,77.77777777777779,22.22222222222222,0.0,0.0
2022,0.63,1,0,14,13,10.0,6.3,28.57142857142857,0.0,42.857142857142854,28.57142857142857
2023,0.784,1,0,29,28,10.0,7.84,51.724137931034484,48.275862068965516,0.0,0.0
2024,0.723,1,0,19,18,10.0,7.23,63.1578947368421,26.31578947368421,0.0,10.526315789473683
2025,0.76,1,0,22,21,10.0,7.6,31.818181818181817,50.0,13.636363636363635,4.545454545454546
2026,0.74,1,0,23,22,10.0,7.4,30.434782608695656,39.130434782608695,30.434782608695656,0.0
2027,0.494,1,0,15,14,10.0,4.94,93.33333333333333,6.666666666666667,0.0,0.0
2028,0.91,1,0,20,19,10.0,9.1,50.0,50.0,0.0,0.0
2029,0.608,1,0,20,19,10.0,6.08,55.00000000000001,30.0,10.0,5.0
2030,0.516,1,0,17,16,10.0,5.16,76.47058823529412,11.76470588235294,0.0,11.76470588235294
2031,0.586,1,0,17,16,10.0,5.86,82.35294117647058,11.76470588235294,0.0,5.88235294117647
2032,0.626,1,0,20,19,10.0,6.26,55.00000000000001,20.0,0.0,25.0
2033,0.732,1,0,26,25,10.0,7.32,69.23076923076923,30.76923076923077,0.0,0.0
2034,0.6,1,0,20,19,10.0,6.0,95.0,0.0,5.0,0.0
2035,0.774,1,0,27,26,10.0,7.74,55.55555555555556,40.74074074074074,0.0,3.7037037037037033
2036,0.672,1,0,19,18,10.0,6.72,26.31578947368421,63.1578947368421,10.526315789473683,0.0
2037,0.772,1,0,22,21,10.0,7.72,50.0,45.45454545454545,0.0,4.545454545454546
2038,0.552,1,0,17,16,10.0,5.52,70.58823529411765,29.411764705882355,0.0,0.0
2039,0.518,1,0,17,16,10.0,5.18,76.47058823529412,23.52941176470588,0.0,0.0
2040,0.676,1,0,20,19,10.0,6.76,45.0,10.0,40.0,5.0
2041,0.428,1,0,15,14,10.0,4.28,66.66666666666666,6.666666666666667,13.333333333333334,13.333333333333334
2042,0.5,1,0,10,9,10.0,5.0,70.0,0.0,30.0,0.0
2043,0.65,1,0,11,10,10.0,6.5,63.63636363636363,27.27272727272727,9.090909090909092,0.0
2044,0.536,1,0,17,16,10.0,5.36,88.23529411764706,11.76470588235294,0.0,0.0
2045,0.75,1,0,15,14,10.0,7.5,66.66666666666666,26.666666666666668,6.666666666666667,0.0
2046,0.694,1,0,20,19,10.0,6.94,20.0,45.0,35.0,0.0
2047,0.568,1,0,19,18,10.0,5.68,78.94736842105263,0.0,15.789473684210526,5.263157894736842
2048,0.495,1,0,15,14,10.0,4.95,86.66666666666667,6.666666666666667,6.666666666666667,0.0
2049,0.825,1,0,13,12,10.0,8.25,53.84615384615385,30.76923076923077,0.0,15.384615384615385
2050,0.532,1,0,18,17,10.0,5.32,72.22222222222221,11.11111111111111,11.11111111111111,5.555555555555555
2051,0.846,1,0,21,20,10.0,8.46,42.857142857142854,28.57142857142857,28.57142857142857,0.0
2052,0.428,1,0,10,9,10.0,4.28,70.0,0.0,20.0,10.0
2053,0.693,1,0,18,17,10.0,6.93,27.77777777777778,5.555555555555555,61.111111111111114,5.555555555555555
2054,0.735,1,0,15,14,10.0,7.35,53.333333333333336,40.0,6.666666666666667,0.0
2055,0.63,1,0,19,18,10.0,6.3,73.68421052631578,21.052631578947366,5.263157894736842,0.0
2056,0.628,1,0,14,13,10.0,6.28,71.42857142857143,7.142857142857142,7.142857142857142,14.285714285714285
2057,0.489,1,0,14,13,9.0,4.89,71.42857142857143,28.57142857142857,0.0,0.0
2058,0.636,1,0,18,17,10.0,6.36,38.88888888888889,0.0,61.111111111111114,0.0
2059,0.646,1,0,17,16,10.0,6.46,76.47058823529412,23.52941176470588,0.0,0.0
2060,0.82,1,0,18,17,10.0,8.2,55.55555555555556,38.88888888888889,5.555555555555555,0.0
2061,0.655,1,0,23,22,10.0,6.55,78.26086956521739,21.73913043478261,0.0,0.0
2062,0.778,1,0,19,18,10.0,7.78,78.94736842105263,21.052631578947366,0.0,0.0
2063,0.52,1,0,19,18,10.0,5.2,68.42105263157895,31.57894736842105,0.0,0.0
2064,0.74,1,0,17,16,10.0,7.4,35.294117647058826,52.94117647058824,11.76470588235294,0.0
2065,0.806,1,0,16,15,10.0,8.06,81.25,18.75,0.0,0.0
2066,0.596,1,0,16,15,10.0,5.96,43.75,0.0,18.75,37.5
2067,0.532,1,0,15,14,10.0,5.32,86.66666666666667,13.333333333333334,0.0,0.0
2068,0.576,1,0,22,21,10.0,5.76,68.18181818181817,22.727272727272727,9.090909090909092,0.0
2069,0.608,1,0,18,17,10.0,6.08,50.0,44.44444444444444,5.555555555555555,0.0
2070,0.54,1,0,16,15,10.0,5.4,87.5,0.0,12.5,0.0
2071,0.648,1,0,20,19,10.0,6.48,80.0,15.0,5.0,0.0
2072,0.67,1,0,13,12,10.0,6.7,61.53846153846154,7.6923076923076925,23.076923076923077,7.6923076923076925
2073,0.516,1,0,16,15,10.0,5.16,62.5,37.5,0.0,0.0
2074,0.618,1,0,25,24,10.0,6.18,52.0,40.0,8.0,0.0
2075,0.68,1,0,20,19,10.0,6.8,50.0,15.0,15.0,20.0
2076,0.624,1,0,19,18,10.0,6.24,68.42105263157895,31.57894736842105,0.0,0.0
2077,0.396,1,0,12,11,10.0,3.96,83.33333333333334,0.0,16.666666666666664,0.0
2078,0.6,1,0,18,17,10.0,6.0,61.111111111111114,38.88888888888889,0.0,0.0
2079,0.64,1,0,17,16,10.0,6.4,58.82352941176471,41.17647058823529,0.0,0.0
2080,0.511,1,0,13,12,10.0,5.11,69.23076923076923,30.76923076923077,0.0,0.0
2081,0.608,1,0,16,15,10.0,6.08,62.5,37.5,0.0,0.0
2082,0.825,1,0,11,10,10.0,8.25,36.36363636363637,36.36363636363637,18.181818181818183,9.090909090909092
2083,0.516,1,0,16,15,10.0,5.16,50.0,31.25,12.5,6.25
2084,0.5,1,0,10,9,10.0,5.0,80.0,20.0,0.0,0.0
2085,0.663,1,0,25,24,10.0,6.63,84.0,12.0,4.0,0.0
2086,0.572,1,0,16,15,10.0,5.72,56.25,12.5,31.25,0.0
2087,0.622,1,0,18,17,10.0,6.22,38.88888888888889,11.11111111111111,22.22222222222222,27.77777777777778
2088,0.754,1,0,24,23,10.0,7.54,66.66666666666666,20.833333333333336,8.333333333333332,4.166666666666666
2089,0.74,1,0,11,10,10.0,7.4,45.45454545454545,27.27272727272727,27.27272727272727,0.0
2090,0.458,1,0,15,14,10.0,4.58,93.33333333333333,6.666666666666667,0.0,0.0
2091,0.736,1,0,24,23,10.0,7.36,50.0,45.83333333333333,4.166666666666666,0.0
2092,0.482,1,0,11,10,10.0,4.82,81.81818181818183,18.181818181818183,0.0,0.0
2093,0.596,1,0,13,12,10.0,5.96,76.92307692307693,15.384615384615385,0.0,7.6923076923076925
2094,0.595,1,0,16,15,10.0,5.95,31.25,31.25,6.25,31.25
2095,0.461,1,0,12,11,10.0,4.61,75.0,8.333333333333332,16.666666666666664,0.0
2096,0.76,1,0,28,27,10.0,7.6,57.14285714285714,32.142857142857146,10.714285714285714,0.0
2097,0.468,1,0,12,11,9.0,4.68,91.66666666666666,8.333333333333332,0.0,0.0
2098,0.624,1,0,19,18,10.0,6.24,36.84210526315789,47.368421052631575,0.0,15.789473684210526
2099,0.65,1,0,15,14,10.0,6.5,33.33333333333333,40.0,26.666666666666668,0.0
2100,0.795,1,0,17,16,10.0,7.95,41.17647058823529,47.05882352941176,11.76470588235294,0.0
SUMMARY,0.630802857142856,2100,0,,,,,52.58586866837142,24.763580066074287,14.145555778451735,8.504995487102558
