episode,utilization,invalid_learned,invalid_attempted,boxes_attempted,placed_boxes,max_height,avg_height,perc_stacking,perc_best_fit,perc_semi_perfect_fit,perc_random_fit
1,0.726,17,0,26,18,10.0,8.22,15.384615384615385,26.923076923076923,34.61538461538461,23.076923076923077
2,0.69,13,0,20,14,10.0,7.65,25.0,40.0,20.0,15.0
3,0.764,15,0,27,21,10.0,8.34,14.814814814814815,37.03703703703704,29.62962962962963,18.51851851851852
4,0.725,21,0,36,27,10.0,7.61,36.111111111111114,22.22222222222222,25.0,16.666666666666668
5,0.708,15,0,24,17,10.0,7.74,25.0,8.333333333333334,33.333333333333336,33.333333333333336
6,0.695,15,0,24,18,10.0,7.89,20.833333333333332,25.0,16.666666666666668,37.5
7,0.757,25,0,36,26,10.0,8.71,16.666666666666668,16.666666666666668,36.111111111111114,30.555555555555557
8,0.73,12,0,24,19,10.0,8.37,20.833333333333332,25.0,25.0,29.166666666666668
9,0.721,18,0,29,21,10.0,7.79,20.689655172413794,34.48275862068966,17.24137931034483,27.586206896551722
10,0.67,10,0,17,12,10.0,7.6,29.41176470588235,35.294117647058826,17.647058823529413,17.647058823529413
11,0.692,24,0,35,24,10.0,7.71,25.714285714285715,14.285714285714286,34.285714285714285,25.714285714285715
12,0.73,15,0,19,14,10.0,8.95,5.2631578947368425,42.10526315789474,26.31578947368421,26.31578947368421
13,0.575,16,0,16,9,10.0,6.42,37.5,18.75,43.75,0.0
14,0.65,15,0,25,18,10.0,7.26,24.0,20.0,16.0,40.0
15,0.529,25,0,31,20,10.0,6.17,25.806451612903224,29.032258064516128,32.25806451612903,12.903225806451612
16,0.7,19,0,28,21,10.0,7.36,39.285714285714285,28.571428571428573,21.428571428571427,10.714285714285714
17,0.63,12,0,19,13,10.0,7.1,31.57894736842105,15.789473684210526,31.57894736842105,21.05263157894737
18,0.725,9,0,12,8,10.0,8.25,41.666666666666664,16.666666666666668,25.0,16.666666666666668
19,0.69,20,0,31,22,10.0,7.5,22.580645161290324,45.16129032258065,16.129032258064516,16.129032258064516
20,0.644,19,0,30,23,10.0,7.6,26.666666666666668,33.333333333333336,10.0,30.0
21,0.768,21,0,36,31,10.0,8.66,27.77777777777778,27.77777777777778,16.666666666666668,27.77777777777778
22,0.61,15,0,19,13,10.0,6.8,21.05263157894737,47.36842105263158,26.31578947368421,5.2631578947368425
23,0.645,15,0,17,11,10.0,6.95,23.529411764705884,41.1764705882353,11.764705882352942,23.529411764705884
24,0.54,24,0,30,18,10.0,6.38,23.333333333333332,26.666666666666668,33.333333333333336,16.666666666666668
25,0.65,19,0,30,24,10.0,7.03,26.666666666666668,33.333333333333336,16.666666666666668,23.333333333333332
26,0.686,21,0,26,20,10.0,7.55,19.23076923076923,38.46153846153846,19.23076923076923,23.076923076923077
27,0.686,21,0,31,22,10.0,7.83,12.903225806451612,32.25806451612903,32.25806451612903,22.580645161290324
28,0.632,18,0,28,21,10.0,7.25,10.714285714285714,32.142857142857146,32.142857142857146,25.0
29,0.655,17,0,27,19,10.0,7.02,29.62962962962963,18.51851851851852,29.62962962962963,22.22222222222222
30,0.63,22,0,31,21,10.0,7.54,25.806451612903224,16.129032258064516,45.16129032258065,12.903225806451612
31,0.748,30,0,38,30,10.0,8.72,18.42105263157895,18.42105263157895,31.57894736842105,31.57894736842105
32,0.78,11,0,27,22,10.0,8.46,29.62962962962963,22.22222222222222,29.62962962962963,18.51851851851852
33,0.84,12,0,18,15,10.0,8.62,22.22222222222222,22.22222222222222,44.44444444444444,11.11111111111111
34,0.724,24,0,33,26,10.0,7.64,24.242424242424242,33.333333333333336,21.21212121212121,21.21212121212121
35,0.756,24,0,28,21,10.0,8.2,14.285714285714286,32.142857142857146,32.142857142857146,21.428571428571427
36,0.57,20,0,24,14,10.0,6.57,16.666666666666668,29.166666666666668,33.333333333333336,20.833333333333332
37,0.555,22,0,30,22,10.0,6.74,26.666666666666668,26.666666666666668,26.666666666666668,20.0
38,0.664,28,0,36,27,10.0,7.72,30.555555555555557,22.22222222222222,27.77777777777778,19.444444444444443
39,0.768,20,0,34,28,10.0,8.33,11.764705882352942,29.41176470588235,38.23529411764706,20.58823529411765
40,0.768,23,0,26,19,10.0,8.18,30.76923076923077,15.384615384615385,26.923076923076923,26.923076923076923
41,0.652,25,0,29,20,10.0,7.62,31.03448275862069,24.137931034482758,34.48275862068966,10.344827586206897
42,0.7,18,0,21,16,10.0,7.72,19.047619047619047,4.761904761904762,52.38095238095238,23.80952380952381
43,0.594,21,0,32,23,10.0,7.57,21.875,18.75,40.625,18.75
44,0.503,21,0,30,21,10.0,5.62,20.0,36.666666666666664,23.333333333333332,20.0
45,0.728,16,0,26,20,10.0,7.52,11.538461538461538,19.23076923076923,50.0,19.23076923076923
46,0.691,19,0,28,20,10.0,7.81,17.857142857142858,28.571428571428573,35.714285714285715,17.857142857142858
47,0.765,14,0,25,20,10.0,8.18,24.0,28.0,32.0,16.0
48,0.724,24,0,27,20,10.0,7.79,11.11111111111111,25.925925925925927,33.333333333333336,29.62962962962963
49,0.68,20,0,26,19,10.0,7.51,30.76923076923077,15.384615384615385,42.30769230769231,11.538461538461538
50,0.764,21,0,29,22,10.0,8.15,6.896551724137931,20.689655172413794,41.37931034482759,31.03448275862069
51,0.603,24,0,30,20,10.0,7.38,30.0,23.333333333333332,40.0,6.666666666666667
52,0.59,26,0,32,21,10.0,7.03,21.875,12.5,40.625,25.0
53,0.692,22,0,28,21,10.0,7.55,21.428571428571427,10.714285714285714,53.57142857142857,14.285714285714286
54,0.68,22,0,29,20,10.0,7.84,17.24137931034483,6.896551724137931,62.06896551724138,13.793103448275861
55,0.7,18,0,24,16,10.0,7.44,12.5,20.833333333333332,45.833333333333336,20.833333333333332
56,0.786,21,0,40,34,10.0,8.08,17.5,17.5,45.0,20.0
57,0.718,23,0,26,18,10.0,7.43,7.6923076923076925,11.538461538461538,57.69230769230769,23.076923076923077
58,0.692,26,0,32,24,10.0,7.55,18.75,18.75,46.875,15.625
59,0.704,44,0,47,32,10.0,8.61,14.893617021276595,17.02127659574468,51.06382978723404,17.02127659574468
60,0.712,23,0,26,18,10.0,7.6,15.384615384615385,23.076923076923077,46.15384615384615,15.384615384615385
61,0.9,8,0,15,13,10.0,9.75,33.333333333333336,13.333333333333334,26.666666666666668,26.666666666666668
62,0.6,16,0,25,18,10.0,6.76,20.0,0.0,60.0,20.0
63,0.663,27,0,32,22,10.0,7.61,18.75,28.125,31.25,21.875
64,0.76,15,0,23,18,10.0,8.05,8.695652173913043,39.130434782608695,30.434782608695652,21.73913043478261
65,0.728,18,0,22,17,10.0,7.53,18.181818181818183,13.636363636363637,50.0,18.181818181818183
66,0.645,16,0,29,22,10.0,7.02,31.03448275862069,24.137931034482758,34.48275862068966,10.344827586206897
67,0.808,22,0,26,20,10.0,8.43,15.384615384615385,19.23076923076923,42.30769230769231,23.076923076923077
68,0.648,21,0,25,17,10.0,6.85,16.0,20.0,44.0,20.0
69,0.66,18,0,27,19,10.0,7.49,18.51851851851852,11.11111111111111,44.44444444444444,25.925925925925927
70,0.646,25,0,29,21,10.0,7.19,10.344827586206897,10.344827586206897,55.172413793103445,24.137931034482758
71,0.588,29,0,29,19,10.0,6.77,10.344827586206897,13.793103448275861,51.724137931034484,24.137931034482758
72,0.702,16,0,27,20,10.0,7.42,14.814814814814815,0.0,70.37037037037037,14.814814814814815
73,0.64,22,0,28,21,10.0,7.59,14.285714285714286,7.142857142857143,64.28571428571429,14.285714285714286
74,0.74,25,0,35,29,10.0,7.72,22.857142857142858,11.428571428571429,42.857142857142854,22.857142857142858
75,0.603,22,0,27,18,10.0,6.86,11.11111111111111,11.11111111111111,59.25925925925926,18.51851851851852
76,0.84,13,0,21,18,10.0,8.9,23.80952380952381,9.523809523809524,33.333333333333336,33.333333333333336
77,0.65,19,0,25,18,10.0,7.1,28.0,8.0,52.0,12.0
78,0.76,10,0,26,22,10.0,7.72,15.384615384615385,23.076923076923077,42.30769230769231,19.23076923076923
79,0.8,19,0,22,17,10.0,8.3,31.818181818181817,4.545454545454546,54.54545454545455,9.090909090909092
80,0.631,22,0,27,18,10.0,6.77,11.11111111111111,25.925925925925927,55.55555555555556,7.407407407407407
81,0.594,23,0,29,20,10.0,6.89,20.689655172413794,13.793103448275861,58.62068965517241,6.896551724137931
82,0.84,18,0,29,26,10.0,8.67,17.24137931034483,17.24137931034483,55.172413793103445,10.344827586206897
83,0.707,18,0,29,22,10.0,8.25,13.793103448275861,20.689655172413794,55.172413793103445,10.344827586206897
84,0.722,26,0,26,19,10.0,7.95,11.538461538461538,26.923076923076923,34.61538461538461,26.923076923076923
85,0.716,15,0,26,20,10.0,7.92,7.6923076923076925,26.923076923076923,42.30769230769231,23.076923076923077
86,0.666,19,0,20,14,10.0,7.39,25.0,10.0,55.0,10.0
87,0.608,21,0,30,23,10.0,6.89,13.333333333333334,16.666666666666668,46.666666666666664,23.333333333333332
88,0.641,18,0,31,23,10.0,7.17,22.580645161290324,22.580645161290324,35.483870967741936,19.35483870967742
89,0.676,21,0,28,20,10.0,7.38,21.428571428571427,17.857142857142858,50.0,10.714285714285714
90,0.735,10,0,23,18,10.0,7.65,13.043478260869565,8.695652173913043,56.52173913043478,21.73913043478261
91,0.708,20,0,28,21,10.0,7.91,28.571428571428573,7.142857142857143,57.142857142857146,7.142857142857143
92,0.72,20,0,27,22,10.0,7.67,14.814814814814815,25.925925925925927,48.148148148148145,11.11111111111111
93,0.585,28,0,31,19,10.0,6.69,19.35483870967742,16.129032258064516,48.38709677419355,16.129032258064516
94,0.665,21,0,25,20,10.0,7.59,20.0,12.0,28.0,40.0
95,0.875,10,0,16,14,10.0,9.0,6.25,25.0,37.5,31.25
96,0.648,27,0,34,23,10.0,7.19,14.705882352941176,26.470588235294116,38.23529411764706,20.58823529411765
97,0.648,31,0,31,20,10.0,7.81,38.70967741935484,12.903225806451612,35.483870967741936,12.903225806451612
98,0.74,13,0,18,13,10.0,7.91,5.555555555555555,16.666666666666668,55.55555555555556,22.22222222222222
99,0.694,21,0,34,26,10.0,7.74,14.705882352941176,11.764705882352942,61.76470588235294,11.764705882352942
100,0.628,19,0,28,19,10.0,6.7,3.5714285714285716,14.285714285714286,60.714285714285715,21.428571428571427
101,0.716,18,0,28,22,10.0,7.48,3.5714285714285716,10.714285714285714,53.57142857142857,32.142857142857146
102,0.712,31,0,33,23,10.0,7.96,18.181818181818183,9.090909090909092,45.45454545454545,27.272727272727273
103,0.644,31,0,38,27,10.0,7.25,21.05263157894737,15.789473684210526,42.10526315789474,21.05263157894737
104,0.73,16,0,24,19,10.0,7.95,4.166666666666667,12.5,66.66666666666667,16.666666666666668
105,0.685,33,0,31,20,10.0,7.55,16.129032258064516,9.67741935483871,32.25806451612903,41.935483870967744
106,0.665,14,0,16,11,10.0,7.0,18.75,12.5,50.0,18.75
107,0.75,11,0,20,16,10.0,8.3,35.0,10.0,45.0,10.0
108,0.72,13,0,19,14,10.0,8.0,15.789473684210526,5.2631578947368425,57.89473684210526,21.05263157894737
109,0.626,27,0,27,19,10.0,7.28,11.11111111111111,14.814814814814815,51.851851851851855,22.22222222222222
110,0.76,24,0,31,24,10.0,8.36,25.806451612903224,6.451612903225806,54.83870967741935,12.903225806451612
111,0.614,26,0,39,26,10.0,7.76,17.94871794871795,10.256410256410257,46.15384615384615,25.641025641025642
112,0.69,28,0,37,29,10.0,7.9,13.513513513513514,18.91891891891892,54.054054054054056,13.513513513513514
113,0.792,30,0,34,29,10.0,8.92,14.705882352941176,20.58823529411765,52.94117647058823,11.764705882352942
114,0.648,24,0,31,21,10.0,7.32,16.129032258064516,9.67741935483871,48.38709677419355,25.806451612903224
115,0.699,25,0,28,20,10.0,7.71,25.0,14.285714285714286,39.285714285714285,21.428571428571427
116,0.745,21,0,32,26,10.0,7.99,21.875,9.375,43.75,25.0
117,0.794,23,0,32,26,10.0,8.66,18.75,9.375,62.5,9.375
118,0.752,26,0,27,19,10.0,7.64,25.925925925925927,18.51851851851852,51.851851851851855,3.7037037037037037
119,0.8,13,0,19,16,10.0,8.41,10.526315789473685,0.0,73.6842105263158,15.789473684210526
120,0.705,16,0,21,16,10.0,7.65,4.761904761904762,19.047619047619047,47.61904761904762,28.571428571428573
121,0.701,25,0,34,25,10.0,8.2,23.529411764705884,20.58823529411765,44.11764705882353,11.764705882352942
122,0.677,20,0,31,24,10.0,7.11,12.903225806451612,22.580645161290324,51.61290322580645,12.903225806451612
123,0.626,25,0,32,23,10.0,7.35,0.0,9.375,75.0,15.625
124,0.57,21,0,26,18,10.0,6.2,15.384615384615385,7.6923076923076925,57.69230769230769,19.23076923076923
125,0.702,27,0,42,32,10.0,7.8,16.666666666666668,16.666666666666668,33.333333333333336,33.333333333333336
126,0.636,20,0,28,20,10.0,6.86,17.857142857142858,7.142857142857143,57.142857142857146,17.857142857142858
127,0.552,25,0,30,20,10.0,6.53,10.0,3.3333333333333335,56.666666666666664,30.0
128,0.756,20,0,30,23,10.0,8.03,16.666666666666668,3.3333333333333335,46.666666666666664,33.333333333333336
129,0.733,22,0,27,20,10.0,7.8,22.22222222222222,14.814814814814815,48.148148148148145,14.814814814814815
130,0.7,21,0,26,20,10.0,7.59,38.46153846153846,15.384615384615385,23.076923076923077,23.076923076923077
131,0.592,24,0,31,22,10.0,6.92,9.67741935483871,16.129032258064516,70.96774193548387,3.225806451612903
132,0.725,22,0,27,20,10.0,8.07,11.11111111111111,7.407407407407407,77.77777777777777,3.7037037037037037
133,0.624,22,0,27,18,10.0,7.16,11.11111111111111,14.814814814814815,66.66666666666667,7.407407407407407
134,0.723,18,0,26,20,10.0,7.66,7.6923076923076925,11.538461538461538,42.30769230769231,38.46153846153846
135,0.644,22,0,30,23,10.0,7.73,30.0,6.666666666666667,23.333333333333332,40.0
136,0.79,12,0,19,15,10.0,8.0,26.31578947368421,5.2631578947368425,47.36842105263158,21.05263157894737
137,0.695,21,0,32,25,10.0,7.89,18.75,12.5,43.75,25.0
138,0.66,25,0,26,18,10.0,7.12,23.076923076923077,3.8461538461538463,61.53846153846154,11.538461538461538
139,0.716,20,0,28,22,10.0,7.67,17.857142857142858,17.857142857142858,57.142857142857146,7.142857142857143
140,0.745,26,0,29,22,10.0,8.28,13.793103448275861,10.344827586206897,51.724137931034484,24.137931034482758
141,0.623,26,0,30,21,10.0,6.7,3.3333333333333335,10.0,76.66666666666667,10.0
142,0.62,22,0,29,21,10.0,6.5,20.689655172413794,13.793103448275861,55.172413793103445,10.344827586206897
143,0.77,32,0,44,35,10.0,8.4,13.636363636363637,9.090909090909092,72.72727272727273,4.545454545454546
144,0.714,32,0,37,28,10.0,8.3,18.91891891891892,10.81081081081081,70.27027027027027,0.0
145,0.602,16,0,19,12,10.0,7.21,10.526315789473685,10.526315789473685,63.1578947368421,15.789473684210526
146,0.768,27,0,35,28,10.0,8.09,8.571428571428571,8.571428571428571,48.57142857142857,34.285714285714285
147,0.775,16,0,24,20,10.0,8.21,20.833333333333332,4.166666666666667,54.166666666666664,20.833333333333332
148,0.584,25,0,27,18,10.0,6.82,18.51851851851852,3.7037037037037037,37.03703703703704,40.74074074074074
149,0.604,33,0,35,21,10.0,7.42,5.714285714285714,8.571428571428571,68.57142857142857,17.142857142857142
150,0.628,23,0,27,19,10.0,6.49,18.51851851851852,22.22222222222222,55.55555555555556,3.7037037037037037
151,0.717,28,0,31,23,10.0,7.94,9.67741935483871,3.225806451612903,58.064516129032256,29.032258064516128
152,0.63,16,0,18,13,10.0,7.06,11.11111111111111,5.555555555555555,50.0,33.333333333333336
153,0.672,20,0,30,23,10.0,7.14,6.666666666666667,20.0,53.333333333333336,20.0
154,0.655,20,0,25,18,10.0,6.99,12.0,4.0,68.0,16.0
155,0.66,34,0,41,29,10.0,7.52,12.195121951219512,9.75609756097561,36.58536585365854,41.46341463414634
156,0.775,14,0,22,17,10.0,7.95,18.181818181818183,13.636363636363637,59.09090909090909,9.090909090909092
157,0.785,11,0,19,15,10.0,8.65,10.526315789473685,15.789473684210526,47.36842105263158,26.31578947368421
158,0.676,23,0,28,20,10.0,7.16,17.857142857142858,14.285714285714286,17.857142857142858,50.0
159,0.59,14,0,22,16,10.0,6.51,27.272727272727273,9.090909090909092,45.45454545454545,18.181818181818183
160,0.742,20,0,30,23,10.0,7.96,6.666666666666667,6.666666666666667,63.333333333333336,23.333333333333332
161,0.63,23,0,29,22,10.0,6.69,6.896551724137931,10.344827586206897,68.96551724137932,13.793103448275861
162,0.818,23,0,27,22,10.0,8.56,7.407407407407407,11.11111111111111,48.148148148148145,33.333333333333336
163,0.722,25,0,29,23,10.0,7.86,13.793103448275861,20.689655172413794,48.275862068965516,17.24137931034483
164,0.785,12,0,18,14,10.0,8.95,16.666666666666668,16.666666666666668,50.0,16.666666666666668
165,0.772,23,0,26,20,10.0,8.24,19.23076923076923,3.8461538461538463,53.84615384615385,23.076923076923077
166,0.58,22,0,36,29,10.0,6.73,11.11111111111111,8.333333333333334,69.44444444444444,11.11111111111111
167,0.675,18,0,29,23,10.0,7.53,13.793103448275861,0.0,72.41379310344827,13.793103448275861
168,0.708,26,0,32,24,10.0,7.53,6.25,15.625,62.5,15.625
169,0.736,25,0,30,24,10.0,7.92,13.333333333333334,13.333333333333334,66.66666666666667,6.666666666666667
170,0.623,17,0,25,17,10.0,6.73,4.0,12.0,72.0,12.0
171,0.565,20,0,19,10,10.0,6.2,5.2631578947368425,10.526315789473685,78.94736842105263,5.2631578947368425
172,0.666,26,0,31,23,10.0,7.41,9.67741935483871,16.129032258064516,64.51612903225806,9.67741935483871
173,0.616,29,0,35,24,10.0,7.72,5.714285714285714,14.285714285714286,74.28571428571429,5.714285714285714
174,0.644,19,0,27,18,10.0,6.82,18.51851851851852,11.11111111111111,55.55555555555556,14.814814814814815
175,0.664,20,0,31,23,10.0,7.3,3.225806451612903,16.129032258064516,70.96774193548387,9.67741935483871
176,0.68,18,0,24,17,10.0,7.05,12.5,4.166666666666667,75.0,8.333333333333334
177,0.652,26,0,32,23,10.0,7.79,9.375,3.125,81.25,6.25
178,0.728,15,0,31,25,10.0,8.4,9.67741935483871,12.903225806451612,74.19354838709677,3.225806451612903
179,0.719,19,0,28,22,10.0,8.04,10.714285714285714,10.714285714285714,42.857142857142854,35.714285714285715
180,0.7,21,0,28,20,10.0,7.77,25.0,14.285714285714286,46.42857142857143,14.285714285714286
181,0.787,21,0,27,22,10.0,8.35,22.22222222222222,7.407407407407407,29.62962962962963,40.74074074074074
182,0.82,12,0,19,16,10.0,8.7,5.2631578947368425,15.789473684210526,52.63157894736842,26.31578947368421
183,0.707,25,0,28,21,10.0,7.61,7.142857142857143,10.714285714285714,50.0,32.142857142857146
184,0.58,23,0,30,20,10.0,6.61,16.666666666666668,20.0,56.666666666666664,6.666666666666667
185,0.748,21,0,29,21,10.0,8.88,6.896551724137931,6.896551724137931,44.827586206896555,41.37931034482759
186,0.721,34,0,40,30,10.0,8.49,10.0,12.5,60.0,17.5
187,0.746,17,0,27,21,10.0,8.43,22.22222222222222,11.11111111111111,40.74074074074074,25.925925925925927
188,0.57,22,0,32,22,10.0,6.0,9.375,6.25,68.75,15.625
189,0.775,19,0,26,20,10.0,8.63,11.538461538461538,7.6923076923076925,65.38461538461539,15.384615384615385
190,0.673,18,0,26,19,10.0,7.14,7.6923076923076925,15.384615384615385,73.07692307692308,3.8461538461538463
191,0.69,18,0,32,27,10.0,8.0,12.5,6.25,75.0,6.25
192,0.656,20,0,26,19,10.0,7.26,7.6923076923076925,11.538461538461538,73.07692307692308,7.6923076923076925
193,0.566,18,0,27,20,10.0,6.86,7.407407407407407,11.11111111111111,74.07407407407408,7.407407407407407
194,0.68,22,0,36,27,10.0,7.62,11.11111111111111,13.88888888888889,66.66666666666667,8.333333333333334
195,0.679,27,0,33,23,10.0,7.31,6.0606060606060606,3.0303030303030303,60.60606060606061,30.303030303030305
196,0.84,14,0,20,16,10.0,8.75,5.0,0.0,80.0,15.0
197,0.7,23,0,28,21,10.0,7.27,3.5714285714285716,14.285714285714286,60.714285714285715,21.428571428571427
198,0.746,26,0,29,22,10.0,7.94,3.4482758620689653,10.344827586206897,79.3103448275862,6.896551724137931
199,0.58,23,0,31,22,10.0,6.42,12.903225806451612,6.451612903225806,58.064516129032256,22.580645161290324
200,0.595,17,0,25,18,10.0,7.13,20.0,8.0,56.0,16.0
201,0.632,29,0,30,20,10.0,7.18,13.333333333333334,10.0,33.333333333333336,43.333333333333336
202,0.692,22,0,37,28,10.0,7.25,8.108108108108109,13.513513513513514,70.27027027027027,8.108108108108109
203,0.708,15,0,22,16,10.0,7.65,0.0,13.636363636363637,77.27272727272727,9.090909090909092
204,0.75,16,0,24,19,10.0,8.0,8.333333333333334,8.333333333333334,66.66666666666667,16.666666666666668
205,0.672,26,0,35,25,10.0,7.74,14.285714285714286,14.285714285714286,42.857142857142854,28.571428571428573
206,0.682,23,0,28,19,10.0,7.38,3.5714285714285716,21.428571428571427,46.42857142857143,28.571428571428573
207,0.622,19,0,31,22,10.0,6.74,9.67741935483871,6.451612903225806,74.19354838709677,9.67741935483871
208,0.761,18,0,28,23,10.0,8.22,14.285714285714286,10.714285714285714,50.0,25.0
209,0.646,22,0,32,24,10.0,6.94,6.25,3.125,87.5,3.125
210,0.64,19,0,29,21,10.0,7.15,6.896551724137931,6.896551724137931,79.3103448275862,6.896551724137931
211,0.667,33,0,38,26,10.0,7.4,0.0,0.0,94.73684210526316,5.2631578947368425
212,0.672,20,0,28,21,10.0,7.2,10.714285714285714,3.5714285714285716,71.42857142857143,14.285714285714286
213,0.656,17,0,28,20,10.0,7.22,10.714285714285714,21.428571428571427,64.28571428571429,3.5714285714285716
214,0.642,21,0,24,16,10.0,7.0,8.333333333333334,8.333333333333334,75.0,8.333333333333334
215,0.648,27,0,36,26,10.0,7.04,2.7777777777777777,16.666666666666668,58.333333333333336,22.22222222222222
216,0.664,21,0,31,24,10.0,7.18,0.0,6.451612903225806,87.09677419354838,6.451612903225806
217,0.62,16,0,25,18,10.0,6.52,4.0,8.0,64.0,24.0
218,0.616,19,0,26,18,10.0,6.7,7.6923076923076925,11.538461538461538,69.23076923076923,11.538461538461538
219,0.746,16,0,24,18,10.0,8.17,33.333333333333336,0.0,58.333333333333336,8.333333333333334
220,0.688,20,0,28,22,10.0,7.28,10.714285714285714,3.5714285714285716,67.85714285714286,17.857142857142858
221,0.62,15,0,25,19,10.0,6.68,12.0,0.0,76.0,12.0
222,0.772,28,0,36,27,10.0,8.12,11.11111111111111,2.7777777777777777,69.44444444444444,16.666666666666668
223,0.628,27,0,34,24,10.0,6.83,23.529411764705884,2.9411764705882355,61.76470588235294,11.764705882352942
224,0.718,24,0,29,21,10.0,7.85,0.0,6.896551724137931,79.3103448275862,13.793103448275861
225,0.54,16,0,24,17,10.0,6.12,8.333333333333334,12.5,37.5,41.666666666666664
226,0.697,22,0,35,28,10.0,7.39,17.142857142857142,11.428571428571429,60.0,11.428571428571429
227,0.7,11,0,18,14,10.0,7.3,0.0,11.11111111111111,38.888888888888886,50.0
228,0.695,19,0,24,18,10.0,7.2,8.333333333333334,8.333333333333334,50.0,33.333333333333336
229,0.674,18,0,26,18,10.0,7.14,7.6923076923076925,7.6923076923076925,65.38461538461539,19.23076923076923
230,0.76,18,0,21,16,10.0,8.1,14.285714285714286,4.761904761904762,42.857142857142854,38.095238095238095
231,0.736,23,0,29,23,10.0,7.82,10.344827586206897,3.4482758620689653,68.96551724137932,17.24137931034483
232,0.637,23,0,30,21,10.0,6.94,3.3333333333333335,6.666666666666667,66.66666666666667,23.333333333333332
233,0.74,14,0,19,14,10.0,8.2,21.05263157894737,5.2631578947368425,57.89473684210526,15.789473684210526
234,0.766,23,0,31,22,10.0,7.94,3.225806451612903,12.903225806451612,80.64516129032258,3.225806451612903
235,0.652,17,0,29,22,10.0,7.26,6.896551724137931,3.4482758620689653,75.86206896551724,13.793103448275861
236,0.615,18,0,23,16,10.0,6.78,17.391304347826086,0.0,43.47826086956522,39.130434782608695
237,0.55,12,0,20,15,10.0,5.5,15.0,15.0,60.0,10.0
238,0.65,18,0,26,18,10.0,7.06,15.384615384615385,11.538461538461538,65.38461538461539,7.6923076923076925
239,0.708,25,0,30,22,10.0,7.44,10.0,0.0,30.0,60.0
240,0.632,21,0,33,24,10.0,7.19,3.0303030303030303,15.151515151515152,57.57575757575758,24.242424242424242
241,0.584,26,0,30,20,10.0,7.08,6.666666666666667,6.666666666666667,43.333333333333336,43.333333333333336
242,0.67,18,0,21,14,10.0,7.15,14.285714285714286,4.761904761904762,61.904761904761905,19.047619047619047
243,0.636,30,0,27,16,10.0,6.79,0.0,14.814814814814815,37.03703703703704,48.148148148148145
244,0.664,21,0,24,15,10.0,6.88,16.666666666666668,4.166666666666667,37.5,41.666666666666664
245,0.725,16,0,20,15,10.0,7.45,5.0,10.0,55.0,30.0
246,0.756,15,0,30,25,10.0,8.27,13.333333333333334,3.3333333333333335,60.0,23.333333333333332
247,0.737,24,0,28,20,10.0,7.82,10.714285714285714,3.5714285714285716,39.285714285714285,46.42857142857143
248,0.76,16,0,23,17,10.0,8.16,8.695652173913043,4.3478260869565215,34.78260869565217,52.17391304347826
249,0.69,20,0,24,18,10.0,7.64,4.166666666666667,0.0,20.833333333333332,75.0
250,0.608,36,0,37,22,10.0,6.74,16.216216216216218,5.405405405405405,32.432432432432435,45.945945945945944
251,0.764,21,0,30,25,10.0,8.54,3.3333333333333335,10.0,46.666666666666664,40.0
252,0.662,23,0,27,19,10.0,7.32,3.7037037037037037,14.814814814814815,40.74074074074074,40.74074074074074
253,0.638,26,0,27,19,10.0,7.08,11.11111111111111,3.7037037037037037,55.55555555555556,29.62962962962963
254,0.665,21,0,28,20,10.0,6.94,3.5714285714285716,7.142857142857143,50.0,39.285714285714285
255,0.664,25,0,28,19,10.0,7.8,0.0,3.5714285714285716,39.285714285714285,57.142857142857146
256,0.76,14,0,19,15,10.0,8.05,0.0,5.2631578947368425,63.1578947368421,31.57894736842105
257,0.706,23,0,29,21,10.0,7.97,6.896551724137931,6.896551724137931,62.06896551724138,24.137931034482758
258,0.68,21,0,26,19,10.0,6.95,0.0,11.538461538461538,76.92307692307692,11.538461538461538
259,0.74,12,0,27,23,10.0,7.92,11.11111111111111,7.407407407407407,66.66666666666667,14.814814814814815
260,0.64,16,0,18,13,10.0,6.95,16.666666666666668,11.11111111111111,16.666666666666668,55.55555555555556
261,0.744,25,0,29,23,10.0,8.07,10.344827586206897,6.896551724137931,55.172413793103445,27.586206896551722
262,0.728,21,0,26,20,10.0,7.34,7.6923076923076925,3.8461538461538463,61.53846153846154,26.923076923076923
263,0.6,21,0,23,15,10.0,6.72,13.043478260869565,0.0,73.91304347826087,13.043478260869565
264,0.62,17,0,23,15,10.0,7.08,0.0,4.3478260869565215,86.95652173913044,8.695652173913043
265,0.68,19,0,29,22,10.0,7.18,6.896551724137931,6.896551724137931,79.3103448275862,6.896551724137931
266,0.776,21,0,31,25,10.0,8.16,3.225806451612903,0.0,87.09677419354838,9.67741935483871
267,0.684,25,0,28,19,10.0,7.14,17.857142857142858,7.142857142857143,50.0,25.0
268,0.616,26,0,30,20,10.0,6.72,3.3333333333333335,3.3333333333333335,36.666666666666664,56.666666666666664
269,0.746,23,0,25,19,10.0,7.58,4.0,0.0,88.0,8.0
270,0.644,23,0,29,21,10.0,7.27,3.4482758620689653,0.0,51.724137931034484,44.827586206896555
271,0.74,26,0,40,33,10.0,8.01,7.5,10.0,57.5,25.0
272,0.648,21,0,28,19,10.0,6.94,0.0,0.0,96.42857142857143,3.5714285714285716
273,0.645,19,0,26,17,10.0,7.22,7.6923076923076925,7.6923076923076925,80.76923076923077,3.8461538461538463
274,0.736,26,0,30,22,10.0,8.22,10.0,6.666666666666667,80.0,3.3333333333333335
275,0.54,15,0,20,13,10.0,5.7,5.0,5.0,90.0,0.0
276,0.76,17,0,24,18,10.0,8.0,8.333333333333334,4.166666666666667,87.5,0.0
277,0.644,21,0,27,20,10.0,7.0,7.407407407407407,7.407407407407407,77.77777777777777,7.407407407407407
278,0.706,16,0,26,20,10.0,7.57,3.8461538461538463,3.8461538461538463,80.76923076923077,11.538461538461538
279,0.58,19,0,19,10,10.0,6.1,0.0,0.0,100.0,0.0
280,0.505,20,0,22,12,9.0,5.22,4.545454545454546,0.0,86.36363636363636,9.090909090909092
281,0.629,27,0,33,23,10.0,7.22,9.090909090909092,9.090909090909092,72.72727272727273,9.090909090909092
282,0.795,12,0,19,15,10.0,8.1,10.526315789473685,0.0,84.21052631578948,5.2631578947368425
283,0.648,18,0,25,18,10.0,6.68,0.0,0.0,88.0,12.0
284,0.678,19,0,30,22,10.0,7.41,3.3333333333333335,3.3333333333333335,80.0,13.333333333333334
285,0.635,18,0,21,14,10.0,7.3,4.761904761904762,0.0,95.23809523809524,0.0
286,0.682,26,0,32,24,10.0,7.44,0.0,6.25,50.0,43.75
287,0.625,20,0,27,20,10.0,7.12,0.0,11.11111111111111,81.48148148148148,7.407407407407407
288,0.705,15,0,21,16,10.0,7.7,9.523809523809524,0.0,90.47619047619048,0.0
289,0.615,22,0,29,20,10.0,7.28,10.344827586206897,3.4482758620689653,75.86206896551724,10.344827586206897
290,0.6,20,0,30,21,10.0,6.5,3.3333333333333335,3.3333333333333335,90.0,3.3333333333333335
291,0.704,18,0,27,21,10.0,7.38,7.407407407407407,0.0,85.18518518518519,7.407407407407407
292,0.649,20,0,30,23,10.0,6.95,13.333333333333334,6.666666666666667,76.66666666666667,3.3333333333333335
293,0.705,17,0,23,18,10.0,7.41,13.043478260869565,4.3478260869565215,60.869565217391305,21.73913043478261
294,0.793,16,0,21,17,10.0,8.28,0.0,9.523809523809524,52.38095238095238,38.095238095238095
295,0.825,16,0,18,15,10.0,8.85,5.555555555555555,0.0,38.888888888888886,55.55555555555556
296,0.689,16,0,23,17,10.0,7.26,4.3478260869565215,8.695652173913043,47.82608695652174,39.130434782608695
297,0.76,14,0,23,18,10.0,7.75,8.695652173913043,0.0,73.91304347826087,17.391304347826086
298,0.626,20,0,25,17,10.0,7.22,12.0,4.0,76.0,8.0
299,0.655,15,0,24,18,10.0,7.04,8.333333333333334,12.5,41.666666666666664,37.5
300,0.626,34,0,39,24,10.0,6.92,7.6923076923076925,2.5641025641025643,53.84615384615385,35.8974358974359
301,0.784,27,0,32,25,10.0,8.18,3.125,25.0,43.75,28.125
302,0.752,28,0,33,24,10.0,7.83,9.090909090909092,9.090909090909092,54.54545454545455,27.272727272727273
303,0.674,33,0,44,30,10.0,7.65,2.272727272727273,2.272727272727273,52.27272727272727,43.18181818181818
304,0.64,21,0,27,19,10.0,6.9,7.407407407407407,3.7037037037037037,74.07407407407408,14.814814814814815
305,0.763,22,0,22,14,10.0,8.58,0.0,4.545454545454546,81.81818181818181,13.636363636363637
306,0.66,17,0,23,16,10.0,7.09,8.695652173913043,4.3478260869565215,82.6086956521739,4.3478260869565215
307,0.7,27,0,29,22,10.0,7.28,6.896551724137931,3.4482758620689653,82.75862068965517,6.896551724137931
308,0.667,19,0,25,17,10.0,7.27,16.0,4.0,44.0,36.0
309,0.633,26,0,27,16,10.0,7.18,7.407407407407407,3.7037037037037037,37.03703703703704,51.851851851851855
310,0.679,22,0,32,23,10.0,7.13,6.25,0.0,81.25,12.5
311,0.735,11,0,19,15,10.0,8.1,10.526315789473685,5.2631578947368425,73.6842105263158,10.526315789473685
312,0.685,15,0,22,16,10.0,6.85,4.545454545454546,4.545454545454546,81.81818181818181,9.090909090909092
313,0.616,19,0,25,16,10.0,6.68,0.0,16.0,44.0,40.0
314,0.78,17,0,21,17,10.0,8.2,0.0,9.523809523809524,85.71428571428571,4.761904761904762
315,0.76,14,0,27,22,10.0,8.18,11.11111111111111,3.7037037037037037,77.77777777777777,7.407407407407407
316,0.726,17,0,26,19,10.0,7.46,3.8461538461538463,15.384615384615385,69.23076923076923,11.538461538461538
317,0.72,13,0,22,18,10.0,7.6,4.545454545454546,0.0,72.72727272727273,22.727272727272727
318,0.66,13,0,21,16,10.0,6.83,9.523809523809524,4.761904761904762,85.71428571428571,0.0
319,0.732,21,0,34,28,10.0,7.63,5.882352941176471,5.882352941176471,82.3529411764706,5.882352941176471
320,0.736,25,0,28,22,10.0,7.74,7.142857142857143,0.0,71.42857142857143,21.428571428571427
321,0.675,23,0,35,27,10.0,7.4,5.714285714285714,2.857142857142857,85.71428571428571,5.714285714285714
322,0.672,24,0,29,22,10.0,7.58,6.896551724137931,3.4482758620689653,89.65517241379311,0.0
323,0.55,22,0,28,20,10.0,5.78,0.0,3.5714285714285716,78.57142857142857,17.857142857142858
324,0.704,25,0,34,25,10.0,8.17,8.823529411764707,5.882352941176471,79.41176470588235,5.882352941176471
325,0.656,19,0,25,17,10.0,7.02,0.0,8.0,88.0,4.0
326,0.732,16,0,23,18,10.0,7.56,4.3478260869565215,0.0,86.95652173913044,8.695652173913043
327,0.76,17,0,22,18,10.0,7.94,9.090909090909092,0.0,59.09090909090909,31.818181818181817
328,0.642,17,0,21,14,10.0,6.86,4.761904761904762,0.0,61.904761904761905,33.333333333333336
329,0.725,16,0,17,10,10.0,7.85,0.0,11.764705882352942,82.3529411764706,5.882352941176471
330,0.69,15,0,24,19,10.0,7.67,12.5,8.333333333333334,70.83333333333333,8.333333333333334
331,0.752,25,0,32,25,10.0,7.94,0.0,18.75,59.375,21.875
332,0.71,13,0,18,13,10.0,7.35,5.555555555555555,11.11111111111111,55.55555555555556,27.77777777777778
333,0.73,17,0,22,16,10.0,8.0,0.0,0.0,68.18181818181819,31.818181818181817
334,0.685,25,0,29,22,10.0,7.86,3.4482758620689653,0.0,44.827586206896555,51.724137931034484
335,0.661,21,0,30,21,10.0,7.32,0.0,3.3333333333333335,90.0,6.666666666666667
336,0.73,19,0,25,19,10.0,7.44,0.0,28.0,60.0,12.0
337,0.805,12,0,18,14,10.0,8.5,5.555555555555555,22.22222222222222,66.66666666666667,5.555555555555555
338,0.652,21,0,28,22,10.0,7.06,0.0,0.0,96.42857142857143,3.5714285714285716
339,0.777,17,0,25,20,10.0,8.44,4.0,4.0,56.0,36.0
340,0.69,16,0,21,15,10.0,7.2,0.0,0.0,61.904761904761905,38.095238095238095
341,0.694,37,0,38,27,10.0,8.04,7.894736842105263,2.6315789473684212,39.473684210526315,50.0
342,0.696,27,0,30,20,10.0,8.14,3.3333333333333335,13.333333333333334,83.33333333333333,0.0
343,0.62,22,0,30,23,10.0,6.59,0.0,0.0,100.0,0.0
344,0.716,25,0,31,22,10.0,8.52,6.451612903225806,12.903225806451612,48.38709677419355,32.25806451612903
345,0.713,17,0,25,19,10.0,7.42,4.0,4.0,92.0,0.0
346,0.675,27,0,32,22,10.0,7.78,3.125,6.25,53.125,37.5
347,0.675,9,0,26,22,10.0,7.21,3.8461538461538463,0.0,88.46153846153847,7.6923076923076925
348,0.768,20,0,25,20,10.0,8.76,0.0,12.0,56.0,32.0
349,0.664,18,0,24,18,10.0,7.26,8.333333333333334,0.0,70.83333333333333,20.833333333333332
350,0.688,30,0,35,25,10.0,7.45,2.857142857142857,0.0,60.0,37.142857142857146
351,0.68,17,0,28,21,10.0,7.34,10.714285714285714,0.0,82.14285714285714,7.142857142857143
352,0.72,20,0,31,26,10.0,7.71,3.225806451612903,0.0,61.29032258064516,35.483870967741936
353,0.624,22,0,23,15,10.0,6.59,0.0,4.3478260869565215,95.65217391304348,0.0
354,0.626,20,0,23,15,10.0,7.01,0.0,13.043478260869565,73.91304347826087,13.043478260869565
355,0.76,12,0,19,15,10.0,7.6,5.2631578947368425,5.2631578947368425,52.63157894736842,36.8421052631579
356,0.64,28,0,26,14,10.0,6.9,3.8461538461538463,7.6923076923076925,38.46153846153846,50.0
357,0.652,18,0,29,22,10.0,7.16,6.896551724137931,6.896551724137931,55.172413793103445,31.03448275862069
358,0.84,13,0,19,16,10.0,8.65,21.05263157894737,5.2631578947368425,68.42105263157895,5.2631578947368425
359,0.69,12,0,17,12,10.0,7.75,0.0,0.0,94.11764705882354,5.882352941176471
360,0.73,16,0,19,13,10.0,7.48,5.2631578947368425,10.526315789473685,68.42105263157895,15.789473684210526
361,0.72,32,0,37,26,10.0,8.81,2.7027027027027026,8.108108108108109,67.56756756756756,21.62162162162162
362,0.72,15,0,24,19,10.0,7.52,0.0,20.833333333333332,54.166666666666664,25.0
363,0.68,14,0,28,22,10.0,6.98,0.0,7.142857142857143,82.14285714285714,10.714285714285714
364,0.612,17,0,28,20,10.0,6.24,7.142857142857143,3.5714285714285716,89.28571428571429,0.0
365,0.632,18,0,29,22,10.0,7.26,0.0,3.4482758620689653,96.55172413793103,0.0
366,0.744,21,0,26,20,10.0,8.12,15.384615384615385,7.6923076923076925,46.15384615384615,30.76923076923077
367,0.722,22,0,26,20,10.0,8.16,19.23076923076923,0.0,38.46153846153846,42.30769230769231
368,0.74,12,0,19,15,10.0,8.0,0.0,10.526315789473685,63.1578947368421,26.31578947368421
369,0.645,17,0,19,13,10.0,7.05,10.526315789473685,5.2631578947368425,78.94736842105263,5.2631578947368425
370,0.628,26,0,25,14,10.0,6.63,0.0,8.0,92.0,0.0
371,0.755,15,0,21,16,10.0,8.1,0.0,14.285714285714286,66.66666666666667,19.047619047619047
372,0.704,26,0,38,29,10.0,7.95,2.6315789473684212,2.6315789473684212,92.10526315789474,2.6315789473684212
373,0.69,23,0,28,21,10.0,7.62,0.0,14.285714285714286,75.0,10.714285714285714
374,0.596,18,0,23,16,10.0,6.12,0.0,13.043478260869565,86.95652173913044,0.0
375,0.57,24,0,31,22,10.0,6.34,6.451612903225806,6.451612903225806,54.83870967741935,32.25806451612903
376,0.554,21,0,26,16,10.0,6.21,3.8461538461538463,3.8461538461538463,80.76923076923077,11.538461538461538
377,0.64,35,0,39,27,10.0,7.2,7.6923076923076925,0.0,89.74358974358974,2.5641025641025643
378,0.703,24,0,30,21,10.0,8.0,16.666666666666668,6.666666666666667,66.66666666666667,10.0
379,0.752,22,0,30,25,10.0,8.04,6.666666666666667,6.666666666666667,53.333333333333336,33.333333333333336
380,0.6,14,0,20,13,10.0,6.65,0.0,5.0,85.0,10.0
381,0.735,17,0,19,14,10.0,7.35,5.2631578947368425,5.2631578947368425,47.36842105263158,42.10526315789474
382,0.628,22,0,27,18,10.0,6.92,7.407407407407407,0.0,66.66666666666667,25.925925925925927
383,0.78,16,0,22,17,10.0,7.8,13.636363636363637,0.0,81.81818181818181,4.545454545454546
384,0.695,12,0,19,14,10.0,7.15,0.0,5.2631578947368425,94.73684210526316,0.0
385,0.732,23,0,33,26,10.0,7.8,3.0303030303030303,9.090909090909092,60.60606060606061,27.272727272727273
386,0.715,17,0,25,19,10.0,7.63,0.0,8.0,56.0,36.0
387,0.72,16,0,23,17,10.0,7.75,13.043478260869565,0.0,73.91304347826087,13.043478260869565
388,0.582,21,0,29,20,10.0,6.64,0.0,3.4482758620689653,93.10344827586206,3.4482758620689653
389,0.62,15,0,32,26,10.0,6.92,3.125,0.0,90.625,6.25
390,0.665,18,0,28,22,10.0,7.5,3.5714285714285716,17.857142857142858,67.85714285714286,10.714285714285714
391,0.719,24,0,29,21,10.0,7.6,3.4482758620689653,3.4482758620689653,65.51724137931035,27.586206896551722
392,0.686,20,0,27,20,10.0,7.29,3.7037037037037037,0.0,81.48148148148148,14.814814814814815
393,0.614,16,0,25,18,10.0,6.8,0.0,8.0,64.0,28.0
394,0.772,25,0,32,26,10.0,8.28,0.0,3.125,84.375,12.5
395,0.705,14,0,19,14,10.0,7.95,0.0,5.2631578947368425,68.42105263157895,26.31578947368421
396,0.475,20,0,21,12,10.0,5.58,4.761904761904762,4.761904761904762,47.61904761904762,42.857142857142854
397,0.606,29,0,30,18,10.0,6.36,0.0,3.3333333333333335,63.333333333333336,33.333333333333336
398,0.79,14,0,18,14,10.0,8.2,0.0,16.666666666666668,50.0,33.333333333333336
399,0.795,20,0,26,22,10.0,8.61,3.8461538461538463,0.0,50.0,46.15384615384615
400,0.725,15,0,26,22,10.0,7.51,0.0,7.6923076923076925,92.3076923076923,0.0
401,0.871,20,0,28,24,10.0,8.79,0.0,7.142857142857143,89.28571428571429,3.5714285714285716
402,0.725,19,0,28,22,10.0,7.78,3.5714285714285716,7.142857142857143,85.71428571428571,3.5714285714285716
403,0.736,19,0,27,21,10.0,8.36,3.7037037037037037,3.7037037037037037,48.148148148148145,44.44444444444444
404,0.572,20,0,25,16,10.0,6.26,0.0,4.0,96.0,0.0
405,0.85,12,0,17,14,10.0,8.5,0.0,11.764705882352942,58.8235294117647,29.41176470588235
406,0.715,18,0,23,17,10.0,7.8,4.3478260869565215,8.695652173913043,82.6086956521739,4.3478260869565215
407,0.692,29,0,32,23,10.0,7.84,0.0,12.5,56.25,31.25
408,0.627,22,0,27,19,10.0,7.86,3.7037037037037037,3.7037037037037037,48.148148148148145,44.44444444444444
409,0.75,13,0,16,12,10.0,8.15,0.0,0.0,75.0,25.0
410,0.62,15,0,28,21,10.0,6.72,0.0,3.5714285714285716,85.71428571428571,10.714285714285714
411,0.664,22,0,26,19,10.0,7.58,3.8461538461538463,7.6923076923076925,57.69230769230769,30.76923076923077
412,0.576,21,0,28,19,10.0,6.56,0.0,7.142857142857143,67.85714285714286,25.0
413,0.724,19,0,30,23,10.0,7.82,0.0,3.3333333333333335,66.66666666666667,30.0
414,0.752,19,0,22,15,10.0,7.68,4.545454545454546,4.545454545454546,54.54545454545455,36.36363636363637
415,0.72,12,0,18,14,10.0,7.95,0.0,0.0,88.88888888888889,11.11111111111111
416,0.74,20,0,21,15,10.0,7.81,0.0,4.761904761904762,33.333333333333336,61.904761904761905
417,0.658,18,0,26,19,10.0,7.06,3.8461538461538463,7.6923076923076925,88.46153846153847,0.0
418,0.689,22,0,26,17,10.0,7.1,7.6923076923076925,11.538461538461538,76.92307692307692,3.8461538461538463
419,0.666,14,0,22,16,10.0,6.94,4.545454545454546,0.0,81.81818181818181,13.636363636363637
420,0.664,24,0,30,22,10.0,7.26,0.0,0.0,66.66666666666667,33.333333333333336
421,0.654,28,0,25,14,10.0,7.51,8.0,8.0,40.0,44.0
422,0.608,24,0,28,19,10.0,6.84,3.5714285714285716,7.142857142857143,67.85714285714286,21.428571428571427
423,0.714,30,0,32,22,10.0,8.47,6.25,3.125,62.5,28.125
424,0.695,20,0,37,29,10.0,7.37,2.7027027027027026,8.108108108108109,59.45945945945946,29.72972972972973
425,0.682,33,0,37,26,10.0,7.35,0.0,0.0,37.83783783783784,62.16216216216216
426,0.632,24,0,31,22,10.0,6.94,3.225806451612903,3.225806451612903,61.29032258064516,32.25806451612903
427,0.586,23,0,28,20,10.0,6.73,0.0,7.142857142857143,89.28571428571429,3.5714285714285716
428,0.74,14,0,18,13,10.0,7.75,5.555555555555555,5.555555555555555,66.66666666666667,22.22222222222222
429,0.712,24,0,28,20,10.0,7.69,0.0,7.142857142857143,92.85714285714286,0.0
430,0.76,25,0,29,24,10.0,8.2,0.0,0.0,86.20689655172414,13.793103448275861
431,0.775,9,0,13,10,10.0,8.0,15.384615384615385,0.0,46.15384615384615,38.46153846153846
432,0.672,17,0,25,19,10.0,7.18,4.0,0.0,88.0,8.0
433,0.733,19,0,27,21,10.0,8.33,7.407407407407407,7.407407407407407,66.66666666666667,18.51851851851852
434,0.49,26,0,25,12,10.0,5.16,0.0,0.0,100.0,0.0
435,0.667,22,0,28,19,10.0,7.1,0.0,3.5714285714285716,53.57142857142857,42.857142857142854
436,0.602,25,0,30,21,10.0,6.66,0.0,6.666666666666667,46.666666666666664,46.666666666666664
437,0.666,21,0,27,19,10.0,6.97,3.7037037037037037,0.0,59.25925925925926,37.03703703703704
438,0.772,18,0,30,25,10.0,8.01,0.0,3.3333333333333335,66.66666666666667,30.0
439,0.6,20,0,30,21,10.0,6.9,0.0,6.666666666666667,73.33333333333333,20.0
440,0.74,24,0,38,32,10.0,7.69,2.6315789473684212,2.6315789473684212,78.94736842105263,15.789473684210526
441,0.702,22,0,35,28,10.0,8.18,2.857142857142857,2.857142857142857,65.71428571428571,28.571428571428573
442,0.67,19,0,28,21,10.0,7.85,0.0,0.0,67.85714285714286,32.142857142857146
443,0.72,15,0,28,23,10.0,8.0,7.142857142857143,0.0,57.142857142857146,35.714285714285715
444,0.664,29,0,31,22,10.0,7.4,0.0,0.0,45.16129032258065,54.83870967741935
445,0.744,30,0,36,28,10.0,8.36,0.0,2.7777777777777777,77.77777777777777,19.444444444444443
446,0.63,14,0,24,18,10.0,6.8,0.0,33.333333333333336,62.5,4.166666666666667
447,0.648,17,0,30,23,10.0,7.01,0.0,0.0,100.0,0.0
448,0.702,18,0,27,21,10.0,7.91,3.7037037037037037,0.0,62.96296296296296,33.333333333333336
449,0.734,25,0,36,30,10.0,8.35,5.555555555555555,2.7777777777777777,83.33333333333333,8.333333333333334
450,0.72,21,0,24,17,10.0,8.24,4.166666666666667,0.0,45.833333333333336,50.0
451,0.719,16,0,22,16,10.0,7.86,0.0,9.090909090909092,68.18181818181819,22.727272727272727
452,0.64,19,0,37,29,10.0,7.19,2.7027027027027026,5.405405405405405,75.67567567567568,16.216216216216218
453,0.712,21,0,29,22,10.0,7.18,0.0,3.4482758620689653,62.06896551724138,34.48275862068966
454,0.658,34,0,32,20,10.0,7.38,0.0,0.0,96.875,3.125
455,0.634,22,0,26,18,10.0,7.01,3.8461538461538463,0.0,61.53846153846154,34.61538461538461
456,0.704,28,0,35,25,10.0,7.92,2.857142857142857,2.857142857142857,54.285714285714285,40.0
457,0.62,14,0,20,14,10.0,6.65,5.0,10.0,85.0,0.0
458,0.75,15,0,31,26,10.0,8.28,3.225806451612903,0.0,70.96774193548387,25.806451612903224
459,0.576,25,0,30,20,10.0,6.52,3.3333333333333335,3.3333333333333335,86.66666666666667,6.666666666666667
460,0.8,24,0,31,24,10.0,9.08,0.0,3.225806451612903,45.16129032258065,51.61290322580645
461,0.604,32,0,31,21,10.0,6.72,0.0,0.0,96.7741935483871,3.225806451612903
462,0.685,20,0,28,21,10.0,7.39,7.142857142857143,3.5714285714285716,85.71428571428571,3.5714285714285716
463,0.692,17,0,26,19,10.0,7.16,0.0,7.6923076923076925,92.3076923076923,0.0
464,0.642,19,0,29,22,10.0,6.74,3.4482758620689653,0.0,96.55172413793103,0.0
465,0.62,14,0,17,11,10.0,6.55,11.764705882352942,0.0,88.23529411764706,0.0
466,0.61,18,0,22,16,10.0,6.85,0.0,27.272727272727273,45.45454545454545,27.272727272727273
467,0.694,23,0,34,26,10.0,7.17,0.0,0.0,97.05882352941177,2.9411764705882355
468,0.657,15,0,24,18,10.0,7.12,8.333333333333334,4.166666666666667,87.5,0.0
469,0.672,22,0,30,22,10.0,7.92,3.3333333333333335,6.666666666666667,53.333333333333336,36.666666666666664
470,0.73,22,0,32,26,10.0,7.84,0.0,3.125,90.625,6.25
471,0.65,16,0,24,20,10.0,7.09,0.0,0.0,79.16666666666667,20.833333333333332
472,0.74,21,0,25,20,10.0,7.4,4.0,0.0,84.0,12.0
473,0.63,21,0,27,20,10.0,7.58,3.7037037037037037,7.407407407407407,88.88888888888889,0.0
474,0.6,22,0,29,21,10.0,6.86,0.0,0.0,89.65517241379311,10.344827586206897
475,0.66,18,0,25,18,10.0,6.75,8.0,8.0,52.0,32.0
476,0.657,19,0,30,21,10.0,7.24,0.0,0.0,70.0,30.0
477,0.82,11,0,19,16,10.0,8.4,0.0,0.0,94.73684210526316,5.2631578947368425
478,0.59,21,0,32,23,10.0,6.82,3.125,0.0,90.625,6.25
479,0.692,30,0,42,33,10.0,7.57,4.761904761904762,2.380952380952381,57.142857142857146,35.714285714285715
480,0.668,25,0,28,19,10.0,7.32,0.0,3.5714285714285716,85.71428571428571,10.714285714285714
481,0.661,21,0,26,18,10.0,7.01,3.8461538461538463,0.0,92.3076923076923,3.8461538461538463
482,0.736,25,0,28,20,10.0,7.82,3.5714285714285716,0.0,64.28571428571429,32.142857142857146
483,0.665,13,0,27,21,10.0,7.52,0.0,0.0,100.0,0.0
484,0.778,20,0,32,26,10.0,8.02,0.0,3.125,93.75,3.125
485,0.794,20,0,28,22,10.0,9.05,0.0,10.714285714285714,50.0,39.285714285714285
486,0.676,25,0,31,24,10.0,7.67,0.0,3.225806451612903,74.19354838709677,22.580645161290324
487,0.825,11,0,20,17,10.0,8.25,0.0,0.0,80.0,20.0
488,0.756,21,0,32,25,10.0,8.16,6.25,9.375,84.375,0.0
489,0.636,19,0,31,24,10.0,7.32,3.225806451612903,0.0,93.54838709677419,3.225806451612903
490,0.875,9,0,15,13,10.0,8.75,6.666666666666667,0.0,86.66666666666667,6.666666666666667
491,0.604,21,0,32,24,10.0,6.85,0.0,3.125,93.75,3.125
492,0.8,25,0,34,27,10.0,8.29,5.882352941176471,2.9411764705882355,61.76470588235294,29.41176470588235
493,0.728,29,0,31,23,10.0,8.0,0.0,3.225806451612903,54.83870967741935,41.935483870967744
494,0.546,20,0,27,17,10.0,5.82,3.7037037037037037,0.0,81.48148148148148,14.814814814814815
495,0.78,13,0,17,13,10.0,7.8,0.0,5.882352941176471,64.70588235294117,29.41176470588235
496,0.75,9,0,14,11,10.0,8.25,0.0,0.0,92.85714285714286,7.142857142857143
497,0.655,29,0,33,23,10.0,7.46,3.0303030303030303,0.0,96.96969696969697,0.0
498,0.792,18,0,30,25,10.0,8.1,0.0,3.3333333333333335,86.66666666666667,10.0
499,0.76,20,0,25,18,10.0,8.04,8.0,0.0,64.0,28.0
500,0.728,27,0,28,21,10.0,7.56,7.142857142857143,0.0,82.14285714285714,10.714285714285714
501,0.606,22,0,26,17,10.0,6.69,0.0,0.0,100.0,0.0
502,0.654,23,0,30,22,10.0,7.2,0.0,3.3333333333333335,86.66666666666667,10.0
503,0.595,21,0,27,18,10.0,6.71,3.7037037037037037,0.0,96.29629629629629,0.0
504,0.739,23,0,24,18,10.0,7.71,0.0,0.0,95.83333333333333,4.166666666666667
505,0.56,14,0,21,15,10.0,5.9,0.0,4.761904761904762,57.142857142857146,38.095238095238095
506,0.76,23,0,26,21,10.0,7.93,0.0,0.0,50.0,50.0
507,0.54,15,0,27,20,10.0,5.66,0.0,0.0,88.88888888888889,11.11111111111111
508,0.676,25,0,28,20,10.0,7.2,0.0,0.0,67.85714285714286,32.142857142857146
509,0.668,20,0,27,20,10.0,7.38,7.407407407407407,14.814814814814815,44.44444444444444,33.333333333333336
510,0.732,22,0,29,23,10.0,8.08,3.4482758620689653,0.0,79.3103448275862,17.24137931034483
511,0.632,22,0,27,18,10.0,7.28,0.0,0.0,55.55555555555556,44.44444444444444
512,0.77,12,0,20,16,10.0,8.15,0.0,0.0,65.0,35.0
513,0.652,21,0,29,21,10.0,7.18,3.4482758620689653,0.0,62.06896551724138,34.48275862068966
514,0.77,17,0,24,19,10.0,8.5,8.333333333333334,0.0,62.5,29.166666666666668
515,0.684,25,0,27,19,10.0,7.56,7.407407407407407,0.0,48.148148148148145,44.44444444444444
516,0.716,19,0,28,22,10.0,7.98,0.0,3.5714285714285716,53.57142857142857,42.857142857142854
517,0.664,25,0,29,20,10.0,7.42,3.4482758620689653,0.0,51.724137931034484,44.827586206896555
518,0.675,11,0,21,17,10.0,6.87,0.0,0.0,76.19047619047619,23.80952380952381
519,0.692,21,0,31,22,10.0,7.19,0.0,3.225806451612903,67.74193548387096,29.032258064516128
520,0.716,20,0,33,26,10.0,7.96,0.0,9.090909090909092,72.72727272727273,18.181818181818183
521,0.706,27,0,33,22,10.0,7.87,0.0,0.0,75.75757575757575,24.242424242424242
522,0.768,24,0,28,21,10.0,8.6,0.0,0.0,50.0,50.0
523,0.77,23,0,26,20,10.0,7.95,3.8461538461538463,0.0,65.38461538461539,30.76923076923077
524,0.648,22,0,27,20,10.0,6.96,3.7037037037037037,0.0,74.07407407407408,22.22222222222222
525,0.72,16,0,22,16,10.0,7.9,4.545454545454546,0.0,59.09090909090909,36.36363636363637
526,0.532,30,0,31,19,10.0,6.02,3.225806451612903,3.225806451612903,90.3225806451613,3.225806451612903
527,0.644,28,0,34,24,10.0,7.48,0.0,5.882352941176471,85.29411764705883,8.823529411764707
528,0.652,18,0,26,19,10.0,6.82,3.8461538461538463,0.0,76.92307692307692,19.23076923076923
529,0.712,26,0,31,22,10.0,7.97,0.0,0.0,61.29032258064516,38.70967741935484
530,0.805,13,0,21,17,10.0,8.7,4.761904761904762,4.761904761904762,57.142857142857146,33.333333333333336
531,0.724,24,0,38,30,10.0,8.14,2.6315789473684212,2.6315789473684212,57.89473684210526,36.8421052631579
532,0.659,32,0,32,21,10.0,7.47,6.25,3.125,62.5,28.125
533,0.686,21,0,33,26,10.0,7.27,0.0,6.0606060606060606,57.57575757575758,36.36363636363637
534,0.693,23,0,31,22,10.0,7.92,3.225806451612903,6.451612903225806,70.96774193548387,19.35483870967742
535,0.536,23,0,27,17,10.0,6.08,3.7037037037037037,0.0,96.29629629629629,0.0
536,0.672,19,0,25,19,10.0,7.29,0.0,4.0,56.0,40.0
537,0.71,20,0,28,21,10.0,7.48,0.0,3.5714285714285716,64.28571428571429,32.142857142857146
538,0.68,17,0,29,22,10.0,6.84,3.4482758620689653,0.0,96.55172413793103,0.0
539,0.716,24,0,29,22,10.0,7.68,3.4482758620689653,0.0,68.96551724137932,27.586206896551722
540,0.71,12,0,18,13,10.0,7.35,0.0,0.0,61.111111111111114,38.888888888888886
541,0.746,25,0,29,22,10.0,8.45,0.0,0.0,48.275862068965516,51.724137931034484
542,0.582,26,0,27,17,10.0,6.92,3.7037037037037037,18.51851851851852,48.148148148148145,29.62962962962963
543,0.642,23,0,27,17,10.0,6.69,0.0,0.0,96.29629629629629,3.7037037037037037
544,0.65,18,0,25,20,10.0,6.93,0.0,8.0,72.0,20.0
545,0.756,24,0,34,28,10.0,7.99,0.0,5.882352941176471,88.23529411764706,5.882352941176471
546,0.705,21,0,27,21,10.0,7.18,0.0,0.0,66.66666666666667,33.333333333333336
547,0.697,27,0,34,25,10.0,7.53,0.0,2.9411764705882355,52.94117647058823,44.11764705882353
548,0.738,21,0,29,22,10.0,7.89,3.4482758620689653,0.0,44.827586206896555,51.724137931034484
549,0.61,23,0,27,18,10.0,6.94,0.0,3.7037037037037037,59.25925925925926,37.03703703703704
550,0.702,17,0,25,19,10.0,7.38,0.0,4.0,80.0,16.0
551,0.68,27,0,33,25,10.0,7.72,0.0,0.0,69.6969696969697,30.303030303030305
552,0.671,16,0,25,18,10.0,7.32,0.0,4.0,96.0,0.0
553,0.7,14,0,28,23,10.0,7.45,3.5714285714285716,7.142857142857143,60.714285714285715,28.571428571428573
554,0.72,23,0,31,22,10.0,7.44,3.225806451612903,0.0,51.61290322580645,45.16129032258065
555,0.59,12,0,18,13,10.0,6.5,5.555555555555555,0.0,88.88888888888889,5.555555555555555
556,0.632,22,0,33,24,10.0,7.07,3.0303030303030303,0.0,63.63636363636363,33.333333333333336
557,0.675,13,0,16,11,10.0,7.1,0.0,0.0,81.25,18.75
558,0.724,23,0,28,21,10.0,7.67,0.0,7.142857142857143,67.85714285714286,25.0
559,0.721,17,0,27,20,10.0,7.88,0.0,0.0,100.0,0.0
560,0.774,26,0,34,26,10.0,8.77,0.0,0.0,50.0,50.0
561,0.616,18,0,29,22,10.0,7.35,0.0,6.896551724137931,72.41379310344827,20.689655172413794
562,0.73,26,0,32,24,10.0,8.19,0.0,3.125,50.0,46.875
563,0.666,25,0,30,20,10.0,7.03,0.0,3.3333333333333335,53.333333333333336,43.333333333333336
564,0.668,22,0,29,21,10.0,7.66,0.0,0.0,62.06896551724138,37.93103448275862
565,0.61,15,0,19,13,10.0,6.5,0.0,0.0,100.0,0.0
566,0.652,21,0,28,20,10.0,6.84,3.5714285714285716,0.0,96.42857142857143,0.0
567,0.605,24,0,32,22,10.0,7.08,0.0,3.125,96.875,0.0
568,0.62,18,0,23,16,10.0,6.65,0.0,4.3478260869565215,52.17391304347826,43.47826086956522
569,0.66,15,0,26,21,10.0,7.2,0.0,3.8461538461538463,96.15384615384616,0.0
570,0.698,23,0,26,19,10.0,8.22,7.6923076923076925,0.0,42.30769230769231,50.0
571,0.625,12,0,20,15,10.0,7.05,5.0,5.0,90.0,0.0
572,0.8,10,0,14,11,10.0,8.0,0.0,0.0,64.28571428571429,35.714285714285715
573,0.612,24,0,29,20,10.0,6.57,0.0,3.4482758620689653,55.172413793103445,41.37931034482759
574,0.681,21,0,28,20,10.0,7.11,3.5714285714285716,0.0,67.85714285714286,28.571428571428573
575,0.73,19,0,29,23,10.0,7.83,3.4482758620689653,0.0,89.65517241379311,6.896551724137931
576,0.592,27,0,27,17,10.0,6.59,3.7037037037037037,14.814814814814815,70.37037037037037,11.11111111111111
577,0.75,19,0,26,20,10.0,8.24,0.0,0.0,69.23076923076923,30.76923076923077
578,0.665,16,0,22,17,10.0,7.09,0.0,0.0,72.72727272727273,27.272727272727273
579,0.778,23,0,38,30,10.0,8.12,0.0,0.0,68.42105263157895,31.57894736842105
580,0.788,25,0,28,19,10.0,8.45,0.0,0.0,46.42857142857143,53.57142857142857
581,0.76,14,0,20,15,10.0,7.9,0.0,5.0,70.0,25.0
582,0.766,18,0,25,20,10.0,8.12,4.0,0.0,76.0,20.0
583,0.682,18,0,30,23,10.0,7.94,3.3333333333333335,0.0,70.0,26.666666666666668
584,0.68,21,0,31,23,10.0,6.96,3.225806451612903,6.451612903225806,80.64516129032258,9.67741935483871
585,0.694,20,0,27,21,10.0,7.26,0.0,14.814814814814815,85.18518518518519,0.0
586,0.51,14,0,25,18,10.0,5.22,0.0,0.0,96.0,4.0
587,0.687,30,0,37,28,10.0,8.05,0.0,0.0,48.648648648648646,51.351351351351354
588,0.75,28,0,31,22,10.0,8.13,0.0,0.0,54.83870967741935,45.16129032258065
589,0.768,20,0,26,20,10.0,8.4,0.0,3.8461538461538463,50.0,46.15384615384615
590,0.728,22,0,32,25,10.0,7.64,0.0,0.0,68.75,31.25
591,0.664,23,0,29,22,10.0,7.64,0.0,0.0,100.0,0.0
592,0.599,22,0,26,16,10.0,6.9,0.0,0.0,69.23076923076923,30.76923076923077
593,0.675,26,0,34,25,10.0,7.39,0.0,2.9411764705882355,97.05882352941177,0.0
594,0.63,17,0,33,27,10.0,6.79,0.0,3.0303030303030303,93.93939393939394,3.0303030303030303
595,0.784,26,0,29,23,10.0,8.42,0.0,6.896551724137931,68.96551724137932,24.137931034482758
596,0.626,23,0,28,20,10.0,6.82,0.0,0.0,78.57142857142857,21.428571428571427
597,0.832,25,0,35,30,10.0,8.82,0.0,0.0,97.14285714285714,2.857142857142857
598,0.77,19,0,25,21,10.0,8.29,0.0,0.0,68.0,32.0
599,0.667,18,0,27,19,10.0,6.94,0.0,0.0,81.48148148148148,18.51851851851852
600,0.728,24,0,25,18,10.0,7.89,0.0,0.0,92.0,8.0
601,0.85,12,0,17,14,10.0,9.0,5.882352941176471,0.0,76.47058823529412,17.647058823529413
602,0.736,16,0,25,20,10.0,7.76,0.0,4.0,68.0,28.0
603,0.699,16,0,23,18,10.0,7.13,0.0,0.0,82.6086956521739,17.391304347826086
604,0.692,21,0,27,20,10.0,7.66,0.0,14.814814814814815,59.25925925925926,25.925925925925927
605,0.726,19,0,28,21,10.0,7.84,0.0,0.0,60.714285714285715,39.285714285714285
606,0.722,28,0,34,23,10.0,8.06,5.882352941176471,2.9411764705882355,76.47058823529412,14.705882352941176
607,0.668,20,0,28,21,10.0,7.33,0.0,3.5714285714285716,75.0,21.428571428571427
608,0.766,23,0,29,23,10.0,8.11,0.0,3.4482758620689653,62.06896551724138,34.48275862068966
609,0.615,19,0,30,25,10.0,6.69,3.3333333333333335,3.3333333333333335,93.33333333333333,0.0
610,0.76,12,0,20,15,10.0,7.85,5.0,5.0,70.0,20.0
611,0.748,15,0,26,21,10.0,7.78,0.0,0.0,80.76923076923077,19.23076923076923
612,0.62,17,0,25,19,10.0,6.62,4.0,16.0,80.0,0.0
613,0.79,15,0,18,13,10.0,7.93,5.555555555555555,0.0,94.44444444444444,0.0
614,0.8,18,0,38,33,10.0,8.34,0.0,0.0,89.47368421052632,10.526315789473685
615,0.697,19,0,28,21,10.0,7.73,0.0,0.0,71.42857142857143,28.571428571428573
616,0.7,15,0,21,15,10.0,7.35,0.0,0.0,100.0,0.0
617,0.658,23,0,29,22,10.0,7.39,0.0,0.0,82.75862068965517,17.24137931034483
618,0.73,25,0,26,18,10.0,8.21,0.0,0.0,65.38461538461539,34.61538461538461
619,0.616,19,0,33,26,10.0,6.75,0.0,0.0,72.72727272727273,27.272727272727273
620,0.676,26,0,30,21,10.0,7.25,0.0,0.0,86.66666666666667,13.333333333333334
621,0.797,20,0,23,16,10.0,8.57,0.0,4.3478260869565215,86.95652173913044,8.695652173913043
622,0.692,16,0,26,20,10.0,7.64,0.0,0.0,65.38461538461539,34.61538461538461
623,0.74,15,0,21,16,10.0,7.8,0.0,0.0,57.142857142857146,42.857142857142854
624,0.605,19,0,24,16,10.0,6.49,0.0,4.166666666666667,75.0,20.833333333333332
625,0.792,16,0,26,22,10.0,8.08,0.0,0.0,84.61538461538461,15.384615384615385
626,0.646,21,0,29,20,10.0,7.6,3.4482758620689653,0.0,79.3103448275862,17.24137931034483
627,0.75,16,0,19,14,10.0,7.75,0.0,0.0,94.73684210526316,5.2631578947368425
628,0.55,20,0,25,17,10.0,6.05,4.0,0.0,96.0,0.0
629,0.56,13,0,20,14,10.0,6.06,5.0,0.0,95.0,0.0
630,0.643,23,0,28,19,10.0,7.31,0.0,0.0,96.42857142857143,3.5714285714285716
631,0.749,21,0,31,24,10.0,7.81,0.0,0.0,83.87096774193549,16.129032258064516
632,0.656,23,0,32,24,10.0,6.92,0.0,0.0,84.375,15.625
633,0.607,21,0,25,17,10.0,6.5,0.0,4.0,96.0,0.0
634,0.612,25,0,32,22,10.0,7.0,0.0,0.0,53.125,46.875
635,0.86,13,0,21,18,10.0,9.0,0.0,0.0,61.904761904761905,38.095238095238095
636,0.78,19,0,32,26,10.0,8.22,0.0,0.0,81.25,18.75
637,0.626,30,0,31,20,10.0,6.8,0.0,0.0,90.3225806451613,9.67741935483871
638,0.69,14,0,18,13,10.0,7.25,0.0,0.0,94.44444444444444,5.555555555555555
639,0.684,29,0,30,20,10.0,7.6,0.0,0.0,100.0,0.0
640,0.62,23,0,32,23,10.0,6.54,0.0,0.0,96.875,3.125
641,0.665,12,0,26,21,10.0,6.8,0.0,0.0,84.61538461538461,15.384615384615385
642,0.678,23,0,28,19,10.0,7.42,0.0,0.0,71.42857142857143,28.571428571428573
643,0.7,10,0,17,13,10.0,7.05,0.0,5.882352941176471,94.11764705882354,0.0
644,0.602,19,0,28,20,10.0,6.36,3.5714285714285716,3.5714285714285716,92.85714285714286,0.0
645,0.667,24,0,33,24,10.0,7.14,0.0,0.0,63.63636363636363,36.36363636363637
646,0.744,21,0,31,25,10.0,7.84,0.0,0.0,77.41935483870968,22.580645161290324
647,0.586,22,0,28,19,10.0,6.66,0.0,0.0,75.0,25.0
648,0.7,15,0,21,14,10.0,7.36,0.0,4.761904761904762,57.142857142857146,38.095238095238095
649,0.72,17,0,26,20,10.0,8.16,0.0,7.6923076923076925,65.38461538461539,26.923076923076923
650,0.728,21,0,30,22,10.0,7.9,0.0,3.3333333333333335,93.33333333333333,3.3333333333333335
651,0.776,25,0,29,22,10.0,8.3,0.0,0.0,48.275862068965516,51.724137931034484
652,0.672,21,0,29,22,10.0,7.08,3.4482758620689653,0.0,93.10344827586206,3.4482758620689653
653,0.575,24,0,27,18,10.0,6.32,0.0,0.0,74.07407407407408,25.925925925925927
654,0.648,22,0,29,21,10.0,6.64,0.0,0.0,96.55172413793103,3.4482758620689653
655,0.733,19,0,33,27,10.0,7.93,3.0303030303030303,0.0,84.84848484848484,12.121212121212121
656,0.73,22,0,30,24,10.0,8.0,0.0,0.0,93.33333333333333,6.666666666666667
657,0.687,20,0,29,22,10.0,7.53,0.0,0.0,89.65517241379311,10.344827586206897
658,0.732,28,0,29,20,10.0,7.75,0.0,0.0,51.724137931034484,48.275862068965516
659,0.769,25,0,30,23,10.0,8.45,0.0,0.0,70.0,30.0
660,0.679,29,0,35,26,10.0,7.08,0.0,0.0,94.28571428571429,5.714285714285714
661,0.66,18,0,35,29,10.0,7.04,0.0,2.857142857142857,91.42857142857143,5.714285714285714
662,0.695,17,0,25,19,10.0,7.71,0.0,0.0,68.0,32.0
663,0.625,11,0,16,11,10.0,6.5,0.0,0.0,100.0,0.0
664,0.768,26,0,36,28,10.0,8.1,2.7777777777777777,0.0,77.77777777777777,19.444444444444443
665,0.755,20,0,25,18,10.0,8.36,0.0,4.0,64.0,32.0
666,0.84,13,0,21,17,10.0,9.0,0.0,4.761904761904762,61.904761904761905,33.333333333333336
667,0.638,23,0,30,21,10.0,7.12,0.0,0.0,100.0,0.0
668,0.656,21,0,29,21,10.0,6.93,0.0,0.0,93.10344827586206,6.896551724137931
669,0.69,13,0,17,12,10.0,7.5,0.0,5.882352941176471,94.11764705882354,0.0
670,0.704,20,0,28,21,10.0,7.72,0.0,0.0,67.85714285714286,32.142857142857146
671,0.749,24,0,39,33,10.0,7.96,2.5641025641025643,0.0,66.66666666666667,30.76923076923077
672,0.7,16,0,25,19,10.0,7.3,0.0,0.0,68.0,32.0
673,0.66,17,0,23,16,10.0,7.5,0.0,0.0,100.0,0.0
674,0.73,15,0,20,14,10.0,8.05,5.0,0.0,95.0,0.0
675,0.755,14,0,19,15,10.0,7.95,0.0,0.0,63.1578947368421,36.8421052631579
676,0.76,24,0,41,33,10.0,8.06,2.4390243902439024,0.0,70.73170731707317,26.829268292682926
677,0.772,24,0,35,28,10.0,8.28,0.0,2.857142857142857,82.85714285714286,14.285714285714286
678,0.796,15,0,26,21,10.0,8.4,3.8461538461538463,30.76923076923077,50.0,15.384615384615385
679,0.712,22,0,25,18,10.0,7.66,0.0,0.0,76.0,24.0
680,0.702,21,0,26,18,10.0,7.95,3.8461538461538463,0.0,76.92307692307692,19.23076923076923
681,0.8,11,0,15,12,10.0,8.4,6.666666666666667,6.666666666666667,80.0,6.666666666666667
682,0.705,25,0,26,18,10.0,7.54,0.0,0.0,38.46153846153846,61.53846153846154
683,0.725,9,0,14,10,10.0,7.9,7.142857142857143,0.0,64.28571428571429,28.571428571428573
684,0.714,27,0,39,30,10.0,8.06,0.0,2.5641025641025643,71.7948717948718,25.641025641025642
685,0.684,17,0,26,20,10.0,7.31,0.0,0.0,84.61538461538461,15.384615384615385
686,0.83,15,0,20,16,10.0,8.87,0.0,0.0,50.0,50.0
687,0.735,13,0,20,16,10.0,7.75,0.0,5.0,75.0,20.0
688,0.676,23,0,27,19,10.0,7.28,0.0,7.407407407407407,88.88888888888889,3.7037037037037037
689,0.708,21,0,28,21,10.0,8.15,0.0,0.0,71.42857142857143,28.571428571428573
690,0.766,22,0,26,19,10.0,7.82,3.8461538461538463,0.0,73.07692307692308,23.076923076923077
691,0.582,28,0,31,21,10.0,6.92,0.0,0.0,87.09677419354838,12.903225806451612
692,0.676,24,0,26,17,10.0,7.24,0.0,0.0,61.53846153846154,38.46153846153846
693,0.58,13,0,22,16,10.0,6.47,0.0,0.0,81.81818181818181,18.181818181818183
694,0.62,12,0,19,13,10.0,6.55,5.2631578947368425,0.0,94.73684210526316,0.0
695,0.64,21,0,28,20,10.0,7.04,0.0,0.0,67.85714285714286,32.142857142857146
696,0.675,24,0,30,22,10.0,7.52,3.3333333333333335,3.3333333333333335,90.0,3.3333333333333335
697,0.462,27,0,30,17,10.0,5.62,0.0,0.0,100.0,0.0
698,0.696,16,0,23,16,10.0,6.96,0.0,0.0,100.0,0.0
699,0.625,14,0,22,17,10.0,6.6,0.0,0.0,59.09090909090909,40.90909090909091
700,0.58,16,0,28,21,10.0,6.24,0.0,0.0,100.0,0.0
701,0.703,20,0,26,19,10.0,7.49,0.0,0.0,61.53846153846154,38.46153846153846
702,0.586,24,0,31,20,10.0,6.65,0.0,3.225806451612903,64.51612903225806,32.25806451612903
703,0.775,11,0,17,14,10.0,7.85,0.0,0.0,82.3529411764706,17.647058823529413
704,0.701,21,0,30,24,10.0,7.16,0.0,0.0,100.0,0.0
705,0.63,24,0,31,22,10.0,6.85,0.0,6.451612903225806,93.54838709677419,0.0
706,0.702,17,0,24,19,10.0,7.67,4.166666666666667,0.0,87.5,8.333333333333334
707,0.573,23,0,28,18,10.0,6.44,0.0,0.0,82.14285714285714,17.857142857142858
708,0.567,21,0,29,19,10.0,6.35,0.0,0.0,100.0,0.0
709,0.772,27,0,29,22,10.0,8.4,3.4482758620689653,0.0,93.10344827586206,3.4482758620689653
710,0.64,15,0,17,11,10.0,6.7,0.0,0.0,76.47058823529412,23.529411764705884
711,0.72,22,0,27,21,10.0,7.96,0.0,0.0,55.55555555555556,44.44444444444444
712,0.585,14,0,26,20,10.0,6.11,0.0,0.0,100.0,0.0
713,0.78,20,0,27,22,10.0,8.0,0.0,0.0,51.851851851851855,48.148148148148145
714,0.728,21,0,32,26,10.0,7.92,0.0,3.125,75.0,21.875
715,0.71,26,0,36,29,10.0,7.8,0.0,0.0,75.0,25.0
716,0.664,19,0,32,25,10.0,7.36,0.0,0.0,100.0,0.0
717,0.66,22,0,28,19,10.0,7.55,0.0,0.0,96.42857142857143,3.5714285714285716
718,0.62,23,0,25,17,10.0,6.85,4.0,0.0,96.0,0.0
719,0.692,17,0,27,21,10.0,7.41,0.0,0.0,100.0,0.0
720,0.68,17,0,26,20,10.0,7.1,0.0,0.0,100.0,0.0
721,0.548,22,0,30,19,10.0,6.0,0.0,3.3333333333333335,96.66666666666667,0.0
722,0.666,21,0,28,20,10.0,7.06,3.5714285714285716,0.0,57.142857142857146,39.285714285714285
723,0.66,21,0,30,22,10.0,7.78,3.3333333333333335,0.0,86.66666666666667,10.0
724,0.616,18,0,29,20,10.0,6.75,0.0,3.4482758620689653,65.51724137931035,31.03448275862069
725,0.72,14,0,20,15,10.0,7.5,0.0,0.0,100.0,0.0
726,0.661,19,0,26,19,10.0,7.12,3.8461538461538463,0.0,96.15384615384616,0.0
727,0.672,19,0,29,22,10.0,7.69,3.4482758620689653,0.0,82.75862068965517,13.793103448275861
728,0.696,23,0,33,26,10.0,7.2,0.0,0.0,84.84848484848484,15.151515151515152
729,0.676,15,0,22,16,10.0,7.26,0.0,0.0,95.45454545454545,4.545454545454546
730,0.8,16,0,31,27,10.0,8.51,0.0,0.0,67.74193548387096,32.25806451612903
731,0.812,24,0,36,31,10.0,8.38,0.0,0.0,100.0,0.0
732,0.54,16,0,18,10,10.0,6.05,0.0,0.0,100.0,0.0
733,0.711,19,0,27,21,10.0,7.46,0.0,0.0,100.0,0.0
734,0.621,24,0,29,20,10.0,6.73,0.0,0.0,62.06896551724138,37.93103448275862
735,0.66,20,0,31,25,10.0,7.59,0.0,0.0,100.0,0.0
736,0.686,17,0,28,22,10.0,7.46,3.5714285714285716,3.5714285714285716,89.28571428571429,3.5714285714285716
737,0.8,11,0,15,12,10.0,8.45,0.0,0.0,86.66666666666667,13.333333333333334
738,0.634,27,0,28,19,10.0,7.16,3.5714285714285716,0.0,96.42857142857143,0.0
739,0.636,21,0,28,20,10.0,7.03,0.0,0.0,96.42857142857143,3.5714285714285716
740,0.61,12,0,19,14,10.0,6.25,5.2631578947368425,0.0,94.73684210526316,0.0
741,0.675,20,0,29,23,10.0,7.49,0.0,0.0,75.86206896551724,24.137931034482758
742,0.625,20,0,24,17,10.0,6.95,0.0,0.0,100.0,0.0
743,0.676,19,0,26,20,10.0,7.43,0.0,0.0,92.3076923076923,7.6923076923076925
744,0.724,22,0,29,22,10.0,7.5,0.0,0.0,55.172413793103445,44.827586206896555
745,0.636,17,0,20,13,10.0,6.96,0.0,5.0,90.0,5.0
746,0.612,17,0,29,21,10.0,6.87,0.0,0.0,96.55172413793103,3.4482758620689653
747,0.73,26,0,37,30,10.0,8.52,0.0,2.7027027027027026,67.56756756756756,29.72972972972973
748,0.758,25,0,35,28,10.0,8.36,0.0,0.0,91.42857142857143,8.571428571428571
749,0.76,12,0,22,18,10.0,8.1,0.0,0.0,90.9090909090909,9.090909090909092
750,0.71,15,0,19,14,10.0,7.55,10.526315789473685,0.0,73.6842105263158,15.789473684210526
751,0.593,15,0,28,21,10.0,6.76,0.0,17.857142857142858,82.14285714285714,0.0
752,0.675,14,0,17,11,10.0,7.15,0.0,0.0,70.58823529411765,29.41176470588235
753,0.748,24,0,35,28,10.0,7.96,0.0,0.0,77.14285714285714,22.857142857142858
754,0.67,17,0,33,27,10.0,7.98,0.0,0.0,84.84848484848484,15.151515151515152
755,0.604,25,0,29,20,10.0,6.54,0.0,0.0,100.0,0.0
756,0.7,19,0,23,18,10.0,7.65,0.0,4.3478260869565215,69.56521739130434,26.08695652173913
757,0.73,22,0,32,26,10.0,8.25,3.125,0.0,93.75,3.125
758,0.637,28,0,36,26,10.0,7.03,0.0,0.0,91.66666666666667,8.333333333333334
759,0.68,14,0,29,24,10.0,7.47,0.0,0.0,93.10344827586206,6.896551724137931
760,0.712,18,0,24,17,10.0,7.6,0.0,0.0,100.0,0.0
761,0.788,21,0,27,21,10.0,8.38,0.0,0.0,62.96296296296296,37.03703703703704
762,0.75,22,0,28,21,10.0,8.2,0.0,0.0,75.0,25.0
763,0.684,29,0,36,26,10.0,7.92,0.0,0.0,63.888888888888886,36.111111111111114
764,0.604,15,0,27,20,10.0,6.72,0.0,0.0,100.0,0.0
765,0.75,15,0,20,16,10.0,7.8,0.0,0.0,100.0,0.0
766,0.621,25,0,27,18,10.0,6.74,0.0,0.0,77.77777777777777,22.22222222222222
767,0.736,20,0,23,16,10.0,8.16,0.0,4.3478260869565215,95.65217391304348,0.0
768,0.62,17,0,34,28,10.0,7.24,2.9411764705882355,0.0,94.11764705882354,2.9411764705882355
769,0.71,19,0,25,18,10.0,7.66,0.0,0.0,60.0,40.0
770,0.715,13,0,20,15,10.0,7.85,0.0,0.0,100.0,0.0
771,0.688,26,0,32,24,10.0,7.74,0.0,0.0,96.875,3.125
772,0.724,28,0,35,28,10.0,7.98,0.0,2.857142857142857,65.71428571428571,31.428571428571427
773,0.62,16,0,24,18,10.0,6.7,0.0,0.0,100.0,0.0
774,0.62,19,0,27,21,10.0,7.74,0.0,7.407407407407407,77.77777777777777,14.814814814814815
775,0.668,18,0,26,20,10.0,7.32,0.0,0.0,92.3076923076923,7.6923076923076925
776,0.66,23,0,30,21,10.0,7.12,0.0,0.0,73.33333333333333,26.666666666666668
777,0.667,27,0,31,22,10.0,7.4,0.0,0.0,64.51612903225806,35.483870967741936
778,0.665,15,0,17,12,10.0,7.45,0.0,0.0,88.23529411764706,11.764705882352942
779,0.808,24,0,28,23,10.0,8.08,3.5714285714285716,3.5714285714285716,53.57142857142857,39.285714285714285
780,0.698,23,0,37,29,10.0,7.54,0.0,2.7027027027027026,83.78378378378379,13.513513513513514
781,0.667,27,0,34,24,10.0,7.3,2.9411764705882355,0.0,91.17647058823529,5.882352941176471
782,0.66,26,0,32,23,10.0,7.04,0.0,0.0,84.375,15.625
783,0.632,22,0,29,21,10.0,6.82,0.0,0.0,86.20689655172414,13.793103448275861
784,0.735,25,0,37,29,10.0,8.06,0.0,0.0,72.97297297297297,27.027027027027028
785,0.677,23,0,30,22,10.0,7.47,3.3333333333333335,0.0,96.66666666666667,0.0
786,0.72,14,0,19,14,10.0,7.7,0.0,0.0,57.89473684210526,42.10526315789474
787,0.76,20,0,21,16,10.0,8.45,0.0,0.0,57.142857142857146,42.857142857142854
788,0.745,24,0,27,21,10.0,7.89,0.0,0.0,66.66666666666667,33.333333333333336
789,0.6,12,0,17,12,10.0,6.55,0.0,5.882352941176471,94.11764705882354,0.0
790,0.724,21,0,32,26,10.0,8.12,0.0,0.0,87.5,12.5
791,0.706,23,0,27,21,10.0,7.86,0.0,0.0,85.18518518518519,14.814814814814815
792,0.635,25,0,33,23,10.0,6.77,3.0303030303030303,0.0,96.96969696969697,0.0
793,0.71,15,0,25,19,10.0,7.76,0.0,4.0,80.0,16.0
794,0.825,12,0,20,17,10.0,8.5,0.0,0.0,80.0,20.0
795,0.702,21,0,28,21,10.0,7.92,0.0,0.0,92.85714285714286,7.142857142857143
796,0.86,17,0,22,16,10.0,8.93,0.0,0.0,59.09090909090909,40.90909090909091
797,0.632,21,0,35,27,10.0,6.56,0.0,0.0,100.0,0.0
798,0.732,25,0,38,29,10.0,8.44,0.0,2.6315789473684212,68.42105263157895,28.94736842105263
799,0.726,17,0,22,17,10.0,7.91,0.0,0.0,54.54545454545455,45.45454545454545
800,0.66,18,0,28,21,10.0,6.92,0.0,0.0,92.85714285714286,7.142857142857143
801,0.672,23,0,29,21,10.0,7.48,3.4482758620689653,0.0,93.10344827586206,3.4482758620689653
802,0.675,12,0,17,12,10.0,7.0,0.0,0.0,100.0,0.0
803,0.692,21,0,24,17,10.0,7.32,0.0,0.0,100.0,0.0
804,0.739,25,0,33,24,10.0,8.21,3.0303030303030303,0.0,60.60606060606061,36.36363636363637
805,0.616,19,0,28,20,10.0,6.8,0.0,0.0,96.42857142857143,3.5714285714285716
806,0.686,22,0,22,13,10.0,7.69,0.0,0.0,100.0,0.0
807,0.704,25,0,31,24,10.0,7.88,3.225806451612903,0.0,64.51612903225806,32.25806451612903
808,0.65,36,0,40,25,10.0,7.02,0.0,0.0,100.0,0.0
809,0.658,19,0,31,22,10.0,7.29,0.0,0.0,100.0,0.0
810,0.624,20,0,29,22,10.0,6.94,0.0,0.0,96.55172413793103,3.4482758620689653
811,0.651,17,0,23,17,10.0,6.94,0.0,0.0,78.26086956521739,21.73913043478261
812,0.744,20,0,28,23,10.0,8.12,0.0,0.0,96.42857142857143,3.5714285714285716
813,0.58,14,0,17,11,10.0,6.45,0.0,0.0,100.0,0.0
814,0.678,18,0,22,15,10.0,7.49,0.0,0.0,63.63636363636363,36.36363636363637
815,0.721,24,0,29,21,10.0,7.76,0.0,0.0,89.65517241379311,10.344827586206897
816,0.68,19,0,27,20,10.0,7.78,0.0,0.0,92.5925925925926,7.407407407407407
817,0.832,17,0,28,23,10.0,9.08,0.0,0.0,64.28571428571429,35.714285714285715
818,0.73,23,0,31,24,10.0,7.84,0.0,0.0,100.0,0.0
819,0.75,12,0,16,11,10.0,8.15,6.25,0.0,93.75,0.0
820,0.642,30,0,36,26,10.0,7.41,0.0,0.0,61.111111111111114,38.888888888888886
821,0.708,19,0,29,22,10.0,7.66,0.0,0.0,96.55172413793103,3.4482758620689653
822,0.636,21,0,28,20,10.0,6.74,0.0,0.0,89.28571428571429,10.714285714285714
823,0.664,26,0,29,20,10.0,7.57,0.0,0.0,58.62068965517241,41.37931034482759
824,0.725,17,0,23,18,10.0,7.75,0.0,0.0,91.30434782608695,8.695652173913043
825,0.716,17,0,27,22,10.0,7.84,0.0,0.0,66.66666666666667,33.333333333333336
826,0.612,20,0,29,21,10.0,6.66,0.0,0.0,100.0,0.0
827,0.7,14,0,25,20,10.0,7.62,0.0,4.0,96.0,0.0
828,0.648,23,0,28,20,10.0,6.73,0.0,0.0,53.57142857142857,46.42857142857143
829,0.784,21,0,29,24,10.0,8.26,0.0,0.0,75.86206896551724,24.137931034482758
830,0.562,26,0,29,18,10.0,6.31,0.0,0.0,100.0,0.0
831,0.66,17,0,31,24,10.0,7.49,0.0,0.0,90.3225806451613,9.67741935483871
832,0.605,18,0,27,18,10.0,6.49,0.0,0.0,100.0,0.0
833,0.732,19,0,26,20,10.0,7.92,0.0,0.0,57.69230769230769,42.30769230769231
834,0.72,23,0,29,21,10.0,7.94,0.0,0.0,86.20689655172414,13.793103448275861
835,0.7,19,0,28,21,10.0,7.62,3.5714285714285716,0.0,67.85714285714286,28.571428571428573
836,0.789,18,0,29,24,10.0,8.66,0.0,0.0,72.41379310344827,27.586206896551722
837,0.68,19,0,25,18,10.0,7.12,0.0,0.0,64.0,36.0
838,0.624,22,0,27,18,10.0,7.53,0.0,0.0,62.96296296296296,37.03703703703704
839,0.7,18,0,23,18,10.0,7.63,0.0,0.0,100.0,0.0
840,0.614,22,0,28,19,10.0,7.18,0.0,0.0,100.0,0.0
841,0.72,15,0,22,17,10.0,7.38,4.545454545454546,0.0,95.45454545454545,0.0
842,0.716,20,0,25,18,10.0,7.81,0.0,0.0,56.0,44.0
843,0.68,16,0,21,15,10.0,7.7,0.0,0.0,85.71428571428571,14.285714285714286
844,0.666,33,0,36,24,10.0,7.14,0.0,0.0,94.44444444444444,5.555555555555555
845,0.664,24,0,27,20,10.0,7.09,0.0,0.0,100.0,0.0
846,0.676,20,0,30,22,10.0,7.16,0.0,0.0,66.66666666666667,33.333333333333336
847,0.753,18,0,29,23,10.0,8.03,0.0,0.0,100.0,0.0
848,0.742,21,0,28,21,10.0,7.83,0.0,3.5714285714285716,75.0,21.428571428571427
849,0.82,9,0,19,16,10.0,8.5,0.0,0.0,84.21052631578948,15.789473684210526
850,0.753,17,0,27,22,10.0,8.2,0.0,3.7037037037037037,96.29629629629629,0.0
851,0.784,20,0,33,27,10.0,8.16,0.0,0.0,96.96969696969697,3.0303030303030303
852,0.637,19,0,24,17,10.0,6.84,0.0,0.0,100.0,0.0
853,0.662,34,0,36,24,10.0,7.32,2.7777777777777777,0.0,97.22222222222223,0.0
854,0.835,16,0,20,15,10.0,8.7,0.0,0.0,90.0,10.0
855,0.653,22,0,25,17,10.0,6.9,0.0,0.0,52.0,48.0
856,0.552,18,0,29,21,10.0,5.88,0.0,0.0,100.0,0.0
857,0.621,20,0,26,17,10.0,6.53,0.0,0.0,92.3076923076923,7.6923076923076925
858,0.82,14,0,21,17,10.0,8.4,0.0,4.761904761904762,52.38095238095238,42.857142857142854
859,0.8,12,0,22,19,10.0,8.8,0.0,0.0,90.9090909090909,9.090909090909092
860,0.687,18,0,22,16,10.0,7.06,0.0,0.0,81.81818181818181,18.181818181818183
861,0.705,17,0,19,13,10.0,7.15,0.0,0.0,94.73684210526316,5.2631578947368425
862,0.692,20,0,28,20,10.0,7.65,0.0,0.0,67.85714285714286,32.142857142857146
863,0.709,20,0,28,21,10.0,7.34,0.0,0.0,71.42857142857143,28.571428571428573
864,0.72,35,0,42,31,10.0,8.42,0.0,0.0,47.61904761904762,52.38095238095238
865,0.87,12,0,20,17,10.0,9.0,0.0,0.0,65.0,35.0
866,0.708,22,0,26,19,10.0,7.14,0.0,0.0,92.3076923076923,7.6923076923076925
867,0.716,38,0,40,28,10.0,8.19,0.0,0.0,97.5,2.5
868,0.688,22,0,28,19,10.0,7.86,0.0,0.0,57.142857142857146,42.857142857142854
869,0.686,19,0,31,24,10.0,7.94,0.0,0.0,100.0,0.0
870,0.598,22,0,27,18,10.0,6.88,0.0,0.0,88.88888888888889,11.11111111111111
871,0.693,19,0,30,23,10.0,7.55,0.0,0.0,100.0,0.0
872,0.703,24,0,30,22,10.0,7.29,0.0,0.0,80.0,20.0
873,0.85,23,0,32,27,10.0,9.2,0.0,0.0,71.875,28.125
874,0.63,18,0,33,27,10.0,6.72,3.0303030303030303,0.0,84.84848484848484,12.121212121212121
875,0.65,20,0,30,24,10.0,7.45,0.0,10.0,80.0,10.0
876,0.696,28,0,29,18,10.0,7.53,0.0,13.793103448275861,41.37931034482759,44.827586206896555
877,0.76,19,0,23,17,10.0,7.9,0.0,0.0,95.65217391304348,4.3478260869565215
878,0.66,22,0,26,19,10.0,6.78,0.0,0.0,100.0,0.0
879,0.766,23,0,32,26,10.0,8.22,3.125,0.0,75.0,21.875
880,0.76,16,0,21,16,10.0,8.15,0.0,0.0,85.71428571428571,14.285714285714286
881,0.68,12,0,21,16,10.0,7.02,0.0,0.0,80.95238095238095,19.047619047619047
882,0.645,21,0,23,15,10.0,6.7,0.0,0.0,100.0,0.0
883,0.792,18,0,27,22,10.0,8.66,0.0,0.0,88.88888888888889,11.11111111111111
884,0.611,25,0,34,24,10.0,6.49,0.0,0.0,100.0,0.0
885,0.748,13,0,21,16,10.0,7.62,0.0,0.0,66.66666666666667,33.333333333333336
886,0.62,15,0,20,13,10.0,6.35,0.0,0.0,65.0,35.0
887,0.652,12,0,25,20,10.0,6.91,0.0,0.0,100.0,0.0
888,0.68,24,0,29,21,10.0,7.49,0.0,0.0,96.55172413793103,3.4482758620689653
889,0.75,11,0,14,10,10.0,7.85,0.0,0.0,57.142857142857146,42.857142857142854
890,0.706,19,0,33,25,10.0,7.45,0.0,0.0,96.96969696969697,3.0303030303030303
891,0.596,24,0,25,15,10.0,6.9,0.0,4.0,96.0,0.0
892,0.815,12,0,19,16,10.0,8.7,0.0,0.0,63.1578947368421,36.8421052631579
893,0.782,18,0,30,25,10.0,8.72,0.0,0.0,66.66666666666667,33.333333333333336
894,0.768,21,0,29,23,10.0,8.16,0.0,0.0,100.0,0.0
895,0.685,29,0,34,23,10.0,7.83,0.0,0.0,97.05882352941177,2.9411764705882355
896,0.788,18,0,25,19,10.0,8.74,0.0,0.0,64.0,36.0
897,0.663,17,0,21,13,10.0,7.27,0.0,0.0,80.95238095238095,19.047619047619047
898,0.72,18,0,26,21,10.0,7.9,0.0,0.0,53.84615384615385,46.15384615384615
899,0.614,18,0,24,17,10.0,6.74,0.0,0.0,100.0,0.0
900,0.761,30,0,38,30,10.0,8.11,0.0,2.6315789473684212,81.57894736842105,15.789473684210526
901,0.72,25,0,31,22,10.0,7.64,0.0,0.0,74.19354838709677,25.806451612903224
902,0.64,23,0,30,20,10.0,6.92,0.0,3.3333333333333335,96.66666666666667,0.0
903,0.778,33,0,43,34,10.0,8.43,0.0,0.0,100.0,0.0
904,0.618,15,0,25,18,10.0,6.52,0.0,0.0,88.0,12.0
905,0.695,16,0,21,16,10.0,7.3,0.0,0.0,100.0,0.0
906,0.679,17,0,26,20,10.0,7.05,0.0,0.0,61.53846153846154,38.46153846153846
907,0.58,25,0,34,23,10.0,6.27,0.0,2.9411764705882355,97.05882352941177,0.0
908,0.662,18,0,31,23,10.0,7.6,0.0,3.225806451612903,77.41935483870968,19.35483870967742
909,0.706,21,0,27,19,10.0,8.18,0.0,0.0,55.55555555555556,44.44444444444444
910,0.675,13,0,16,12,10.0,7.1,0.0,6.25,93.75,0.0
911,0.744,25,0,31,24,10.0,7.54,0.0,0.0,93.54838709677419,6.451612903225806
912,0.775,11,0,14,11,10.0,8.2,0.0,0.0,78.57142857142857,21.428571428571427
913,0.712,29,0,30,21,10.0,7.74,0.0,0.0,70.0,30.0
914,0.654,27,0,33,24,10.0,6.9,0.0,6.0606060606060606,93.93939393939394,0.0
915,0.675,10,0,17,12,10.0,7.25,5.882352941176471,0.0,88.23529411764706,5.882352941176471
916,0.572,22,0,29,19,10.0,6.36,3.4482758620689653,0.0,96.55172413793103,0.0
917,0.632,23,0,29,21,10.0,7.01,0.0,0.0,96.55172413793103,3.4482758620689653
918,0.59,13,0,23,17,10.0,6.23,0.0,0.0,100.0,0.0
919,0.64,23,0,32,23,10.0,6.89,0.0,0.0,100.0,0.0
920,0.7,25,0,29,22,10.0,7.56,0.0,0.0,72.41379310344827,27.586206896551722
921,0.616,22,0,26,17,10.0,6.54,0.0,0.0,80.76923076923077,19.23076923076923
922,0.682,26,0,31,22,10.0,8.42,0.0,0.0,54.83870967741935,45.16129032258065
923,0.66,23,0,39,30,10.0,7.27,0.0,0.0,79.48717948717949,20.512820512820515
924,0.74,13,0,18,13,10.0,7.8,0.0,5.555555555555555,72.22222222222223,22.22222222222222
925,0.725,18,0,30,24,10.0,7.9,0.0,0.0,83.33333333333333,16.666666666666668
926,0.644,15,0,29,23,10.0,7.32,0.0,0.0,100.0,0.0
927,0.685,23,0,21,12,10.0,7.55,0.0,0.0,42.857142857142854,57.142857142857146
928,0.68,24,0,38,30,10.0,7.6,0.0,0.0,94.73684210526316,5.2631578947368425
929,0.632,21,0,29,22,10.0,6.84,0.0,0.0,58.62068965517241,41.37931034482759
930,0.664,24,0,33,25,10.0,7.84,0.0,0.0,96.96969696969697,3.0303030303030303
931,0.688,26,0,28,18,10.0,7.28,0.0,0.0,75.0,25.0
932,0.626,19,0,26,19,10.0,7.04,3.8461538461538463,0.0,61.53846153846154,34.61538461538461
933,0.568,17,0,22,14,10.0,5.98,0.0,0.0,100.0,0.0
934,0.619,29,0,32,22,10.0,6.99,0.0,0.0,56.25,43.75
935,0.627,28,0,31,20,10.0,6.76,0.0,0.0,100.0,0.0
936,0.702,23,0,27,20,10.0,7.33,0.0,0.0,62.96296296296296,37.03703703703704
937,0.732,22,0,27,21,10.0,7.54,0.0,0.0,81.48148148148148,18.51851851851852
938,0.757,24,0,29,21,10.0,7.57,0.0,0.0,44.827586206896555,55.172413793103445
939,0.705,14,0,18,13,10.0,7.55,0.0,5.555555555555555,83.33333333333333,11.11111111111111
940,0.7,15,0,19,14,10.0,7.75,0.0,0.0,78.94736842105263,21.05263157894737
941,0.75,15,0,27,22,10.0,7.96,0.0,0.0,70.37037037037037,29.62962962962963
942,0.6,23,0,29,21,10.0,6.6,3.4482758620689653,0.0,96.55172413793103,0.0
943,0.688,21,0,30,23,10.0,7.73,0.0,0.0,93.33333333333333,6.666666666666667
944,0.672,22,0,30,21,10.0,7.45,0.0,0.0,93.33333333333333,6.666666666666667
945,0.56,24,0,27,16,10.0,6.2,0.0,0.0,74.07407407407408,25.925925925925927
946,0.668,22,0,30,20,10.0,7.52,0.0,0.0,100.0,0.0
947,0.724,22,0,29,23,10.0,7.51,0.0,0.0,100.0,0.0
948,0.68,17,0,25,19,10.0,7.08,0.0,0.0,84.0,16.0
949,0.68,20,0,31,23,10.0,7.32,0.0,0.0,70.96774193548387,29.032258064516128
950,0.776,27,0,33,26,10.0,8.21,0.0,0.0,45.45454545454545,54.54545454545455
951,0.645,16,0,20,13,10.0,7.05,0.0,0.0,100.0,0.0
952,0.696,22,0,31,24,10.0,7.48,0.0,0.0,90.3225806451613,9.67741935483871
953,0.656,21,0,28,19,10.0,7.4,0.0,0.0,67.85714285714286,32.142857142857146
954,0.586,17,0,21,13,10.0,6.2,0.0,0.0,100.0,0.0
955,0.775,14,0,20,15,10.0,8.2,0.0,5.0,85.0,10.0
956,0.667,24,0,27,18,10.0,7.07,0.0,0.0,100.0,0.0
957,0.718,27,0,27,18,10.0,8.3,0.0,3.7037037037037037,70.37037037037037,25.925925925925927
958,0.676,27,0,30,20,10.0,7.3,0.0,3.3333333333333335,93.33333333333333,3.3333333333333335
959,0.676,17,0,26,20,10.0,7.42,0.0,0.0,100.0,0.0
960,0.715,23,0,26,19,10.0,8.2,0.0,0.0,92.3076923076923,7.6923076923076925
961,0.66,19,0,28,21,10.0,7.15,0.0,3.5714285714285716,60.714285714285715,35.714285714285715
962,0.705,15,0,17,11,10.0,7.4,0.0,0.0,100.0,0.0
963,0.768,20,0,25,20,10.0,8.06,4.0,0.0,56.0,40.0
964,0.74,22,0,29,23,10.0,7.84,0.0,0.0,89.65517241379311,10.344827586206897
965,0.785,12,0,19,15,10.0,8.3,0.0,0.0,78.94736842105263,21.05263157894737
966,0.562,33,0,33,19,10.0,6.38,0.0,0.0,100.0,0.0
967,0.76,13,0,20,16,10.0,7.6,0.0,0.0,75.0,25.0
968,0.78,14,0,24,20,10.0,8.36,0.0,0.0,95.83333333333333,4.166666666666667
969,0.825,16,0,23,20,10.0,8.53,0.0,0.0,60.869565217391305,39.130434782608695
970,0.712,19,0,42,34,10.0,7.66,0.0,2.380952380952381,97.61904761904762,0.0
971,0.67,28,0,32,21,10.0,7.6,0.0,0.0,68.75,31.25
972,0.7,18,0,24,17,10.0,7.2,0.0,0.0,100.0,0.0
973,0.672,20,0,35,28,10.0,7.16,0.0,0.0,100.0,0.0
974,0.576,22,0,32,23,10.0,6.23,0.0,0.0,100.0,0.0
975,0.645,19,0,28,21,10.0,7.13,0.0,0.0,100.0,0.0
976,0.643,32,0,30,18,10.0,7.1,0.0,3.3333333333333335,96.66666666666667,0.0
977,0.68,19,0,25,18,10.0,7.18,0.0,0.0,96.0,4.0
978,0.738,16,0,25,19,10.0,7.82,0.0,0.0,100.0,0.0
979,0.634,19,0,24,16,10.0,7.18,0.0,0.0,62.5,37.5
980,0.659,23,0,28,19,10.0,7.22,0.0,0.0,85.71428571428571,14.285714285714286
981,0.735,24,0,29,22,10.0,8.35,0.0,0.0,65.51724137931035,34.48275862068966
982,0.7,15,0,20,15,10.0,7.64,0.0,0.0,85.0,15.0
983,0.684,15,0,26,20,10.0,7.43,0.0,0.0,96.15384615384616,3.8461538461538463
984,0.672,21,0,27,20,10.0,7.35,0.0,0.0,100.0,0.0
985,0.748,28,0,36,26,10.0,8.49,2.7777777777777777,2.7777777777777777,52.77777777777778,41.666666666666664
986,0.75,9,0,15,12,10.0,7.5,0.0,0.0,86.66666666666667,13.333333333333334
987,0.672,23,0,26,19,10.0,7.08,0.0,0.0,100.0,0.0
988,0.681,22,0,24,16,10.0,7.13,4.166666666666667,0.0,95.83333333333333,0.0
989,0.554,23,0,27,17,10.0,6.2,0.0,0.0,100.0,0.0
990,0.765,25,0,23,15,10.0,8.4,0.0,0.0,47.82608695652174,52.17391304347826
991,0.695,20,0,29,24,10.0,7.22,0.0,0.0,100.0,0.0
992,0.649,23,0,28,19,10.0,7.12,0.0,0.0,64.28571428571429,35.714285714285715
993,0.56,17,0,24,16,10.0,6.26,0.0,0.0,100.0,0.0
994,0.778,23,0,24,17,10.0,7.78,0.0,0.0,66.66666666666667,33.333333333333336
995,0.806,18,0,24,19,10.0,8.33,0.0,0.0,100.0,0.0
996,0.578,26,0,32,22,10.0,6.76,0.0,0.0,100.0,0.0
997,0.684,22,0,32,25,10.0,7.27,0.0,0.0,96.875,3.125
998,0.698,22,0,27,20,10.0,7.29,0.0,0.0,74.07407407407408,25.925925925925927
999,0.63,26,0,31,20,10.0,7.17,0.0,0.0,100.0,0.0
1000,0.57,21,0,31,23,10.0,6.57,0.0,0.0,70.96774193548387,29.032258064516128
1001,0.74,22,0,28,22,10.0,7.84,0.0,0.0,100.0,0.0
1002,0.618,27,0,27,17,10.0,7.33,0.0,0.0,100.0,0.0
1003,0.76,22,0,30,25,10.0,7.87,0.0,0.0,60.0,40.0
1004,0.76,14,0,20,16,10.0,7.6,0.0,0.0,100.0,0.0
1005,0.696,30,0,36,25,10.0,7.47,0.0,0.0,91.66666666666667,8.333333333333334
1006,0.625,12,0,17,12,10.0,6.45,5.882352941176471,0.0,94.11764705882354,0.0
1007,0.656,18,0,29,22,10.0,7.1,0.0,0.0,93.10344827586206,6.896551724137931
1008,0.707,16,0,20,15,10.0,7.21,0.0,0.0,95.0,5.0
1009,0.55,15,0,17,11,10.0,5.8,0.0,0.0,100.0,0.0
1010,0.566,29,0,29,18,10.0,6.4,0.0,0.0,100.0,0.0
1011,0.616,24,0,32,22,10.0,7.4,0.0,0.0,75.0,25.0
1012,0.72,13,0,22,17,10.0,7.7,0.0,0.0,72.72727272727273,27.272727272727273
1013,0.775,17,0,19,14,10.0,8.2,0.0,0.0,100.0,0.0
1014,0.569,19,0,22,14,10.0,6.34,0.0,0.0,100.0,0.0
1015,0.74,24,0,38,31,10.0,8.14,0.0,0.0,65.78947368421052,34.21052631578947
1016,0.732,18,0,26,20,10.0,7.66,0.0,0.0,96.15384615384616,3.8461538461538463
1017,0.845,12,0,16,13,10.0,8.45,0.0,0.0,56.25,43.75
1018,0.664,21,0,26,18,10.0,6.64,0.0,0.0,100.0,0.0
1019,0.7,17,0,23,18,10.0,7.28,0.0,0.0,78.26086956521739,21.73913043478261
1020,0.74,17,0,22,17,10.0,7.48,0.0,0.0,86.36363636363636,13.636363636363637
1021,0.73,20,0,26,20,10.0,7.74,0.0,0.0,84.61538461538461,15.384615384615385
1022,0.664,27,0,31,20,10.0,8.04,0.0,38.70967741935484,61.29032258064516,0.0
1023,0.695,16,0,23,17,10.0,7.26,0.0,0.0,100.0,0.0
1024,0.731,20,0,25,19,10.0,7.56,0.0,0.0,100.0,0.0
1025,0.665,15,0,22,16,10.0,6.75,0.0,0.0,77.27272727272727,22.727272727272727
1026,0.69,16,0,19,13,10.0,7.65,0.0,0.0,100.0,0.0
1027,0.714,24,0,31,23,10.0,7.91,0.0,0.0,96.7741935483871,3.225806451612903
1028,0.646,15,0,21,15,10.0,6.77,0.0,0.0,100.0,0.0
1029,0.718,14,0,24,18,10.0,7.28,0.0,0.0,95.83333333333333,4.166666666666667
1030,0.795,14,0,18,14,10.0,8.45,0.0,0.0,88.88888888888889,11.11111111111111
1031,0.672,24,0,38,30,10.0,7.14,0.0,0.0,73.6842105263158,26.31578947368421
1032,0.712,23,0,34,26,10.0,8.21,2.9411764705882355,0.0,94.11764705882354,2.9411764705882355
1033,0.652,28,0,34,23,10.0,7.72,0.0,2.9411764705882355,82.3529411764706,14.705882352941176
1034,0.628,19,0,28,21,10.0,6.81,0.0,0.0,100.0,0.0
1035,0.588,23,0,27,18,10.0,7.05,0.0,0.0,100.0,0.0
1036,0.708,22,0,30,23,10.0,7.36,0.0,0.0,100.0,0.0
1037,0.84,13,0,24,21,10.0,8.4,4.166666666666667,0.0,70.83333333333333,25.0
1038,0.772,21,0,33,26,10.0,7.96,0.0,0.0,75.75757575757575,24.242424242424242
1039,0.683,21,0,26,19,10.0,7.82,0.0,0.0,50.0,50.0
1040,0.645,22,0,30,22,10.0,7.39,0.0,0.0,96.66666666666667,3.3333333333333335
1041,0.744,15,0,27,22,10.0,7.6,0.0,0.0,70.37037037037037,29.62962962962963
1042,0.681,24,0,26,18,10.0,7.31,0.0,0.0,69.23076923076923,30.76923076923077
1043,0.644,16,0,26,19,10.0,7.21,0.0,0.0,73.07692307692308,26.923076923076923
1044,0.678,17,0,27,20,10.0,7.76,0.0,0.0,77.77777777777777,22.22222222222222
1045,0.84,15,0,21,16,10.0,8.8,0.0,0.0,61.904761904761905,38.095238095238095
1046,0.732,21,0,31,24,10.0,8.08,0.0,0.0,64.51612903225806,35.483870967741936
1047,0.662,23,0,26,18,10.0,7.74,0.0,0.0,80.76923076923077,19.23076923076923
1048,0.72,18,0,23,17,10.0,7.6,0.0,0.0,60.869565217391305,39.130434782608695
1049,0.725,19,0,28,22,10.0,8.26,0.0,0.0,96.42857142857143,3.5714285714285716
1050,0.84,13,0,19,16,10.0,8.4,0.0,0.0,89.47368421052632,10.526315789473685
1051,0.66,23,0,26,17,10.0,7.56,0.0,0.0,96.15384615384616,3.8461538461538463
1052,0.709,17,0,26,20,10.0,7.49,0.0,0.0,100.0,0.0
1053,0.575,26,0,25,15,10.0,6.62,0.0,0.0,100.0,0.0
1054,0.684,21,0,28,19,10.0,7.74,0.0,0.0,100.0,0.0
1055,0.695,15,0,19,13,10.0,7.95,0.0,0.0,52.63157894736842,47.36842105263158
1056,0.725,21,0,24,17,10.0,7.65,0.0,0.0,95.83333333333333,4.166666666666667
1057,0.82,12,0,18,15,10.0,8.5,0.0,0.0,72.22222222222223,27.77777777777778
1058,0.705,21,0,26,20,10.0,7.77,0.0,0.0,76.92307692307692,23.076923076923077
1059,0.624,22,0,28,21,10.0,6.55,0.0,0.0,75.0,25.0
1060,0.8,9,0,13,10,10.0,8.25,0.0,0.0,100.0,0.0
1061,0.625,11,0,25,20,10.0,6.53,0.0,0.0,96.0,4.0
1062,0.68,25,0,28,19,10.0,7.42,0.0,0.0,60.714285714285715,39.285714285714285
1063,0.722,23,0,35,28,10.0,8.5,0.0,0.0,80.0,20.0
1064,0.658,25,0,30,20,10.0,7.26,0.0,0.0,93.33333333333333,6.666666666666667
1065,0.679,24,0,31,22,10.0,7.27,3.225806451612903,0.0,96.7741935483871,0.0
1066,0.705,14,0,20,15,10.0,7.25,0.0,0.0,95.0,5.0
1067,0.736,26,0,35,26,10.0,8.06,0.0,0.0,71.42857142857143,28.571428571428573
1068,0.664,23,0,30,23,10.0,7.27,0.0,0.0,73.33333333333333,26.666666666666668
1069,0.67,23,0,30,21,10.0,7.13,0.0,0.0,96.66666666666667,3.3333333333333335
1070,0.725,15,0,26,21,10.0,7.78,0.0,0.0,100.0,0.0
1071,0.691,21,0,23,16,10.0,7.73,0.0,0.0,69.56521739130434,30.434782608695652
1072,0.58,21,0,26,18,10.0,6.28,3.8461538461538463,0.0,96.15384615384616,0.0
1073,0.662,25,0,30,20,10.0,7.13,0.0,0.0,70.0,30.0
1074,0.604,26,0,36,26,10.0,6.3,0.0,0.0,97.22222222222223,2.7777777777777777
1075,0.8,12,0,20,17,10.0,8.0,0.0,0.0,70.0,30.0
1076,0.664,22,0,27,18,10.0,7.08,0.0,0.0,100.0,0.0
1077,0.55,10,0,16,11,10.0,5.9,0.0,0.0,100.0,0.0
1078,0.632,25,0,29,21,10.0,7.07,0.0,0.0,93.10344827586206,6.896551724137931
1079,0.69,18,0,28,23,10.0,7.45,0.0,0.0,100.0,0.0
1080,0.736,18,0,27,20,10.0,7.58,3.7037037037037037,0.0,55.55555555555556,40.74074074074074
1081,0.643,18,0,26,19,10.0,6.73,0.0,0.0,100.0,0.0
1082,0.708,20,0,29,22,10.0,7.53,0.0,0.0,68.96551724137932,31.03448275862069
1083,0.686,23,0,30,20,10.0,7.52,0.0,3.3333333333333335,56.666666666666664,40.0
1084,0.84,11,0,19,16,10.0,8.5,0.0,0.0,94.73684210526316,5.2631578947368425
1085,0.694,22,0,33,24,10.0,7.32,0.0,3.0303030303030303,72.72727272727273,24.242424242424242
1086,0.784,18,0,26,21,10.0,8.66,0.0,7.6923076923076925,65.38461538461539,26.923076923076923
1087,0.723,12,0,23,18,10.0,7.55,0.0,0.0,91.30434782608695,8.695652173913043
1088,0.68,28,0,37,28,10.0,7.5,0.0,5.405405405405405,54.054054054054056,40.54054054054054
1089,0.74,12,0,18,14,10.0,8.15,0.0,5.555555555555555,72.22222222222223,22.22222222222222
1090,0.8,9,0,14,11,10.0,8.15,0.0,0.0,85.71428571428571,14.285714285714286
1091,0.612,32,0,35,23,10.0,7.07,0.0,0.0,97.14285714285714,2.857142857142857
1092,0.728,21,0,33,25,10.0,8.0,0.0,0.0,100.0,0.0
1093,0.74,18,0,30,25,10.0,7.98,0.0,0.0,96.66666666666667,3.3333333333333335
1094,0.592,28,0,30,18,10.0,6.47,0.0,0.0,100.0,0.0
1095,0.752,24,0,28,21,10.0,8.34,0.0,0.0,67.85714285714286,32.142857142857146
1096,0.56,14,0,21,14,10.0,5.84,4.761904761904762,0.0,95.23809523809524,0.0
1097,0.691,25,0,32,23,10.0,7.36,3.125,0.0,93.75,3.125
1098,0.8,11,0,15,12,10.0,8.5,0.0,0.0,66.66666666666667,33.333333333333336
1099,0.692,20,0,28,20,10.0,7.75,0.0,0.0,100.0,0.0
1100,0.722,31,0,34,23,10.0,8.25,0.0,0.0,94.11764705882354,5.882352941176471
1101,0.705,17,0,33,27,10.0,7.47,0.0,0.0,84.84848484848484,15.151515151515152
1102,0.648,22,0,32,23,10.0,7.52,0.0,0.0,81.25,18.75
1103,0.702,16,0,27,21,10.0,7.81,0.0,3.7037037037037037,66.66666666666667,29.62962962962963
1104,0.704,20,0,32,25,10.0,7.72,0.0,0.0,81.25,18.75
1105,0.608,24,0,29,20,10.0,7.0,0.0,0.0,100.0,0.0
1106,0.655,17,0,23,17,10.0,7.1,0.0,0.0,95.65217391304348,4.3478260869565215
1107,0.66,16,0,24,17,10.0,7.38,0.0,0.0,95.83333333333333,4.166666666666667
1108,0.778,18,0,22,17,10.0,8.44,0.0,0.0,63.63636363636363,36.36363636363637
1109,0.572,25,0,30,18,10.0,6.39,0.0,3.3333333333333335,96.66666666666667,0.0
1110,0.754,18,0,30,24,10.0,8.21,0.0,0.0,70.0,30.0
1111,0.724,17,0,26,21,10.0,7.68,0.0,0.0,100.0,0.0
1112,0.608,21,0,24,15,10.0,6.88,0.0,0.0,100.0,0.0
1113,0.644,24,0,38,31,10.0,7.1,0.0,0.0,97.36842105263158,2.6315789473684212
1114,0.557,22,0,29,19,10.0,6.06,0.0,0.0,96.55172413793103,3.4482758620689653
1115,0.54,12,0,19,13,10.0,5.7,0.0,5.2631578947368425,94.73684210526316,0.0
1116,0.628,21,0,29,21,10.0,6.52,3.4482758620689653,0.0,93.10344827586206,3.4482758620689653
1117,0.664,16,0,26,19,10.0,7.13,0.0,0.0,100.0,0.0
1118,0.613,22,0,29,20,10.0,6.81,0.0,0.0,96.55172413793103,3.4482758620689653
1119,0.7,17,0,25,19,10.0,7.3,0.0,0.0,100.0,0.0
1120,0.652,18,0,28,21,10.0,7.16,0.0,0.0,75.0,25.0
1121,0.702,20,0,28,21,10.0,7.72,0.0,0.0,96.42857142857143,3.5714285714285716
1122,0.75,15,0,21,16,10.0,7.9,0.0,0.0,66.66666666666667,33.333333333333336
1123,0.628,29,0,35,22,10.0,6.34,0.0,17.142857142857142,82.85714285714286,0.0
1124,0.7,16,0,29,24,10.0,7.26,0.0,0.0,68.96551724137932,31.03448275862069
1125,0.588,19,0,26,18,10.0,6.32,0.0,0.0,100.0,0.0
1126,0.612,18,0,30,22,10.0,6.22,0.0,0.0,100.0,0.0
1127,0.74,30,0,37,27,10.0,7.76,0.0,0.0,56.75675675675676,43.24324324324324
1128,0.717,22,0,36,29,10.0,7.82,0.0,0.0,100.0,0.0
1129,0.73,13,0,15,10,10.0,7.3,0.0,0.0,93.33333333333333,6.666666666666667
1130,0.716,24,0,29,22,10.0,7.76,0.0,3.4482758620689653,86.20689655172414,10.344827586206897
1131,0.59,15,0,26,20,10.0,6.7,0.0,0.0,100.0,0.0
1132,0.668,22,0,29,21,10.0,7.53,0.0,0.0,75.86206896551724,24.137931034482758
1133,0.68,14,0,24,19,10.0,7.3,0.0,0.0,100.0,0.0
1134,0.688,19,0,21,15,10.0,7.3,4.761904761904762,0.0,95.23809523809524,0.0
1135,0.642,20,0,29,21,10.0,6.76,0.0,0.0,100.0,0.0
1136,0.78,11,0,17,13,10.0,7.8,0.0,0.0,94.11764705882354,5.882352941176471
1137,0.733,22,0,29,21,10.0,7.78,0.0,3.4482758620689653,96.55172413793103,0.0
1138,0.78,12,0,18,14,10.0,7.8,0.0,0.0,72.22222222222223,27.77777777777778
1139,0.665,22,0,26,19,10.0,7.22,0.0,3.8461538461538463,92.3076923076923,3.8461538461538463
1140,0.69,27,0,36,28,10.0,7.34,0.0,0.0,100.0,0.0
1141,0.82,10,0,20,17,10.0,8.2,0.0,0.0,90.0,10.0
1142,0.685,27,0,36,30,10.0,7.23,0.0,0.0,80.55555555555556,19.444444444444443
1143,0.56,25,0,32,22,10.0,6.2,0.0,6.25,87.5,6.25
1144,0.668,18,0,24,17,10.0,7.32,0.0,8.333333333333334,75.0,16.666666666666668
1145,0.652,17,0,30,23,10.0,7.28,0.0,0.0,96.66666666666667,3.3333333333333335
1146,0.79,22,0,24,18,10.0,8.3,0.0,0.0,100.0,0.0
1147,0.705,29,0,37,27,10.0,7.75,0.0,0.0,75.67567567567568,24.324324324324323
1148,0.696,29,0,41,30,10.0,7.44,0.0,0.0,70.73170731707317,29.26829268292683
1149,0.824,18,0,31,27,10.0,9.04,0.0,0.0,93.54838709677419,6.451612903225806
1150,0.65,21,0,24,17,10.0,7.41,0.0,0.0,95.83333333333333,4.166666666666667
1151,0.69,24,0,27,19,10.0,7.46,0.0,0.0,96.29629629629629,3.7037037037037037
1152,0.72,18,0,25,20,10.0,7.76,0.0,0.0,68.0,32.0
1153,0.62,15,0,20,14,10.0,6.85,0.0,0.0,100.0,0.0
1154,0.632,22,0,30,22,10.0,7.02,0.0,0.0,86.66666666666667,13.333333333333334
1155,0.706,25,0,29,22,10.0,7.9,0.0,0.0,68.96551724137932,31.03448275862069
1156,0.688,17,0,29,22,10.0,7.58,0.0,0.0,100.0,0.0
1157,0.708,24,0,27,21,10.0,7.66,0.0,0.0,70.37037037037037,29.62962962962963
1158,0.574,29,0,27,14,10.0,5.92,0.0,0.0,100.0,0.0
1159,0.663,24,0,29,21,10.0,7.06,0.0,0.0,86.20689655172414,13.793103448275861
1160,0.728,20,0,32,26,10.0,8.02,0.0,0.0,75.0,25.0
1161,0.692,22,0,30,24,10.0,8.06,0.0,0.0,70.0,30.0
1162,0.65,15,0,17,12,10.0,6.9,0.0,0.0,100.0,0.0
1163,0.724,24,0,30,22,10.0,7.44,3.3333333333333335,0.0,56.666666666666664,40.0
1164,0.74,13,0,16,11,10.0,8.2,0.0,0.0,62.5,37.5
1165,0.732,17,0,24,17,10.0,7.7,0.0,0.0,83.33333333333333,16.666666666666668
1166,0.648,22,0,27,18,10.0,6.87,0.0,0.0,100.0,0.0
1167,0.678,23,0,33,26,10.0,7.63,0.0,0.0,78.78787878787878,21.21212121212121
1168,0.7,16,0,29,23,10.0,7.36,0.0,0.0,100.0,0.0
1169,0.73,20,0,31,24,10.0,7.6,0.0,0.0,77.41935483870968,22.580645161290324
1170,0.668,18,0,29,23,10.0,7.28,3.4482758620689653,0.0,96.55172413793103,0.0
1171,0.696,21,0,29,21,10.0,7.94,0.0,0.0,89.65517241379311,10.344827586206897
1172,0.8,14,0,22,17,10.0,8.3,0.0,0.0,63.63636363636363,36.36363636363637
1173,0.704,27,0,28,20,10.0,7.52,0.0,0.0,92.85714285714286,7.142857142857143
1174,0.725,13,0,19,14,10.0,7.65,0.0,0.0,84.21052631578948,15.789473684210526
1175,0.744,27,0,32,23,10.0,7.85,0.0,0.0,75.0,25.0
1176,0.725,11,0,14,10,10.0,7.3,0.0,0.0,100.0,0.0
1177,0.75,12,0,20,16,10.0,7.8,0.0,0.0,100.0,0.0
1178,0.724,27,0,35,26,10.0,7.56,0.0,0.0,97.14285714285714,2.857142857142857
1179,0.648,27,0,32,23,10.0,7.44,0.0,0.0,100.0,0.0
1180,0.729,24,0,30,24,10.0,7.89,0.0,0.0,93.33333333333333,6.666666666666667
1181,0.72,13,0,20,14,10.0,7.65,0.0,0.0,80.0,20.0
1182,0.688,24,0,28,21,10.0,7.18,0.0,0.0,89.28571428571429,10.714285714285714
1183,0.624,20,0,27,20,10.0,7.32,0.0,0.0,96.29629629629629,3.7037037037037037
1184,0.65,16,0,27,21,10.0,7.08,0.0,0.0,100.0,0.0
1185,0.725,18,0,27,20,10.0,7.29,0.0,0.0,77.77777777777777,22.22222222222222
1186,0.666,19,0,29,22,10.0,7.12,0.0,0.0,100.0,0.0
1187,0.58,13,0,23,17,10.0,6.47,0.0,0.0,100.0,0.0
1188,0.784,24,0,34,28,10.0,8.37,0.0,0.0,100.0,0.0
1189,0.698,20,0,22,15,10.0,8.24,0.0,0.0,68.18181818181819,31.818181818181817
1190,0.76,13,0,19,15,10.0,8.05,0.0,0.0,84.21052631578948,15.789473684210526
1191,0.744,22,0,27,20,10.0,8.28,0.0,7.407407407407407,51.851851851851855,40.74074074074074
1192,0.615,14,0,20,14,10.0,6.7,0.0,0.0,80.0,20.0
1193,0.582,26,0,29,18,10.0,6.33,0.0,0.0,86.20689655172414,13.793103448275861
1194,0.744,18,0,25,18,10.0,7.52,0.0,0.0,88.0,12.0
1195,0.84,16,0,23,18,10.0,8.45,0.0,0.0,78.26086956521739,21.73913043478261
1196,0.674,27,0,34,25,10.0,8.0,0.0,0.0,91.17647058823529,8.823529411764707
1197,0.71,15,0,20,15,10.0,7.5,0.0,0.0,85.0,15.0
1198,0.644,29,0,39,30,10.0,7.9,0.0,0.0,87.17948717948718,12.820512820512821
1199,0.8,22,0,25,19,10.0,8.55,0.0,0.0,60.0,40.0
1200,0.668,21,0,29,20,10.0,7.37,0.0,0.0,100.0,0.0
1201,0.624,22,0,30,21,10.0,6.52,0.0,0.0,96.66666666666667,3.3333333333333335
1202,0.704,30,0,35,27,10.0,7.31,0.0,0.0,94.28571428571429,5.714285714285714
1203,0.765,12,0,17,13,10.0,8.2,0.0,0.0,100.0,0.0
1204,0.776,18,0,30,26,10.0,8.48,0.0,0.0,100.0,0.0
1205,0.796,23,0,33,26,10.0,8.19,0.0,0.0,93.93939393939394,6.0606060606060606
1206,0.74,11,0,19,15,10.0,7.4,0.0,0.0,89.47368421052632,10.526315789473685
1207,0.686,22,0,30,21,10.0,7.48,3.3333333333333335,30.0,56.666666666666664,10.0
1208,0.572,20,0,26,18,10.0,6.5,0.0,19.23076923076923,80.76923076923077,0.0
1209,0.638,21,0,28,20,10.0,6.91,0.0,0.0,100.0,0.0
1210,0.646,22,0,30,21,10.0,6.86,0.0,0.0,100.0,0.0
1211,0.648,22,0,27,18,10.0,7.27,0.0,0.0,100.0,0.0
1212,0.723,24,0,30,21,10.0,7.65,0.0,0.0,50.0,50.0
1213,0.59,21,0,30,22,10.0,6.48,0.0,0.0,100.0,0.0
1214,0.59,19,0,25,17,10.0,6.48,0.0,0.0,100.0,0.0
1215,0.75,13,0,21,17,10.0,8.0,0.0,0.0,71.42857142857143,28.571428571428573
1216,0.672,21,0,27,20,10.0,6.92,0.0,0.0,100.0,0.0
1217,0.7,28,0,30,22,10.0,7.86,0.0,0.0,86.66666666666667,13.333333333333334
1218,0.656,23,0,26,18,10.0,6.84,0.0,0.0,100.0,0.0
1219,0.72,14,0,18,14,10.0,7.2,0.0,0.0,94.44444444444444,5.555555555555555
1220,0.699,21,0,25,16,10.0,7.5,0.0,0.0,64.0,36.0
1221,0.68,28,0,32,25,10.0,7.24,0.0,0.0,100.0,0.0
1222,0.82,26,0,29,24,10.0,8.44,0.0,0.0,79.3103448275862,20.689655172413794
1223,0.624,25,0,31,21,10.0,7.21,0.0,0.0,77.41935483870968,22.580645161290324
1224,0.637,20,0,28,21,10.0,7.33,0.0,0.0,96.42857142857143,3.5714285714285716
1225,0.656,22,0,30,21,10.0,6.92,0.0,3.3333333333333335,96.66666666666667,0.0
1226,0.645,20,0,37,29,10.0,7.7,0.0,0.0,78.37837837837837,21.62162162162162
1227,0.628,30,0,36,24,10.0,7.12,0.0,0.0,75.0,25.0
1228,0.666,21,0,26,17,10.0,7.42,0.0,0.0,65.38461538461539,34.61538461538461
1229,0.78,25,0,33,27,10.0,8.68,3.0303030303030303,0.0,57.57575757575758,39.39393939393939
1230,0.89,13,0,16,13,10.0,9.4,0.0,0.0,50.0,50.0
1231,0.754,22,0,36,31,10.0,7.94,0.0,0.0,94.44444444444444,5.555555555555555
1232,0.72,21,0,27,21,10.0,7.44,0.0,0.0,96.29629629629629,3.7037037037037037
1233,0.73,11,0,21,17,10.0,8.14,0.0,14.285714285714286,71.42857142857143,14.285714285714286
1234,0.688,25,0,32,24,10.0,7.7,0.0,3.125,62.5,34.375
1235,0.717,18,0,25,19,10.0,7.6,0.0,0.0,60.0,40.0
1236,0.69,23,0,27,21,10.0,7.14,0.0,3.7037037037037037,92.5925925925926,3.7037037037037037
1237,0.744,18,0,29,24,10.0,7.44,3.4482758620689653,0.0,75.86206896551724,20.689655172413794
1238,0.644,19,0,28,20,10.0,7.13,0.0,0.0,71.42857142857143,28.571428571428573
1239,0.614,24,0,29,21,10.0,6.74,0.0,0.0,100.0,0.0
1240,0.56,19,0,25,18,10.0,6.1,4.0,0.0,92.0,4.0
1241,0.664,19,0,34,26,10.0,7.52,0.0,0.0,94.11764705882354,5.882352941176471
1242,0.866,27,0,41,36,10.0,9.03,0.0,0.0,73.17073170731707,26.829268292682926
1243,0.644,23,0,31,23,10.0,7.12,0.0,0.0,87.09677419354838,12.903225806451612
1244,0.705,16,0,19,14,10.0,7.25,0.0,5.2631578947368425,89.47368421052632,5.2631578947368425
1245,0.66,29,0,37,27,10.0,7.27,0.0,0.0,94.5945945945946,5.405405405405405
1246,0.607,20,0,32,23,10.0,6.95,0.0,0.0,100.0,0.0
1247,0.765,13,0,17,13,10.0,7.8,0.0,0.0,64.70588235294117,35.294117647058826
1248,0.7,18,0,29,23,10.0,7.71,0.0,3.4482758620689653,58.62068965517241,37.93103448275862
1249,0.74,12,0,18,14,10.0,7.8,0.0,0.0,88.88888888888889,11.11111111111111
1250,0.637,16,0,27,20,10.0,7.08,0.0,11.11111111111111,88.88888888888889,0.0
1251,0.85,14,0,18,14,10.0,8.5,0.0,0.0,72.22222222222223,27.77777777777778
1252,0.574,30,0,31,19,10.0,6.17,0.0,0.0,96.7741935483871,3.225806451612903
1253,0.659,24,0,31,22,10.0,7.34,0.0,0.0,100.0,0.0
1254,0.642,26,0,29,20,10.0,7.82,0.0,3.4482758620689653,82.75862068965517,13.793103448275861
1255,0.7,14,0,27,22,10.0,7.46,0.0,3.7037037037037037,92.5925925925926,3.7037037037037037
1256,0.685,16,0,22,15,10.0,7.18,0.0,4.545454545454546,95.45454545454545,0.0
1257,0.772,19,0,32,28,10.0,8.24,0.0,0.0,84.375,15.625
1258,0.745,19,0,22,17,10.0,7.73,4.545454545454546,0.0,95.45454545454545,0.0
1259,0.65,16,0,19,13,10.0,7.25,0.0,0.0,68.42105263157895,31.57894736842105
1260,0.603,24,0,27,18,10.0,6.82,0.0,0.0,96.29629629629629,3.7037037037037037
1261,0.63,17,0,32,26,10.0,6.89,0.0,0.0,90.625,9.375
1262,0.512,22,0,23,13,10.0,5.89,0.0,0.0,100.0,0.0
1263,0.681,30,0,32,21,10.0,7.55,0.0,0.0,43.75,56.25
1264,0.775,11,0,18,15,10.0,8.75,0.0,0.0,72.22222222222223,27.77777777777778
1265,0.568,25,0,31,20,10.0,6.45,0.0,0.0,96.7741935483871,3.225806451612903
1266,0.665,13,0,16,11,10.0,7.3,0.0,0.0,100.0,0.0
1267,0.572,21,0,30,22,10.0,6.82,0.0,0.0,100.0,0.0
1268,0.57,14,0,18,12,10.0,6.6,0.0,0.0,100.0,0.0
1269,0.68,15,0,19,13,10.0,7.4,0.0,0.0,100.0,0.0
1270,0.714,25,0,39,31,10.0,8.11,0.0,2.5641025641025643,71.7948717948718,25.641025641025642
1271,0.67,21,0,27,18,10.0,7.58,0.0,0.0,66.66666666666667,33.333333333333336
1272,0.664,23,0,33,24,10.0,7.48,0.0,0.0,72.72727272727273,27.272727272727273
1273,0.65,21,0,19,10,10.0,7.05,0.0,0.0,100.0,0.0
1274,0.88,15,0,20,17,10.0,8.8,0.0,0.0,90.0,10.0
1275,0.712,27,0,29,21,10.0,7.84,0.0,0.0,100.0,0.0
1276,0.588,19,0,24,15,10.0,6.74,0.0,0.0,100.0,0.0
1277,0.636,23,0,26,19,10.0,7.82,0.0,0.0,73.07692307692308,26.923076923076923
1278,0.7,14,0,18,14,10.0,7.25,0.0,0.0,100.0,0.0
1279,0.648,22,0,28,20,10.0,7.37,0.0,0.0,96.42857142857143,3.5714285714285716
1280,0.65,24,0,25,17,10.0,7.06,0.0,0.0,76.0,24.0
1281,0.8,15,0,20,15,10.0,8.1,0.0,5.0,50.0,45.0
1282,0.6,19,0,22,15,10.0,6.55,0.0,0.0,100.0,0.0
1283,0.719,16,0,28,22,10.0,7.47,0.0,0.0,75.0,25.0
1284,0.712,21,0,34,28,10.0,7.32,0.0,0.0,97.05882352941177,2.9411764705882355
1285,0.78,12,0,20,16,10.0,8.15,0.0,0.0,70.0,30.0
1286,0.746,19,0,27,21,10.0,8.07,0.0,0.0,59.25925925925926,40.74074074074074
1287,0.615,20,0,29,21,10.0,6.88,0.0,0.0,100.0,0.0
1288,0.66,20,0,23,16,10.0,7.55,0.0,0.0,69.56521739130434,30.434782608695652
1289,0.734,21,0,32,25,10.0,7.8,0.0,0.0,75.0,25.0
1290,0.641,15,0,27,20,10.0,6.83,0.0,0.0,96.29629629629629,3.7037037037037037
1291,0.633,22,0,29,19,10.0,7.11,0.0,0.0,96.55172413793103,3.4482758620689653
1292,0.82,12,0,19,16,10.0,8.85,0.0,0.0,84.21052631578948,15.789473684210526
1293,0.632,19,0,25,17,10.0,6.74,0.0,0.0,100.0,0.0
1294,0.625,21,0,23,15,10.0,6.94,0.0,0.0,100.0,0.0
1295,0.688,22,0,31,22,10.0,7.44,0.0,0.0,100.0,0.0
1296,0.59,19,0,28,20,10.0,6.74,0.0,0.0,100.0,0.0
1297,0.64,14,0,23,17,10.0,6.8,0.0,0.0,100.0,0.0
1298,0.82,15,0,23,20,10.0,8.2,0.0,0.0,86.95652173913044,13.043478260869565
1299,0.68,15,0,26,20,10.0,7.28,0.0,0.0,84.61538461538461,15.384615384615385
1300,0.676,23,0,35,27,10.0,6.93,0.0,0.0,80.0,20.0
1301,0.739,23,0,28,21,10.0,7.49,0.0,0.0,67.85714285714286,32.142857142857146
1302,0.7,26,0,32,24,10.0,7.62,0.0,0.0,84.375,15.625
1303,0.79,16,0,22,17,10.0,8.9,4.545454545454546,0.0,59.09090909090909,36.36363636363637
1304,0.609,19,0,26,19,10.0,7.0,0.0,0.0,100.0,0.0
1305,0.84,12,0,22,19,10.0,8.75,0.0,0.0,63.63636363636363,36.36363636363637
1306,0.704,13,0,29,24,10.0,7.24,0.0,3.4482758620689653,96.55172413793103,0.0
1307,0.775,17,0,27,23,10.0,8.42,0.0,0.0,85.18518518518519,14.814814814814815
1308,0.676,21,0,29,24,10.0,7.15,0.0,3.4482758620689653,79.3103448275862,17.24137931034483
1309,0.53,16,0,16,9,10.0,5.5,0.0,0.0,100.0,0.0
1310,0.62,20,0,30,23,10.0,6.6,0.0,0.0,100.0,0.0
1311,0.72,17,0,23,17,10.0,7.74,0.0,0.0,86.95652173913044,13.043478260869565
1312,0.725,20,0,29,23,10.0,7.58,0.0,0.0,72.41379310344827,27.586206896551722
1313,0.745,13,0,19,14,10.0,7.65,0.0,0.0,100.0,0.0
1314,0.825,14,0,16,12,10.0,8.25,6.25,0.0,56.25,37.5
1315,0.675,16,0,25,19,10.0,7.3,4.0,0.0,68.0,28.0
1316,0.824,20,0,25,20,10.0,8.85,0.0,0.0,68.0,32.0
1317,0.68,25,0,33,24,10.0,7.61,0.0,0.0,96.96969696969697,3.0303030303030303
1318,0.696,19,0,22,15,10.0,7.32,0.0,0.0,100.0,0.0
1319,0.697,16,0,29,23,10.0,7.57,0.0,0.0,93.10344827586206,6.896551724137931
1320,0.739,23,0,27,19,10.0,8.04,0.0,0.0,77.77777777777777,22.22222222222222
1321,0.754,23,0,28,23,10.0,8.14,0.0,0.0,64.28571428571429,35.714285714285715
1322,0.641,34,0,42,30,10.0,7.17,0.0,0.0,100.0,0.0
1323,0.704,23,0,25,17,10.0,7.76,0.0,0.0,64.0,36.0
1324,0.698,22,0,32,25,10.0,7.49,0.0,0.0,90.625,9.375
1325,0.774,22,0,38,32,10.0,8.62,0.0,0.0,73.6842105263158,26.31578947368421
1326,0.756,15,0,25,21,10.0,7.82,0.0,0.0,96.0,4.0
1327,0.755,13,0,21,16,10.0,8.0,0.0,0.0,100.0,0.0
1328,0.634,19,0,27,20,10.0,6.83,0.0,0.0,100.0,0.0
1329,0.8,8,0,15,12,10.0,8.4,0.0,0.0,73.33333333333333,26.666666666666668
1330,0.66,17,0,27,20,10.0,7.02,0.0,3.7037037037037037,92.5925925925926,3.7037037037037037
1331,0.616,21,0,28,19,10.0,7.09,0.0,3.5714285714285716,96.42857142857143,0.0
1332,0.696,17,0,29,22,10.0,7.38,0.0,0.0,100.0,0.0
1333,0.644,24,0,28,20,10.0,7.07,0.0,0.0,92.85714285714286,7.142857142857143
1334,0.54,20,0,23,14,10.0,5.4,0.0,0.0,100.0,0.0
1335,0.645,16,0,20,14,10.0,7.4,0.0,0.0,100.0,0.0
1336,0.698,19,0,31,24,10.0,7.54,0.0,0.0,100.0,0.0
1337,0.74,27,0,27,18,10.0,7.66,0.0,0.0,66.66666666666667,33.333333333333336
1338,0.82,11,0,20,17,10.0,8.5,0.0,0.0,100.0,0.0
1339,0.727,23,0,29,21,10.0,7.77,0.0,13.793103448275861,51.724137931034484,34.48275862068966
1340,0.561,26,0,28,17,10.0,6.12,0.0,0.0,100.0,0.0
1341,0.736,18,0,23,17,10.0,7.82,0.0,0.0,52.17391304347826,47.82608695652174
1342,0.64,22,0,30,22,10.0,6.96,0.0,0.0,63.333333333333336,36.666666666666664
1343,0.728,29,0,34,27,10.0,7.79,0.0,0.0,97.05882352941177,2.9411764705882355
1344,0.689,30,0,30,20,10.0,7.49,0.0,0.0,46.666666666666664,53.333333333333336
1345,0.736,24,0,30,23,10.0,8.02,3.3333333333333335,0.0,96.66666666666667,0.0
1346,0.745,14,0,19,15,10.0,8.1,0.0,0.0,100.0,0.0
1347,0.74,15,0,21,16,10.0,7.9,0.0,0.0,100.0,0.0
1348,0.68,15,0,29,24,10.0,7.21,0.0,0.0,96.55172413793103,3.4482758620689653
1349,0.875,7,0,11,9,10.0,8.75,0.0,0.0,100.0,0.0
1350,0.637,23,0,26,17,10.0,6.92,0.0,0.0,57.69230769230769,42.30769230769231
1351,0.576,21,0,26,17,10.0,6.08,0.0,0.0,100.0,0.0
1352,0.73,22,0,28,21,10.0,8.1,0.0,0.0,57.142857142857146,42.857142857142854
1353,0.726,16,0,21,15,10.0,7.86,0.0,0.0,90.47619047619048,9.523809523809524
1354,0.676,35,0,38,26,10.0,8.0,0.0,0.0,63.1578947368421,36.8421052631579
1355,0.674,25,0,28,19,10.0,7.61,0.0,0.0,100.0,0.0
1356,0.709,22,0,30,24,10.0,8.05,0.0,0.0,90.0,10.0
1357,0.652,18,0,23,16,10.0,6.92,4.3478260869565215,0.0,95.65217391304348,0.0
1358,0.61,21,0,26,18,10.0,6.64,0.0,0.0,73.07692307692308,26.923076923076923
1359,0.8,22,0,32,26,10.0,8.36,0.0,3.125,81.25,15.625
1360,0.68,32,0,36,24,10.0,7.18,0.0,0.0,91.66666666666667,8.333333333333334
1361,0.748,25,0,28,20,10.0,8.57,0.0,0.0,75.0,25.0
1362,0.616,25,0,35,25,10.0,6.92,0.0,0.0,97.14285714285714,2.857142857142857
1363,0.644,21,0,28,20,10.0,7.01,0.0,0.0,100.0,0.0
1364,0.7,15,0,26,20,10.0,7.66,0.0,0.0,100.0,0.0
1365,0.662,20,0,26,17,10.0,7.35,0.0,0.0,100.0,0.0
1366,0.534,23,0,26,16,10.0,6.08,0.0,0.0,65.38461538461539,34.61538461538461
1367,0.665,22,0,30,23,10.0,7.2,0.0,0.0,100.0,0.0
1368,0.86,12,0,19,16,10.0,9.0,0.0,0.0,78.94736842105263,21.05263157894737
1369,0.748,18,0,25,19,10.0,8.04,0.0,0.0,80.0,20.0
1370,0.635,20,0,29,21,10.0,7.69,0.0,0.0,79.3103448275862,20.689655172413794
1371,0.704,29,0,31,21,10.0,8.37,0.0,3.225806451612903,70.96774193548387,25.806451612903224
1372,0.62,20,0,27,18,10.0,6.52,0.0,0.0,85.18518518518519,14.814814814814815
1373,0.579,23,0,30,20,10.0,6.88,0.0,0.0,96.66666666666667,3.3333333333333335
1374,0.828,18,0,29,24,10.0,9.6,0.0,0.0,89.65517241379311,10.344827586206897
1375,0.708,20,0,26,18,10.0,7.6,0.0,0.0,96.15384615384616,3.8461538461538463
1376,0.715,22,0,29,22,10.0,7.6,0.0,0.0,62.06896551724138,37.93103448275862
1377,0.68,16,0,21,15,10.0,7.6,0.0,0.0,100.0,0.0
1378,0.724,26,0,35,27,10.0,7.66,0.0,0.0,77.14285714285714,22.857142857142858
1379,0.65,17,0,26,21,10.0,6.7,0.0,0.0,92.3076923076923,7.6923076923076925
1380,0.67,25,0,28,19,10.0,7.28,0.0,0.0,71.42857142857143,28.571428571428573
1381,0.748,24,0,29,21,10.0,8.03,0.0,3.4482758620689653,65.51724137931035,31.03448275862069
1382,0.65,35,0,37,24,10.0,7.43,0.0,0.0,97.29729729729729,2.7027027027027026
1383,0.728,28,0,35,25,10.0,7.83,0.0,2.857142857142857,57.142857142857146,40.0
1384,0.73,19,0,24,18,10.0,7.75,0.0,0.0,58.333333333333336,41.666666666666664
1385,0.656,21,0,27,20,10.0,6.98,0.0,0.0,100.0,0.0
1386,0.706,24,0,31,24,10.0,7.59,0.0,0.0,64.51612903225806,35.483870967741936
1387,0.825,14,0,17,14,10.0,8.3,0.0,0.0,100.0,0.0
1388,0.796,23,0,30,24,10.0,8.2,0.0,0.0,60.0,40.0
1389,0.638,27,0,29,18,10.0,6.9,0.0,0.0,55.172413793103445,44.827586206896555
1390,0.69,14,0,23,18,10.0,7.14,0.0,0.0,100.0,0.0
1391,0.69,17,0,22,17,10.0,7.15,0.0,4.545454545454546,72.72727272727273,22.727272727272727
1392,0.748,21,0,28,20,10.0,8.18,0.0,0.0,60.714285714285715,39.285714285714285
1393,0.78,18,0,31,26,10.0,8.17,0.0,3.225806451612903,67.74193548387096,29.032258064516128
1394,0.794,19,0,34,29,10.0,8.54,0.0,0.0,100.0,0.0
1395,0.766,25,0,28,22,10.0,8.31,0.0,0.0,78.57142857142857,21.428571428571427
1396,0.632,27,0,28,19,10.0,7.09,3.5714285714285716,3.5714285714285716,89.28571428571429,3.5714285714285716
1397,0.64,24,0,28,19,10.0,7.14,0.0,0.0,100.0,0.0
1398,0.73,16,0,23,17,10.0,7.93,0.0,0.0,69.56521739130434,30.434782608695652
1399,0.72,22,0,33,26,10.0,7.91,0.0,0.0,60.60606060606061,39.39393939393939
1400,0.659,18,0,26,19,10.0,7.21,0.0,0.0,84.61538461538461,15.384615384615385
1401,0.715,15,0,25,21,10.0,7.24,0.0,0.0,100.0,0.0
1402,0.659,19,0,28,21,10.0,6.92,0.0,0.0,67.85714285714286,32.142857142857146
1403,0.752,23,0,25,19,10.0,7.52,4.0,0.0,76.0,20.0
1404,0.585,24,0,30,19,10.0,6.37,0.0,0.0,100.0,0.0
1405,0.757,20,0,33,27,10.0,7.89,0.0,0.0,100.0,0.0
1406,0.742,23,0,28,21,10.0,7.97,0.0,0.0,57.142857142857146,42.857142857142854
1407,0.756,22,0,40,33,10.0,8.1,0.0,0.0,100.0,0.0
1408,0.82,13,0,22,19,10.0,8.6,0.0,0.0,100.0,0.0
1409,0.651,24,0,32,24,10.0,7.05,0.0,0.0,53.125,46.875
1410,0.644,27,0,41,31,10.0,7.13,0.0,0.0,97.5609756097561,2.4390243902439024
1411,0.61,21,0,29,20,10.0,7.0,0.0,0.0,75.86206896551724,24.137931034482758
1412,0.74,12,0,24,20,10.0,7.92,0.0,0.0,95.83333333333333,4.166666666666667
1413,0.76,26,0,43,37,10.0,8.06,0.0,0.0,100.0,0.0
1414,0.674,20,0,25,18,10.0,7.73,0.0,0.0,96.0,4.0
1415,0.747,20,0,28,21,10.0,7.83,0.0,0.0,85.71428571428571,14.285714285714286
1416,0.584,21,0,33,24,10.0,7.02,0.0,3.0303030303030303,87.87878787878788,9.090909090909092
1417,0.688,14,0,29,23,10.0,7.16,0.0,0.0,100.0,0.0
1418,0.668,27,0,30,22,10.0,7.3,0.0,0.0,96.66666666666667,3.3333333333333335
1419,0.748,18,0,26,20,10.0,7.81,0.0,0.0,69.23076923076923,30.76923076923077
1420,0.766,23,0,27,21,10.0,8.04,0.0,0.0,66.66666666666667,33.333333333333336
1421,0.715,18,0,27,20,10.0,8.37,3.7037037037037037,0.0,66.66666666666667,29.62962962962963
1422,0.629,29,0,30,18,10.0,6.87,0.0,0.0,100.0,0.0
1423,0.662,17,0,30,23,10.0,7.33,0.0,0.0,70.0,30.0
1424,0.752,21,0,29,23,10.0,8.14,0.0,0.0,86.20689655172414,13.793103448275861
1425,0.65,17,0,18,11,10.0,6.7,0.0,0.0,55.55555555555556,44.44444444444444
1426,0.675,18,0,22,16,10.0,7.08,0.0,0.0,95.45454545454545,4.545454545454546
1427,0.64,20,0,26,18,10.0,6.5,0.0,0.0,100.0,0.0
1428,0.74,12,0,19,15,10.0,7.75,0.0,0.0,100.0,0.0
1429,0.648,28,0,36,24,10.0,7.03,0.0,0.0,86.11111111111111,13.88888888888889
1430,0.64,20,0,29,23,10.0,7.47,0.0,0.0,75.86206896551724,24.137931034482758
1431,0.646,17,0,29,22,10.0,6.89,0.0,0.0,100.0,0.0
1432,0.714,26,0,35,26,10.0,7.88,0.0,2.857142857142857,82.85714285714286,14.285714285714286
1433,0.796,26,0,31,25,10.0,8.64,0.0,0.0,77.41935483870968,22.580645161290324
1434,0.66,15,0,16,10,10.0,6.85,0.0,0.0,75.0,25.0
1435,0.621,16,0,27,20,10.0,6.49,0.0,0.0,96.29629629629629,3.7037037037037037
1436,0.694,19,0,27,21,10.0,7.34,0.0,0.0,96.29629629629629,3.7037037037037037
1437,0.64,19,0,26,19,10.0,6.69,0.0,15.384615384615385,80.76923076923077,3.8461538461538463
1438,0.62,23,0,28,20,10.0,6.69,0.0,0.0,100.0,0.0
1439,0.77,29,0,30,22,10.0,8.3,0.0,0.0,93.33333333333333,6.666666666666667
1440,0.745,13,0,21,16,10.0,8.1,0.0,0.0,90.47619047619048,9.523809523809524
1441,0.685,13,0,25,20,10.0,7.59,0.0,0.0,92.0,8.0
1442,0.695,18,0,19,13,10.0,7.4,0.0,0.0,100.0,0.0
1443,0.62,20,0,26,18,10.0,6.6,0.0,0.0,100.0,0.0
1444,0.756,17,0,24,18,10.0,8.09,0.0,0.0,62.5,37.5
1445,0.776,23,0,32,25,10.0,8.16,0.0,0.0,68.75,31.25
1446,0.724,22,0,28,21,10.0,7.92,0.0,0.0,67.85714285714286,32.142857142857146
1447,0.69,18,0,23,16,10.0,7.1,0.0,21.73913043478261,78.26086956521739,0.0
1448,0.736,18,0,32,26,10.0,7.74,3.125,0.0,75.0,21.875
1449,0.776,22,0,29,23,10.0,7.76,0.0,0.0,65.51724137931035,34.48275862068966
1450,0.792,14,0,22,18,10.0,8.26,0.0,0.0,90.9090909090909,9.090909090909092
1451,0.72,19,0,26,20,10.0,8.08,0.0,0.0,57.69230769230769,42.30769230769231
1452,0.764,19,0,29,24,10.0,8.44,0.0,0.0,79.3103448275862,20.689655172413794
1453,0.661,18,0,25,17,10.0,7.42,0.0,4.0,96.0,0.0
1454,0.664,24,0,34,26,10.0,7.66,0.0,2.9411764705882355,64.70588235294117,32.35294117647059
1455,0.6,11,0,19,14,10.0,6.2,0.0,0.0,100.0,0.0
1456,0.712,16,0,24,18,10.0,7.45,0.0,20.833333333333332,58.333333333333336,20.833333333333332
1457,0.772,23,0,35,29,10.0,8.58,2.857142857142857,0.0,77.14285714285714,20.0
1458,0.672,27,0,33,23,10.0,7.24,0.0,0.0,54.54545454545455,45.45454545454545
1459,0.672,20,0,24,17,10.0,7.3,0.0,0.0,95.83333333333333,4.166666666666667
1460,0.728,25,0,31,22,10.0,7.7,3.225806451612903,0.0,77.41935483870968,19.35483870967742
1461,0.775,13,0,19,14,10.0,8.5,0.0,0.0,73.6842105263158,26.31578947368421
1462,0.768,19,0,28,23,10.0,8.24,0.0,0.0,85.71428571428571,14.285714285714286
1463,0.668,24,0,30,22,10.0,7.51,0.0,0.0,60.0,40.0
1464,0.755,21,0,26,21,10.0,7.8,0.0,0.0,96.15384615384616,3.8461538461538463
1465,0.768,22,0,37,31,10.0,8.05,0.0,2.7027027027027026,94.5945945945946,2.7027027027027026
1466,0.642,17,0,26,18,10.0,7.38,0.0,0.0,65.38461538461539,34.61538461538461
1467,0.76,12,0,18,14,10.0,8.1,0.0,0.0,61.111111111111114,38.888888888888886
1468,0.652,17,0,25,19,10.0,7.18,4.0,0.0,96.0,0.0
1469,0.612,19,0,25,18,10.0,7.34,0.0,0.0,80.0,20.0
1470,0.607,30,0,33,21,10.0,6.74,0.0,0.0,96.96969696969697,3.0303030303030303
1471,0.696,19,0,24,18,10.0,7.46,0.0,0.0,54.166666666666664,45.833333333333336
1472,0.9,10,0,19,17,10.0,9.0,0.0,0.0,89.47368421052632,10.526315789473685
1473,0.619,26,0,32,22,10.0,7.01,0.0,0.0,62.5,37.5
1474,0.71,19,0,28,22,10.0,8.03,0.0,0.0,71.42857142857143,28.571428571428573
1475,0.571,22,0,26,16,10.0,6.62,0.0,0.0,100.0,0.0
1476,0.804,23,0,29,23,10.0,8.16,0.0,0.0,79.3103448275862,20.689655172413794
1477,0.68,13,0,19,14,10.0,7.0,0.0,0.0,100.0,0.0
1478,0.662,24,0,36,29,10.0,7.12,0.0,0.0,100.0,0.0
1479,0.6,16,0,21,14,10.0,6.47,4.761904761904762,0.0,95.23809523809524,0.0
1480,0.75,15,0,21,16,10.0,7.5,0.0,28.571428571428573,66.66666666666667,4.761904761904762
1481,0.638,19,0,25,16,10.0,6.52,0.0,0.0,96.0,4.0
1482,0.705,16,0,22,17,10.0,7.35,0.0,0.0,90.9090909090909,9.090909090909092
1483,0.784,28,0,30,23,10.0,8.44,3.3333333333333335,0.0,96.66666666666667,0.0
1484,0.641,25,0,29,20,10.0,7.52,0.0,0.0,62.06896551724138,37.93103448275862
1485,0.8,10,0,19,16,10.0,8.05,0.0,0.0,73.6842105263158,26.31578947368421
1486,0.7,15,0,19,13,10.0,7.35,0.0,0.0,78.94736842105263,21.05263157894737
1487,0.606,20,0,29,20,10.0,6.56,0.0,0.0,100.0,0.0
1488,0.69,30,0,37,26,10.0,7.3,0.0,0.0,64.86486486486487,35.13513513513514
1489,0.774,25,0,36,28,10.0,8.59,0.0,0.0,69.44444444444444,30.555555555555557
1490,0.729,20,0,27,20,10.0,7.74,0.0,0.0,96.29629629629629,3.7037037037037037
1491,0.743,24,0,32,25,10.0,8.04,0.0,0.0,65.625,34.375
1492,0.567,16,0,26,19,10.0,6.16,0.0,0.0,100.0,0.0
1493,0.684,28,0,44,32,10.0,7.86,0.0,0.0,93.18181818181819,6.818181818181818
1494,0.604,28,0,35,25,10.0,6.93,0.0,0.0,60.0,40.0
1495,0.71,22,0,29,22,10.0,7.35,3.4482758620689653,3.4482758620689653,79.3103448275862,13.793103448275861
1496,0.704,17,0,22,15,10.0,7.5,0.0,4.545454545454546,95.45454545454545,0.0
1497,0.56,17,0,23,15,10.0,5.72,0.0,0.0,100.0,0.0
1498,0.755,11,0,19,15,10.0,8.15,0.0,0.0,84.21052631578948,15.789473684210526
1499,0.725,20,0,32,26,10.0,7.65,0.0,0.0,65.625,34.375
1500,0.7,19,0,27,22,10.0,7.52,0.0,0.0,77.77777777777777,22.22222222222222
1501,0.61,24,0,27,16,10.0,6.79,0.0,0.0,100.0,0.0
1502,0.676,24,0,31,24,10.0,7.76,0.0,0.0,61.29032258064516,38.70967741935484
1503,0.742,16,0,26,20,10.0,7.81,0.0,0.0,100.0,0.0
1504,0.69,19,0,29,22,10.0,7.48,0.0,0.0,75.86206896551724,24.137931034482758
1505,0.875,20,0,26,22,10.0,9.37,0.0,0.0,73.07692307692308,26.923076923076923
1506,0.636,26,0,32,22,10.0,6.76,0.0,0.0,100.0,0.0
1507,0.641,20,0,28,20,10.0,6.98,0.0,0.0,100.0,0.0
1508,0.614,20,0,31,23,10.0,6.93,0.0,0.0,74.19354838709677,25.806451612903224
1509,0.7,14,0,19,14,10.0,7.7,0.0,0.0,78.94736842105263,21.05263157894737
1510,0.644,22,0,28,20,10.0,7.59,3.5714285714285716,0.0,96.42857142857143,0.0
1511,0.672,17,0,22,15,10.0,6.89,0.0,0.0,81.81818181818181,18.181818181818183
1512,0.678,19,0,28,22,10.0,7.47,0.0,0.0,100.0,0.0
1513,0.628,22,0,26,18,10.0,7.48,0.0,3.8461538461538463,88.46153846153847,7.6923076923076925
1514,0.644,27,0,30,21,10.0,7.64,0.0,0.0,83.33333333333333,16.666666666666668
1515,0.6,16,0,24,18,10.0,6.21,0.0,0.0,91.66666666666667,8.333333333333334
1516,0.584,31,0,32,19,10.0,6.5,3.125,15.625,81.25,0.0
1517,0.697,27,0,33,25,10.0,8.06,0.0,6.0606060606060606,66.66666666666667,27.272727272727273
1518,0.584,27,0,34,23,10.0,6.14,0.0,0.0,100.0,0.0
1519,0.6,12,0,17,12,10.0,6.1,0.0,0.0,100.0,0.0
1520,0.604,17,0,22,14,10.0,6.28,0.0,0.0,95.45454545454545,4.545454545454546
1521,0.715,14,0,18,13,10.0,7.6,0.0,0.0,100.0,0.0
1522,0.735,15,0,20,15,9.0,7.63,0.0,0.0,75.0,25.0
1523,0.648,18,0,26,18,10.0,7.03,0.0,0.0,73.07692307692308,26.923076923076923
1524,0.648,20,0,33,27,10.0,6.96,0.0,12.121212121212121,87.87878787878788,0.0
1525,0.875,10,0,18,16,10.0,8.75,0.0,5.555555555555555,83.33333333333333,11.11111111111111
1526,0.8,11,0,17,14,10.0,8.35,0.0,0.0,64.70588235294117,35.294117647058826
1527,0.75,14,0,18,14,10.0,7.65,0.0,0.0,94.44444444444444,5.555555555555555
1528,0.725,16,0,27,23,10.0,7.79,0.0,0.0,100.0,0.0
1529,0.775,14,0,20,16,10.0,8.5,0.0,0.0,75.0,25.0
1530,0.622,20,0,27,20,10.0,6.65,0.0,0.0,100.0,0.0
1531,0.688,23,0,28,20,10.0,7.8,0.0,0.0,57.142857142857146,42.857142857142854
1532,0.769,23,0,28,22,10.0,8.17,0.0,0.0,78.57142857142857,21.428571428571427
1533,0.665,16,0,26,19,10.0,7.7,0.0,0.0,100.0,0.0
1534,0.712,17,0,27,20,10.0,7.57,0.0,0.0,70.37037037037037,29.62962962962963
1535,0.66,15,0,28,22,10.0,6.86,0.0,0.0,96.42857142857143,3.5714285714285716
1536,0.66,19,0,26,19,10.0,7.15,3.8461538461538463,3.8461538461538463,73.07692307692308,19.23076923076923
1537,0.668,20,0,34,26,10.0,7.74,0.0,0.0,94.11764705882354,5.882352941176471
1538,0.642,19,0,25,18,10.0,6.95,0.0,0.0,76.0,24.0
1539,0.645,17,0,19,13,10.0,6.8,0.0,0.0,89.47368421052632,10.526315789473685
1540,0.603,25,0,29,20,10.0,6.63,0.0,0.0,96.55172413793103,3.4482758620689653
1541,0.795,14,0,20,16,10.0,8.6,0.0,0.0,95.0,5.0
1542,0.547,23,0,29,19,10.0,5.78,0.0,0.0,96.55172413793103,3.4482758620689653
1543,0.68,21,0,31,23,10.0,7.51,0.0,0.0,83.87096774193549,16.129032258064516
1544,0.611,28,0,30,19,10.0,6.83,0.0,0.0,53.333333333333336,46.666666666666664
1545,0.642,22,0,24,15,10.0,6.82,0.0,25.0,62.5,12.5
1546,0.774,24,0,31,25,10.0,8.3,0.0,3.225806451612903,67.74193548387096,29.032258064516128
1547,0.668,20,0,30,22,10.0,7.55,0.0,0.0,70.0,30.0
1548,0.733,26,0,33,26,10.0,8.68,0.0,0.0,54.54545454545455,45.45454545454545
1549,0.705,13,0,18,13,10.0,7.55,0.0,0.0,100.0,0.0
1550,0.58,13,0,19,13,10.0,6.2,0.0,0.0,100.0,0.0
1551,0.693,25,0,33,26,10.0,7.73,0.0,0.0,51.515151515151516,48.484848484848484
1552,0.687,21,0,31,24,10.0,8.24,0.0,0.0,96.7741935483871,3.225806451612903
1553,0.642,19,0,27,20,10.0,7.22,0.0,0.0,100.0,0.0
1554,0.737,17,0,24,18,10.0,7.59,0.0,0.0,100.0,0.0
1555,0.595,17,0,22,14,10.0,6.43,0.0,0.0,81.81818181818181,18.181818181818183
1556,0.515,25,0,28,16,10.0,5.7,0.0,0.0,100.0,0.0
1557,0.73,32,0,41,31,10.0,7.95,0.0,0.0,73.17073170731707,26.829268292682926
1558,0.718,20,0,26,20,10.0,7.64,0.0,0.0,92.3076923076923,7.6923076923076925
1559,0.597,25,0,27,17,10.0,6.54,0.0,0.0,100.0,0.0
1560,0.78,18,0,36,31,10.0,8.2,0.0,0.0,97.22222222222223,2.7777777777777777
1561,0.62,18,0,22,14,10.0,6.89,0.0,0.0,100.0,0.0
1562,0.62,20,0,31,24,10.0,6.52,0.0,0.0,100.0,0.0
1563,0.776,20,0,31,25,10.0,8.24,0.0,0.0,100.0,0.0
1564,0.656,18,0,29,22,10.0,6.8,0.0,0.0,89.65517241379311,10.344827586206897
1565,0.865,12,0,21,17,10.0,9.2,0.0,0.0,66.66666666666667,33.333333333333336
1566,0.644,20,0,23,15,10.0,6.54,0.0,0.0,100.0,0.0
1567,0.688,20,0,32,26,10.0,7.56,0.0,0.0,96.875,3.125
1568,0.765,21,0,27,22,10.0,8.27,0.0,0.0,74.07407407407408,25.925925925925927
1569,0.669,37,0,39,26,10.0,6.95,0.0,0.0,97.43589743589743,2.5641025641025643
1570,0.748,16,0,22,17,10.0,8.22,0.0,0.0,72.72727272727273,27.272727272727273
1571,0.737,21,0,27,20,10.0,8.2,0.0,0.0,92.5925925925926,7.407407407407407
1572,0.776,17,0,21,14,10.0,8.12,0.0,0.0,100.0,0.0
1573,0.784,21,0,26,21,10.0,8.17,0.0,0.0,92.3076923076923,7.6923076923076925
1574,0.648,22,0,30,22,10.0,6.68,0.0,0.0,100.0,0.0
1575,0.683,19,0,32,26,10.0,7.47,0.0,0.0,84.375,15.625
1576,0.788,28,0,32,25,10.0,8.66,0.0,0.0,56.25,43.75
1577,0.723,25,0,29,20,10.0,7.95,3.4482758620689653,0.0,48.275862068965516,48.275862068965516
1578,0.751,20,0,23,16,10.0,7.82,0.0,0.0,52.17391304347826,47.82608695652174
1579,0.656,23,0,29,21,10.0,7.2,0.0,0.0,72.41379310344827,27.586206896551722
1580,0.704,16,0,31,25,10.0,7.54,0.0,0.0,87.09677419354838,12.903225806451612
1581,0.624,19,0,32,25,10.0,6.88,0.0,0.0,90.625,9.375
1582,0.68,23,0,32,25,10.0,7.12,3.125,0.0,62.5,34.375
1583,0.6,18,0,27,19,10.0,6.33,0.0,0.0,100.0,0.0
1584,0.72,23,0,28,21,10.0,7.62,0.0,0.0,89.28571428571429,10.714285714285714
1585,0.634,26,0,31,20,10.0,7.04,0.0,3.225806451612903,93.54838709677419,3.225806451612903
1586,0.724,25,0,29,22,10.0,7.58,0.0,0.0,82.75862068965517,17.24137931034483
1587,0.875,12,0,21,18,10.0,8.9,0.0,0.0,90.47619047619048,9.523809523809524
1588,0.798,23,0,36,30,10.0,8.42,0.0,0.0,80.55555555555556,19.444444444444443
1589,0.668,21,0,30,23,10.0,6.68,0.0,0.0,93.33333333333333,6.666666666666667
1590,0.756,19,0,28,22,10.0,7.83,0.0,0.0,78.57142857142857,21.428571428571427
1591,0.59,11,0,15,10,10.0,6.1,6.666666666666667,0.0,93.33333333333333,0.0
1592,0.52,21,0,20,11,10.0,5.56,0.0,0.0,100.0,0.0
1593,0.596,24,0,33,23,10.0,6.52,0.0,0.0,66.66666666666667,33.333333333333336
1594,0.77,13,0,17,12,10.0,7.9,0.0,29.41176470588235,64.70588235294117,5.882352941176471
1595,0.688,23,0,31,23,10.0,7.16,0.0,0.0,100.0,0.0
1596,0.63,17,0,19,13,10.0,6.9,0.0,0.0,89.47368421052632,10.526315789473685
1597,0.743,19,0,24,18,10.0,8.23,0.0,0.0,62.5,37.5
1598,0.676,22,0,33,24,10.0,7.48,0.0,0.0,100.0,0.0
1599,0.71,18,0,27,20,10.0,7.76,0.0,0.0,100.0,0.0
1600,0.734,20,0,26,19,10.0,7.9,3.8461538461538463,7.6923076923076925,73.07692307692308,15.384615384615385
1601,0.71,14,0,25,20,10.0,7.14,0.0,0.0,84.0,16.0
1602,0.72,23,0,30,23,10.0,8.0,0.0,0.0,56.666666666666664,43.333333333333336
1603,0.706,24,0,27,19,10.0,7.18,0.0,0.0,96.29629629629629,3.7037037037037037
1604,0.775,17,0,23,18,10.0,8.28,0.0,0.0,100.0,0.0
1605,0.654,19,0,28,21,10.0,7.05,0.0,0.0,100.0,0.0
1606,0.668,18,0,25,18,10.0,7.03,0.0,0.0,100.0,0.0
1607,0.695,17,0,24,18,10.0,7.83,0.0,0.0,83.33333333333333,16.666666666666668
1608,0.67,13,0,18,13,10.0,7.45,0.0,0.0,77.77777777777777,22.22222222222222
1609,0.704,21,0,28,21,10.0,7.28,3.5714285714285716,0.0,57.142857142857146,39.285714285714285
1610,0.64,15,0,22,15,10.0,6.64,0.0,0.0,100.0,0.0
1611,0.64,20,0,29,21,10.0,6.76,0.0,0.0,100.0,0.0
1612,0.65,11,0,19,14,10.0,7.05,0.0,0.0,100.0,0.0
1613,0.74,17,0,22,17,10.0,8.08,0.0,0.0,90.9090909090909,9.090909090909092
1614,0.752,17,0,18,12,10.0,8.02,0.0,0.0,61.111111111111114,38.888888888888886
1615,0.618,24,0,29,19,10.0,6.44,0.0,3.4482758620689653,93.10344827586206,3.4482758620689653
1616,0.708,19,0,28,22,10.0,7.71,0.0,0.0,100.0,0.0
1617,0.728,28,0,31,22,10.0,7.86,0.0,3.225806451612903,58.064516129032256,38.70967741935484
1618,0.725,13,0,21,17,10.0,7.5,0.0,0.0,100.0,0.0
1619,0.748,30,0,35,25,10.0,8.42,0.0,0.0,57.142857142857146,42.857142857142854
1620,0.634,25,0,29,21,10.0,6.77,0.0,0.0,100.0,0.0
1621,0.697,20,0,26,18,10.0,7.42,0.0,0.0,100.0,0.0
1622,0.724,24,0,33,26,10.0,7.92,0.0,0.0,84.84848484848484,15.151515151515152
1623,0.625,15,0,22,16,10.0,6.84,0.0,0.0,95.45454545454545,4.545454545454546
1624,0.84,12,0,21,18,10.0,8.6,4.761904761904762,0.0,90.47619047619048,4.761904761904762
1625,0.664,21,0,27,20,10.0,7.4,0.0,0.0,100.0,0.0
1626,0.722,23,0,35,28,10.0,7.72,0.0,0.0,65.71428571428571,34.285714285714285
1627,0.764,21,0,25,19,10.0,8.36,0.0,0.0,64.0,36.0
1628,0.675,31,0,38,25,10.0,7.27,0.0,0.0,63.1578947368421,36.8421052631579
1629,0.764,19,0,28,21,10.0,8.06,0.0,0.0,82.14285714285714,17.857142857142858
1630,0.768,23,0,31,25,10.0,8.64,0.0,22.580645161290324,64.51612903225806,12.903225806451612
1631,0.724,32,0,38,29,10.0,7.82,2.6315789473684212,0.0,65.78947368421052,31.57894736842105
1632,0.644,16,0,31,24,10.0,7.37,0.0,0.0,96.7741935483871,3.225806451612903
1633,0.692,21,0,30,23,10.0,7.72,0.0,0.0,63.333333333333336,36.666666666666664
1634,0.86,11,0,21,18,10.0,9.05,0.0,0.0,71.42857142857143,28.571428571428573
1635,0.655,27,0,29,19,10.0,7.45,0.0,0.0,72.41379310344827,27.586206896551722
1636,0.658,30,0,37,27,10.0,7.78,0.0,0.0,100.0,0.0
1637,0.646,23,0,29,20,10.0,6.94,0.0,0.0,68.96551724137932,31.03448275862069
1638,0.624,17,0,27,20,10.0,7.17,3.7037037037037037,0.0,77.77777777777777,18.51851851851852
1639,0.625,22,0,26,17,10.0,6.52,0.0,0.0,100.0,0.0
1640,0.602,26,0,32,21,10.0,6.6,0.0,3.125,96.875,0.0
1641,0.683,17,0,30,24,10.0,7.82,3.3333333333333335,3.3333333333333335,83.33333333333333,10.0
1642,0.706,31,0,36,26,10.0,7.84,0.0,0.0,47.22222222222222,52.77777777777778
1643,0.705,18,0,28,22,10.0,7.59,0.0,0.0,71.42857142857143,28.571428571428573
1644,0.634,25,0,32,23,10.0,7.41,0.0,12.5,87.5,0.0
1645,0.692,35,0,40,29,10.0,7.57,0.0,0.0,100.0,0.0
1646,0.619,14,0,24,17,10.0,6.59,0.0,0.0,100.0,0.0
1647,0.788,24,0,42,34,10.0,8.4,0.0,0.0,80.95238095238095,19.047619047619047
1648,0.668,20,0,28,21,10.0,7.76,0.0,0.0,100.0,0.0
1649,0.61,16,0,21,14,10.0,6.65,0.0,0.0,80.95238095238095,19.047619047619047
1650,0.744,18,0,22,16,10.0,8.1,0.0,0.0,81.81818181818181,18.181818181818183
1651,0.658,19,0,26,19,10.0,7.71,0.0,7.6923076923076925,57.69230769230769,34.61538461538461
1652,0.64,40,0,46,32,10.0,7.82,0.0,0.0,89.1304347826087,10.869565217391305
1653,0.754,34,0,44,32,10.0,8.17,0.0,0.0,100.0,0.0
1654,0.788,21,0,28,22,10.0,8.44,0.0,0.0,60.714285714285715,39.285714285714285
1655,0.616,22,0,32,24,10.0,6.64,0.0,3.125,96.875,0.0
1656,0.7,10,0,19,15,10.0,7.45,0.0,0.0,78.94736842105263,21.05263157894737
1657,0.676,20,0,28,21,10.0,7.26,0.0,0.0,96.42857142857143,3.5714285714285716
1658,0.728,32,0,35,24,10.0,7.74,0.0,0.0,94.28571428571429,5.714285714285714
1659,0.68,26,0,34,27,10.0,7.52,0.0,0.0,100.0,0.0
1660,0.774,25,0,34,27,10.0,8.48,2.9411764705882355,0.0,97.05882352941177,0.0
1661,0.775,17,0,31,26,10.0,8.6,0.0,0.0,83.87096774193549,16.129032258064516
1662,0.575,18,0,23,17,10.0,6.22,0.0,0.0,100.0,0.0
1663,0.744,17,0,26,20,10.0,8.43,0.0,0.0,69.23076923076923,30.76923076923077
1664,0.75,14,0,20,15,10.0,8.8,0.0,0.0,65.0,35.0
1665,0.55,21,0,28,18,10.0,6.04,0.0,0.0,100.0,0.0
1666,0.656,20,0,28,21,10.0,7.19,0.0,0.0,100.0,0.0
1667,0.615,15,0,24,19,10.0,6.54,0.0,0.0,95.83333333333333,4.166666666666667
1668,0.648,19,0,28,21,10.0,6.78,0.0,0.0,100.0,0.0
1669,0.865,10,0,15,12,10.0,8.9,0.0,0.0,100.0,0.0
1670,0.575,13,0,18,13,10.0,6.3,0.0,0.0,100.0,0.0
1671,0.628,26,0,33,23,10.0,7.3,0.0,0.0,100.0,0.0
1672,0.795,12,0,20,16,10.0,8.45,0.0,0.0,85.0,15.0
1673,0.854,17,0,27,23,10.0,8.66,0.0,0.0,92.5925925925926,7.407407407407407
1674,0.655,24,0,32,21,10.0,7.41,0.0,0.0,100.0,0.0
1675,0.64,25,0,26,16,10.0,6.68,0.0,0.0,96.15384615384616,3.8461538461538463
1676,0.624,23,0,29,21,10.0,7.14,0.0,0.0,100.0,0.0
1677,0.664,24,0,27,19,10.0,6.67,0.0,0.0,85.18518518518519,14.814814814814815
1678,0.624,23,0,34,26,10.0,6.6,2.9411764705882355,0.0,97.05882352941177,0.0
1679,0.781,18,0,28,22,10.0,8.22,0.0,0.0,60.714285714285715,39.285714285714285
1680,0.72,18,0,19,14,10.0,7.35,0.0,0.0,100.0,0.0
1681,0.606,19,0,22,14,10.0,6.06,0.0,0.0,95.45454545454545,4.545454545454546
1682,0.628,27,0,30,19,10.0,7.33,0.0,0.0,83.33333333333333,16.666666666666668
1683,0.66,21,0,31,23,10.0,6.81,0.0,0.0,100.0,0.0
1684,0.7,11,0,16,11,10.0,7.5,0.0,0.0,81.25,18.75
1685,0.606,18,0,28,21,10.0,6.38,0.0,0.0,100.0,0.0
1686,0.77,11,0,17,13,10.0,7.95,0.0,0.0,100.0,0.0
1687,0.75,9,0,13,10,10.0,7.65,0.0,0.0,69.23076923076923,30.76923076923077
1688,0.788,18,0,24,19,10.0,8.15,0.0,4.166666666666667,54.166666666666664,41.666666666666664
1689,0.68,21,0,28,21,10.0,7.86,0.0,28.571428571428573,64.28571428571429,7.142857142857143
1690,0.652,20,0,28,20,10.0,7.5,0.0,0.0,75.0,25.0
1691,0.592,21,0,31,22,10.0,7.21,0.0,0.0,100.0,0.0
1692,0.6,21,0,27,19,10.0,6.7,0.0,3.7037037037037037,96.29629629629629,0.0
1693,0.704,20,0,28,22,10.0,7.78,0.0,0.0,67.85714285714286,32.142857142857146
1694,0.76,28,0,31,24,10.0,7.98,0.0,0.0,74.19354838709677,25.806451612903224
1695,0.728,19,0,27,21,10.0,7.8,0.0,0.0,88.88888888888889,11.11111111111111
1696,0.624,19,0,34,26,10.0,6.82,2.9411764705882355,0.0,97.05882352941177,0.0
1697,0.875,12,0,19,16,10.0,9.0,0.0,5.2631578947368425,68.42105263157895,26.31578947368421
1698,0.694,23,0,27,21,10.0,7.11,0.0,0.0,77.77777777777777,22.22222222222222
1699,0.64,13,0,27,22,10.0,7.13,0.0,0.0,100.0,0.0
1700,0.57,19,0,25,17,10.0,6.25,0.0,0.0,100.0,0.0
1701,0.712,18,0,29,24,10.0,7.7,0.0,0.0,75.86206896551724,24.137931034482758
1702,0.808,24,0,27,21,10.0,8.48,0.0,0.0,85.18518518518519,14.814814814814815
1703,0.646,23,0,29,20,10.0,6.95,0.0,0.0,65.51724137931035,34.48275862068966
1704,0.71,12,0,20,14,10.0,7.1,0.0,0.0,95.0,5.0
1705,0.716,17,0,24,19,10.0,7.42,0.0,0.0,62.5,37.5
1706,0.74,15,0,17,12,10.0,7.6,5.882352941176471,0.0,94.11764705882354,0.0
1707,0.78,21,0,26,22,10.0,8.28,0.0,0.0,100.0,0.0
1708,0.68,31,0,33,23,10.0,7.95,0.0,3.0303030303030303,60.60606060606061,36.36363636363637
1709,0.604,21,0,28,18,10.0,6.54,0.0,0.0,100.0,0.0
1710,0.722,28,0,32,24,10.0,7.78,0.0,0.0,81.25,18.75
1711,0.7,10,0,22,18,10.0,7.56,0.0,4.545454545454546,90.9090909090909,4.545454545454546
1712,0.669,19,0,22,15,10.0,7.02,0.0,13.636363636363637,63.63636363636363,22.727272727272727
1713,0.696,20,0,30,22,10.0,7.56,0.0,0.0,96.66666666666667,3.3333333333333335
1714,0.62,31,0,37,26,10.0,7.26,0.0,10.81081081081081,89.1891891891892,0.0
1715,0.612,26,0,37,27,10.0,7.04,0.0,0.0,100.0,0.0
1716,0.598,22,0,26,16,10.0,6.39,0.0,0.0,100.0,0.0
1717,0.728,33,0,39,29,10.0,8.23,0.0,2.5641025641025643,84.61538461538461,12.820512820512821
1718,0.72,14,0,19,14,10.0,7.6,0.0,0.0,100.0,0.0
1719,0.68,18,0,29,23,10.0,7.38,0.0,0.0,96.55172413793103,3.4482758620689653
1720,0.723,25,0,39,30,10.0,7.64,0.0,0.0,100.0,0.0
1721,0.616,19,0,32,24,10.0,7.28,0.0,9.375,90.625,0.0
1722,0.684,19,0,25,19,10.0,7.77,0.0,0.0,92.0,8.0
1723,0.72,14,0,18,13,10.0,7.8,0.0,0.0,88.88888888888889,11.11111111111111
1724,0.735,22,0,29,23,10.0,7.63,0.0,0.0,100.0,0.0
1725,0.72,12,0,20,15,10.0,7.8,0.0,0.0,65.0,35.0
1726,0.62,16,0,20,14,10.0,7.0,0.0,5.0,95.0,0.0
1727,0.82,16,0,22,18,10.0,8.55,0.0,0.0,81.81818181818181,18.181818181818183
1728,0.741,17,0,27,22,10.0,7.92,0.0,0.0,92.5925925925926,7.407407407407407
1729,0.668,20,0,28,20,10.0,7.12,0.0,0.0,67.85714285714286,32.142857142857146
1730,0.792,17,0,29,25,10.0,8.28,3.4482758620689653,0.0,86.20689655172414,10.344827586206897
1731,0.72,23,0,30,22,10.0,7.9,0.0,0.0,73.33333333333333,26.666666666666668
1732,0.593,25,0,28,17,10.0,6.3,0.0,0.0,60.714285714285715,39.285714285714285
1733,0.696,15,0,32,26,10.0,7.88,0.0,0.0,100.0,0.0
1734,0.645,18,0,27,20,10.0,6.95,0.0,0.0,70.37037037037037,29.62962962962963
1735,0.704,23,0,29,22,10.0,7.52,0.0,0.0,82.75862068965517,17.24137931034483
1736,0.736,31,0,47,37,10.0,8.12,0.0,6.382978723404255,80.85106382978724,12.76595744680851
1737,0.75,21,0,28,23,10.0,8.24,0.0,0.0,78.57142857142857,21.428571428571427
1738,0.77,22,0,22,16,10.0,8.45,0.0,0.0,68.18181818181819,31.818181818181817
1739,0.612,23,0,32,23,10.0,6.7,0.0,0.0,81.25,18.75
1740,0.636,24,0,30,21,10.0,7.1,0.0,0.0,73.33333333333333,26.666666666666668
1741,0.654,23,0,25,17,10.0,6.87,0.0,4.0,96.0,0.0
1742,0.747,21,0,26,19,10.0,8.07,0.0,3.8461538461538463,50.0,46.15384615384615
1743,0.736,18,0,23,18,10.0,7.74,0.0,4.3478260869565215,56.52173913043478,39.130434782608695
1744,0.618,24,0,29,20,10.0,6.56,0.0,0.0,62.06896551724138,37.93103448275862
1745,0.68,19,0,27,20,10.0,7.23,0.0,0.0,66.66666666666667,33.333333333333336
1746,0.658,27,0,31,22,10.0,6.81,0.0,0.0,77.41935483870968,22.580645161290324
1747,0.768,30,0,37,28,10.0,8.41,0.0,2.7027027027027026,51.351351351351354,45.945945945945944
1748,0.716,25,0,31,25,10.0,7.74,0.0,0.0,100.0,0.0
1749,0.74,19,0,28,22,10.0,8.11,0.0,0.0,96.42857142857143,3.5714285714285716
1750,0.647,21,0,29,21,10.0,7.22,0.0,0.0,89.65517241379311,10.344827586206897
1751,0.702,25,0,27,19,10.0,7.66,0.0,3.7037037037037037,92.5925925925926,3.7037037037037037
1752,0.687,18,0,25,18,10.0,7.57,0.0,0.0,96.0,4.0
1753,0.662,21,0,39,30,10.0,7.66,0.0,0.0,82.05128205128206,17.94871794871795
1754,0.688,23,0,28,20,10.0,6.96,0.0,0.0,92.85714285714286,7.142857142857143
1755,0.608,23,0,29,20,10.0,6.9,0.0,0.0,96.55172413793103,3.4482758620689653
1756,0.582,23,0,24,15,10.0,6.83,0.0,0.0,100.0,0.0
1757,0.86,11,0,20,17,10.0,8.95,0.0,0.0,85.0,15.0
1758,0.664,25,0,31,23,10.0,7.06,3.225806451612903,0.0,93.54838709677419,3.225806451612903
1759,0.716,37,0,42,28,10.0,7.66,0.0,0.0,59.523809523809526,40.476190476190474
1760,0.709,19,0,31,25,10.0,7.59,0.0,0.0,100.0,0.0
1761,0.734,26,0,41,32,10.0,7.97,0.0,0.0,95.1219512195122,4.878048780487805
1762,0.686,20,0,31,25,10.0,7.52,0.0,0.0,80.64516129032258,19.35483870967742
1763,0.768,13,0,21,16,10.0,8.18,4.761904761904762,0.0,90.47619047619048,4.761904761904762
1764,0.696,19,0,28,22,10.0,7.76,0.0,0.0,100.0,0.0
1765,0.88,12,0,19,16,10.0,9.7,0.0,0.0,57.89473684210526,42.10526315789474
1766,0.647,26,0,31,21,10.0,8.47,0.0,0.0,77.41935483870968,22.580645161290324
1767,0.752,25,0,33,25,10.0,7.82,0.0,0.0,69.6969696969697,30.303030303030305
1768,0.8,13,0,19,15,10.0,8.45,0.0,0.0,73.6842105263158,26.31578947368421
1769,0.648,21,0,27,19,10.0,6.99,0.0,0.0,100.0,0.0
1770,0.74,10,0,20,16,10.0,7.85,0.0,5.0,90.0,5.0
1771,0.682,25,0,29,19,10.0,7.48,0.0,0.0,58.62068965517241,41.37931034482759
1772,0.615,18,0,28,20,10.0,7.16,0.0,0.0,89.28571428571429,10.714285714285714
1773,0.722,16,0,27,21,10.0,7.76,0.0,0.0,100.0,0.0
1774,0.82,14,0,24,20,10.0,8.5,0.0,0.0,100.0,0.0
1775,0.754,21,0,28,22,10.0,7.94,0.0,0.0,82.14285714285714,17.857142857142858
1776,0.659,19,0,26,20,10.0,7.4,0.0,0.0,96.15384615384616,3.8461538461538463
1777,0.612,20,0,29,21,10.0,6.87,0.0,0.0,100.0,0.0
1778,0.693,21,0,25,19,10.0,7.54,0.0,4.0,92.0,4.0
1779,0.784,18,0,22,16,10.0,8.41,0.0,0.0,54.54545454545455,45.45454545454545
1780,0.684,24,0,32,25,10.0,7.64,0.0,0.0,100.0,0.0
1781,0.77,13,0,21,17,10.0,8.85,0.0,0.0,76.19047619047619,23.80952380952381
1782,0.616,22,0,26,17,10.0,6.75,0.0,0.0,100.0,0.0
1783,0.696,20,0,31,24,10.0,7.57,0.0,3.225806451612903,83.87096774193549,12.903225806451612
1784,0.715,25,0,30,24,10.0,8.02,0.0,0.0,96.66666666666667,3.3333333333333335
1785,0.6,21,0,27,18,10.0,6.68,0.0,0.0,96.29629629629629,3.7037037037037037
1786,0.56,15,0,24,17,10.0,5.89,0.0,0.0,100.0,0.0
1787,0.97,10,0,16,14,10.0,9.7,0.0,6.25,62.5,31.25
1788,0.673,20,0,21,14,10.0,7.04,0.0,0.0,100.0,0.0
1789,0.676,22,0,36,28,10.0,7.13,0.0,13.88888888888889,86.11111111111111,0.0
1790,0.736,25,0,28,20,10.0,7.79,0.0,3.5714285714285716,64.28571428571429,32.142857142857146
1791,0.643,21,0,28,20,10.0,7.08,3.5714285714285716,0.0,92.85714285714286,3.5714285714285716
1792,0.8,16,0,25,21,10.0,8.0,0.0,0.0,52.0,48.0
1793,0.6,25,0,26,17,10.0,6.74,0.0,0.0,61.53846153846154,38.46153846153846
1794,0.58,22,0,29,20,10.0,6.59,0.0,0.0,62.06896551724138,37.93103448275862
1795,0.641,19,0,25,18,10.0,6.77,0.0,0.0,100.0,0.0
1796,0.82,19,0,26,22,10.0,8.56,0.0,0.0,76.92307692307692,23.076923076923077
1797,0.608,16,0,25,18,10.0,7.03,0.0,0.0,100.0,0.0
1798,0.692,34,0,40,28,10.0,7.89,0.0,0.0,95.0,5.0
1799,0.619,24,0,27,17,10.0,6.39,0.0,0.0,59.25925925925926,40.74074074074074
1800,0.626,27,0,33,24,10.0,6.62,0.0,0.0,100.0,0.0
1801,0.645,20,0,27,18,10.0,6.87,0.0,0.0,96.29629629629629,3.7037037037037037
1802,0.64,18,0,23,16,10.0,7.7,0.0,0.0,86.95652173913044,13.043478260869565
1803,0.704,24,0,28,18,10.0,8.09,0.0,0.0,96.42857142857143,3.5714285714285716
1804,0.83,12,0,21,17,10.0,8.95,0.0,0.0,85.71428571428571,14.285714285714286
1805,0.538,24,0,31,21,10.0,6.26,0.0,0.0,100.0,0.0
1806,0.704,28,0,35,27,10.0,7.74,0.0,0.0,65.71428571428571,34.285714285714285
1807,0.712,23,0,32,24,10.0,7.98,0.0,3.125,84.375,12.5
1808,0.555,21,0,26,17,10.0,6.17,0.0,0.0,96.15384615384616,3.8461538461538463
1809,0.692,29,0,33,24,10.0,7.51,0.0,0.0,100.0,0.0
1810,0.576,25,0,26,17,10.0,6.35,0.0,0.0,100.0,0.0
1811,0.657,30,0,32,19,10.0,7.07,0.0,0.0,96.875,3.125
1812,0.688,23,0,29,21,10.0,7.99,0.0,34.48275862068966,65.51724137931035,0.0
1813,0.632,19,0,31,22,10.0,7.27,0.0,0.0,100.0,0.0
1814,0.73,30,0,40,30,10.0,7.86,2.5,0.0,97.5,0.0
1815,0.762,25,0,33,28,10.0,8.13,0.0,0.0,72.72727272727273,27.272727272727273
1816,0.79,14,0,21,16,10.0,8.53,0.0,0.0,61.904761904761905,38.095238095238095
1817,0.556,25,0,28,17,10.0,6.24,0.0,0.0,100.0,0.0
1818,0.692,20,0,25,17,10.0,7.28,0.0,0.0,92.0,8.0
1819,0.65,13,0,20,15,10.0,6.84,0.0,0.0,100.0,0.0
1820,0.748,24,0,26,19,10.0,8.05,0.0,0.0,61.53846153846154,38.46153846153846
1821,0.82,14,0,23,19,10.0,8.26,0.0,0.0,100.0,0.0
1822,0.64,23,0,31,23,10.0,7.0,0.0,0.0,83.87096774193549,16.129032258064516
1823,0.656,20,0,30,22,10.0,7.04,0.0,0.0,96.66666666666667,3.3333333333333335
1824,0.792,32,0,42,33,10.0,8.42,0.0,0.0,61.904761904761905,38.095238095238095
1825,0.74,29,0,41,33,10.0,8.48,0.0,0.0,90.2439024390244,9.75609756097561
1826,0.705,14,0,22,17,10.0,7.7,0.0,0.0,100.0,0.0
1827,0.628,14,0,27,21,10.0,6.78,0.0,0.0,100.0,0.0
1828,0.645,21,0,31,23,10.0,7.17,0.0,0.0,100.0,0.0
1829,0.644,23,0,30,21,10.0,7.78,0.0,0.0,96.66666666666667,3.3333333333333335
1830,0.67,24,0,39,30,10.0,7.12,0.0,5.128205128205129,94.87179487179488,0.0
1831,0.68,19,0,26,19,10.0,7.92,0.0,0.0,80.76923076923077,19.23076923076923
1832,0.651,23,0,30,22,10.0,7.53,0.0,0.0,100.0,0.0
1833,0.6,22,0,27,19,10.0,6.44,0.0,0.0,100.0,0.0
1834,0.674,23,0,29,21,10.0,7.38,0.0,0.0,96.55172413793103,3.4482758620689653
1835,0.76,16,0,19,14,10.0,8.2,0.0,0.0,63.1578947368421,36.8421052631579
1836,0.765,12,0,19,15,10.0,8.4,0.0,0.0,89.47368421052632,10.526315789473685
1837,0.76,17,0,28,23,10.0,7.88,0.0,0.0,96.42857142857143,3.5714285714285716
1838,0.708,22,0,28,21,10.0,7.52,0.0,0.0,100.0,0.0
1839,0.703,25,0,29,22,10.0,7.15,0.0,0.0,89.65517241379311,10.344827586206897
1840,0.72,14,0,22,17,10.0,7.2,0.0,0.0,86.36363636363636,13.636363636363637
1841,0.692,24,0,33,23,10.0,7.79,0.0,0.0,72.72727272727273,27.272727272727273
1842,0.692,26,0,39,30,10.0,7.6,0.0,0.0,69.23076923076923,30.76923076923077
1843,0.62,17,0,20,14,10.0,6.75,0.0,0.0,75.0,25.0
1844,0.617,23,0,26,17,10.0,6.59,0.0,0.0,96.15384615384616,3.8461538461538463
1845,0.685,18,0,29,22,10.0,7.82,0.0,0.0,100.0,0.0
1846,0.608,21,0,29,21,10.0,6.78,3.4482758620689653,0.0,93.10344827586206,3.4482758620689653
1847,0.652,23,0,30,22,10.0,7.2,0.0,0.0,96.66666666666667,3.3333333333333335
1848,0.724,26,0,35,27,10.0,7.88,0.0,2.857142857142857,82.85714285714286,14.285714285714286
1849,0.724,17,0,26,20,10.0,8.0,0.0,0.0,84.61538461538461,15.384615384615385
1850,0.764,18,0,26,19,10.0,8.17,0.0,0.0,88.46153846153847,11.538461538461538
1851,0.72,23,0,31,24,10.0,8.06,0.0,3.225806451612903,96.7741935483871,0.0
1852,0.744,19,0,31,24,10.0,7.88,0.0,0.0,74.19354838709677,25.806451612903224
1853,0.718,21,0,25,18,10.0,8.27,0.0,4.0,40.0,56.0
1854,0.672,26,0,38,29,10.0,6.94,0.0,0.0,97.36842105263158,2.6315789473684212
1855,0.64,26,0,34,26,10.0,7.06,0.0,0.0,100.0,0.0
1856,0.825,18,0,24,20,10.0,8.53,0.0,0.0,83.33333333333333,16.666666666666668
1857,0.556,20,0,26,17,10.0,5.84,0.0,0.0,100.0,0.0
1858,0.622,27,0,29,20,10.0,6.7,3.4482758620689653,0.0,93.10344827586206,3.4482758620689653
1859,0.78,20,0,30,25,10.0,7.86,0.0,0.0,86.66666666666667,13.333333333333334
1860,0.744,25,0,25,17,10.0,7.92,0.0,0.0,52.0,48.0
1861,0.85,12,0,18,14,10.0,9.15,0.0,0.0,66.66666666666667,33.333333333333336
1862,0.76,18,0,22,16,10.0,8.0,0.0,0.0,68.18181818181819,31.818181818181817
1863,0.676,30,0,30,19,10.0,7.59,0.0,0.0,96.66666666666667,3.3333333333333335
1864,0.575,19,0,22,14,10.0,6.13,0.0,0.0,95.45454545454545,4.545454545454546
1865,0.696,21,0,25,18,10.0,8.02,0.0,0.0,100.0,0.0
1866,0.64,16,0,28,22,10.0,7.36,0.0,0.0,100.0,0.0
1867,0.75,17,0,22,17,10.0,8.0,0.0,0.0,81.81818181818181,18.181818181818183
1868,0.865,10,0,13,10,10.0,9.15,0.0,0.0,92.3076923076923,7.6923076923076925
1869,0.76,16,0,28,23,10.0,7.88,0.0,0.0,85.71428571428571,14.285714285714286
1870,0.752,23,0,27,19,10.0,7.52,0.0,0.0,77.77777777777777,22.22222222222222
1871,0.756,20,0,28,22,10.0,8.54,0.0,0.0,92.85714285714286,7.142857142857143
1872,0.628,20,0,27,20,10.0,7.35,0.0,0.0,74.07407407407408,25.925925925925927
1873,0.66,14,0,19,13,10.0,7.1,0.0,0.0,100.0,0.0
1874,0.656,26,0,31,22,10.0,7.34,0.0,0.0,100.0,0.0
1875,0.76,12,0,18,14,10.0,7.8,5.555555555555555,0.0,88.88888888888889,5.555555555555555
1876,0.648,18,0,26,18,10.0,7.02,0.0,0.0,100.0,0.0
1877,0.654,14,0,31,25,10.0,7.6,0.0,0.0,83.87096774193549,16.129032258064516
1878,0.62,15,0,27,20,10.0,6.82,0.0,0.0,100.0,0.0
1879,0.583,18,0,25,17,10.0,6.11,0.0,0.0,100.0,0.0
1880,0.799,26,0,26,18,10.0,8.34,0.0,0.0,57.69230769230769,42.30769230769231
1881,0.734,22,0,28,22,10.0,8.27,0.0,0.0,53.57142857142857,46.42857142857143
1882,0.687,21,0,29,22,10.0,7.49,0.0,0.0,62.06896551724138,37.93103448275862
1883,0.732,25,0,30,22,10.0,7.73,0.0,0.0,96.66666666666667,3.3333333333333335
1884,0.817,16,0,21,16,10.0,8.21,0.0,0.0,61.904761904761905,38.095238095238095
1885,0.725,20,0,29,23,10.0,8.29,0.0,0.0,58.62068965517241,41.37931034482759
1886,0.658,23,0,25,16,10.0,6.77,0.0,0.0,100.0,0.0
1887,0.689,22,0,31,24,10.0,7.95,0.0,0.0,80.64516129032258,19.35483870967742
1888,0.645,15,0,24,19,10.0,6.69,0.0,0.0,100.0,0.0
1889,0.655,21,0,25,17,10.0,6.78,0.0,0.0,72.0,28.0
1890,0.686,22,0,36,27,10.0,7.15,0.0,0.0,94.44444444444444,5.555555555555555
1891,0.686,18,0,22,15,10.0,7.15,0.0,0.0,59.09090909090909,40.90909090909091
1892,0.73,24,0,36,28,10.0,7.82,0.0,0.0,72.22222222222223,27.77777777777778
1893,0.52,24,0,28,17,10.0,5.96,0.0,0.0,100.0,0.0
1894,0.708,24,0,27,19,10.0,7.66,0.0,0.0,96.29629629629629,3.7037037037037037
1895,0.624,23,0,32,23,10.0,6.44,0.0,0.0,100.0,0.0
1896,0.76,20,0,26,20,10.0,7.72,0.0,3.8461538461538463,96.15384615384616,0.0
1897,0.6,25,0,27,16,10.0,6.59,0.0,7.407407407407407,92.5925925925926,0.0
1898,0.68,14,0,26,20,10.0,7.32,0.0,0.0,84.61538461538461,15.384615384615385
1899,0.672,20,0,32,25,10.0,7.88,0.0,0.0,96.875,3.125
1900,0.704,14,0,31,26,10.0,7.12,0.0,0.0,100.0,0.0
1901,0.628,18,0,25,18,10.0,6.96,0.0,0.0,100.0,0.0
1902,0.74,16,0,26,21,10.0,7.76,0.0,0.0,92.3076923076923,7.6923076923076925
1903,0.84,13,0,23,20,10.0,8.4,0.0,0.0,95.65217391304348,4.3478260869565215
1904,0.644,19,0,28,20,10.0,6.95,0.0,0.0,78.57142857142857,21.428571428571427
1905,0.632,25,0,29,20,10.0,7.6,0.0,0.0,89.65517241379311,10.344827586206897
1906,0.7,17,0,27,21,10.0,7.78,0.0,0.0,100.0,0.0
1907,0.627,16,0,22,17,10.0,6.52,0.0,0.0,72.72727272727273,27.272727272727273
1908,0.665,18,0,28,21,10.0,7.87,0.0,0.0,100.0,0.0
1909,0.59,22,0,27,19,10.0,6.81,0.0,7.407407407407407,92.5925925925926,0.0
1910,0.752,32,0,36,25,10.0,8.35,0.0,0.0,61.111111111111114,38.888888888888886
1911,0.752,22,0,34,28,10.0,8.2,0.0,0.0,64.70588235294117,35.294117647058826
1912,0.73,19,0,24,18,10.0,7.58,0.0,8.333333333333334,91.66666666666667,0.0
1913,0.763,27,0,28,20,10.0,8.17,0.0,0.0,67.85714285714286,32.142857142857146
1914,0.805,14,0,18,13,10.0,8.65,0.0,0.0,61.111111111111114,38.888888888888886
1915,0.661,17,0,23,16,10.0,6.98,0.0,0.0,56.52173913043478,43.47826086956522
1916,0.716,21,0,27,20,10.0,7.56,0.0,0.0,81.48148148148148,18.51851851851852
1917,0.614,21,0,26,17,10.0,6.75,0.0,0.0,100.0,0.0
1918,0.66,20,0,32,26,10.0,7.16,0.0,0.0,93.75,6.25
1919,0.72,13,0,16,11,10.0,7.6,0.0,0.0,93.75,6.25
1920,0.776,17,0,22,17,10.0,8.24,0.0,0.0,86.36363636363636,13.636363636363637
1921,0.678,19,0,31,24,10.0,7.32,0.0,0.0,77.41935483870968,22.580645161290324
1922,0.686,27,0,28,19,10.0,7.46,0.0,0.0,78.57142857142857,21.428571428571427
1923,0.624,21,0,26,17,10.0,6.72,0.0,0.0,100.0,0.0
1924,0.692,34,0,39,29,10.0,7.48,0.0,0.0,100.0,0.0
1925,0.754,29,0,41,32,10.0,8.3,0.0,0.0,60.97560975609756,39.02439024390244
1926,0.68,28,0,33,23,10.0,7.6,0.0,0.0,72.72727272727273,27.272727272727273
1927,0.68,16,0,26,20,10.0,6.92,0.0,0.0,73.07692307692308,26.923076923076923
1928,0.792,19,0,29,24,10.0,8.44,0.0,0.0,89.65517241379311,10.344827586206897
1929,0.766,19,0,22,16,10.0,7.66,0.0,0.0,100.0,0.0
1930,0.75,10,0,11,7,10.0,7.5,0.0,0.0,63.63636363636363,36.36363636363637
1931,0.67,12,0,18,13,10.0,6.85,0.0,0.0,83.33333333333333,16.666666666666668
1932,0.82,18,0,24,19,10.0,8.9,0.0,0.0,75.0,25.0
1933,0.697,25,0,31,23,10.0,7.24,0.0,0.0,96.7741935483871,3.225806451612903
1934,0.7,17,0,22,17,10.0,7.2,0.0,0.0,95.45454545454545,4.545454545454546
1935,0.643,20,0,31,23,10.0,6.99,0.0,0.0,87.09677419354838,12.903225806451612
1936,0.736,27,0,30,23,10.0,8.08,0.0,0.0,73.33333333333333,26.666666666666668
1937,0.752,21,0,26,20,10.0,8.04,0.0,0.0,61.53846153846154,38.46153846153846
1938,0.662,22,0,30,21,10.0,7.44,0.0,0.0,100.0,0.0
1939,0.772,21,0,28,22,10.0,8.2,0.0,3.5714285714285716,82.14285714285714,14.285714285714286
1940,0.75,8,0,12,9,10.0,7.5,0.0,0.0,100.0,0.0
1941,0.604,20,0,29,21,10.0,6.48,0.0,0.0,100.0,0.0
1942,0.65,16,0,23,17,10.0,7.64,0.0,0.0,73.91304347826087,26.08695652173913
1943,0.8,21,0,32,28,10.0,8.64,0.0,0.0,100.0,0.0
1944,0.66,10,0,16,11,10.0,6.8,0.0,0.0,93.75,6.25
1945,0.751,18,0,23,18,10.0,8.33,0.0,0.0,60.869565217391305,39.130434782608695
1946,0.7,25,0,39,31,10.0,7.79,0.0,0.0,66.66666666666667,33.333333333333336
1947,0.716,21,0,31,26,10.0,7.85,0.0,0.0,90.3225806451613,9.67741935483871
1948,0.69,16,0,20,14,10.0,7.46,0.0,0.0,80.0,20.0
1949,0.708,20,0,26,19,10.0,7.7,0.0,0.0,100.0,0.0
1950,0.698,21,0,28,20,10.0,7.39,0.0,3.5714285714285716,57.142857142857146,39.285714285714285
1951,0.738,26,0,36,27,10.0,8.16,5.555555555555555,0.0,58.333333333333336,36.111111111111114
1952,0.704,18,0,25,17,10.0,7.34,0.0,0.0,100.0,0.0
1953,0.742,18,0,25,19,10.0,7.94,0.0,0.0,72.0,28.0
1954,0.69,31,0,37,27,10.0,7.73,0.0,0.0,72.97297297297297,27.027027027027028
1955,0.625,14,0,23,18,10.0,6.79,4.3478260869565215,0.0,95.65217391304348,0.0
1956,0.752,22,0,29,23,10.0,7.72,0.0,0.0,65.51724137931035,34.48275862068966
1957,0.747,20,0,25,18,10.0,7.77,0.0,8.0,88.0,4.0
1958,0.629,19,0,26,19,10.0,6.91,0.0,0.0,100.0,0.0
1959,0.784,25,0,29,23,10.0,8.56,0.0,0.0,72.41379310344827,27.586206896551722
1960,0.675,19,0,22,16,10.0,6.75,0.0,0.0,100.0,0.0
1961,0.672,25,0,30,21,10.0,6.9,0.0,0.0,100.0,0.0
1962,0.748,22,0,42,33,10.0,7.88,0.0,0.0,88.0952380952381,11.904761904761905
1963,0.744,19,0,30,24,10.0,7.96,3.3333333333333335,0.0,76.66666666666667,20.0
1964,0.716,21,0,29,23,10.0,7.86,3.4482758620689653,0.0,89.65517241379311,6.896551724137931
1965,0.676,29,0,30,19,10.0,7.44,0.0,0.0,60.0,40.0
1966,0.695,18,0,29,22,10.0,8.03,0.0,0.0,75.86206896551724,24.137931034482758
1967,0.6,22,0,29,21,10.0,6.48,0.0,0.0,100.0,0.0
1968,0.684,36,0,48,36,10.0,7.84,0.0,0.0,75.0,25.0
1969,0.697,24,0,26,18,10.0,7.33,0.0,0.0,80.76923076923077,19.23076923076923
1970,0.737,17,0,26,20,10.0,7.53,0.0,0.0,100.0,0.0
1971,0.688,18,0,29,22,10.0,7.61,0.0,0.0,75.86206896551724,24.137931034482758
1972,0.72,11,0,15,11,10.0,7.52,0.0,0.0,73.33333333333333,26.666666666666668
1973,0.755,15,0,19,14,10.0,7.85,0.0,0.0,73.6842105263158,26.31578947368421
1974,0.6,22,0,29,20,10.0,6.75,0.0,0.0,100.0,0.0
1975,0.665,16,0,21,15,10.0,7.49,0.0,0.0,95.23809523809524,4.761904761904762
1976,0.6,16,0,25,18,10.0,6.39,0.0,0.0,100.0,0.0
1977,0.625,12,0,17,11,10.0,6.8,0.0,0.0,100.0,0.0
1978,0.776,20,0,27,22,10.0,8.16,0.0,0.0,74.07407407407408,25.925925925925927
1979,0.712,17,0,30,24,10.0,7.6,0.0,3.3333333333333335,96.66666666666667,0.0
1980,0.701,23,0,30,21,10.0,7.27,0.0,3.3333333333333335,83.33333333333333,13.333333333333334
1981,0.737,22,0,37,30,10.0,8.0,0.0,0.0,83.78378378378379,16.216216216216218
1982,0.75,19,0,21,15,10.0,8.15,0.0,0.0,61.904761904761905,38.095238095238095
1983,0.735,32,0,35,24,10.0,8.64,0.0,0.0,68.57142857142857,31.428571428571427
1984,0.76,27,0,33,26,10.0,8.17,0.0,9.090909090909092,72.72727272727273,18.181818181818183
1985,0.722,21,0,24,17,10.0,7.25,0.0,0.0,100.0,0.0
1986,0.545,17,0,20,12,10.0,6.1,0.0,0.0,100.0,0.0
1987,0.743,23,0,30,24,10.0,7.8,0.0,0.0,83.33333333333333,16.666666666666668
1988,0.675,20,0,23,16,10.0,7.87,0.0,4.3478260869565215,91.30434782608695,4.3478260869565215
1989,0.594,24,0,27,18,10.0,6.56,0.0,0.0,70.37037037037037,29.62962962962963
1990,0.76,17,0,21,15,10.0,7.95,0.0,0.0,85.71428571428571,14.285714285714286
1991,0.697,20,0,29,22,10.0,7.75,0.0,0.0,100.0,0.0
1992,0.693,21,0,27,20,10.0,7.95,0.0,0.0,66.66666666666667,33.333333333333336
1993,0.672,18,0,26,20,10.0,7.06,3.8461538461538463,3.8461538461538463,73.07692307692308,19.23076923076923
1994,0.642,17,0,26,20,10.0,7.21,0.0,0.0,92.3076923076923,7.6923076923076925
1995,0.731,21,0,23,18,10.0,7.87,4.3478260869565215,4.3478260869565215,78.26086956521739,13.043478260869565
1996,0.721,23,0,25,18,10.0,8.09,0.0,0.0,84.0,16.0
1997,0.78,20,0,27,22,10.0,7.92,0.0,7.407407407407407,81.48148148148148,11.11111111111111
1998,0.701,23,0,30,22,10.0,7.84,3.3333333333333335,0.0,73.33333333333333,23.333333333333332
1999,0.728,18,0,31,25,10.0,8.34,0.0,0.0,80.64516129032258,19.35483870967742
2000,0.724,30,0,34,28,10.0,8.09,0.0,0.0,79.41176470588235,20.58823529411765
2001,0.825,14,0,18,15,10.0,8.45,0.0,0.0,100.0,0.0
2002,0.664,24,0,30,22,10.0,7.53,0.0,0.0,83.33333333333333,16.666666666666668
2003,0.716,15,0,23,17,10.0,7.42,0.0,0.0,69.56521739130434,30.434782608695652
2004,0.766,21,0,28,22,10.0,8.58,0.0,0.0,64.28571428571429,35.714285714285715
2005,0.672,20,0,30,23,10.0,7.5,0.0,0.0,83.33333333333333,16.666666666666668
2006,0.76,10,0,20,16,10.0,7.6,0.0,0.0,85.0,15.0
2007,0.618,18,0,28,20,10.0,6.49,0.0,3.5714285714285716,96.42857142857143,0.0
2008,0.782,26,0,35,29,10.0,8.68,0.0,0.0,85.71428571428571,14.285714285714286
2009,0.656,28,0,40,30,10.0,7.2,0.0,0.0,97.5,2.5
2010,0.664,23,0,27,19,10.0,6.88,0.0,0.0,96.29629629629629,3.7037037037037037
2011,0.615,26,0,33,22,10.0,6.64,0.0,0.0,100.0,0.0
2012,0.716,22,0,25,17,10.0,7.68,0.0,0.0,64.0,36.0
2013,0.731,20,0,30,24,10.0,7.92,0.0,0.0,83.33333333333333,16.666666666666668
2014,0.743,24,0,32,25,10.0,8.13,0.0,0.0,56.25,43.75
2015,0.8,12,0,15,11,10.0,8.0,0.0,0.0,100.0,0.0
2016,0.648,25,0,28,19,10.0,6.97,0.0,0.0,71.42857142857143,28.571428571428573
2017,0.744,16,0,35,30,10.0,7.96,0.0,0.0,82.85714285714286,17.142857142857142
2018,0.766,21,0,27,21,10.0,8.2,0.0,0.0,100.0,0.0
2019,0.659,21,0,27,19,10.0,6.93,0.0,0.0,100.0,0.0
2020,0.725,13,0,25,21,10.0,7.79,4.0,0.0,96.0,0.0
2021,0.702,28,0,35,27,10.0,8.24,0.0,0.0,91.42857142857143,8.571428571428571
2022,0.85,13,0,18,15,10.0,8.6,0.0,0.0,77.77777777777777,22.22222222222222
2023,0.726,28,0,36,27,10.0,8.14,0.0,0.0,77.77777777777777,22.22222222222222
2024,0.628,21,0,24,15,10.0,6.73,0.0,4.166666666666667,45.833333333333336,50.0
2025,0.708,19,0,26,19,10.0,7.43,0.0,0.0,76.92307692307692,23.076923076923077
2026,0.724,14,0,25,20,10.0,7.93,0.0,0.0,88.0,12.0
2027,0.655,18,0,28,21,10.0,7.22,0.0,0.0,75.0,25.0
2028,0.724,18,0,23,16,10.0,7.8,0.0,0.0,86.95652173913044,13.043478260869565
2029,0.592,24,0,29,21,10.0,6.64,0.0,0.0,100.0,0.0
2030,0.629,27,0,37,28,10.0,6.72,0.0,0.0,100.0,0.0
2031,0.74,18,0,36,31,10.0,8.02,0.0,0.0,94.44444444444444,5.555555555555555
2032,0.7,17,0,32,27,10.0,8.04,0.0,0.0,78.125,21.875
2033,0.692,24,0,32,23,10.0,7.32,0.0,0.0,100.0,0.0
2034,0.68,15,0,19,14,10.0,6.95,0.0,0.0,100.0,0.0
2035,0.788,19,0,22,18,10.0,8.11,0.0,0.0,81.81818181818181,18.181818181818183
2036,0.626,22,0,28,19,10.0,7.03,0.0,0.0,96.42857142857143,3.5714285714285716
2037,0.6,21,0,25,17,10.0,6.36,0.0,0.0,100.0,0.0
2038,0.75,14,0,22,18,10.0,8.05,0.0,0.0,72.72727272727273,27.272727272727273
2039,0.624,18,0,27,20,10.0,6.56,0.0,0.0,100.0,0.0
2040,0.68,16,0,22,16,10.0,7.1,0.0,4.545454545454546,90.9090909090909,4.545454545454546
2041,0.605,16,0,27,20,10.0,6.76,0.0,0.0,100.0,0.0
2042,0.716,28,0,40,30,10.0,7.72,0.0,0.0,97.5,2.5
2043,0.68,20,0,28,21,10.0,7.28,0.0,0.0,100.0,0.0
2044,0.703,32,0,42,32,10.0,7.86,0.0,0.0,61.904761904761905,38.095238095238095
2045,0.616,21,0,26,18,10.0,6.8,0.0,0.0,100.0,0.0
2046,0.738,18,0,27,21,10.0,7.86,0.0,0.0,77.77777777777777,22.22222222222222
2047,0.595,14,0,25,19,10.0,6.6,0.0,0.0,92.0,8.0
2048,0.748,20,0,32,24,10.0,7.76,0.0,0.0,84.375,15.625
2049,0.671,23,0,31,22,10.0,7.28,0.0,0.0,77.41935483870968,22.580645161290324
2050,0.666,27,0,30,20,10.0,7.71,3.3333333333333335,0.0,70.0,26.666666666666668
2051,0.768,26,0,29,22,10.0,8.26,0.0,17.24137931034483,82.75862068965517,0.0
2052,0.704,23,0,33,26,10.0,7.48,0.0,3.0303030303030303,63.63636363636363,33.333333333333336
2053,0.74,17,0,29,24,10.0,7.68,0.0,0.0,96.55172413793103,3.4482758620689653
2054,0.595,29,0,33,23,10.0,6.85,0.0,0.0,96.96969696969697,3.0303030303030303
2055,0.69,23,0,26,17,10.0,7.45,0.0,0.0,50.0,50.0
2056,0.672,18,0,26,19,10.0,7.26,0.0,0.0,80.76923076923077,19.23076923076923
2057,0.648,18,0,34,26,10.0,7.37,0.0,0.0,94.11764705882354,5.882352941176471
2058,0.665,18,0,26,20,10.0,6.79,0.0,0.0,69.23076923076923,30.76923076923077
2059,0.701,24,0,29,23,10.0,7.84,0.0,0.0,93.10344827586206,6.896551724137931
2060,0.612,21,0,29,20,10.0,6.36,0.0,0.0,100.0,0.0
2061,0.75,11,0,15,12,10.0,8.35,0.0,0.0,93.33333333333333,6.666666666666667
2062,0.66,18,0,29,23,10.0,7.28,0.0,0.0,100.0,0.0
2063,0.75,22,0,29,23,10.0,8.11,0.0,0.0,41.37931034482759,58.62068965517241
2064,0.68,26,0,35,26,10.0,8.09,2.857142857142857,0.0,91.42857142857143,5.714285714285714
2065,0.625,11,0,17,12,10.0,6.55,0.0,0.0,100.0,0.0
2066,0.74,20,0,29,23,10.0,7.87,0.0,0.0,65.51724137931035,34.48275862068966
2067,0.66,26,0,30,21,10.0,7.38,0.0,0.0,86.66666666666667,13.333333333333334
2068,0.74,18,0,31,26,10.0,8.0,0.0,0.0,67.74193548387096,32.25806451612903
2069,0.736,16,0,28,22,10.0,7.72,0.0,0.0,100.0,0.0
2070,0.73,11,0,19,14,10.0,7.75,0.0,0.0,73.6842105263158,26.31578947368421
2071,0.672,27,0,31,21,10.0,7.7,0.0,0.0,48.38709677419355,51.61290322580645
2072,0.739,25,0,28,20,10.0,8.06,0.0,46.42857142857143,50.0,3.5714285714285716
2073,0.717,28,0,31,22,10.0,7.69,0.0,0.0,100.0,0.0
2074,0.656,16,0,26,20,10.0,6.9,0.0,0.0,100.0,0.0
2075,0.629,22,0,28,19,10.0,6.72,0.0,7.142857142857143,92.85714285714286,0.0
2076,0.608,26,0,31,22,10.0,6.4,3.225806451612903,0.0,93.54838709677419,3.225806451612903
2077,0.836,23,0,27,22,10.0,8.46,0.0,0.0,77.77777777777777,22.22222222222222
2078,0.748,24,0,36,30,10.0,8.2,0.0,0.0,66.66666666666667,33.333333333333336
2079,0.695,16,0,23,17,10.0,7.3,0.0,0.0,100.0,0.0
2080,0.69,14,0,24,19,10.0,7.0,0.0,0.0,100.0,0.0
2081,0.705,19,0,27,21,10.0,7.85,0.0,0.0,70.37037037037037,29.62962962962963
2082,0.68,14,0,20,14,10.0,7.44,0.0,0.0,100.0,0.0
2083,0.63,24,0,32,22,10.0,6.46,0.0,0.0,100.0,0.0
2084,0.78,12,0,17,13,10.0,8.3,0.0,0.0,70.58823529411765,29.41176470588235
2085,0.68,17,0,18,12,10.0,7.3,0.0,0.0,100.0,0.0
2086,0.745,14,0,18,13,10.0,8.05,0.0,0.0,61.111111111111114,38.888888888888886
2087,0.704,18,0,31,25,10.0,7.73,0.0,0.0,96.7741935483871,3.225806451612903
2088,0.648,18,0,28,20,10.0,7.6,0.0,0.0,100.0,0.0
2089,0.702,21,0,30,23,10.0,7.44,0.0,0.0,100.0,0.0
2090,0.65,23,0,36,26,10.0,7.33,0.0,0.0,77.77777777777777,22.22222222222222
2091,0.702,19,0,25,18,10.0,7.51,0.0,0.0,80.0,20.0
2092,0.688,20,0,30,23,10.0,7.68,0.0,0.0,100.0,0.0
2093,0.658,21,0,36,27,10.0,7.47,0.0,0.0,100.0,0.0
2094,0.783,20,0,26,21,10.0,8.19,0.0,0.0,61.53846153846154,38.46153846153846
2095,0.793,24,0,41,35,10.0,8.75,0.0,0.0,85.36585365853658,14.634146341463415
2096,0.664,23,0,31,23,10.0,7.64,0.0,0.0,100.0,0.0
2097,0.762,24,0,37,29,10.0,8.32,0.0,0.0,75.67567567567568,24.324324324324323
2098,0.67,21,0,25,18,10.0,7.07,0.0,0.0,100.0,0.0
2099,0.76,11,0,19,15,10.0,7.6,0.0,0.0,94.73684210526316,5.2631578947368425
2100,0.692,20,0,26,18,10.0,7.41,0.0,0.0,61.53846153846154,38.46153846153846
SUMMARY,0.6912509523809511,42574,0,,,,,2.637193794689155,3.0377927774664713,78.04874142393791,16.27627200390646
