episode,utilization,invalid_learned,invalid_attempted,boxes_attempted,placed_boxes,max_height,avg_height,perc_stacking,perc_best_fit,perc_semi_perfect_fit,perc_random_fit
1,0.523,1,0,13,12,10.0,5.23,30.76923076923077,23.076923076923077,23.076923076923077,23.076923076923077
2,0.905,1,0,18,17,10.0,9.05,27.77777777777778,16.666666666666664,33.33333333333333,22.22222222222222
3,0.854,1,0,21,20,10.0,8.54,14.285714285714285,19.047619047619047,23.809523809523807,42.857142857142854
4,0.596,1,0,20,19,10.0,5.96,40.0,5.0,25.0,30.0
5,0.7,1,0,14,13,10.0,7.0,14.285714285714285,35.714285714285715,21.428571428571427,28.57142857142857
6,0.589,1,0,14,13,9.0,5.89,21.428571428571427,14.285714285714285,35.714285714285715,28.57142857142857
7,0.767,1,0,26,25,10.0,7.67,23.076923076923077,26.923076923076923,11.538461538461538,38.46153846153847
8,0.805,1,0,18,17,10.0,8.05,33.33333333333333,22.22222222222222,16.666666666666664,27.77777777777778
9,0.569,1,0,14,13,10.0,5.69,14.285714285714285,28.57142857142857,28.57142857142857,28.57142857142857
10,0.77,1,0,14,13,10.0,7.7,42.857142857142854,14.285714285714285,21.428571428571427,21.428571428571427
11,0.824,1,0,27,26,10.0,8.24,44.44444444444444,14.814814814814813,18.51851851851852,22.22222222222222
12,0.67,1,0,13,12,10.0,6.7,30.76923076923077,23.076923076923077,23.076923076923077,23.076923076923077
13,0.575,1,0,10,9,10.0,5.75,40.0,0.0,40.0,20.0
14,0.544,1,0,14,13,10.0,5.44,28.57142857142857,21.428571428571427,28.57142857142857,21.428571428571427
15,0.655,1,0,23,22,10.0,6.55,30.434782608695656,4.3478260869565215,34.78260869565217,30.434782608695656
16,0.688,1,0,18,17,10.0,6.88,11.11111111111111,27.77777777777778,16.666666666666664,44.44444444444444
17,0.7,1,0,14,13,10.0,7.0,28.57142857142857,14.285714285714285,14.285714285714285,42.857142857142854
18,0.6,1,0,8,7,10.0,6.0,25.0,37.5,25.0,12.5
19,0.63,1,0,21,20,10.0,6.3,28.57142857142857,19.047619047619047,23.809523809523807,28.57142857142857
20,0.444,1,0,13,12,9.0,4.44,61.53846153846154,7.6923076923076925,15.384615384615385,15.384615384615385
21,0.604,1,0,25,24,10.0,6.04,24.0,20.0,24.0,32.0
22,0.6,1,0,12,11,10.0,6.0,50.0,8.333333333333332,16.666666666666664,25.0
23,0.855,1,0,15,14,10.0,8.55,13.333333333333334,40.0,20.0,26.666666666666668
24,0.661,1,0,21,20,10.0,6.61,9.523809523809524,19.047619047619047,33.33333333333333,38.095238095238095
25,0.619,1,0,20,19,10.0,6.19,20.0,35.0,20.0,25.0
26,0.572,1,0,16,15,10.0,5.72,25.0,25.0,25.0,25.0
27,0.606,1,0,21,20,10.0,6.06,28.57142857142857,33.33333333333333,33.33333333333333,4.761904761904762
28,0.707,1,0,23,22,10.0,7.07,21.73913043478261,21.73913043478261,30.434782608695656,26.08695652173913
29,0.6,1,0,16,15,10.0,6.0,43.75,25.0,25.0,6.25
30,0.554,1,0,18,17,10.0,5.54,27.77777777777778,27.77777777777778,16.666666666666664,27.77777777777778
31,0.718,1,0,28,27,10.0,7.18,28.57142857142857,17.857142857142858,7.142857142857142,46.42857142857143
32,0.655,1,0,19,18,10.0,6.55,36.84210526315789,15.789473684210526,21.052631578947366,26.31578947368421
33,0.75,1,0,14,13,10.0,7.5,14.285714285714285,14.285714285714285,35.714285714285715,35.714285714285715
34,0.704,1,0,25,24,10.0,7.04,20.0,24.0,24.0,32.0
35,0.678,1,0,19,18,10.0,6.78,31.57894736842105,31.57894736842105,15.789473684210526,21.052631578947366
36,0.63,1,0,16,15,10.0,6.3,50.0,25.0,12.5,12.5
37,0.565,1,0,22,21,10.0,5.65,40.909090909090914,13.636363636363635,36.36363636363637,9.090909090909092
38,0.636,1,0,26,25,10.0,6.36,30.76923076923077,38.46153846153847,15.384615384615385,15.384615384615385
39,0.532,1,0,19,18,10.0,5.32,15.789473684210526,21.052631578947366,31.57894736842105,31.57894736842105
40,0.736,1,0,19,18,10.0,7.36,36.84210526315789,10.526315789473683,26.31578947368421,26.31578947368421
41,0.727,1,0,22,21,10.0,7.27,18.181818181818183,40.909090909090914,9.090909090909092,31.818181818181817
42,0.676,1,0,16,15,10.0,6.76,25.0,37.5,18.75,18.75
43,0.486,1,0,19,18,10.0,4.86,42.10526315789473,15.789473684210526,26.31578947368421,15.789473684210526
44,0.415,1,0,18,17,10.0,4.15,11.11111111111111,27.77777777777778,22.22222222222222,38.88888888888889
45,0.45,1,0,13,12,10.0,4.5,30.76923076923077,7.6923076923076925,23.076923076923077,38.46153846153847
46,0.666,1,0,18,17,10.0,6.66,16.666666666666664,33.33333333333333,22.22222222222222,27.77777777777778
47,0.584,1,0,14,13,10.0,5.84,7.142857142857142,35.714285714285715,28.57142857142857,28.57142857142857
48,0.58,1,0,16,15,10.0,5.8,18.75,25.0,25.0,31.25
49,0.652,1,0,19,18,10.0,6.52,21.052631578947366,36.84210526315789,0.0,42.10526315789473
50,0.66,1,0,19,18,10.0,6.6,26.31578947368421,31.57894736842105,26.31578947368421,15.789473684210526
51,0.646,1,0,20,19,10.0,6.46,30.0,30.0,25.0,15.0
52,0.672,1,0,20,19,10.0,6.72,30.0,20.0,30.0,20.0
53,0.62,1,0,18,17,10.0,6.2,27.77777777777778,44.44444444444444,0.0,27.77777777777778
54,0.8,1,0,23,22,10.0,8.0,21.73913043478261,26.08695652173913,13.043478260869565,39.130434782608695
55,0.557,1,0,13,12,10.0,5.57,15.384615384615385,23.076923076923077,23.076923076923077,38.46153846153847
56,0.8,1,0,31,30,10.0,8.0,32.25806451612903,35.483870967741936,16.129032258064516,16.129032258064516
57,0.66,1,0,17,16,10.0,6.6,23.52941176470588,29.411764705882355,29.411764705882355,17.647058823529413
58,0.674,1,0,22,21,10.0,6.74,27.27272727272727,27.27272727272727,13.636363636363635,31.818181818181817
59,0.69,1,0,29,28,10.0,6.9,20.689655172413794,24.137931034482758,20.689655172413794,34.48275862068966
60,0.601,1,0,15,14,10.0,6.01,6.666666666666667,20.0,6.666666666666667,66.66666666666666
61,0.705,1,0,10,9,10.0,7.05,30.0,30.0,20.0,20.0
62,0.63,1,0,19,18,10.0,6.3,15.789473684210526,31.57894736842105,10.526315789473683,42.10526315789473
63,0.687,1,0,22,21,10.0,6.87,31.818181818181817,22.727272727272727,4.545454545454546,40.909090909090914
64,0.63,1,0,16,15,10.0,6.3,37.5,25.0,12.5,25.0
65,0.58,1,0,13,12,10.0,5.8,23.076923076923077,30.76923076923077,23.076923076923077,23.076923076923077
66,0.418,1,0,12,11,10.0,4.18,25.0,25.0,16.666666666666664,33.33333333333333
67,0.691,1,0,15,14,10.0,6.91,40.0,20.0,6.666666666666667,33.33333333333333
68,0.467,1,0,13,12,10.0,4.67,23.076923076923077,69.23076923076923,7.6923076923076925,0.0
69,0.429,1,0,14,13,10.0,4.29,35.714285714285715,7.142857142857142,28.57142857142857,28.57142857142857
70,0.55,1,0,18,17,10.0,5.5,16.666666666666664,38.88888888888889,22.22222222222222,22.22222222222222
71,0.548,1,0,17,16,10.0,5.48,23.52941176470588,23.52941176470588,11.76470588235294,41.17647058823529
72,0.578,1,0,16,15,10.0,5.78,0.0,25.0,0.0,75.0
73,0.644,1,0,19,18,10.0,6.44,21.052631578947366,26.31578947368421,26.31578947368421,26.31578947368421
74,0.648,1,0,24,23,10.0,6.48,20.833333333333336,45.83333333333333,25.0,8.333333333333332
75,0.58,1,0,17,16,10.0,5.8,17.647058823529413,41.17647058823529,11.76470588235294,29.411764705882355
76,0.55,1,0,14,13,10.0,5.5,21.428571428571427,28.57142857142857,7.142857142857142,42.857142857142854
77,0.674,1,0,19,18,10.0,6.74,26.31578947368421,21.052631578947366,15.789473684210526,36.84210526315789
78,0.7,1,0,21,20,10.0,7.0,19.047619047619047,23.809523809523807,14.285714285714285,42.857142857142854
79,0.585,1,0,12,11,10.0,5.85,8.333333333333332,25.0,16.666666666666664,50.0
80,0.631,1,0,18,17,10.0,6.31,33.33333333333333,22.22222222222222,5.555555555555555,38.88888888888889
81,0.539,1,0,16,15,10.0,5.39,18.75,37.5,12.5,31.25
82,0.558,1,0,16,15,10.0,5.58,56.25,12.5,12.5,18.75
83,0.695,1,0,22,21,10.0,6.95,36.36363636363637,27.27272727272727,18.181818181818183,18.181818181818183
84,0.718,1,0,19,18,10.0,7.18,36.84210526315789,31.57894736842105,15.789473684210526,15.789473684210526
85,0.507,1,0,16,15,10.0,5.07,37.5,31.25,25.0,6.25
86,0.66,1,0,14,13,10.0,6.6,35.714285714285715,57.14285714285714,0.0,7.142857142857142
87,0.474,1,0,17,16,10.0,4.74,52.94117647058824,11.76470588235294,17.647058823529413,17.647058823529413
88,0.709,1,0,24,23,10.0,7.09,33.33333333333333,20.833333333333336,20.833333333333336,25.0
89,0.637,1,0,19,18,10.0,6.37,21.052631578947366,15.789473684210526,10.526315789473683,52.63157894736842
90,0.76,1,0,18,17,10.0,7.6,38.88888888888889,22.22222222222222,0.0,38.88888888888889
91,0.566,1,0,15,14,10.0,5.66,20.0,26.666666666666668,20.0,33.33333333333333
92,0.564,1,0,18,17,10.0,5.64,16.666666666666664,22.22222222222222,16.666666666666664,44.44444444444444
93,0.567,1,0,18,17,10.0,5.67,38.88888888888889,5.555555555555555,27.77777777777778,27.77777777777778
94,0.699,1,0,17,16,10.0,6.99,5.88235294117647,64.70588235294117,11.76470588235294,17.647058823529413
95,0.815,1,0,13,12,10.0,8.15,15.384615384615385,38.46153846153847,23.076923076923077,23.076923076923077
96,0.642,1,0,22,21,10.0,6.42,27.27272727272727,45.45454545454545,13.636363636363635,13.636363636363635
97,0.56,1,0,17,16,10.0,5.6,11.76470588235294,64.70588235294117,11.76470588235294,11.76470588235294
98,0.57,1,0,11,10,10.0,5.7,9.090909090909092,72.72727272727273,0.0,18.181818181818183
99,0.762,1,0,26,25,10.0,7.62,26.923076923076923,34.61538461538461,19.230769230769234,19.230769230769234
100,0.568,1,0,19,18,10.0,5.68,21.052631578947366,47.368421052631575,21.052631578947366,10.526315789473683
101,0.494,1,0,13,12,10.0,4.94,30.76923076923077,46.15384615384615,7.6923076923076925,15.384615384615385
102,0.76,1,0,26,25,10.0,7.6,23.076923076923077,46.15384615384615,26.923076923076923,3.8461538461538463
103,0.702,1,0,29,28,10.0,7.02,37.93103448275862,41.37931034482759,13.793103448275861,6.896551724137931
104,0.83,1,0,21,20,10.0,8.3,19.047619047619047,57.14285714285714,9.523809523809524,14.285714285714285
105,0.766,1,0,20,19,10.0,7.66,25.0,55.00000000000001,10.0,10.0
106,0.62,1,0,11,10,10.0,6.2,9.090909090909092,45.45454545454545,36.36363636363637,9.090909090909092
107,0.6,1,0,13,12,10.0,6.0,7.6923076923076925,46.15384615384615,7.6923076923076925,38.46153846153847
108,0.61,1,0,13,12,10.0,6.1,15.384615384615385,69.23076923076923,7.6923076923076925,7.6923076923076925
109,0.532,1,0,15,14,10.0,5.32,20.0,46.666666666666664,20.0,13.333333333333334
110,0.586,1,0,18,17,10.0,5.86,22.22222222222222,33.33333333333333,5.555555555555555,38.88888888888889
111,0.45,1,0,21,20,10.0,4.5,19.047619047619047,42.857142857142854,14.285714285714285,23.809523809523807
112,0.73,1,0,29,28,10.0,7.3,17.24137931034483,44.827586206896555,17.24137931034483,20.689655172413794
113,0.476,1,0,16,15,10.0,4.76,25.0,18.75,25.0,31.25
114,0.732,1,0,24,23,10.0,7.32,4.166666666666666,62.5,20.833333333333336,12.5
115,0.535,1,0,14,13,10.0,5.35,21.428571428571427,50.0,7.142857142857142,21.428571428571427
116,0.649,1,0,22,21,10.0,6.49,31.818181818181817,22.727272727272727,18.181818181818183,27.27272727272727
117,0.684,1,0,20,19,10.0,6.84,35.0,35.0,5.0,25.0
118,0.737,1,0,16,15,10.0,7.37,25.0,37.5,31.25,6.25
119,0.6,1,0,12,11,10.0,6.0,25.0,8.333333333333332,41.66666666666667,25.0
120,0.745,1,0,15,14,10.0,7.45,33.33333333333333,46.666666666666664,0.0,20.0
121,0.664,1,0,24,23,10.0,6.64,12.5,41.66666666666667,25.0,20.833333333333336
122,0.561,1,0,21,20,10.0,5.61,33.33333333333333,33.33333333333333,14.285714285714285,19.047619047619047
123,0.622,1,0,22,21,10.0,6.22,9.090909090909092,22.727272727272727,9.090909090909092,59.09090909090909
124,0.601,1,0,17,16,10.0,6.01,17.647058823529413,29.411764705882355,11.76470588235294,41.17647058823529
125,0.592,1,0,22,21,10.0,5.92,13.636363636363635,36.36363636363637,9.090909090909092,40.909090909090914
126,0.7,1,0,22,21,10.0,7.0,36.36363636363637,54.54545454545454,4.545454545454546,4.545454545454546
127,0.57,1,0,20,19,10.0,5.7,25.0,40.0,25.0,10.0
128,0.668,1,0,19,18,10.0,6.68,15.789473684210526,42.10526315789473,10.526315789473683,31.57894736842105
129,0.596,1,0,16,15,10.0,5.96,18.75,25.0,18.75,37.5
130,0.524,1,0,15,14,10.0,5.24,66.66666666666666,13.333333333333334,13.333333333333334,6.666666666666667
131,0.572,1,0,21,20,10.0,5.72,57.14285714285714,14.285714285714285,9.523809523809524,19.047619047619047
132,0.575,1,0,15,14,10.0,5.75,33.33333333333333,20.0,6.666666666666667,40.0
133,0.636,1,0,17,16,10.0,6.36,5.88235294117647,29.411764705882355,5.88235294117647,58.82352941176471
134,0.585,1,0,16,15,10.0,5.85,12.5,43.75,12.5,31.25
135,0.421,1,0,16,15,10.0,4.21,12.5,50.0,18.75,18.75
136,0.65,1,0,13,12,10.0,6.5,15.384615384615385,38.46153846153847,7.6923076923076925,38.46153846153847
137,0.479,1,0,20,19,10.0,4.79,20.0,40.0,25.0,15.0
138,0.654,1,0,18,17,10.0,6.54,22.22222222222222,50.0,16.666666666666664,11.11111111111111
139,0.634,1,0,19,18,10.0,6.34,21.052631578947366,36.84210526315789,21.052631578947366,21.052631578947366
140,0.616,1,0,18,17,10.0,6.16,5.555555555555555,61.111111111111114,16.666666666666664,16.666666666666664
141,0.614,1,0,20,19,10.0,6.14,10.0,55.00000000000001,10.0,25.0
142,0.73,1,0,23,22,10.0,7.3,17.391304347826086,43.47826086956522,4.3478260869565215,34.78260869565217
143,0.754,1,0,33,32,10.0,7.54,27.27272727272727,27.27272727272727,0.0,45.45454545454545
144,0.788,1,0,30,29,10.0,7.88,36.666666666666664,26.666666666666668,6.666666666666667,30.0
145,0.527,1,0,11,10,10.0,5.27,27.27272727272727,27.27272727272727,45.45454545454545,0.0
146,0.536,1,0,20,19,10.0,5.36,15.0,50.0,20.0,15.0
147,0.62,1,0,18,17,10.0,6.2,33.33333333333333,44.44444444444444,5.555555555555555,16.666666666666664
148,0.572,1,0,16,15,10.0,5.72,12.5,56.25,6.25,25.0
149,0.724,1,0,26,25,10.0,7.24,15.384615384615385,61.53846153846154,11.538461538461538,11.538461538461538
150,0.66,1,0,19,18,10.0,6.6,10.526315789473683,52.63157894736842,15.789473684210526,21.052631578947366
151,0.619,1,0,19,18,10.0,6.19,15.789473684210526,52.63157894736842,0.0,31.57894736842105
152,0.56,1,0,11,10,10.0,5.6,18.181818181818183,45.45454545454545,18.181818181818183,18.181818181818183
153,0.681,1,0,23,22,10.0,6.81,26.08695652173913,47.82608695652174,4.3478260869565215,21.73913043478261
154,0.604,1,0,15,14,10.0,6.04,13.333333333333334,73.33333333333333,0.0,13.333333333333334
155,0.602,1,0,26,25,10.0,6.02,38.46153846153847,26.923076923076923,19.230769230769234,15.384615384615385
156,0.685,1,0,15,14,10.0,6.85,40.0,26.666666666666668,6.666666666666667,26.666666666666668
157,0.585,1,0,11,10,10.0,5.85,0.0,18.181818181818183,27.27272727272727,54.54545454545454
158,0.552,1,0,17,16,10.0,5.52,23.52941176470588,35.294117647058826,0.0,41.17647058823529
159,0.47,1,0,11,10,10.0,4.7,27.27272727272727,36.36363636363637,0.0,36.36363636363637
160,0.744,1,0,22,21,10.0,7.44,4.545454545454546,31.818181818181817,13.636363636363635,50.0
161,0.58,1,0,17,16,10.0,5.8,41.17647058823529,29.411764705882355,0.0,29.411764705882355
162,0.629,1,0,14,13,10.0,6.29,57.14285714285714,28.57142857142857,0.0,14.285714285714285
163,0.64,1,0,17,16,10.0,6.4,17.647058823529413,41.17647058823529,17.647058823529413,23.52941176470588
164,0.625,1,0,12,11,10.0,6.25,25.0,58.333333333333336,8.333333333333332,8.333333333333332
165,0.628,1,0,16,15,10.0,6.28,6.25,62.5,18.75,12.5
166,0.838,1,0,31,30,10.0,8.38,19.35483870967742,54.83870967741935,3.225806451612903,22.58064516129032
167,0.528,1,0,20,19,10.0,5.28,40.0,25.0,15.0,20.0
168,0.708,1,0,25,24,10.0,7.08,24.0,36.0,36.0,4.0
169,0.52,1,0,14,13,10.0,5.2,28.57142857142857,14.285714285714285,28.57142857142857,28.57142857142857
170,0.783,1,0,21,20,10.0,7.83,19.047619047619047,19.047619047619047,14.285714285714285,47.61904761904761
171,0.685,1,0,14,13,10.0,6.85,7.142857142857142,21.428571428571427,35.714285714285715,35.714285714285715
172,0.732,1,0,23,22,10.0,7.32,13.043478260869565,4.3478260869565215,43.47826086956522,39.130434782608695
173,0.496,1,0,18,17,10.0,4.96,22.22222222222222,22.22222222222222,27.77777777777778,27.77777777777778
174,0.5,1,0,16,15,10.0,5.0,56.25,12.5,12.5,18.75
175,0.676,1,0,23,22,10.0,6.76,8.695652173913043,21.73913043478261,17.391304347826086,52.17391304347826
176,0.74,1,0,19,18,10.0,7.4,15.789473684210526,5.263157894736842,42.10526315789473,36.84210526315789
177,0.624,1,0,20,19,10.0,6.24,30.0,15.0,20.0,35.0
178,0.608,1,0,21,20,10.0,6.08,57.14285714285714,19.047619047619047,9.523809523809524,14.285714285714285
179,0.731,1,0,23,22,10.0,7.31,34.78260869565217,43.47826086956522,0.0,21.73913043478261
180,0.58,1,0,17,16,10.0,5.8,11.76470588235294,58.82352941176471,11.76470588235294,17.647058823529413
181,0.481,1,0,12,11,10.0,4.81,25.0,50.0,0.0,25.0
182,0.63,1,0,12,11,10.0,6.3,8.333333333333332,50.0,25.0,16.666666666666664
183,0.527,1,0,12,11,10.0,5.27,16.666666666666664,58.333333333333336,8.333333333333332,16.666666666666664
184,0.522,1,0,18,17,10.0,5.22,38.88888888888889,5.555555555555555,5.555555555555555,50.0
185,0.532,1,0,16,15,10.0,5.32,43.75,18.75,31.25,6.25
186,0.654,1,0,27,26,10.0,6.54,25.925925925925924,22.22222222222222,14.814814814814813,37.03703703703704
187,0.72,1,0,20,19,10.0,7.2,30.0,30.0,10.0,30.0
188,0.749,1,0,27,26,10.0,7.49,11.11111111111111,55.55555555555556,11.11111111111111,22.22222222222222
189,0.73,1,0,17,16,10.0,7.3,23.52941176470588,29.411764705882355,23.52941176470588,23.52941176470588
190,0.585,1,0,14,13,10.0,5.85,35.714285714285715,21.428571428571427,21.428571428571427,21.428571428571427
191,0.66,1,0,23,22,10.0,6.6,13.043478260869565,39.130434782608695,13.043478260869565,34.78260869565217
192,0.72,1,0,22,21,10.0,7.2,4.545454545454546,54.54545454545454,13.636363636363635,27.27272727272727
193,0.408,1,0,14,13,10.0,4.08,28.57142857142857,28.57142857142857,21.428571428571427,21.428571428571427
194,0.712,1,0,28,27,10.0,7.12,14.285714285714285,71.42857142857143,3.571428571428571,10.714285714285714
195,0.585,1,0,21,20,10.0,5.85,23.809523809523807,52.38095238095239,14.285714285714285,9.523809523809524
196,0.515,1,0,10,9,10.0,5.15,0.0,60.0,20.0,20.0
197,0.82,1,0,24,23,10.0,8.2,16.666666666666664,37.5,20.833333333333336,25.0
198,0.702,1,0,18,17,10.0,7.02,38.88888888888889,38.88888888888889,11.11111111111111,11.11111111111111
199,0.58,1,0,23,22,10.0,5.8,26.08695652173913,52.17391304347826,8.695652173913043,13.043478260869565
200,0.418,1,0,12,11,10.0,4.18,25.0,50.0,8.333333333333332,16.666666666666664
201,0.616,1,0,19,18,10.0,6.16,36.84210526315789,21.052631578947366,0.0,42.10526315789473
202,0.554,1,0,22,21,10.0,5.54,40.909090909090914,31.818181818181817,4.545454545454546,22.727272727272727
203,0.356,1,0,12,11,10.0,3.56,58.333333333333336,25.0,0.0,16.666666666666664
204,0.728,1,0,18,17,10.0,7.28,0.0,61.111111111111114,11.11111111111111,27.77777777777778
205,0.676,1,0,26,25,10.0,6.76,57.692307692307686,23.076923076923077,3.8461538461538463,15.384615384615385
206,0.598,1,0,17,16,10.0,5.98,41.17647058823529,41.17647058823529,5.88235294117647,11.76470588235294
207,0.677,1,0,22,21,10.0,6.77,18.181818181818183,54.54545454545454,18.181818181818183,9.090909090909092
208,0.687,1,0,19,18,10.0,6.87,21.052631578947366,42.10526315789473,36.84210526315789,0.0
209,0.762,1,0,26,25,10.0,7.62,15.384615384615385,76.92307692307693,7.6923076923076925,0.0
210,0.598,1,0,18,17,10.0,5.98,5.555555555555555,77.77777777777779,11.11111111111111,5.555555555555555
211,0.529,1,0,19,18,10.0,5.29,31.57894736842105,52.63157894736842,5.263157894736842,10.526315789473683
212,0.634,1,0,19,18,10.0,6.34,31.57894736842105,36.84210526315789,10.526315789473683,21.052631578947366
213,0.58,1,0,18,17,10.0,5.8,27.77777777777778,33.33333333333333,0.0,38.88888888888889
214,0.518,1,0,12,11,10.0,5.18,33.33333333333333,50.0,8.333333333333332,8.333333333333332
215,0.706,1,0,25,24,10.0,7.06,16.0,68.0,12.0,4.0
216,0.504,1,0,18,17,10.0,5.04,16.666666666666664,66.66666666666666,11.11111111111111,5.555555555555555
217,0.754,1,0,20,19,10.0,7.54,45.0,50.0,0.0,5.0
218,0.736,1,0,21,20,10.0,7.36,42.857142857142854,23.809523809523807,33.33333333333333,0.0
219,0.85,1,0,21,20,10.0,8.5,23.809523809523807,57.14285714285714,9.523809523809524,9.523809523809524
220,0.608,1,0,17,16,10.0,6.08,11.76470588235294,70.58823529411765,17.647058823529413,0.0
221,0.41,1,0,14,13,10.0,4.1,21.428571428571427,71.42857142857143,7.142857142857142,0.0
222,0.718,1,0,23,22,10.0,7.18,13.043478260869565,69.56521739130434,0.0,17.391304347826086
223,0.44,1,0,16,15,10.0,4.4,43.75,37.5,18.75,0.0
224,0.463,1,0,13,12,10.0,4.63,15.384615384615385,38.46153846153847,15.384615384615385,30.76923076923077
225,0.72,1,0,20,19,10.0,7.2,25.0,30.0,10.0,35.0
226,0.743,1,0,27,26,10.0,7.43,14.814814814814813,33.33333333333333,11.11111111111111,40.74074074074074
227,0.67,1,0,14,13,10.0,6.7,14.285714285714285,71.42857142857143,0.0,14.285714285714285
228,0.625,1,0,17,16,10.0,6.25,29.411764705882355,47.05882352941176,17.647058823529413,5.88235294117647
229,0.75,1,0,21,20,10.0,7.5,19.047619047619047,52.38095238095239,9.523809523809524,19.047619047619047
230,0.67,1,0,14,13,10.0,6.7,21.428571428571427,14.285714285714285,7.142857142857142,57.14285714285714
231,0.742,1,0,24,23,10.0,7.42,33.33333333333333,12.5,16.666666666666664,37.5
232,0.622,1,0,20,19,10.0,6.22,50.0,30.0,10.0,10.0
233,0.8,1,0,16,15,10.0,8.0,81.25,18.75,0.0,0.0
234,0.632,1,0,18,17,10.0,6.32,22.22222222222222,61.111111111111114,11.11111111111111,5.555555555555555
235,0.628,1,0,22,21,10.0,6.28,0.0,50.0,9.090909090909092,40.909090909090914
236,0.555,1,0,16,15,10.0,5.55,6.25,31.25,31.25,31.25
237,0.53,1,0,15,14,10.0,5.3,6.666666666666667,33.33333333333333,13.333333333333334,46.666666666666664
238,0.514,1,0,15,14,10.0,5.14,20.0,46.666666666666664,13.333333333333334,20.0
239,0.612,1,0,18,17,10.0,6.12,22.22222222222222,61.111111111111114,0.0,16.666666666666664
240,0.656,1,0,25,24,10.0,6.56,8.0,64.0,8.0,20.0
241,0.662,1,0,22,21,10.0,6.62,0.0,63.63636363636363,4.545454545454546,31.818181818181817
242,0.495,1,0,11,10,10.0,4.95,9.090909090909092,63.63636363636363,18.181818181818183,9.090909090909092
243,0.57,1,0,14,13,10.0,5.7,7.142857142857142,57.14285714285714,0.0,35.714285714285715
244,0.335,1,0,9,8,10.0,3.35,66.66666666666666,0.0,33.33333333333333,0.0
245,0.755,1,0,16,15,10.0,7.55,18.75,6.25,12.5,62.5
246,0.572,1,0,21,20,10.0,5.72,9.523809523809524,61.904761904761905,19.047619047619047,9.523809523809524
247,0.294,1,0,8,7,10.0,2.94,12.5,75.0,12.5,0.0
248,0.54,1,0,14,13,10.0,5.4,7.142857142857142,64.28571428571429,7.142857142857142,21.428571428571427
249,0.574,1,0,14,13,10.0,5.74,7.142857142857142,71.42857142857143,14.285714285714285,7.142857142857142
250,0.672,1,0,23,22,10.0,6.72,17.391304347826086,30.434782608695656,8.695652173913043,43.47826086956522
251,0.654,1,0,22,21,10.0,6.54,22.727272727272727,27.27272727272727,9.090909090909092,40.909090909090914
252,0.442,1,0,11,10,9.0,4.42,27.27272727272727,63.63636363636363,0.0,9.090909090909092
253,0.446,1,0,13,12,10.0,4.46,0.0,76.92307692307693,0.0,23.076923076923077
254,0.619,1,0,19,18,10.0,6.19,21.052631578947366,42.10526315789473,5.263157894736842,31.57894736842105
255,0.625,1,0,17,16,10.0,6.25,11.76470588235294,82.35294117647058,0.0,5.88235294117647
256,0.695,1,0,14,13,10.0,6.95,0.0,92.85714285714286,0.0,7.142857142857142
257,0.469,1,0,15,14,10.0,4.69,26.666666666666668,60.0,13.333333333333334,0.0
258,0.68,1,0,18,17,10.0,6.8,16.666666666666664,16.666666666666664,11.11111111111111,55.55555555555556
259,0.542,1,0,17,16,10.0,5.42,47.05882352941176,23.52941176470588,0.0,29.411764705882355
260,0.7,1,0,14,13,10.0,7.0,21.428571428571427,50.0,0.0,28.57142857142857
261,0.654,1,0,19,18,10.0,6.54,31.57894736842105,36.84210526315789,5.263157894736842,26.31578947368421
262,0.47,1,0,14,13,10.0,4.7,21.428571428571427,57.14285714285714,7.142857142857142,14.285714285714285
263,0.58,1,0,15,14,10.0,5.8,13.333333333333334,66.66666666666666,13.333333333333334,6.666666666666667
264,0.66,1,0,16,15,10.0,6.6,18.75,56.25,12.5,12.5
265,0.52,1,0,16,15,10.0,5.2,0.0,87.5,6.25,6.25
266,0.648,1,0,19,18,10.0,6.48,5.263157894736842,73.68421052631578,5.263157894736842,15.789473684210526
267,0.624,1,0,15,14,10.0,6.24,0.0,33.33333333333333,20.0,46.666666666666664
268,0.72,1,0,24,23,10.0,7.2,4.166666666666666,58.333333333333336,12.5,25.0
269,0.62,1,0,13,12,10.0,6.2,7.6923076923076925,38.46153846153847,7.6923076923076925,46.15384615384615
270,0.578,1,0,19,18,10.0,5.78,15.789473684210526,42.10526315789473,10.526315789473683,31.57894736842105
271,0.688,1,0,30,29,10.0,6.88,0.0,46.666666666666664,16.666666666666664,36.666666666666664
272,0.667,1,0,19,18,10.0,6.67,0.0,63.1578947368421,21.052631578947366,15.789473684210526
273,0.76,1,0,20,19,10.0,7.6,10.0,50.0,15.0,25.0
274,0.74,1,0,19,18,10.0,7.4,0.0,78.94736842105263,10.526315789473683,10.526315789473683
275,0.6,1,0,15,14,10.0,6.0,13.333333333333334,60.0,0.0,26.666666666666668
276,0.8,1,0,21,20,10.0,8.0,28.57142857142857,33.33333333333333,14.285714285714285,23.809523809523807
277,0.726,1,0,21,20,10.0,7.26,0.0,47.61904761904761,4.761904761904762,47.61904761904761
278,0.612,1,0,18,17,10.0,6.12,0.0,66.66666666666666,11.11111111111111,22.22222222222222
279,0.745,1,0,14,13,10.0,7.45,14.285714285714285,28.57142857142857,14.285714285714285,42.857142857142854
280,0.374,1,0,10,9,9.0,3.74,50.0,30.0,10.0,10.0
281,0.656,1,0,23,22,10.0,6.56,21.73913043478261,56.52173913043478,4.3478260869565215,17.391304347826086
282,0.615,1,0,12,11,10.0,6.15,0.0,50.0,16.666666666666664,33.33333333333333
283,0.474,1,0,14,13,10.0,4.74,0.0,35.714285714285715,42.857142857142854,21.428571428571427
284,0.539,1,0,18,17,10.0,5.39,22.22222222222222,33.33333333333333,11.11111111111111,33.33333333333333
285,0.68,1,0,14,13,10.0,6.8,35.714285714285715,35.714285714285715,21.428571428571427,7.142857142857142
286,0.56,1,0,18,17,10.0,5.6,16.666666666666664,61.111111111111114,5.555555555555555,16.666666666666664
287,0.673,1,0,22,21,10.0,6.73,45.45454545454545,31.818181818181817,9.090909090909092,13.636363636363635
288,0.68,1,0,15,14,10.0,6.8,13.333333333333334,40.0,6.666666666666667,40.0
289,0.633,1,0,19,18,10.0,6.33,21.052631578947366,42.10526315789473,5.263157894736842,31.57894736842105
290,0.624,1,0,21,20,10.0,6.24,9.523809523809524,52.38095238095239,4.761904761904762,33.33333333333333
291,0.7,1,0,19,18,10.0,7.0,5.263157894736842,68.42105263157895,10.526315789473683,15.789473684210526
292,0.689,1,0,25,24,10.0,6.89,52.0,28.000000000000004,8.0,12.0
293,0.679,1,0,16,15,10.0,6.79,25.0,43.75,6.25,25.0
294,0.735,1,0,12,11,10.0,7.35,8.333333333333332,16.666666666666664,8.333333333333332,66.66666666666666
295,0.63,1,0,11,10,10.0,6.3,18.181818181818183,27.27272727272727,9.090909090909092,45.45454545454545
296,0.715,1,0,16,15,10.0,7.15,0.0,37.5,12.5,50.0
297,0.6,1,0,15,14,10.0,6.0,13.333333333333334,80.0,6.666666666666667,0.0
298,0.572,1,0,15,14,10.0,5.72,33.33333333333333,33.33333333333333,20.0,13.333333333333334
299,0.735,1,0,20,19,10.0,7.35,20.0,40.0,10.0,30.0
300,0.65,1,0,26,25,10.0,6.5,11.538461538461538,61.53846153846154,19.230769230769234,7.6923076923076925
301,0.799,1,0,24,23,10.0,7.99,25.0,37.5,20.833333333333336,16.666666666666664
302,0.63,1,0,19,18,10.0,6.3,0.0,31.57894736842105,5.263157894736842,63.1578947368421
303,0.824,1,0,36,35,10.0,8.24,0.0,22.22222222222222,19.444444444444446,58.333333333333336
304,0.636,1,0,17,16,10.0,6.36,23.52941176470588,11.76470588235294,5.88235294117647,58.82352941176471
305,0.485,1,0,9,8,10.0,4.85,0.0,77.77777777777779,22.22222222222222,0.0
306,0.356,1,0,9,8,10.0,3.56,22.22222222222222,22.22222222222222,33.33333333333333,22.22222222222222
307,0.804,1,0,25,24,10.0,8.04,4.0,76.0,8.0,12.0
308,0.58,1,0,15,14,10.0,5.8,53.333333333333336,20.0,6.666666666666667,20.0
309,0.751,1,0,21,20,10.0,7.51,4.761904761904762,33.33333333333333,9.523809523809524,52.38095238095239
310,0.643,1,0,20,19,10.0,6.43,0.0,70.0,10.0,20.0
311,0.475,1,0,11,10,10.0,4.75,36.36363636363637,45.45454545454545,9.090909090909092,9.090909090909092
312,0.5,1,0,10,9,10.0,5.0,20.0,50.0,10.0,20.0
313,0.744,1,0,20,19,10.0,7.44,10.0,50.0,25.0,15.0
314,0.66,1,0,14,13,10.0,6.6,14.285714285714285,64.28571428571429,14.285714285714285,7.142857142857142
315,0.712,1,0,20,19,10.0,7.12,0.0,20.0,10.0,70.0
316,0.566,1,0,17,16,10.0,5.66,11.76470588235294,76.47058823529412,5.88235294117647,5.88235294117647
317,0.75,1,0,18,17,10.0,7.5,0.0,72.22222222222221,5.555555555555555,22.22222222222222
318,0.6,1,0,14,13,10.0,6.0,28.57142857142857,42.857142857142854,0.0,28.57142857142857
319,0.752,1,0,25,24,10.0,7.52,8.0,72.0,8.0,12.0
320,0.612,1,0,17,16,10.0,6.12,23.52941176470588,58.82352941176471,11.76470588235294,5.88235294117647
321,0.483,1,0,20,19,10.0,4.83,20.0,50.0,5.0,25.0
322,0.522,1,0,14,13,10.0,5.22,14.285714285714285,71.42857142857143,7.142857142857142,7.142857142857142
323,0.534,1,0,19,18,10.0,5.34,36.84210526315789,47.368421052631575,5.263157894736842,10.526315789473683
324,0.518,1,0,19,18,10.0,5.18,31.57894736842105,15.789473684210526,0.0,52.63157894736842
325,0.654,1,0,18,17,10.0,6.54,11.11111111111111,66.66666666666666,11.11111111111111,11.11111111111111
326,0.7,1,0,15,14,10.0,7.0,26.666666666666668,60.0,13.333333333333334,0.0
327,0.596,1,0,14,13,10.0,5.96,28.57142857142857,35.714285714285715,0.0,35.714285714285715
328,0.702,1,0,16,15,10.0,7.02,12.5,68.75,0.0,18.75
329,0.855,1,0,14,13,10.0,8.55,7.142857142857142,57.14285714285714,0.0,35.714285714285715
330,0.66,1,0,19,18,10.0,6.6,21.052631578947366,52.63157894736842,15.789473684210526,10.526315789473683
331,0.512,1,0,15,14,10.0,5.12,6.666666666666667,66.66666666666666,0.0,26.666666666666668
332,0.74,1,0,13,12,10.0,7.4,0.0,92.3076923076923,0.0,7.6923076923076925
333,0.81,1,0,19,18,10.0,8.1,5.263157894736842,68.42105263157895,0.0,26.31578947368421
334,0.577,1,0,16,15,10.0,5.77,62.5,12.5,0.0,25.0
335,0.776,1,0,24,23,10.0,7.76,25.0,62.5,0.0,12.5
336,0.612,1,0,16,15,10.0,6.12,43.75,31.25,6.25,18.75
337,0.845,1,0,16,15,10.0,8.45,12.5,18.75,0.0,68.75
338,0.592,1,0,19,18,10.0,5.92,26.31578947368421,26.31578947368421,0.0,47.368421052631575
339,0.478,1,0,11,10,10.0,4.78,36.36363636363637,45.45454545454545,9.090909090909092,9.090909090909092
340,0.675,1,0,15,14,10.0,6.75,26.666666666666668,26.666666666666668,6.666666666666667,40.0
341,0.786,1,0,29,28,10.0,7.86,6.896551724137931,55.172413793103445,0.0,37.93103448275862
342,0.652,1,0,17,16,10.0,6.52,11.76470588235294,52.94117647058824,5.88235294117647,29.411764705882355
343,0.594,1,0,21,20,10.0,5.94,9.523809523809524,14.285714285714285,0.0,76.19047619047619
344,0.62,1,0,18,17,10.0,6.2,27.77777777777778,55.55555555555556,5.555555555555555,11.11111111111111
345,0.641,1,0,17,16,10.0,6.41,0.0,17.647058823529413,0.0,82.35294117647058
346,0.636,1,0,21,20,10.0,6.36,0.0,66.66666666666666,0.0,33.33333333333333
347,0.595,1,0,21,20,10.0,5.95,4.761904761904762,42.857142857142854,0.0,52.38095238095239
348,0.664,1,0,16,15,10.0,6.64,12.5,6.25,12.5,68.75
349,0.592,1,0,16,15,10.0,5.92,12.5,62.5,6.25,18.75
350,0.736,1,0,27,26,10.0,7.36,0.0,37.03703703703704,7.4074074074074066,55.55555555555556
351,0.65,1,0,17,16,10.0,6.5,5.88235294117647,70.58823529411765,0.0,23.52941176470588
352,0.642,1,0,25,24,10.0,6.42,0.0,72.0,4.0,24.0
353,0.619,1,0,13,12,10.0,6.19,15.384615384615385,69.23076923076923,0.0,15.384615384615385
354,0.701,1,0,17,16,10.0,7.01,0.0,29.411764705882355,5.88235294117647,64.70588235294117
355,0.68,1,0,13,12,10.0,6.8,0.0,53.84615384615385,7.6923076923076925,38.46153846153847
356,0.752,1,0,18,17,10.0,7.52,0.0,83.33333333333334,11.11111111111111,5.555555555555555
357,0.652,1,0,22,21,10.0,6.52,0.0,36.36363636363637,13.636363636363635,50.0
358,0.8,1,0,15,14,10.0,8.0,0.0,33.33333333333333,13.333333333333334,53.333333333333336
359,0.51,1,0,9,8,10.0,5.1,11.11111111111111,44.44444444444444,0.0,44.44444444444444
360,0.78,1,0,15,14,10.0,7.8,13.333333333333334,40.0,6.666666666666667,40.0
361,0.59,1,0,19,18,10.0,5.9,0.0,84.21052631578947,0.0,15.789473684210526
362,0.375,1,0,11,10,10.0,3.75,9.090909090909092,81.81818181818183,0.0,9.090909090909092
363,0.71,1,0,20,19,10.0,7.1,0.0,80.0,5.0,15.0
364,0.6,1,0,20,19,10.0,6.0,0.0,70.0,10.0,20.0
365,0.7,1,0,22,21,10.0,7.0,4.545454545454546,90.9090909090909,4.545454545454546,0.0
366,0.692,1,0,19,18,10.0,6.92,0.0,42.10526315789473,5.263157894736842,52.63157894736842
367,0.59,1,0,16,15,10.0,5.9,6.25,81.25,0.0,12.5
368,0.7,1,0,15,14,10.0,7.0,13.333333333333334,46.666666666666664,0.0,40.0
369,0.705,1,0,14,13,10.0,7.05,0.0,21.428571428571427,0.0,78.57142857142857
370,0.55,1,0,12,11,10.0,5.5,0.0,16.666666666666664,0.0,83.33333333333334
371,0.75,1,0,16,15,10.0,7.5,0.0,62.5,12.5,25.0
372,0.716,1,0,29,28,10.0,7.16,13.793103448275861,41.37931034482759,3.4482758620689653,41.37931034482759
373,0.63,1,0,18,17,10.0,6.3,11.11111111111111,44.44444444444444,0.0,44.44444444444444
374,0.508,1,0,14,13,10.0,5.08,0.0,71.42857142857143,7.142857142857142,21.428571428571427
375,0.586,1,0,22,21,10.0,5.86,18.181818181818183,63.63636363636363,18.181818181818183,0.0
376,0.63,1,0,19,18,10.0,6.3,5.263157894736842,31.57894736842105,0.0,63.1578947368421
377,0.628,1,0,24,23,10.0,6.28,4.166666666666666,37.5,0.0,58.333333333333336
378,0.657,1,0,18,17,10.0,6.57,11.11111111111111,44.44444444444444,5.555555555555555,38.88888888888889
379,0.724,1,0,22,21,10.0,7.24,22.727272727272727,40.909090909090914,9.090909090909092,27.27272727272727
380,0.55,1,0,13,12,10.0,5.5,7.6923076923076925,38.46153846153847,0.0,53.84615384615385
381,0.704,1,0,13,12,10.0,7.04,38.46153846153847,15.384615384615385,15.384615384615385,30.76923076923077
382,0.6,1,0,17,16,10.0,6.0,17.647058823529413,52.94117647058824,11.76470588235294,17.647058823529413
383,0.76,1,0,17,16,10.0,7.6,29.411764705882355,41.17647058823529,0.0,29.411764705882355
384,0.595,1,0,13,12,10.0,5.95,7.6923076923076925,23.076923076923077,15.384615384615385,53.84615384615385
385,0.642,1,0,23,22,10.0,6.42,17.391304347826086,39.130434782608695,0.0,43.47826086956522
386,0.677,1,0,18,17,10.0,6.77,11.11111111111111,27.77777777777778,22.22222222222222,38.88888888888889
387,0.47,1,0,11,10,10.0,4.7,9.090909090909092,18.181818181818183,0.0,72.72727272727273
388,0.498,1,0,17,16,10.0,4.98,23.52941176470588,0.0,0.0,76.47058823529412
389,0.572,1,0,24,23,10.0,5.72,12.5,8.333333333333332,4.166666666666666,75.0
390,0.522,1,0,16,15,10.0,5.22,18.75,31.25,12.5,37.5
391,0.657,1,0,19,18,10.0,6.57,42.10526315789473,10.526315789473683,0.0,47.368421052631575
392,0.723,1,0,20,19,10.0,7.23,40.0,10.0,5.0,45.0
393,0.674,1,0,20,19,10.0,6.74,25.0,10.0,5.0,60.0
394,0.7,1,0,22,21,10.0,7.0,22.727272727272727,45.45454545454545,13.636363636363635,18.181818181818183
395,0.64,1,0,12,11,10.0,6.4,25.0,0.0,8.333333333333332,66.66666666666666
396,0.475,1,0,13,12,10.0,4.75,61.53846153846154,23.076923076923077,0.0,15.384615384615385
397,0.488,1,0,14,13,10.0,4.88,42.857142857142854,7.142857142857142,0.0,50.0
398,0.54,1,0,10,9,10.0,5.4,30.0,60.0,0.0,10.0
399,0.751,1,0,20,19,10.0,7.51,20.0,40.0,5.0,35.0
400,0.645,1,0,20,19,10.0,6.45,20.0,40.0,0.0,40.0
401,0.714,1,0,17,16,10.0,7.14,11.76470588235294,35.294117647058826,0.0,52.94117647058824
402,0.656,1,0,20,19,10.0,6.56,35.0,15.0,10.0,40.0
403,0.636,1,0,16,15,10.0,6.36,18.75,6.25,6.25,68.75
404,0.608,1,0,18,17,10.0,6.08,55.55555555555556,11.11111111111111,0.0,33.33333333333333
405,0.775,1,0,14,13,10.0,7.75,14.285714285714285,21.428571428571427,14.285714285714285,50.0
406,0.595,1,0,14,13,10.0,5.95,28.57142857142857,42.857142857142854,0.0,28.57142857142857
407,0.664,1,0,19,18,10.0,6.64,42.10526315789473,31.57894736842105,0.0,26.31578947368421
408,0.742,1,0,22,21,10.0,7.42,13.636363636363635,36.36363636363637,9.090909090909092,40.909090909090914
409,0.47,1,0,9,8,10.0,4.7,33.33333333333333,0.0,0.0,66.66666666666666
410,0.648,1,0,22,21,10.0,6.48,13.636363636363635,22.727272727272727,0.0,63.63636363636363
411,0.492,1,0,14,13,10.0,4.92,35.714285714285715,57.14285714285714,0.0,7.142857142857142
412,0.648,1,0,21,20,10.0,6.48,52.38095238095239,33.33333333333333,0.0,14.285714285714285
413,0.709,1,0,23,22,10.0,7.09,30.434782608695656,34.78260869565217,4.3478260869565215,30.434782608695656
414,0.682,1,0,14,13,10.0,6.82,7.142857142857142,28.57142857142857,0.0,64.28571428571429
415,0.53,1,0,10,9,10.0,5.3,50.0,50.0,0.0,0.0
416,0.7,1,0,13,12,10.0,7.0,23.076923076923077,15.384615384615385,7.6923076923076925,53.84615384615385
417,0.574,1,0,16,15,10.0,5.74,25.0,50.0,0.0,25.0
418,0.693,1,0,18,17,10.0,6.93,33.33333333333333,33.33333333333333,0.0,33.33333333333333
419,0.666,1,0,17,16,10.0,6.66,35.294117647058826,41.17647058823529,0.0,23.52941176470588
420,0.592,1,0,18,17,10.0,5.92,55.55555555555556,11.11111111111111,5.555555555555555,27.77777777777778
421,0.748,1,0,18,17,10.0,7.48,11.11111111111111,38.88888888888889,22.22222222222222,27.77777777777778
422,0.488,1,0,15,14,10.0,4.88,13.333333333333334,60.0,6.666666666666667,20.0
423,0.636,1,0,19,18,10.0,6.36,15.789473684210526,42.10526315789473,15.789473684210526,26.31578947368421
424,0.679,1,0,29,28,10.0,6.79,10.344827586206897,58.620689655172406,6.896551724137931,24.137931034482758
425,0.404,1,0,15,14,10.0,4.04,26.666666666666668,60.0,6.666666666666667,6.666666666666667
426,0.496,1,0,19,18,10.0,4.96,21.052631578947366,36.84210526315789,0.0,42.10526315789473
427,0.499,1,0,16,15,10.0,4.99,18.75,62.5,12.5,6.25
428,0.695,1,0,13,12,10.0,6.95,23.076923076923077,23.076923076923077,0.0,53.84615384615385
429,0.694,1,0,20,19,10.0,6.94,30.0,30.0,0.0,40.0
430,0.692,1,0,19,18,10.0,6.92,10.526315789473683,84.21052631578947,0.0,5.263157894736842
431,0.675,1,0,10,9,10.0,6.75,0.0,60.0,0.0,40.0
432,0.672,1,0,18,17,10.0,6.72,5.555555555555555,66.66666666666666,0.0,27.77777777777778
433,0.646,1,0,20,19,10.0,6.46,60.0,35.0,0.0,5.0
434,0.695,1,0,19,18,10.0,6.95,5.263157894736842,84.21052631578947,5.263157894736842,5.263157894736842
435,0.532,1,0,15,14,10.0,5.32,40.0,46.666666666666664,13.333333333333334,0.0
436,0.328,1,0,14,13,10.0,3.28,21.428571428571427,57.14285714285714,21.428571428571427,0.0
437,0.634,1,0,16,15,10.0,6.34,0.0,18.75,12.5,68.75
438,0.608,1,0,20,19,10.0,6.08,0.0,50.0,10.0,40.0
439,0.546,1,0,20,19,10.0,5.46,5.0,35.0,20.0,40.0
440,0.704,1,0,30,29,10.0,7.04,10.0,43.333333333333336,23.333333333333332,23.333333333333332
441,0.782,1,0,30,29,10.0,7.82,0.0,76.66666666666667,16.666666666666664,6.666666666666667
442,0.72,1,0,23,22,10.0,7.2,8.695652173913043,60.86956521739131,13.043478260869565,17.391304347826086
443,0.606,1,0,20,19,10.0,6.06,25.0,40.0,30.0,5.0
444,0.652,1,0,22,21,10.0,6.52,0.0,63.63636363636363,22.727272727272727,13.636363636363635
445,0.472,1,0,17,16,10.0,4.72,5.88235294117647,23.52941176470588,23.52941176470588,47.05882352941176
446,0.63,1,0,19,18,10.0,6.3,10.526315789473683,63.1578947368421,26.31578947368421,0.0
447,0.566,1,0,21,20,10.0,5.66,47.61904761904761,38.095238095238095,14.285714285714285,0.0
448,0.438,1,0,14,13,10.0,4.38,7.142857142857142,57.14285714285714,21.428571428571427,14.285714285714285
449,0.548,1,0,24,23,10.0,5.48,4.166666666666666,70.83333333333334,16.666666666666664,8.333333333333332
450,0.718,1,0,18,17,10.0,7.18,5.555555555555555,38.88888888888889,0.0,55.55555555555556
451,0.577,1,0,12,11,10.0,5.77,25.0,58.333333333333336,16.666666666666664,0.0
452,0.679,1,0,30,29,10.0,6.79,0.0,66.66666666666666,16.666666666666664,16.666666666666664
453,0.67,1,0,21,20,10.0,6.7,4.761904761904762,61.904761904761905,19.047619047619047,14.285714285714285
454,0.707,1,0,19,18,10.0,7.07,10.526315789473683,21.052631578947366,21.052631578947366,47.368421052631575
455,0.692,1,0,19,18,10.0,6.92,5.263157894736842,36.84210526315789,15.789473684210526,42.10526315789473
456,0.656,1,0,23,22,10.0,6.56,0.0,30.434782608695656,4.3478260869565215,65.21739130434783
457,0.52,1,0,12,11,10.0,5.2,16.666666666666664,33.33333333333333,8.333333333333332,41.66666666666667
458,0.552,1,0,19,18,10.0,5.52,0.0,57.89473684210527,10.526315789473683,31.57894736842105
459,0.534,1,0,19,18,10.0,5.34,15.789473684210526,36.84210526315789,21.052631578947366,26.31578947368421
460,0.524,1,0,15,14,10.0,5.24,0.0,80.0,13.333333333333334,6.666666666666667
461,0.662,1,0,23,22,10.0,6.62,21.73913043478261,43.47826086956522,30.434782608695656,4.3478260869565215
462,0.613,1,0,19,18,10.0,6.13,10.526315789473683,57.89473684210527,5.263157894736842,26.31578947368421
463,0.512,1,0,15,14,10.0,5.12,6.666666666666667,80.0,13.333333333333334,0.0
464,0.644,1,0,21,20,10.0,6.44,0.0,42.857142857142854,9.523809523809524,47.61904761904761
465,0.62,1,0,12,11,10.0,6.2,0.0,50.0,16.666666666666664,33.33333333333333
466,0.716,1,0,17,16,10.0,7.16,0.0,35.294117647058826,23.52941176470588,41.17647058823529
467,0.685,1,0,24,23,10.0,6.85,4.166666666666666,54.166666666666664,20.833333333333336,20.833333333333336
468,0.52,1,0,15,14,10.0,5.2,6.666666666666667,80.0,13.333333333333334,0.0
469,0.552,1,0,18,17,10.0,5.52,11.11111111111111,5.555555555555555,33.33333333333333,50.0
470,0.63,1,0,22,21,10.0,6.3,18.181818181818183,27.27272727272727,22.727272727272727,31.818181818181817
471,0.635,1,0,15,14,10.0,6.35,0.0,80.0,13.333333333333334,6.666666666666667
472,0.804,1,0,21,20,10.0,8.04,0.0,66.66666666666666,4.761904761904762,28.57142857142857
473,0.723,1,0,22,21,10.0,7.23,4.545454545454546,45.45454545454545,9.090909090909092,40.909090909090914
474,0.456,1,0,15,14,10.0,4.56,0.0,33.33333333333333,13.333333333333334,53.333333333333336
475,0.594,1,0,16,15,10.0,5.94,0.0,68.75,25.0,6.25
476,0.51,1,0,18,17,10.0,5.1,5.555555555555555,77.77777777777779,16.666666666666664,0.0
477,0.645,1,0,13,12,10.0,6.45,0.0,53.84615384615385,23.076923076923077,23.076923076923077
478,0.744,1,0,27,26,10.0,7.44,3.7037037037037033,33.33333333333333,14.814814814814813,48.148148148148145
479,0.677,1,0,29,28,10.0,6.77,24.137931034482758,41.37931034482759,13.793103448275861,20.689655172413794
480,0.624,1,0,17,16,10.0,6.24,0.0,41.17647058823529,11.76470588235294,47.05882352941176
481,0.679,1,0,18,17,10.0,6.79,5.555555555555555,44.44444444444444,0.0,50.0
482,0.512,1,0,12,11,10.0,5.12,0.0,75.0,25.0,0.0
483,0.583,1,0,19,18,10.0,5.83,5.263157894736842,63.1578947368421,10.526315789473683,21.052631578947366
484,0.736,1,0,24,23,10.0,7.36,25.0,37.5,12.5,25.0
485,0.61,1,0,16,15,10.0,6.1,25.0,43.75,25.0,6.25
486,0.712,1,0,25,24,10.0,7.12,4.0,80.0,12.0,4.0
487,0.795,1,0,17,16,10.0,7.95,11.76470588235294,58.82352941176471,11.76470588235294,17.647058823529413
488,0.488,1,0,16,15,10.0,4.88,12.5,50.0,12.5,25.0
489,0.657,1,0,23,22,10.0,6.57,0.0,65.21739130434783,17.391304347826086,17.391304347826086
490,0.745,1,0,11,10,10.0,7.45,9.090909090909092,72.72727272727273,9.090909090909092,9.090909090909092
491,0.66,1,0,25,24,10.0,6.6,0.0,72.0,12.0,16.0
492,0.538,1,0,17,16,10.0,5.38,17.647058823529413,58.82352941176471,17.647058823529413,5.88235294117647
493,0.452,1,0,11,10,10.0,4.52,9.090909090909092,18.181818181818183,9.090909090909092,63.63636363636363
494,0.724,1,0,22,21,10.0,7.24,4.545454545454546,77.27272727272727,18.181818181818183,0.0
495,0.555,1,0,10,9,10.0,5.55,0.0,40.0,20.0,40.0
496,0.7,1,0,11,10,10.0,7.0,0.0,63.63636363636363,9.090909090909092,27.27272727272727
497,0.48,1,0,18,17,10.0,4.8,27.77777777777778,33.33333333333333,16.666666666666664,22.22222222222222
498,0.603,1,0,18,17,10.0,6.03,11.11111111111111,50.0,16.666666666666664,22.22222222222222
499,0.72,1,0,17,16,10.0,7.2,0.0,47.05882352941176,23.52941176470588,29.411764705882355
500,0.5,1,0,12,11,10.0,5.0,33.33333333333333,16.666666666666664,8.333333333333332,41.66666666666667
501,0.46,1,0,12,11,9.0,4.6,16.666666666666664,58.333333333333336,8.333333333333332,16.666666666666664
502,0.546,1,0,17,16,10.0,5.46,0.0,29.411764705882355,5.88235294117647,64.70588235294117
503,0.643,1,0,19,18,10.0,6.43,15.789473684210526,63.1578947368421,15.789473684210526,5.263157894736842
504,0.803,1,0,17,16,10.0,8.03,5.88235294117647,70.58823529411765,17.647058823529413,5.88235294117647
505,0.48,1,0,14,13,10.0,4.8,0.0,71.42857142857143,21.428571428571427,7.142857142857142
506,0.724,1,0,18,17,10.0,7.24,16.666666666666664,44.44444444444444,5.555555555555555,33.33333333333333
507,0.492,1,0,18,17,10.0,4.92,22.22222222222222,55.55555555555556,16.666666666666664,5.555555555555555
508,0.636,1,0,17,16,10.0,6.36,5.88235294117647,52.94117647058824,5.88235294117647,35.294117647058826
509,0.508,1,0,15,14,10.0,5.08,26.666666666666668,33.33333333333333,20.0,20.0
510,0.684,1,0,22,21,10.0,6.84,22.727272727272727,40.909090909090914,9.090909090909092,27.27272727272727
511,0.688,1,0,20,19,10.0,6.88,5.0,45.0,20.0,30.0
512,0.565,1,0,11,10,10.0,5.65,9.090909090909092,45.45454545454545,9.090909090909092,36.36363636363637
513,0.636,1,0,21,20,10.0,6.36,4.761904761904762,66.66666666666666,14.285714285714285,14.285714285714285
514,0.62,1,0,15,14,10.0,6.2,6.666666666666667,53.333333333333336,26.666666666666668,13.333333333333334
515,0.644,1,0,18,17,10.0,6.44,16.666666666666664,72.22222222222221,5.555555555555555,5.555555555555555
516,0.696,1,0,21,20,10.0,6.96,4.761904761904762,61.904761904761905,23.809523809523807,9.523809523809524
517,0.61,1,0,19,18,10.0,6.1,0.0,73.68421052631578,10.526315789473683,15.789473684210526
518,0.565,1,0,14,13,10.0,5.65,0.0,85.71428571428571,7.142857142857142,7.142857142857142
519,0.715,1,0,22,21,10.0,7.15,4.545454545454546,81.81818181818183,13.636363636363635,0.0
520,0.636,1,0,23,22,10.0,6.36,4.3478260869565215,78.26086956521739,8.695652173913043,8.695652173913043
521,0.626,1,0,20,19,10.0,6.26,0.0,45.0,15.0,40.0
522,0.384,1,0,11,10,10.0,3.84,9.090909090909092,72.72727272727273,9.090909090909092,9.090909090909092
523,0.574,1,0,12,11,10.0,5.74,0.0,83.33333333333334,16.666666666666664,0.0
524,0.584,1,0,18,17,10.0,5.84,22.22222222222222,61.111111111111114,16.666666666666664,0.0
525,0.58,1,0,15,14,10.0,5.8,46.666666666666664,40.0,13.333333333333334,0.0
526,0.58,1,0,17,16,10.0,5.8,5.88235294117647,76.47058823529412,17.647058823529413,0.0
527,0.546,1,0,21,20,10.0,5.46,0.0,57.14285714285714,19.047619047619047,23.809523809523807
528,0.564,1,0,16,15,10.0,5.64,25.0,62.5,12.5,0.0
529,0.752,1,0,24,23,10.0,7.52,0.0,79.16666666666666,4.166666666666666,16.666666666666664
530,0.675,1,0,14,13,10.0,6.75,7.142857142857142,78.57142857142857,14.285714285714285,0.0
531,0.624,1,0,25,24,10.0,6.24,4.0,68.0,16.0,12.0
532,0.485,1,0,13,12,10.0,4.85,7.6923076923076925,38.46153846153847,15.384615384615385,38.46153846153847
533,0.642,1,0,25,24,10.0,6.42,24.0,32.0,16.0,28.000000000000004
534,0.624,1,0,21,20,10.0,6.24,0.0,57.14285714285714,19.047619047619047,23.809523809523807
535,0.608,1,0,19,18,10.0,6.08,15.789473684210526,68.42105263157895,15.789473684210526,0.0
536,0.456,1,0,12,11,10.0,4.56,0.0,33.33333333333333,41.66666666666667,25.0
537,0.739,1,0,22,21,10.0,7.39,0.0,95.45454545454545,4.545454545454546,0.0
538,0.588,1,0,19,18,10.0,5.88,5.263157894736842,84.21052631578947,10.526315789473683,0.0
539,0.452,1,0,12,11,10.0,4.52,33.33333333333333,50.0,16.666666666666664,0.0
540,0.65,1,0,13,12,10.0,6.5,0.0,76.92307692307693,23.076923076923077,0.0
541,0.664,1,0,20,19,10.0,6.64,0.0,70.0,10.0,20.0
542,0.693,1,0,20,19,10.0,6.93,5.0,70.0,25.0,0.0
543,0.674,1,0,19,18,10.0,6.74,0.0,78.94736842105263,21.052631578947366,0.0
544,0.725,1,0,22,21,10.0,7.25,0.0,50.0,9.090909090909092,40.909090909090914
545,0.636,1,0,21,20,10.0,6.36,4.761904761904762,76.19047619047619,14.285714285714285,4.761904761904762
546,0.492,1,0,14,13,10.0,4.92,7.142857142857142,85.71428571428571,7.142857142857142,0.0
547,0.526,1,0,19,18,10.0,5.26,26.31578947368421,47.368421052631575,15.789473684210526,10.526315789473683
548,0.537,1,0,16,15,10.0,5.37,6.25,75.0,12.5,6.25
549,0.69,1,0,20,19,10.0,6.9,0.0,65.0,15.0,20.0
550,0.772,1,0,19,18,10.0,7.72,5.263157894736842,36.84210526315789,10.526315789473683,47.368421052631575
551,0.56,1,0,18,17,10.0,5.6,0.0,83.33333333333334,11.11111111111111,5.555555555555555
552,0.623,1,0,17,16,10.0,6.23,5.88235294117647,47.05882352941176,29.411764705882355,17.647058823529413
553,0.5,1,0,19,18,10.0,5.0,26.31578947368421,47.368421052631575,15.789473684210526,10.526315789473683
554,0.536,1,0,16,15,10.0,5.36,0.0,62.5,25.0,12.5
555,0.67,1,0,14,13,10.0,6.7,0.0,71.42857142857143,21.428571428571427,7.142857142857142
556,0.584,1,0,23,22,10.0,5.84,0.0,60.86956521739131,17.391304347826086,21.73913043478261
557,0.825,1,0,14,13,10.0,8.25,7.142857142857142,50.0,14.285714285714285,28.57142857142857
558,0.716,1,0,20,19,10.0,7.16,10.0,60.0,15.0,15.0
559,0.631,1,0,17,16,10.0,6.31,0.0,76.47058823529412,5.88235294117647,17.647058823529413
560,0.72,1,0,24,23,10.0,7.2,0.0,50.0,25.0,25.0
561,0.641,1,0,21,20,10.0,6.41,14.285714285714285,61.904761904761905,14.285714285714285,9.523809523809524
562,0.578,1,0,19,18,10.0,5.78,0.0,89.47368421052632,10.526315789473683,0.0
563,0.714,1,0,20,19,10.0,7.14,15.0,60.0,20.0,5.0
564,0.78,1,0,23,22,10.0,7.8,0.0,73.91304347826086,13.043478260869565,13.043478260869565
565,0.57,1,0,12,11,10.0,5.7,8.333333333333332,41.66666666666667,8.333333333333332,41.66666666666667
566,0.5,1,0,14,13,10.0,5.0,0.0,71.42857142857143,7.142857142857142,21.428571428571427
567,0.754,1,0,24,23,10.0,7.54,8.333333333333332,54.166666666666664,12.5,25.0
568,0.6,1,0,16,15,10.0,6.0,0.0,68.75,25.0,6.25
569,0.82,1,0,24,23,10.0,8.2,0.0,66.66666666666666,12.5,20.833333333333336
570,0.674,1,0,16,15,10.0,6.74,6.25,50.0,25.0,18.75
571,0.449,1,0,11,10,10.0,4.49,0.0,45.45454545454545,27.27272727272727,27.27272727272727
572,0.8,1,0,12,11,10.0,8.0,0.0,33.33333333333333,16.666666666666664,50.0
573,0.712,1,0,22,21,10.0,7.12,0.0,50.0,9.090909090909092,40.909090909090914
574,0.581,1,0,17,16,10.0,5.81,23.52941176470588,64.70588235294117,5.88235294117647,5.88235294117647
575,0.672,1,0,22,21,10.0,6.72,4.545454545454546,86.36363636363636,9.090909090909092,0.0
576,0.468,1,0,11,10,10.0,4.68,36.36363636363637,27.27272727272727,27.27272727272727,9.090909090909092
577,0.606,1,0,15,14,10.0,6.06,6.666666666666667,60.0,26.666666666666668,6.666666666666667
578,0.67,1,0,17,16,10.0,6.7,5.88235294117647,64.70588235294117,17.647058823529413,11.76470588235294
579,0.662,1,0,27,26,10.0,6.62,0.0,85.18518518518519,7.4074074074074066,7.4074074074074066
580,0.556,1,0,13,12,10.0,5.56,0.0,76.92307692307693,15.384615384615385,7.6923076923076925
581,0.56,1,0,12,11,10.0,5.6,8.333333333333332,66.66666666666666,25.0,0.0
582,0.614,1,0,17,16,10.0,6.14,17.647058823529413,41.17647058823529,17.647058823529413,23.52941176470588
583,0.55,1,0,20,19,10.0,5.5,5.0,75.0,15.0,5.0
584,0.744,1,0,25,24,10.0,7.44,0.0,84.0,16.0,0.0
585,0.29,1,0,11,10,10.0,2.9,0.0,72.72727272727273,27.27272727272727,0.0
586,0.438,1,0,16,15,10.0,4.38,25.0,50.0,25.0,0.0
587,0.579,1,0,22,21,10.0,5.79,4.545454545454546,81.81818181818183,13.636363636363635,0.0
588,0.792,1,0,24,23,10.0,7.92,4.166666666666666,87.5,8.333333333333332,0.0
589,0.406,1,0,11,10,10.0,4.06,45.45454545454545,45.45454545454545,9.090909090909092,0.0
590,0.76,1,0,25,24,10.0,7.6,0.0,72.0,4.0,24.0
591,0.556,1,0,20,19,10.0,5.56,0.0,90.0,10.0,0.0
592,0.626,1,0,17,16,10.0,6.26,11.76470588235294,70.58823529411765,5.88235294117647,11.76470588235294
593,0.656,1,0,24,23,10.0,6.56,4.166666666666666,79.16666666666666,8.333333333333332,8.333333333333332
594,0.738,1,0,29,28,10.0,7.38,20.689655172413794,68.96551724137932,10.344827586206897,0.0
595,0.64,1,0,17,16,10.0,6.4,41.17647058823529,23.52941176470588,17.647058823529413,17.647058823529413
596,0.498,1,0,15,14,10.0,4.98,0.0,80.0,20.0,0.0
597,0.728,1,0,26,25,10.0,7.28,3.8461538461538463,84.61538461538461,7.6923076923076925,3.8461538461538463
598,0.733,1,0,20,19,10.0,7.33,0.0,50.0,10.0,40.0
599,0.787,1,0,22,21,10.0,7.87,4.545454545454546,36.36363636363637,9.090909090909092,50.0
600,0.58,1,0,13,12,10.0,5.8,7.6923076923076925,69.23076923076923,23.076923076923077,0.0
601,0.85,1,0,15,14,10.0,8.5,0.0,80.0,6.666666666666667,13.333333333333334
602,0.712,1,0,18,17,10.0,7.12,5.555555555555555,44.44444444444444,5.555555555555555,44.44444444444444
603,0.567,1,0,15,14,10.0,5.67,13.333333333333334,73.33333333333333,13.333333333333334,0.0
604,0.7,1,0,21,20,10.0,7.0,28.57142857142857,57.14285714285714,9.523809523809524,4.761904761904762
605,0.426,1,0,14,13,10.0,4.26,0.0,57.14285714285714,21.428571428571427,21.428571428571427
606,0.652,1,0,19,18,10.0,6.52,0.0,78.94736842105263,15.789473684210526,5.263157894736842
607,0.776,1,0,24,23,10.0,7.76,20.833333333333336,62.5,12.5,4.166666666666666
608,0.76,1,0,22,21,10.0,7.6,0.0,50.0,18.181818181818183,31.818181818181817
609,0.463,1,0,17,16,10.0,4.63,23.52941176470588,64.70588235294117,11.76470588235294,0.0
610,0.625,1,0,14,13,10.0,6.25,21.428571428571427,64.28571428571429,0.0,14.285714285714285
611,0.552,1,0,17,16,10.0,5.52,17.647058823529413,58.82352941176471,23.52941176470588,0.0
612,0.622,1,0,18,17,10.0,6.22,5.555555555555555,61.111111111111114,16.666666666666664,16.666666666666664
613,0.83,1,0,14,13,10.0,8.3,7.142857142857142,35.714285714285715,7.142857142857142,50.0
614,0.788,1,0,33,32,10.0,7.88,12.121212121212121,69.6969696969697,6.0606060606060606,12.121212121212121
615,0.44,1,0,13,12,10.0,4.4,0.0,92.3076923076923,7.6923076923076925,0.0
616,0.835,1,0,18,17,10.0,8.35,11.11111111111111,83.33333333333334,5.555555555555555,0.0
617,0.622,1,0,21,20,10.0,6.22,0.0,85.71428571428571,14.285714285714285,0.0
618,0.648,1,0,15,14,10.0,6.48,6.666666666666667,53.333333333333336,20.0,20.0
619,0.556,1,0,24,23,10.0,5.56,29.166666666666668,62.5,8.333333333333332,0.0
620,0.584,1,0,15,14,10.0,5.84,20.0,46.666666666666664,33.33333333333333,0.0
621,0.727,1,0,13,12,10.0,7.27,15.384615384615385,76.92307692307693,7.6923076923076925,0.0
622,0.582,1,0,18,17,10.0,5.82,0.0,88.88888888888889,5.555555555555555,5.555555555555555
623,0.63,1,0,13,12,10.0,6.3,0.0,84.61538461538461,15.384615384615385,0.0
624,0.68,1,0,16,15,10.0,6.8,25.0,62.5,12.5,0.0
625,0.628,1,0,16,15,10.0,6.28,0.0,56.25,6.25,37.5
626,0.574,1,0,18,17,10.0,5.74,0.0,83.33333333333334,11.11111111111111,5.555555555555555
627,0.652,1,0,11,10,10.0,6.52,9.090909090909092,45.45454545454545,18.181818181818183,27.27272727272727
628,0.62,1,0,17,16,10.0,6.2,0.0,82.35294117647058,17.647058823529413,0.0
629,0.529,1,0,12,11,10.0,5.29,0.0,83.33333333333334,16.666666666666664,0.0
630,0.766,1,0,22,21,10.0,7.66,4.545454545454546,59.09090909090909,4.545454545454546,31.818181818181817
631,0.653,1,0,20,19,10.0,6.53,10.0,80.0,10.0,0.0
632,0.748,1,0,25,24,10.0,7.48,24.0,36.0,12.0,28.000000000000004
633,0.835,1,0,21,20,10.0,8.35,0.0,90.47619047619048,9.523809523809524,0.0
634,0.664,1,0,22,21,10.0,6.64,0.0,72.72727272727273,18.181818181818183,9.090909090909092
635,0.68,1,0,14,13,10.0,6.8,28.57142857142857,42.857142857142854,14.285714285714285,14.285714285714285
636,0.836,1,0,28,27,10.0,8.36,14.285714285714285,60.71428571428571,10.714285714285714,14.285714285714285
637,0.644,1,0,19,18,10.0,6.44,26.31578947368421,47.368421052631575,10.526315789473683,15.789473684210526
638,0.64,1,0,12,11,10.0,6.4,16.666666666666664,58.333333333333336,16.666666666666664,8.333333333333332
639,0.592,1,0,14,13,10.0,5.92,7.142857142857142,64.28571428571429,7.142857142857142,21.428571428571427
640,0.724,1,0,25,24,10.0,7.24,0.0,76.0,24.0,0.0
641,0.795,1,0,24,23,10.0,7.95,8.333333333333332,58.333333333333336,29.166666666666668,4.166666666666666
642,0.66,1,0,19,18,10.0,6.6,0.0,78.94736842105263,5.263157894736842,15.789473684210526
643,0.69,1,0,13,12,10.0,6.9,7.6923076923076925,53.84615384615385,23.076923076923077,15.384615384615385
644,0.688,1,0,22,21,9.0,6.88,0.0,68.18181818181817,22.727272727272727,9.090909090909092
645,0.468,1,0,19,18,10.0,4.68,5.263157894736842,78.94736842105263,10.526315789473683,5.263157894736842
646,0.708,1,0,23,22,10.0,7.08,0.0,60.86956521739131,13.043478260869565,26.08695652173913
647,0.514,1,0,15,14,10.0,5.14,6.666666666666667,20.0,6.666666666666667,66.66666666666666
648,0.668,1,0,14,13,10.0,6.68,0.0,35.714285714285715,7.142857142857142,57.14285714285714
649,0.454,1,0,13,12,10.0,4.54,7.6923076923076925,15.384615384615385,30.76923076923077,46.15384615384615
650,0.429,1,0,14,13,10.0,4.29,0.0,85.71428571428571,14.285714285714285,0.0
651,0.622,1,0,16,15,10.0,6.22,0.0,93.75,6.25,0.0
652,0.536,1,0,15,14,10.0,5.36,6.666666666666667,80.0,13.333333333333334,0.0
653,0.509,1,0,16,15,10.0,5.09,6.25,81.25,12.5,0.0
654,0.48,1,0,12,11,10.0,4.8,0.0,91.66666666666666,8.333333333333332,0.0
655,0.606,1,0,23,22,10.0,6.06,0.0,82.6086956521739,13.043478260869565,4.3478260869565215
656,0.696,1,0,23,22,10.0,6.96,4.3478260869565215,60.86956521739131,17.391304347826086,17.391304347826086
657,0.558,1,0,17,16,10.0,5.58,17.647058823529413,70.58823529411765,11.76470588235294,0.0
658,0.72,1,0,19,18,10.0,7.2,0.0,89.47368421052632,10.526315789473683,0.0
659,0.636,1,0,20,19,10.0,6.36,30.0,45.0,10.0,15.0
660,0.758,1,0,27,26,10.0,7.58,3.7037037037037033,55.55555555555556,14.814814814814813,25.925925925925924
661,0.528,1,0,23,22,10.0,5.28,30.434782608695656,56.52173913043478,13.043478260869565,0.0
662,0.659,1,0,18,17,10.0,6.59,11.11111111111111,61.111111111111114,11.11111111111111,16.666666666666664
663,0.725,1,0,13,12,10.0,7.25,0.0,76.92307692307693,7.6923076923076925,15.384615384615385
664,0.78,1,0,29,28,10.0,7.8,6.896551724137931,82.75862068965517,10.344827586206897,0.0
665,0.76,1,0,19,18,10.0,7.6,0.0,89.47368421052632,10.526315789473683,0.0
666,0.62,1,0,14,13,10.0,6.2,7.142857142857142,42.857142857142854,21.428571428571427,28.57142857142857
667,0.646,1,0,20,19,10.0,6.46,0.0,60.0,15.0,25.0
668,0.756,1,0,23,22,10.0,7.56,0.0,91.30434782608695,8.695652173913043,0.0
669,0.59,1,0,10,9,10.0,5.9,0.0,70.0,30.0,0.0
670,0.532,1,0,15,14,9.0,5.32,0.0,86.66666666666667,13.333333333333334,0.0
671,0.636,1,0,28,27,10.0,6.36,25.0,53.57142857142857,10.714285714285714,10.714285714285714
672,0.7,1,0,20,19,10.0,7.0,25.0,50.0,15.0,10.0
673,0.63,1,0,16,15,10.0,6.3,12.5,75.0,6.25,6.25
674,0.775,1,0,16,15,10.0,7.75,0.0,81.25,6.25,12.5
675,0.645,1,0,12,11,10.0,6.45,0.0,25.0,8.333333333333332,66.66666666666666
676,0.652,1,0,30,29,10.0,6.52,3.3333333333333335,86.66666666666667,10.0,0.0
677,0.584,1,0,19,18,10.0,5.84,21.052631578947366,63.1578947368421,15.789473684210526,0.0
678,0.44,1,0,13,12,10.0,4.4,7.6923076923076925,84.61538461538461,7.6923076923076925,0.0
679,0.784,1,0,19,18,10.0,7.84,5.263157894736842,63.1578947368421,21.052631578947366,10.526315789473683
680,0.798,1,0,21,20,10.0,7.98,0.0,90.47619047619048,4.761904761904762,4.761904761904762
681,0.7,1,0,10,9,10.0,7.0,0.0,90.0,10.0,0.0
682,0.727,1,0,17,16,10.0,7.27,0.0,52.94117647058824,17.647058823529413,29.411764705882355
683,0.725,1,0,11,10,10.0,7.25,0.0,63.63636363636363,9.090909090909092,27.27272727272727
684,0.604,1,0,25,24,10.0,6.04,40.0,48.0,8.0,4.0
685,0.618,1,0,19,18,10.0,6.18,26.31578947368421,73.68421052631578,0.0,0.0
686,0.51,1,0,10,9,10.0,5.1,0.0,60.0,20.0,20.0
687,0.81,1,0,15,14,10.0,8.1,6.666666666666667,66.66666666666666,13.333333333333334,13.333333333333334
688,0.684,1,0,19,18,10.0,6.84,0.0,89.47368421052632,10.526315789473683,0.0
689,0.591,1,0,19,18,10.0,5.91,5.263157894736842,78.94736842105263,15.789473684210526,0.0
690,0.518,1,0,12,11,10.0,5.18,41.66666666666667,41.66666666666667,16.666666666666664,0.0
691,0.69,1,0,23,22,10.0,6.9,8.695652173913043,78.26086956521739,8.695652173913043,4.3478260869565215
692,0.712,1,0,18,17,10.0,7.12,16.666666666666664,66.66666666666666,5.555555555555555,11.11111111111111
693,0.571,1,0,16,15,10.0,5.71,0.0,68.75,31.25,0.0
694,0.71,1,0,13,12,10.0,7.1,0.0,84.61538461538461,15.384615384615385,0.0
695,0.564,1,0,17,16,10.0,5.64,11.76470588235294,64.70588235294117,17.647058823529413,5.88235294117647
696,0.549,1,0,17,16,10.0,5.49,5.88235294117647,58.82352941176471,5.88235294117647,29.411764705882355
697,0.446,1,0,15,14,9.0,4.46,0.0,73.33333333333333,20.0,6.666666666666667
698,0.656,1,0,16,15,10.0,6.56,25.0,62.5,12.5,0.0
699,0.661,1,0,16,15,10.0,6.61,6.25,68.75,18.75,6.25
700,0.555,1,0,16,15,10.0,5.55,6.25,75.0,18.75,0.0
701,0.74,1,0,20,19,10.0,7.4,0.0,80.0,20.0,0.0
702,0.61,1,0,22,21,10.0,6.1,0.0,68.18181818181817,13.636363636363635,18.181818181818183
703,0.67,1,0,13,12,10.0,6.7,15.384615384615385,53.84615384615385,23.076923076923077,7.6923076923076925
704,0.653,1,0,22,21,10.0,6.53,0.0,90.9090909090909,9.090909090909092,0.0
705,0.702,1,0,23,22,10.0,7.02,13.043478260869565,78.26086956521739,8.695652173913043,0.0
706,0.736,1,0,19,18,10.0,7.36,0.0,63.1578947368421,5.263157894736842,31.57894736842105
707,0.67,1,0,19,18,10.0,6.7,0.0,52.63157894736842,31.57894736842105,15.789473684210526
708,0.77,1,0,25,24,10.0,7.7,4.0,72.0,12.0,12.0
709,0.698,1,0,19,18,10.0,6.98,5.263157894736842,57.89473684210527,15.789473684210526,21.052631578947366
710,0.63,1,0,12,11,10.0,6.3,0.0,83.33333333333334,8.333333333333332,8.333333333333332
711,0.624,1,0,17,16,10.0,6.24,5.88235294117647,41.17647058823529,5.88235294117647,47.05882352941176
712,0.577,1,0,16,15,10.0,5.77,31.25,37.5,6.25,25.0
713,0.484,1,0,13,12,10.0,4.84,0.0,84.61538461538461,7.6923076923076925,7.6923076923076925
714,0.612,1,0,19,18,10.0,6.12,0.0,89.47368421052632,10.526315789473683,0.0
715,0.768,1,0,28,27,10.0,7.68,0.0,89.28571428571429,10.714285714285714,0.0
716,0.68,1,0,26,25,10.0,6.8,15.384615384615385,50.0,15.384615384615385,19.230769230769234
717,0.444,1,0,15,14,10.0,4.44,6.666666666666667,80.0,13.333333333333334,0.0
718,0.638,1,0,18,17,10.0,6.38,33.33333333333333,33.33333333333333,16.666666666666664,16.666666666666664
719,0.728,1,0,23,22,10.0,7.28,0.0,91.30434782608695,8.695652173913043,0.0
720,0.47,1,0,14,13,10.0,4.7,0.0,78.57142857142857,14.285714285714285,7.142857142857142
721,0.671,1,0,21,20,10.0,6.71,0.0,47.61904761904761,9.523809523809524,42.857142857142854
722,0.342,1,0,11,10,10.0,3.42,0.0,72.72727272727273,18.181818181818183,9.090909090909092
723,0.396,1,0,14,13,10.0,3.96,0.0,85.71428571428571,14.285714285714285,0.0
724,0.536,1,0,19,18,10.0,5.36,0.0,89.47368421052632,10.526315789473683,0.0
725,0.6,1,0,13,12,10.0,6.0,0.0,76.92307692307693,23.076923076923077,0.0
726,0.637,1,0,19,18,10.0,6.37,0.0,84.21052631578947,15.789473684210526,0.0
727,0.54,1,0,18,17,10.0,5.4,27.77777777777778,55.55555555555556,16.666666666666664,0.0
728,0.592,1,0,19,18,10.0,5.92,5.263157894736842,84.21052631578947,10.526315789473683,0.0
729,0.494,1,0,12,11,10.0,4.94,16.666666666666664,58.333333333333336,16.666666666666664,8.333333333333332
730,0.394,1,0,17,16,10.0,3.94,29.411764705882355,47.05882352941176,23.52941176470588,0.0
731,0.68,1,0,23,22,10.0,6.8,0.0,86.95652173913044,13.043478260869565,0.0
732,0.51,1,0,10,9,10.0,5.1,10.0,70.0,20.0,0.0
733,0.547,1,0,15,14,10.0,5.47,13.333333333333334,60.0,13.333333333333334,13.333333333333334
734,0.645,1,0,20,19,10.0,6.45,0.0,80.0,10.0,10.0
735,0.632,1,0,23,22,10.0,6.32,39.130434782608695,52.17391304347826,8.695652173913043,0.0
736,0.495,1,0,17,16,10.0,4.95,5.88235294117647,52.94117647058824,17.647058823529413,23.52941176470588
737,0.69,1,0,11,10,10.0,6.9,0.0,63.63636363636363,18.181818181818183,18.181818181818183
738,0.636,1,0,16,15,10.0,6.36,25.0,43.75,18.75,12.5
739,0.55,1,0,17,16,10.0,5.5,0.0,70.58823529411765,5.88235294117647,23.52941176470588
740,0.58,1,0,14,13,10.0,5.8,0.0,85.71428571428571,14.285714285714285,0.0
741,0.713,1,0,23,22,10.0,7.13,0.0,82.6086956521739,13.043478260869565,4.3478260869565215
742,0.824,1,0,18,17,10.0,8.24,0.0,83.33333333333334,16.666666666666664,0.0
743,0.609,1,0,16,15,10.0,6.09,0.0,87.5,12.5,0.0
744,0.496,1,0,15,14,10.0,4.96,0.0,73.33333333333333,20.0,6.666666666666667
745,0.606,1,0,13,12,10.0,6.06,0.0,84.61538461538461,7.6923076923076925,7.6923076923076925
746,0.64,1,0,20,19,10.0,6.4,5.0,70.0,15.0,10.0
747,0.684,1,0,24,23,10.0,6.84,0.0,62.5,8.333333333333332,29.166666666666668
748,0.83,1,0,31,30,10.0,8.3,0.0,51.61290322580645,19.35483870967742,29.03225806451613
749,0.6,1,0,15,14,10.0,6.0,6.666666666666667,53.333333333333336,20.0,20.0
750,0.68,1,0,13,12,10.0,6.8,0.0,84.61538461538461,15.384615384615385,0.0
751,0.523,1,0,21,20,10.0,5.23,9.523809523809524,80.95238095238095,9.523809523809524,0.0
752,0.54,1,0,10,9,10.0,5.4,0.0,50.0,10.0,40.0
753,0.696,1,0,27,26,10.0,6.96,0.0,85.18518518518519,14.814814814814813,0.0
754,0.742,1,0,29,28,10.0,7.42,3.4482758620689653,89.65517241379311,6.896551724137931,0.0
755,0.564,1,0,17,16,10.0,5.64,17.647058823529413,41.17647058823529,17.647058823529413,23.52941176470588
756,0.602,1,0,12,11,10.0,6.02,0.0,83.33333333333334,16.666666666666664,0.0
757,0.784,1,0,27,26,10.0,7.84,0.0,74.07407407407408,7.4074074074074066,18.51851851851852
758,0.679,1,0,25,24,10.0,6.79,4.0,76.0,16.0,4.0
759,0.616,1,0,22,21,10.0,6.16,0.0,90.9090909090909,9.090909090909092,0.0
760,0.564,1,0,14,13,10.0,5.64,21.428571428571427,50.0,14.285714285714285,14.285714285714285
761,0.669,1,0,18,17,10.0,6.69,0.0,27.77777777777778,16.666666666666664,55.55555555555556
762,0.74,1,0,21,20,10.0,7.4,14.285714285714285,61.904761904761905,9.523809523809524,14.285714285714285
763,0.632,1,0,23,22,10.0,6.32,26.08695652173913,60.86956521739131,13.043478260869565,0.0
764,0.704,1,0,22,21,10.0,7.04,9.090909090909092,86.36363636363636,4.545454545454546,0.0
765,0.66,1,0,14,13,10.0,6.6,7.142857142857142,71.42857142857143,14.285714285714285,7.142857142857142
766,0.394,1,0,10,9,9.0,3.94,0.0,80.0,20.0,0.0
767,0.47,1,0,11,10,10.0,4.7,9.090909090909092,72.72727272727273,18.181818181818183,0.0
768,0.656,1,0,29,28,10.0,6.56,0.0,75.86206896551724,10.344827586206897,13.793103448275861
769,0.76,1,0,21,20,10.0,7.6,0.0,57.14285714285714,4.761904761904762,38.095238095238095
770,0.625,1,0,13,12,10.0,6.25,0.0,76.92307692307693,7.6923076923076925,15.384615384615385
771,0.508,1,0,16,15,10.0,5.08,0.0,81.25,6.25,12.5
772,0.674,1,0,25,24,10.0,6.74,0.0,84.0,8.0,8.0
773,0.648,1,0,19,18,10.0,6.48,5.263157894736842,73.68421052631578,10.526315789473683,10.526315789473683
774,0.632,1,0,16,15,10.0,6.32,0.0,81.25,18.75,0.0
775,0.644,1,0,20,19,10.0,6.44,20.0,65.0,15.0,0.0
776,0.76,1,0,25,24,10.0,7.6,0.0,92.0,4.0,4.0
777,0.679,1,0,23,22,10.0,6.79,8.695652173913043,73.91304347826086,13.043478260869565,4.3478260869565215
778,0.575,1,0,11,10,10.0,5.75,0.0,72.72727272727273,27.27272727272727,0.0
779,0.656,1,0,15,14,10.0,6.56,6.666666666666667,73.33333333333333,6.666666666666667,13.333333333333334
780,0.57,1,0,24,23,10.0,5.7,45.83333333333333,41.66666666666667,12.5,0.0
781,0.8,1,0,28,27,10.0,8.0,0.0,85.71428571428571,3.571428571428571,10.714285714285714
782,0.552,1,0,17,16,10.0,5.52,0.0,88.23529411764706,11.76470588235294,0.0
783,0.716,1,0,23,22,10.0,7.16,0.0,65.21739130434783,8.695652173913043,26.08695652173913
784,0.708,1,0,25,24,10.0,7.08,0.0,80.0,16.0,4.0
785,0.72,1,0,20,19,10.0,7.2,30.0,50.0,20.0,0.0
786,0.53,1,0,11,10,10.0,5.3,0.0,81.81818181818183,18.181818181818183,0.0
787,0.66,1,0,12,11,10.0,6.6,8.333333333333332,66.66666666666666,25.0,0.0
788,0.727,1,0,21,20,10.0,7.27,4.761904761904762,76.19047619047619,14.285714285714285,4.761904761904762
789,0.615,1,0,13,12,10.0,6.15,0.0,84.61538461538461,15.384615384615385,0.0
790,0.5,1,0,19,18,10.0,5.0,10.526315789473683,78.94736842105263,10.526315789473683,0.0
791,0.514,1,0,13,12,10.0,5.14,0.0,84.61538461538461,15.384615384615385,0.0
792,0.821,1,0,28,27,10.0,8.21,3.571428571428571,71.42857142857143,10.714285714285714,14.285714285714285
793,0.728,1,0,20,19,10.0,7.28,0.0,80.0,20.0,0.0
794,0.825,1,0,18,17,10.0,8.25,0.0,88.88888888888889,11.11111111111111,0.0
795,0.71,1,0,20,19,10.0,7.1,0.0,90.0,10.0,0.0
796,0.76,1,0,13,12,10.0,7.6,7.6923076923076925,76.92307692307693,7.6923076923076925,7.6923076923076925
797,0.548,1,0,21,20,10.0,5.48,0.0,80.95238095238095,14.285714285714285,4.761904761904762
798,0.698,1,0,28,27,10.0,6.98,0.0,67.85714285714286,3.571428571428571,28.57142857142857
799,0.506,1,0,12,11,10.0,5.06,8.333333333333332,75.0,16.666666666666664,0.0
800,0.654,1,0,20,19,10.0,6.54,55.00000000000001,35.0,10.0,0.0
801,0.704,1,0,20,19,10.0,7.04,0.0,60.0,10.0,30.0
802,0.775,1,0,14,13,10.0,7.75,21.428571428571427,50.0,21.428571428571427,7.142857142857142
803,0.412,1,0,10,9,10.0,4.12,10.0,70.0,20.0,0.0
804,0.689,1,0,22,21,10.0,6.89,0.0,95.45454545454545,4.545454545454546,0.0
805,0.556,1,0,18,17,10.0,5.56,0.0,72.22222222222221,27.77777777777778,0.0
806,0.734,1,0,15,14,10.0,7.34,6.666666666666667,80.0,6.666666666666667,6.666666666666667
807,0.673,1,0,22,21,10.0,6.73,0.0,86.36363636363636,13.636363636363635,0.0
808,0.675,1,0,25,24,10.0,6.75,8.0,80.0,12.0,0.0
809,0.568,1,0,18,17,10.0,5.68,11.11111111111111,77.77777777777779,11.11111111111111,0.0
810,0.568,1,0,21,20,10.0,5.68,19.047619047619047,66.66666666666666,14.285714285714285,0.0
811,0.579,1,0,14,13,10.0,5.79,0.0,92.85714285714286,7.142857142857142,0.0
812,0.704,1,0,21,20,10.0,7.04,14.285714285714285,66.66666666666666,9.523809523809524,9.523809523809524
813,0.7,1,0,13,12,10.0,7.0,0.0,84.61538461538461,7.6923076923076925,7.6923076923076925
814,0.57,1,0,14,13,10.0,5.7,14.285714285714285,35.714285714285715,21.428571428571427,28.57142857142857
815,0.614,1,0,16,15,10.0,6.14,6.25,87.5,6.25,0.0
816,0.728,1,0,21,20,10.0,7.28,0.0,61.904761904761905,9.523809523809524,28.57142857142857
817,0.596,1,0,16,15,10.0,5.96,0.0,81.25,12.5,6.25
818,0.54,1,0,18,17,10.0,5.4,0.0,66.66666666666666,11.11111111111111,22.22222222222222
819,0.75,1,0,12,11,10.0,7.5,0.0,75.0,8.333333333333332,16.666666666666664
820,0.648,1,0,27,26,10.0,6.48,0.0,77.77777777777779,11.11111111111111,11.11111111111111
821,0.544,1,0,15,14,9.0,5.44,20.0,66.66666666666666,13.333333333333334,0.0
822,0.72,1,0,23,22,10.0,7.2,0.0,91.30434782608695,8.695652173913043,0.0
823,0.652,1,0,19,18,10.0,6.52,15.789473684210526,42.10526315789473,10.526315789473683,31.57894736842105
824,0.525,1,0,13,12,10.0,5.25,0.0,84.61538461538461,15.384615384615385,0.0
825,0.552,1,0,16,15,10.0,5.52,6.25,56.25,6.25,31.25
826,0.516,1,0,18,17,10.0,5.16,33.33333333333333,50.0,16.666666666666664,0.0
827,0.606,1,0,17,16,10.0,6.06,0.0,47.05882352941176,17.647058823529413,35.294117647058826
828,0.594,1,0,17,16,10.0,5.94,17.647058823529413,29.411764705882355,11.76470588235294,41.17647058823529
829,0.448,1,0,13,12,10.0,4.48,30.76923076923077,46.15384615384615,23.076923076923077,0.0
830,0.673,1,0,21,20,10.0,6.73,0.0,80.95238095238095,19.047619047619047,0.0
831,0.708,1,0,25,24,10.0,7.08,0.0,88.0,8.0,4.0
832,0.767,1,0,21,20,10.0,7.67,0.0,95.23809523809523,4.761904761904762,0.0
833,0.508,1,0,13,12,10.0,5.08,0.0,46.15384615384615,15.384615384615385,38.46153846153847
834,0.474,1,0,14,13,10.0,4.74,21.428571428571427,28.57142857142857,14.285714285714285,35.714285714285715
835,0.644,1,0,19,18,10.0,6.44,5.263157894736842,73.68421052631578,15.789473684210526,5.263157894736842
836,0.711,1,0,22,21,10.0,7.11,0.0,86.36363636363636,13.636363636363635,0.0
837,0.612,1,0,16,15,10.0,6.12,12.5,68.75,12.5,6.25
838,0.522,1,0,16,15,10.0,5.22,37.5,50.0,12.5,0.0
839,0.74,1,0,19,18,10.0,7.4,0.0,63.1578947368421,26.31578947368421,10.526315789473683
840,0.674,1,0,21,20,10.0,6.74,4.761904761904762,57.14285714285714,9.523809523809524,28.57142857142857
841,0.843,1,0,19,18,10.0,8.43,0.0,89.47368421052632,10.526315789473683,0.0
842,0.616,1,0,15,14,10.0,6.16,0.0,60.0,20.0,20.0
843,0.568,1,0,12,11,10.0,5.68,0.0,58.333333333333336,25.0,16.666666666666664
844,0.836,1,0,29,28,10.0,8.36,13.793103448275861,75.86206896551724,10.344827586206897,0.0
845,0.472,1,0,13,12,9.0,4.72,23.076923076923077,53.84615384615385,23.076923076923077,0.0
846,0.652,1,0,22,21,10.0,6.52,4.545454545454546,77.27272727272727,18.181818181818183,0.0
847,0.548,1,0,16,15,10.0,5.48,0.0,81.25,12.5,6.25
848,0.582,1,0,15,14,10.0,5.82,40.0,40.0,6.666666666666667,13.333333333333334
849,0.7,1,0,15,14,10.0,7.0,0.0,93.33333333333333,6.666666666666667,0.0
850,0.693,1,0,19,18,10.0,6.93,0.0,84.21052631578947,15.789473684210526,0.0
851,0.708,1,0,24,23,10.0,7.08,12.5,75.0,12.5,0.0
852,0.733,1,0,20,19,10.0,7.33,0.0,70.0,20.0,10.0
853,0.613,1,0,21,20,10.0,6.13,0.0,66.66666666666666,9.523809523809524,23.809523809523807
854,0.605,1,0,11,10,10.0,6.05,0.0,81.81818181818183,18.181818181818183,0.0
855,0.701,1,0,18,17,10.0,7.01,5.555555555555555,83.33333333333334,11.11111111111111,0.0
856,0.676,1,0,23,22,10.0,6.76,26.08695652173913,65.21739130434783,8.695652173913043,0.0
857,0.816,1,0,22,21,10.0,8.16,9.090909090909092,77.27272727272727,13.636363636363635,0.0
858,0.55,1,0,12,11,10.0,5.5,8.333333333333332,66.66666666666666,16.666666666666664,8.333333333333332
859,0.745,1,0,17,16,10.0,7.45,29.411764705882355,58.82352941176471,11.76470588235294,0.0
860,0.587,1,0,13,12,10.0,5.87,0.0,38.46153846153847,23.076923076923077,38.46153846153847
861,0.615,1,0,12,11,10.0,6.15,16.666666666666664,75.0,8.333333333333332,0.0
862,0.764,1,0,19,18,10.0,7.64,0.0,78.94736842105263,10.526315789473683,10.526315789473683
863,0.667,1,0,19,18,10.0,6.67,10.526315789473683,73.68421052631578,5.263157894736842,10.526315789473683
864,0.644,1,0,26,25,10.0,6.44,7.6923076923076925,57.692307692307686,11.538461538461538,23.076923076923077
865,0.585,1,0,12,11,10.0,5.85,0.0,83.33333333333334,16.666666666666664,0.0
866,0.724,1,0,18,17,10.0,7.24,27.77777777777778,50.0,5.555555555555555,16.666666666666664
867,0.732,1,0,30,29,10.0,7.32,0.0,93.33333333333333,6.666666666666667,0.0
868,0.508,1,0,15,14,10.0,5.08,0.0,86.66666666666667,13.333333333333334,0.0
869,0.65,1,0,23,22,10.0,6.5,4.3478260869565215,78.26086956521739,17.391304347826086,0.0
870,0.706,1,0,21,20,10.0,7.06,0.0,90.47619047619048,9.523809523809524,0.0
871,0.605,1,0,20,19,10.0,6.05,0.0,85.0,10.0,5.0
872,0.766,1,0,23,22,10.0,7.66,13.043478260869565,73.91304347826086,8.695652173913043,4.3478260869565215
873,0.71,1,0,20,19,10.0,7.1,5.0,55.00000000000001,10.0,30.0
874,0.494,1,0,21,20,10.0,4.94,4.761904761904762,85.71428571428571,9.523809523809524,0.0
875,0.414,1,0,15,14,10.0,4.14,0.0,80.0,20.0,0.0
876,0.573,1,0,15,14,10.0,5.73,0.0,86.66666666666667,13.333333333333334,0.0
877,0.505,1,0,11,10,10.0,5.05,0.0,90.9090909090909,9.090909090909092,0.0
878,0.754,1,0,17,16,10.0,7.54,0.0,94.11764705882352,5.88235294117647,0.0
879,0.732,1,0,24,23,10.0,7.32,0.0,75.0,8.333333333333332,16.666666666666664
880,0.77,1,0,16,15,10.0,7.7,0.0,75.0,12.5,12.5
881,0.64,1,0,16,15,10.0,6.4,0.0,56.25,6.25,37.5
882,0.767,1,0,19,18,10.0,7.67,0.0,42.10526315789473,5.263157894736842,52.63157894736842
883,0.616,1,0,16,15,10.0,6.16,0.0,87.5,12.5,0.0
884,0.565,1,0,20,19,10.0,5.65,0.0,80.0,15.0,5.0
885,0.694,1,0,15,14,10.0,6.94,0.0,80.0,6.666666666666667,13.333333333333334
886,0.59,1,0,13,12,10.0,5.9,0.0,84.61538461538461,15.384615384615385,0.0
887,0.598,1,0,17,16,10.0,5.98,0.0,88.23529411764706,11.76470588235294,0.0
888,0.634,1,0,19,18,10.0,6.34,10.526315789473683,73.68421052631578,10.526315789473683,5.263157894736842
889,0.525,1,0,8,7,10.0,5.25,0.0,50.0,25.0,25.0
890,0.63,1,0,23,22,10.0,6.3,0.0,86.95652173913044,13.043478260869565,0.0
891,0.485,1,0,11,10,10.0,4.85,0.0,81.81818181818183,18.181818181818183,0.0
892,0.775,1,0,15,14,10.0,7.75,0.0,80.0,20.0,0.0
893,0.508,1,0,17,16,10.0,5.08,0.0,76.47058823529412,5.88235294117647,17.647058823529413
894,0.448,1,0,11,10,9.0,4.48,36.36363636363637,45.45454545454545,18.181818181818183,0.0
895,0.673,1,0,22,21,10.0,6.73,0.0,90.9090909090909,9.090909090909092,0.0
896,0.764,1,0,19,18,10.0,7.64,5.263157894736842,78.94736842105263,15.789473684210526,0.0
897,0.693,1,0,14,13,10.0,6.93,0.0,71.42857142857143,7.142857142857142,21.428571428571427
898,0.634,1,0,17,16,10.0,6.34,11.76470588235294,76.47058823529412,11.76470588235294,0.0
899,0.596,1,0,17,16,10.0,5.96,0.0,88.23529411764706,11.76470588235294,0.0
900,0.61,1,0,22,21,10.0,6.1,0.0,63.63636363636363,9.090909090909092,27.27272727272727
901,0.482,1,0,15,14,10.0,4.82,0.0,73.33333333333333,26.666666666666668,0.0
902,0.514,1,0,15,14,10.0,5.14,6.666666666666667,80.0,13.333333333333334,0.0
903,0.578,1,0,25,24,10.0,5.78,24.0,56.00000000000001,16.0,4.0
904,0.841,1,0,22,21,10.0,8.41,0.0,72.72727272727273,27.27272727272727,0.0
905,0.605,1,0,14,13,10.0,6.05,0.0,64.28571428571429,7.142857142857142,28.57142857142857
906,0.535,1,0,16,15,10.0,5.35,0.0,87.5,12.5,0.0
907,0.694,1,0,26,25,10.0,6.94,0.0,73.07692307692307,15.384615384615385,11.538461538461538
908,0.509,1,0,17,16,10.0,5.09,0.0,88.23529411764706,11.76470588235294,0.0
909,0.522,1,0,14,13,10.0,5.22,0.0,85.71428571428571,14.285714285714285,0.0
910,0.565,1,0,10,9,10.0,5.65,0.0,70.0,20.0,10.0
911,0.746,1,0,24,23,10.0,7.46,0.0,87.5,12.5,0.0
912,0.825,1,0,12,11,10.0,8.25,0.0,75.0,16.666666666666664,8.333333333333332
913,0.852,1,0,25,24,10.0,8.52,0.0,52.0,24.0,24.0
914,0.614,1,0,24,23,10.0,6.14,0.0,83.33333333333334,12.5,4.166666666666666
915,0.45,1,0,9,8,10.0,4.5,11.11111111111111,77.77777777777779,11.11111111111111,0.0
916,0.664,1,0,22,21,10.0,6.64,0.0,72.72727272727273,22.727272727272727,4.545454545454546
917,0.664,1,0,21,20,10.0,6.64,4.761904761904762,80.95238095238095,9.523809523809524,4.761904761904762
918,0.77,1,0,19,18,10.0,7.7,0.0,84.21052631578947,15.789473684210526,0.0
919,0.528,1,0,18,17,10.0,5.28,22.22222222222222,55.55555555555556,16.666666666666664,5.555555555555555
920,0.82,1,0,24,23,10.0,8.2,0.0,83.33333333333334,16.666666666666664,0.0
921,0.538,1,0,15,14,10.0,5.38,26.666666666666668,46.666666666666664,20.0,6.666666666666667
922,0.748,1,0,21,20,10.0,7.48,14.285714285714285,71.42857142857143,14.285714285714285,0.0
923,0.796,1,0,34,33,10.0,7.96,0.0,85.29411764705883,14.705882352941178,0.0
924,0.79,1,0,14,13,10.0,7.9,0.0,78.57142857142857,14.285714285714285,7.142857142857142
925,0.596,1,0,20,19,10.0,5.96,0.0,85.0,15.0,0.0
926,0.578,1,0,20,19,10.0,5.78,45.0,40.0,15.0,0.0
927,0.435,1,0,8,7,10.0,4.35,0.0,75.0,12.5,12.5
928,0.588,1,0,27,26,10.0,5.88,7.4074074074074066,74.07407407407408,18.51851851851852,0.0
929,0.68,1,0,23,22,10.0,6.8,0.0,86.95652173913044,13.043478260869565,0.0
930,0.7,1,0,25,24,10.0,7.0,0.0,72.0,8.0,20.0
931,0.643,1,0,16,15,10.0,6.43,0.0,62.5,12.5,25.0
932,0.677,1,0,22,21,10.0,6.77,13.636363636363635,63.63636363636363,9.090909090909092,13.636363636363635
933,0.508,1,0,13,12,10.0,5.08,0.0,84.61538461538461,15.384615384615385,0.0
934,0.667,1,0,24,23,10.0,6.67,4.166666666666666,83.33333333333334,12.5,0.0
935,0.58,1,0,18,17,10.0,5.8,0.0,61.111111111111114,11.11111111111111,27.77777777777778
936,0.642,1,0,18,17,10.0,6.42,5.555555555555555,72.22222222222221,22.22222222222222,0.0
937,0.644,1,0,18,17,10.0,6.44,0.0,66.66666666666666,11.11111111111111,22.22222222222222
938,0.675,1,0,18,17,10.0,6.75,11.11111111111111,72.22222222222221,16.666666666666664,0.0
939,0.72,1,0,14,13,10.0,7.2,0.0,71.42857142857143,14.285714285714285,14.285714285714285
940,0.72,1,0,14,13,10.0,7.2,21.428571428571427,57.14285714285714,21.428571428571427,0.0
941,0.712,1,0,21,20,10.0,7.12,0.0,90.47619047619048,9.523809523809524,0.0
942,0.56,1,0,17,16,10.0,5.6,0.0,88.23529411764706,5.88235294117647,5.88235294117647
943,0.404,1,0,14,13,10.0,4.04,0.0,78.57142857142857,21.428571428571427,0.0
944,0.618,1,0,18,17,10.0,6.18,5.555555555555555,66.66666666666666,11.11111111111111,16.666666666666664
945,0.56,1,0,17,16,10.0,5.6,0.0,88.23529411764706,11.76470588235294,0.0
946,0.712,1,0,22,21,10.0,7.12,0.0,59.09090909090909,9.090909090909092,31.818181818181817
947,0.496,1,0,15,14,10.0,4.96,13.333333333333334,73.33333333333333,13.333333333333334,0.0
948,0.62,1,0,18,17,10.0,6.2,33.33333333333333,50.0,16.666666666666664,0.0
949,0.536,1,0,17,16,10.0,5.36,47.05882352941176,35.294117647058826,17.647058823529413,0.0
950,0.547,1,0,16,15,10.0,5.47,43.75,43.75,12.5,0.0
951,0.52,1,0,11,10,10.0,5.2,18.181818181818183,63.63636363636363,9.090909090909092,9.090909090909092
952,0.584,1,0,19,18,10.0,5.84,0.0,78.94736842105263,15.789473684210526,5.263157894736842
953,0.396,1,0,12,11,10.0,3.96,0.0,75.0,8.333333333333332,16.666666666666664
954,0.741,1,0,15,14,10.0,7.41,0.0,86.66666666666667,6.666666666666667,6.666666666666667
955,0.745,1,0,15,14,10.0,7.45,0.0,66.66666666666666,20.0,13.333333333333334
956,0.718,1,0,19,18,10.0,7.18,0.0,89.47368421052632,10.526315789473683,0.0
957,0.572,1,0,14,13,10.0,5.72,0.0,71.42857142857143,7.142857142857142,21.428571428571427
958,0.412,1,0,11,10,10.0,4.12,0.0,81.81818181818183,18.181818181818183,0.0
959,0.652,1,0,18,17,10.0,6.52,5.555555555555555,72.22222222222221,11.11111111111111,11.11111111111111
960,0.735,1,0,19,18,10.0,7.35,5.263157894736842,89.47368421052632,5.263157894736842,0.0
961,0.548,1,0,18,17,10.0,5.48,5.555555555555555,72.22222222222221,22.22222222222222,0.0
962,0.52,1,0,9,8,10.0,5.2,0.0,77.77777777777779,11.11111111111111,11.11111111111111
963,0.728,1,0,15,14,10.0,7.28,0.0,60.0,6.666666666666667,33.33333333333333
964,0.356,1,0,11,10,10.0,3.56,0.0,72.72727272727273,9.090909090909092,18.181818181818183
965,0.825,1,0,17,16,10.0,8.25,5.88235294117647,47.05882352941176,5.88235294117647,41.17647058823529
966,0.688,1,0,24,23,10.0,6.88,4.166666666666666,75.0,12.5,8.333333333333332
967,0.62,1,0,13,12,10.0,6.2,15.384615384615385,53.84615384615385,15.384615384615385,15.384615384615385
968,0.708,1,0,19,18,10.0,7.08,0.0,73.68421052631578,15.789473684210526,10.526315789473683
969,0.625,1,0,14,13,10.0,6.25,0.0,78.57142857142857,21.428571428571427,0.0
970,0.668,1,0,32,31,10.0,6.68,0.0,84.375,9.375,6.25
971,0.814,1,0,26,25,10.0,8.14,0.0,69.23076923076923,11.538461538461538,19.230769230769234
972,0.596,1,0,14,13,10.0,5.96,0.0,78.57142857142857,7.142857142857142,14.285714285714285
973,0.88,1,0,32,31,10.0,8.8,0.0,87.5,9.375,3.125
974,0.64,1,0,26,25,10.0,6.4,7.6923076923076925,61.53846153846154,23.076923076923077,7.6923076923076925
975,0.636,1,0,19,18,10.0,6.36,0.0,78.94736842105263,21.052631578947366,0.0
976,0.747,1,0,20,19,10.0,7.47,5.0,55.00000000000001,40.0,0.0
977,0.672,1,0,19,18,10.0,6.72,0.0,84.21052631578947,5.263157894736842,10.526315789473683
978,0.524,1,0,13,12,10.0,5.24,38.46153846153847,38.46153846153847,15.384615384615385,7.6923076923076925
979,0.67,1,0,18,17,10.0,6.7,11.11111111111111,72.22222222222221,16.666666666666664,0.0
980,0.626,1,0,18,17,10.0,6.26,0.0,83.33333333333334,16.666666666666664,0.0
981,0.625,1,0,16,15,10.0,6.25,37.5,56.25,6.25,0.0
982,0.505,1,0,11,10,10.0,5.05,36.36363636363637,54.54545454545454,9.090909090909092,0.0
983,0.76,1,0,22,21,10.0,7.6,0.0,90.9090909090909,9.090909090909092,0.0
984,0.567,1,0,16,15,10.0,5.67,0.0,75.0,12.5,12.5
985,0.718,1,0,25,24,10.0,7.18,0.0,84.0,8.0,8.0
986,0.65,1,0,11,10,10.0,6.5,0.0,81.81818181818183,18.181818181818183,0.0
987,0.654,1,0,16,15,10.0,6.54,0.0,81.25,12.5,6.25
988,0.723,1,0,16,15,10.0,7.23,0.0,75.0,18.75,6.25
989,0.588,1,0,18,17,10.0,5.88,11.11111111111111,72.22222222222221,16.666666666666664,0.0
990,0.92,1,0,19,18,10.0,9.2,0.0,68.42105263157895,5.263157894736842,26.31578947368421
991,0.533,1,0,16,15,10.0,5.33,0.0,75.0,18.75,6.25
992,0.771,1,0,22,21,10.0,7.71,0.0,86.36363636363636,13.636363636363635,0.0
993,0.53,1,0,16,15,10.0,5.3,6.25,68.75,25.0,0.0
994,0.64,1,0,13,12,10.0,6.4,7.6923076923076925,84.61538461538461,7.6923076923076925,0.0
995,0.602,1,0,13,12,10.0,6.02,0.0,84.61538461538461,15.384615384615385,0.0
996,0.562,1,0,22,21,10.0,5.62,0.0,77.27272727272727,13.636363636363635,9.090909090909092
997,0.466,1,0,16,15,10.0,4.66,12.5,75.0,12.5,0.0
998,0.58,1,0,18,17,10.0,5.8,5.555555555555555,77.77777777777779,16.666666666666664,0.0
999,0.588,1,0,19,18,10.0,5.88,47.368421052631575,31.57894736842105,15.789473684210526,5.263157894736842
1000,0.569,1,0,22,21,10.0,5.69,0.0,95.45454545454545,4.545454545454546,0.0
1001,0.712,1,0,20,19,10.0,7.12,0.0,55.00000000000001,10.0,35.0
1002,0.558,1,0,15,14,10.0,5.58,26.666666666666668,46.666666666666664,6.666666666666667,20.0
1003,0.568,1,0,17,16,10.0,5.68,0.0,88.23529411764706,11.76470588235294,0.0
1004,0.72,1,0,13,12,10.0,7.2,0.0,69.23076923076923,7.6923076923076925,23.076923076923077
1005,0.527,1,0,18,17,10.0,5.27,0.0,55.55555555555556,11.11111111111111,33.33333333333333
1006,0.74,1,0,14,13,10.0,7.4,0.0,71.42857142857143,28.57142857142857,0.0
1007,0.672,1,0,21,20,10.0,6.72,4.761904761904762,71.42857142857143,9.523809523809524,14.285714285714285
1008,0.633,1,0,14,13,10.0,6.33,0.0,64.28571428571429,21.428571428571427,14.285714285714285
1009,0.53,1,0,11,10,10.0,5.3,36.36363636363637,54.54545454545454,9.090909090909092,0.0
1010,0.557,1,0,16,15,10.0,5.57,12.5,68.75,12.5,6.25
1011,0.824,1,0,28,27,10.0,8.24,0.0,78.57142857142857,10.714285714285714,10.714285714285714
1012,0.64,1,0,16,15,10.0,6.4,0.0,62.5,18.75,18.75
1013,0.725,1,0,13,12,10.0,7.25,0.0,76.92307692307693,15.384615384615385,7.6923076923076925
1014,0.55,1,0,14,13,10.0,5.5,7.142857142857142,57.14285714285714,21.428571428571427,14.285714285714285
1015,0.668,1,0,28,27,10.0,6.68,3.571428571428571,85.71428571428571,7.142857142857142,3.571428571428571
1016,0.628,1,0,18,17,10.0,6.28,22.22222222222222,72.22222222222221,5.555555555555555,0.0
1017,0.845,1,0,14,13,10.0,8.45,0.0,50.0,7.142857142857142,42.857142857142854
1018,0.784,1,0,21,20,10.0,7.84,0.0,90.47619047619048,4.761904761904762,4.761904761904762
1019,0.708,1,0,18,17,10.0,7.08,0.0,88.88888888888889,11.11111111111111,0.0
1020,0.612,1,0,13,12,10.0,6.12,15.384615384615385,53.84615384615385,7.6923076923076925,23.076923076923077
1021,0.484,1,0,13,12,10.0,4.84,15.384615384615385,46.15384615384615,38.46153846153847,0.0
1022,0.437,1,0,16,15,10.0,4.37,0.0,81.25,18.75,0.0
1023,0.601,1,0,15,14,10.0,6.01,33.33333333333333,33.33333333333333,20.0,13.333333333333334
1024,0.752,1,0,20,19,10.0,7.52,0.0,65.0,5.0,30.0
1025,0.635,1,0,16,15,10.0,6.35,0.0,68.75,25.0,6.25
1026,0.655,1,0,13,12,10.0,6.55,0.0,76.92307692307693,23.076923076923077,0.0
1027,0.748,1,0,23,22,10.0,7.48,34.78260869565217,52.17391304347826,8.695652173913043,4.3478260869565215
1028,0.66,1,0,13,12,10.0,6.6,0.0,84.61538461538461,15.384615384615385,0.0
1029,0.718,1,0,19,18,10.0,7.18,15.789473684210526,78.94736842105263,5.263157894736842,0.0
1030,0.71,1,0,13,12,10.0,7.1,7.6923076923076925,76.92307692307693,7.6923076923076925,7.6923076923076925
1031,0.66,1,0,28,27,10.0,6.6,3.571428571428571,89.28571428571429,7.142857142857142,0.0
1032,0.758,1,0,27,26,10.0,7.58,7.4074074074074066,44.44444444444444,7.4074074074074066,40.74074074074074
1033,0.764,1,0,27,26,10.0,7.64,7.4074074074074066,70.37037037037037,22.22222222222222,0.0
1034,0.585,1,0,19,18,10.0,5.85,0.0,73.68421052631578,15.789473684210526,10.526315789473683
1035,0.662,1,0,19,18,10.0,6.62,0.0,73.68421052631578,21.052631578947366,5.263157894736842
1036,0.576,1,0,15,14,10.0,5.76,0.0,86.66666666666667,13.333333333333334,0.0
1037,0.744,1,0,19,18,10.0,7.44,0.0,94.73684210526315,5.263157894736842,0.0
1038,0.82,1,0,29,28,10.0,8.2,0.0,93.10344827586206,6.896551724137931,0.0
1039,0.588,1,0,16,15,10.0,5.88,12.5,75.0,12.5,0.0
1040,0.411,1,0,13,12,10.0,4.11,38.46153846153847,38.46153846153847,23.076923076923077,0.0
1041,0.704,1,0,22,21,10.0,7.04,0.0,90.9090909090909,9.090909090909092,0.0
1042,0.723,1,0,19,18,10.0,7.23,0.0,94.73684210526315,5.263157894736842,0.0
1043,0.558,1,0,17,16,10.0,5.58,0.0,88.23529411764706,11.76470588235294,0.0
1044,0.718,1,0,21,20,10.0,7.18,4.761904761904762,85.71428571428571,9.523809523809524,0.0
1045,0.62,1,0,12,11,10.0,6.2,0.0,58.333333333333336,8.333333333333332,33.33333333333333
1046,0.514,1,0,18,17,10.0,5.14,0.0,77.77777777777779,22.22222222222222,0.0
1047,0.348,1,0,9,8,10.0,3.48,33.33333333333333,55.55555555555556,11.11111111111111,0.0
1048,0.512,1,0,11,10,10.0,5.12,9.090909090909092,54.54545454545454,36.36363636363637,0.0
1049,0.447,1,0,12,11,10.0,4.47,25.0,58.333333333333336,8.333333333333332,8.333333333333332
1050,0.59,1,0,10,9,10.0,5.9,0.0,80.0,10.0,10.0
1051,0.66,1,0,18,17,10.0,6.6,22.22222222222222,61.111111111111114,5.555555555555555,11.11111111111111
1052,0.722,1,0,19,18,10.0,7.22,5.263157894736842,73.68421052631578,15.789473684210526,5.263157894736842
1053,0.533,1,0,14,13,10.0,5.33,0.0,85.71428571428571,14.285714285714285,0.0
1054,0.444,1,0,12,11,10.0,4.44,0.0,50.0,25.0,25.0
1055,0.845,1,0,16,15,10.0,8.45,0.0,87.5,6.25,6.25
1056,0.815,1,0,20,19,10.0,8.15,0.0,85.0,15.0,0.0
1057,0.57,1,0,11,10,10.0,5.7,0.0,72.72727272727273,27.27272727272727,0.0
1058,0.648,1,0,18,17,10.0,6.48,44.44444444444444,27.77777777777778,11.11111111111111,16.666666666666664
1059,0.46,1,0,15,14,10.0,4.6,53.333333333333336,26.666666666666668,20.0,0.0
1060,0.8,1,0,11,10,10.0,8.0,0.0,81.81818181818183,9.090909090909092,9.090909090909092
1061,0.46,1,0,16,15,9.0,4.6,18.75,62.5,12.5,6.25
1062,0.566,1,0,15,14,10.0,5.66,0.0,80.0,20.0,0.0
1063,0.496,1,0,19,18,10.0,4.96,0.0,89.47368421052632,10.526315789473683,0.0
1064,0.686,1,0,21,20,10.0,6.86,4.761904761904762,90.47619047619048,4.761904761904762,0.0
1065,0.562,1,0,18,17,10.0,5.62,0.0,83.33333333333334,16.666666666666664,0.0
1066,0.655,1,0,14,13,10.0,6.55,0.0,71.42857142857143,7.142857142857142,21.428571428571427
1067,0.604,1,0,21,20,10.0,6.04,0.0,85.71428571428571,14.285714285714285,0.0
1068,0.484,1,0,16,15,10.0,4.84,0.0,81.25,18.75,0.0
1069,0.588,1,0,19,18,10.0,5.88,0.0,68.42105263157895,5.263157894736842,26.31578947368421
1070,0.48,1,0,11,10,10.0,4.8,0.0,81.81818181818183,18.181818181818183,0.0
1071,0.658,1,0,13,12,10.0,6.58,30.76923076923077,61.53846153846154,7.6923076923076925,0.0
1072,0.482,1,0,15,14,10.0,4.82,33.33333333333333,53.333333333333336,13.333333333333334,0.0
1073,0.648,1,0,19,18,10.0,6.48,0.0,89.47368421052632,10.526315789473683,0.0
1074,0.606,1,0,25,24,10.0,6.06,0.0,72.0,8.0,20.0
1075,0.54,1,0,10,9,10.0,5.4,0.0,70.0,10.0,20.0
1076,0.697,1,0,18,17,10.0,6.97,0.0,61.111111111111114,5.555555555555555,33.33333333333333
1077,0.55,1,0,12,11,10.0,5.5,0.0,91.66666666666666,8.333333333333332,0.0
1078,0.672,1,0,20,19,10.0,6.72,0.0,85.0,15.0,0.0
1079,0.638,1,0,21,20,10.0,6.38,14.285714285714285,57.14285714285714,14.285714285714285,14.285714285714285
1080,0.676,1,0,18,17,10.0,6.76,11.11111111111111,72.22222222222221,16.666666666666664,0.0
1081,0.568,1,0,17,16,10.0,5.68,41.17647058823529,41.17647058823529,17.647058823529413,0.0
1082,0.706,1,0,22,21,10.0,7.06,0.0,95.45454545454545,4.545454545454546,0.0
1083,0.529,1,0,16,15,10.0,5.29,0.0,87.5,12.5,0.0
1084,0.68,1,0,12,11,10.0,6.8,0.0,75.0,25.0,0.0
1085,0.752,1,0,25,24,10.0,7.52,16.0,68.0,16.0,0.0
1086,0.739,1,0,21,20,10.0,7.39,0.0,95.23809523809523,4.761904761904762,0.0
1087,0.7,1,0,17,16,10.0,7.0,5.88235294117647,58.82352941176471,35.294117647058826,0.0
1088,0.716,1,0,27,26,10.0,7.16,22.22222222222222,59.25925925925925,18.51851851851852,0.0
1089,0.45,1,0,11,10,10.0,4.5,18.181818181818183,63.63636363636363,18.181818181818183,0.0
1090,0.775,1,0,11,10,10.0,7.75,0.0,72.72727272727273,18.181818181818183,9.090909090909092
1091,0.6,1,0,21,20,10.0,6.0,14.285714285714285,61.904761904761905,9.523809523809524,14.285714285714285
1092,0.5,1,0,18,17,10.0,5.0,0.0,44.44444444444444,16.666666666666664,38.88888888888889
1093,0.546,1,0,18,17,10.0,5.46,27.77777777777778,61.111111111111114,11.11111111111111,0.0
1094,0.716,1,0,23,22,10.0,7.16,8.695652173913043,86.95652173913044,4.3478260869565215,0.0
1095,0.624,1,0,14,13,10.0,6.24,28.57142857142857,50.0,7.142857142857142,14.285714285714285
1096,0.56,1,0,14,13,10.0,5.6,7.142857142857142,57.14285714285714,21.428571428571427,14.285714285714285
1097,0.668,1,0,22,21,10.0,6.68,45.45454545454545,40.909090909090914,13.636363636363635,0.0
1098,0.575,1,0,10,9,10.0,5.75,10.0,30.0,30.0,30.0
1099,0.604,1,0,17,16,10.0,6.04,11.76470588235294,70.58823529411765,17.647058823529413,0.0
1100,0.62,1,0,18,17,10.0,6.2,0.0,72.22222222222221,16.666666666666664,11.11111111111111
1101,0.638,1,0,25,24,10.0,6.38,4.0,84.0,12.0,0.0
1102,0.504,1,0,19,18,10.0,5.04,0.0,89.47368421052632,10.526315789473683,0.0
1103,0.558,1,0,19,18,10.0,5.58,0.0,73.68421052631578,21.052631578947366,5.263157894736842
1104,0.596,1,0,23,22,10.0,5.96,0.0,82.6086956521739,13.043478260869565,4.3478260869565215
1105,0.504,1,0,16,15,10.0,5.04,0.0,81.25,18.75,0.0
1106,0.535,1,0,13,12,10.0,5.35,0.0,84.61538461538461,15.384615384615385,0.0
1107,0.61,1,0,16,15,9.0,6.1,0.0,93.75,6.25,0.0
1108,0.594,1,0,12,11,10.0,5.94,33.33333333333333,33.33333333333333,25.0,8.333333333333332
1109,0.614,1,0,20,19,10.0,6.14,0.0,90.0,10.0,0.0
1110,0.706,1,0,23,22,10.0,7.06,8.695652173913043,82.6086956521739,8.695652173913043,0.0
1111,0.616,1,0,17,16,10.0,6.16,5.88235294117647,47.05882352941176,5.88235294117647,41.17647058823529
1112,0.492,1,0,11,10,10.0,4.92,36.36363636363637,54.54545454545454,9.090909090909092,0.0
1113,0.584,1,0,26,25,10.0,5.84,7.6923076923076925,73.07692307692307,19.230769230769234,0.0
1114,0.621,1,0,21,20,10.0,6.21,0.0,71.42857142857143,23.809523809523807,4.761904761904762
1115,0.61,1,0,14,13,10.0,6.1,0.0,64.28571428571429,21.428571428571427,14.285714285714285
1116,0.562,1,0,19,18,10.0,5.62,0.0,84.21052631578947,15.789473684210526,0.0
1117,0.672,1,0,20,19,10.0,6.72,10.0,75.0,5.0,10.0
1118,0.515,1,0,17,16,10.0,5.15,23.52941176470588,64.70588235294117,11.76470588235294,0.0
1119,0.622,1,0,17,16,10.0,6.22,0.0,94.11764705882352,5.88235294117647,0.0
1120,0.702,1,0,23,22,10.0,7.02,17.391304347826086,65.21739130434783,13.043478260869565,4.3478260869565215
1121,0.488,1,0,15,14,10.0,4.88,6.666666666666667,80.0,13.333333333333334,0.0
1122,0.755,1,0,17,16,10.0,7.55,0.0,82.35294117647058,11.76470588235294,5.88235294117647
1123,0.421,1,0,15,14,10.0,4.21,33.33333333333333,53.333333333333336,13.333333333333334,0.0
1124,0.484,1,0,16,15,10.0,4.84,0.0,87.5,6.25,6.25
1125,0.52,1,0,16,15,10.0,5.2,0.0,75.0,18.75,6.25
1126,0.508,1,0,19,18,10.0,5.08,0.0,63.1578947368421,15.789473684210526,21.052631578947366
1127,0.768,1,0,28,27,10.0,7.68,39.285714285714285,53.57142857142857,3.571428571428571,3.571428571428571
1128,0.739,1,0,30,29,10.0,7.39,0.0,86.66666666666667,13.333333333333334,0.0
1129,0.825,1,0,11,10,10.0,8.25,0.0,81.81818181818183,18.181818181818183,0.0
1130,0.448,1,0,12,11,10.0,4.48,16.666666666666664,66.66666666666666,16.666666666666664,0.0
1131,0.585,1,0,21,20,10.0,5.85,23.809523809523807,47.61904761904761,28.57142857142857,0.0
1132,0.86,1,0,27,26,10.0,8.6,3.7037037037037033,88.88888888888889,7.4074074074074066,0.0
1133,0.635,1,0,16,15,10.0,6.35,25.0,56.25,18.75,0.0
1134,0.772,1,0,16,15,10.0,7.72,0.0,81.25,12.5,6.25
1135,0.681,1,0,21,20,10.0,6.81,4.761904761904762,90.47619047619048,4.761904761904762,0.0
1136,0.78,1,0,14,13,10.0,7.8,0.0,71.42857142857143,14.285714285714285,14.285714285714285
1137,0.605,1,0,17,16,10.0,6.05,0.0,35.294117647058826,5.88235294117647,58.82352941176471
1138,0.78,1,0,15,14,10.0,7.8,0.0,80.0,13.333333333333334,6.666666666666667
1139,0.611,1,0,16,15,10.0,6.11,0.0,37.5,18.75,43.75
1140,0.65,1,0,24,23,10.0,6.5,4.166666666666666,75.0,12.5,8.333333333333332
1141,0.655,1,0,14,13,10.0,6.55,21.428571428571427,42.857142857142854,7.142857142857142,28.57142857142857
1142,0.748,1,0,31,30,10.0,7.48,0.0,83.87096774193549,9.67741935483871,6.451612903225806
1143,0.656,1,0,22,21,10.0,6.56,31.818181818181817,50.0,13.636363636363635,4.545454545454546
1144,0.712,1,0,19,18,10.0,7.12,15.789473684210526,68.42105263157895,15.789473684210526,0.0
1145,0.654,1,0,22,21,10.0,6.54,13.636363636363635,54.54545454545454,13.636363636363635,18.181818181818183
1146,0.71,1,0,16,15,10.0,7.1,0.0,87.5,12.5,0.0
1147,0.8,1,0,30,29,10.0,8.0,3.3333333333333335,66.66666666666666,23.333333333333332,6.666666666666667
1148,0.662,1,0,29,28,10.0,6.62,3.4482758620689653,89.65517241379311,6.896551724137931,0.0
1149,0.53,1,0,19,18,10.0,5.3,0.0,84.21052631578947,15.789473684210526,0.0
1150,0.62,1,0,17,16,10.0,6.2,5.88235294117647,58.82352941176471,29.411764705882355,5.88235294117647
1151,0.634,1,0,17,16,10.0,6.34,0.0,47.05882352941176,52.94117647058824,0.0
1152,0.455,1,0,11,10,10.0,4.55,0.0,45.45454545454545,27.27272727272727,27.27272727272727
1153,0.58,1,0,14,13,10.0,5.8,0.0,50.0,21.428571428571427,28.57142857142857
1154,0.576,1,0,19,18,10.0,5.76,10.526315789473683,78.94736842105263,10.526315789473683,0.0
1155,0.58,1,0,18,17,10.0,5.8,22.22222222222222,66.66666666666666,11.11111111111111,0.0
1156,0.694,1,0,22,21,10.0,6.94,0.0,54.54545454545454,9.090909090909092,36.36363636363637
1157,0.656,1,0,17,16,10.0,6.56,0.0,88.23529411764706,11.76470588235294,0.0
1158,0.712,1,0,19,18,10.0,7.12,5.263157894736842,89.47368421052632,5.263157894736842,0.0
1159,0.459,1,0,14,13,10.0,4.59,0.0,85.71428571428571,14.285714285714285,0.0
1160,0.664,1,0,23,22,10.0,6.64,26.08695652173913,30.434782608695656,21.73913043478261,21.73913043478261
1161,0.536,1,0,18,17,10.0,5.36,0.0,50.0,11.11111111111111,38.88888888888889
1162,0.69,1,0,12,11,10.0,6.9,0.0,83.33333333333334,16.666666666666664,0.0
1163,0.626,1,0,19,18,10.0,6.26,10.526315789473683,73.68421052631578,15.789473684210526,0.0
1164,0.76,1,0,12,11,10.0,7.6,0.0,50.0,16.666666666666664,33.33333333333333
1165,0.744,1,0,17,16,10.0,7.44,0.0,88.23529411764706,5.88235294117647,5.88235294117647
1166,0.455,1,0,13,12,10.0,4.55,0.0,76.92307692307693,23.076923076923077,0.0
1167,0.508,1,0,19,18,10.0,5.08,0.0,89.47368421052632,10.526315789473683,0.0
1168,0.652,1,0,22,21,10.0,6.52,18.181818181818183,72.72727272727273,9.090909090909092,0.0
1169,0.492,1,0,18,17,10.0,4.92,0.0,88.88888888888889,11.11111111111111,0.0
1170,0.556,1,0,19,18,10.0,5.56,0.0,84.21052631578947,15.789473684210526,0.0
1171,0.6,1,0,18,17,10.0,6.0,0.0,72.22222222222221,16.666666666666664,11.11111111111111
1172,0.685,1,0,15,14,10.0,6.85,0.0,86.66666666666667,13.333333333333334,0.0
1173,0.564,1,0,16,15,10.0,5.64,0.0,37.5,18.75,43.75
1174,0.68,1,0,14,13,10.0,6.8,14.285714285714285,71.42857142857143,14.285714285714285,0.0
1175,0.633,1,0,19,18,10.0,6.33,0.0,42.10526315789473,10.526315789473683,47.368421052631575
1176,0.825,1,0,12,11,10.0,8.25,8.333333333333332,66.66666666666666,25.0,0.0
1177,0.64,1,0,15,14,10.0,6.4,0.0,93.33333333333333,6.666666666666667,0.0
1178,0.682,1,0,23,22,10.0,6.82,4.3478260869565215,52.17391304347826,17.391304347826086,26.08695652173913
1179,0.692,1,0,23,22,10.0,6.92,17.391304347826086,56.52173913043478,8.695652173913043,17.391304347826086
1180,0.476,1,0,13,12,10.0,4.76,0.0,53.84615384615385,23.076923076923077,23.076923076923077
1181,0.76,1,0,16,15,10.0,7.6,12.5,68.75,12.5,6.25
1182,0.48,1,0,13,12,10.0,4.8,38.46153846153847,30.76923076923077,23.076923076923077,7.6923076923076925
1183,0.64,1,0,20,19,10.0,6.4,5.0,70.0,10.0,15.0
1184,0.554,1,0,15,14,10.0,5.54,0.0,86.66666666666667,13.333333333333334,0.0
1185,0.649,1,0,19,18,10.0,6.49,5.263157894736842,78.94736842105263,15.789473684210526,0.0
1186,0.656,1,0,20,19,10.0,6.56,0.0,90.0,10.0,0.0
1187,0.48,1,0,16,15,10.0,4.8,0.0,87.5,12.5,0.0
1188,0.664,1,0,22,21,10.0,6.64,4.545454545454546,81.81818181818183,13.636363636363635,0.0
1189,0.487,1,0,11,10,10.0,4.87,0.0,81.81818181818183,18.181818181818183,0.0
1190,0.74,1,0,15,14,10.0,7.4,26.666666666666668,46.666666666666664,20.0,6.666666666666667
1191,0.534,1,0,13,12,9.0,5.34,7.6923076923076925,76.92307692307693,7.6923076923076925,7.6923076923076925
1192,0.645,1,0,15,14,10.0,6.45,6.666666666666667,66.66666666666666,6.666666666666667,20.0
1193,0.387,1,0,12,11,10.0,3.87,0.0,75.0,25.0,0.0
1194,0.656,1,0,16,15,10.0,6.56,12.5,75.0,12.5,0.0
1195,0.67,1,0,14,13,10.0,6.7,7.142857142857142,71.42857142857143,21.428571428571427,0.0
1196,0.49,1,0,17,16,10.0,4.9,0.0,88.23529411764706,11.76470588235294,0.0
1197,0.68,1,0,15,14,10.0,6.8,0.0,60.0,20.0,20.0
1198,0.7,1,0,29,28,10.0,7.0,0.0,89.65517241379311,10.344827586206897,0.0
1199,0.645,1,0,15,14,10.0,6.45,40.0,33.33333333333333,6.666666666666667,20.0
1200,0.538,1,0,15,14,10.0,5.38,0.0,93.33333333333333,6.666666666666667,0.0
1201,0.496,1,0,18,17,10.0,4.96,0.0,83.33333333333334,16.666666666666664,0.0
1202,0.784,1,0,26,25,10.0,7.84,0.0,50.0,26.923076923076923,23.076923076923077
1203,0.555,1,0,10,9,10.0,5.55,30.0,60.0,10.0,0.0
1204,0.588,1,0,19,18,10.0,5.88,5.263157894736842,68.42105263157895,15.789473684210526,10.526315789473683
1205,0.767,1,0,23,22,10.0,7.67,0.0,91.30434782608695,8.695652173913043,0.0
1206,0.58,1,0,13,12,10.0,5.8,0.0,76.92307692307693,23.076923076923077,0.0
1207,0.57,1,0,16,15,10.0,5.7,0.0,87.5,12.5,0.0
1208,0.591,1,0,18,17,10.0,5.91,27.77777777777778,55.55555555555556,16.666666666666664,0.0
1209,0.674,1,0,20,19,10.0,6.74,0.0,90.0,10.0,0.0
1210,0.676,1,0,23,22,10.0,6.76,0.0,73.91304347826086,13.043478260869565,13.043478260869565
1211,0.572,1,0,17,16,10.0,5.72,0.0,88.23529411764706,11.76470588235294,0.0
1212,0.692,1,0,21,20,10.0,6.92,0.0,76.19047619047619,14.285714285714285,9.523809523809524
1213,0.51,1,0,19,18,10.0,5.1,21.052631578947366,63.1578947368421,15.789473684210526,0.0
1214,0.585,1,0,17,16,10.0,5.85,35.294117647058826,47.05882352941176,11.76470588235294,5.88235294117647
1215,0.525,1,0,13,12,10.0,5.25,15.384615384615385,69.23076923076923,15.384615384615385,0.0
1216,0.722,1,0,21,20,10.0,7.22,0.0,66.66666666666666,9.523809523809524,23.809523809523807
1217,0.676,1,0,20,19,10.0,6.76,0.0,90.0,10.0,0.0
1218,0.712,1,0,20,19,10.0,7.12,0.0,80.0,15.0,5.0
1219,0.57,1,0,10,9,10.0,5.7,0.0,90.0,10.0,0.0
1220,0.744,1,0,18,17,10.0,7.44,11.11111111111111,66.66666666666666,11.11111111111111,11.11111111111111
1221,0.736,1,0,24,23,10.0,7.36,4.166666666666666,87.5,8.333333333333332,0.0
1222,0.722,1,0,18,17,10.0,7.22,0.0,83.33333333333334,11.11111111111111,5.555555555555555
1223,0.6,1,0,21,20,10.0,6.0,0.0,90.47619047619048,9.523809523809524,0.0
1224,0.676,1,0,22,21,10.0,6.76,0.0,72.72727272727273,27.27272727272727,0.0
1225,0.62,1,0,20,19,10.0,6.2,20.0,65.0,15.0,0.0
1226,0.663,1,0,30,29,10.0,6.63,0.0,90.0,10.0,0.0
1227,0.788,1,0,27,26,10.0,7.88,0.0,88.88888888888889,11.11111111111111,0.0
1228,0.666,1,0,18,17,10.0,6.66,0.0,55.55555555555556,16.666666666666664,27.77777777777778
1229,0.624,1,0,19,18,10.0,6.24,0.0,73.68421052631578,10.526315789473683,15.789473684210526
1230,0.8,1,0,12,11,10.0,8.0,0.0,83.33333333333334,16.666666666666664,0.0
1231,0.75,1,0,29,28,10.0,7.5,0.0,79.3103448275862,10.344827586206897,10.344827586206897
1232,0.64,1,0,18,17,10.0,6.4,5.555555555555555,83.33333333333334,11.11111111111111,0.0
1233,0.484,1,0,12,11,10.0,4.84,8.333333333333332,66.66666666666666,16.666666666666664,8.333333333333332
1234,0.408,1,0,15,14,10.0,4.08,0.0,80.0,20.0,0.0
1235,0.619,1,0,15,14,10.0,6.19,0.0,86.66666666666667,13.333333333333334,0.0
1236,0.754,1,0,22,21,10.0,7.54,0.0,90.9090909090909,9.090909090909092,0.0
1237,0.602,1,0,20,19,10.0,6.02,0.0,65.0,10.0,25.0
1238,0.64,1,0,19,18,10.0,6.4,0.0,73.68421052631578,10.526315789473683,15.789473684210526
1239,0.648,1,0,21,20,10.0,6.48,0.0,90.47619047619048,9.523809523809524,0.0
1240,0.7,1,0,22,21,10.0,7.0,0.0,72.72727272727273,18.181818181818183,9.090909090909092
1241,0.752,1,0,29,28,10.0,7.52,0.0,86.20689655172413,13.793103448275861,0.0
1242,0.548,1,0,23,22,10.0,5.48,0.0,91.30434782608695,8.695652173913043,0.0
1243,0.696,1,0,21,20,10.0,6.96,0.0,95.23809523809523,4.761904761904762,0.0
1244,0.765,1,0,15,14,10.0,7.65,33.33333333333333,40.0,6.666666666666667,20.0
1245,0.604,1,0,23,22,10.0,6.04,0.0,78.26086956521739,21.73913043478261,0.0
1246,0.581,1,0,22,21,10.0,5.81,18.181818181818183,63.63636363636363,18.181818181818183,0.0
1247,0.87,1,0,15,14,10.0,8.7,6.666666666666667,80.0,6.666666666666667,6.666666666666667
1248,0.692,1,0,22,21,10.0,6.92,0.0,95.45454545454545,4.545454545454546,0.0
1249,0.56,1,0,12,11,10.0,5.6,41.66666666666667,33.33333333333333,8.333333333333332,16.666666666666664
1250,0.615,1,0,19,18,10.0,6.15,0.0,78.94736842105263,21.052631578947366,0.0
1251,0.79,1,0,14,13,10.0,7.9,28.57142857142857,50.0,14.285714285714285,7.142857142857142
1252,0.658,1,0,21,20,10.0,6.58,0.0,95.23809523809523,4.761904761904762,0.0
1253,0.488,1,0,14,13,10.0,4.88,0.0,78.57142857142857,7.142857142857142,14.285714285714285
1254,0.621,1,0,19,18,10.0,6.21,0.0,78.94736842105263,21.052631578947366,0.0
1255,0.556,1,0,18,17,10.0,5.56,0.0,55.55555555555556,5.555555555555555,38.88888888888889
1256,0.685,1,0,15,14,10.0,6.85,20.0,20.0,6.666666666666667,53.333333333333336
1257,0.688,1,0,24,23,10.0,6.88,0.0,87.5,12.5,0.0
1258,0.683,1,0,13,12,10.0,6.83,0.0,46.15384615384615,15.384615384615385,38.46153846153847
1259,0.7,1,0,15,14,10.0,7.0,0.0,86.66666666666667,13.333333333333334,0.0
1260,0.589,1,0,16,15,10.0,5.89,0.0,93.75,6.25,0.0
1261,0.622,1,0,25,24,10.0,6.22,0.0,88.0,12.0,0.0
1262,0.53,1,0,13,12,9.0,5.3,0.0,84.61538461538461,15.384615384615385,0.0
1263,0.663,1,0,20,19,10.0,6.63,0.0,80.0,10.0,10.0
1264,0.42,1,0,9,8,10.0,4.2,11.11111111111111,77.77777777777779,11.11111111111111,0.0
1265,0.616,1,0,22,21,10.0,6.16,4.545454545454546,77.27272727272727,18.181818181818183,0.0
1266,0.525,1,0,10,9,10.0,5.25,30.0,50.0,20.0,0.0
1267,0.436,1,0,18,17,10.0,4.36,0.0,83.33333333333334,16.666666666666664,0.0
1268,0.675,1,0,13,12,10.0,6.75,0.0,76.92307692307693,15.384615384615385,7.6923076923076925
1269,0.69,1,0,13,12,10.0,6.9,15.384615384615385,69.23076923076923,15.384615384615385,0.0
1270,0.632,1,0,28,27,10.0,6.32,0.0,64.28571428571429,14.285714285714285,21.428571428571427
1271,0.606,1,0,17,16,10.0,6.06,0.0,70.58823529411765,29.411764705882355,0.0
1272,0.776,1,0,27,26,10.0,7.76,0.0,85.18518518518519,11.11111111111111,3.7037037037037033
1273,0.9,1,0,18,17,10.0,9.0,0.0,72.22222222222221,5.555555555555555,22.22222222222222
1274,0.68,1,0,11,10,10.0,6.8,9.090909090909092,81.81818181818183,9.090909090909092,0.0
1275,0.64,1,0,16,15,10.0,6.4,25.0,68.75,6.25,0.0
1276,0.72,1,0,19,18,10.0,7.2,0.0,57.89473684210527,36.84210526315789,5.263157894736842
1277,0.74,1,0,22,21,10.0,7.4,0.0,86.36363636363636,13.636363636363635,0.0
1278,0.7,1,0,15,14,10.0,7.0,13.333333333333334,80.0,6.666666666666667,0.0
1279,0.594,1,0,18,17,10.0,5.94,0.0,83.33333333333334,16.666666666666664,0.0
1280,0.694,1,0,18,17,10.0,6.94,5.555555555555555,83.33333333333334,5.555555555555555,5.555555555555555
1281,0.49,1,0,10,9,10.0,4.9,40.0,30.0,10.0,20.0
1282,0.42,1,0,11,10,10.0,4.2,0.0,81.81818181818183,18.181818181818183,0.0
1283,0.62,1,0,19,18,10.0,6.2,0.0,89.47368421052632,10.526315789473683,0.0
1284,0.784,1,0,28,27,10.0,7.84,3.571428571428571,85.71428571428571,10.714285714285714,0.0
1285,0.65,1,0,14,13,10.0,6.5,50.0,35.714285714285715,7.142857142857142,7.142857142857142
1286,0.636,1,0,19,18,10.0,6.36,36.84210526315789,57.89473684210527,5.263157894736842,0.0
1287,0.624,1,0,18,17,10.0,6.24,0.0,77.77777777777779,22.22222222222222,0.0
1288,0.67,1,0,13,12,10.0,6.7,0.0,46.15384615384615,15.384615384615385,38.46153846153847
1289,0.6,1,0,19,18,10.0,6.0,0.0,68.42105263157895,15.789473684210526,15.789473684210526
1290,0.729,1,0,21,20,10.0,7.29,4.761904761904762,71.42857142857143,14.285714285714285,9.523809523809524
1291,0.617,1,0,19,18,10.0,6.17,5.263157894736842,63.1578947368421,15.789473684210526,15.789473684210526
1292,0.635,1,0,14,13,10.0,6.35,0.0,85.71428571428571,14.285714285714285,0.0
1293,0.507,1,0,15,14,9.0,5.07,13.333333333333334,80.0,6.666666666666667,0.0
1294,0.775,1,0,18,17,10.0,7.75,0.0,94.44444444444444,5.555555555555555,0.0
1295,0.496,1,0,15,14,10.0,4.96,0.0,86.66666666666667,13.333333333333334,0.0
1296,0.574,1,0,18,17,10.0,5.74,0.0,77.77777777777779,11.11111111111111,11.11111111111111
1297,0.62,1,0,17,16,10.0,6.2,0.0,88.23529411764706,11.76470588235294,0.0
1298,0.53,1,0,12,11,10.0,5.3,0.0,58.333333333333336,16.666666666666664,25.0
1299,0.696,1,0,20,19,10.0,6.96,0.0,85.0,5.0,10.0
1300,0.632,1,0,25,24,10.0,6.32,0.0,84.0,16.0,0.0
1301,0.646,1,0,19,18,10.0,6.46,0.0,84.21052631578947,15.789473684210526,0.0
1302,0.582,1,0,18,17,10.0,5.82,22.22222222222222,72.22222222222221,5.555555555555555,0.0
1303,0.49,1,0,9,8,10.0,4.9,0.0,77.77777777777779,22.22222222222222,0.0
1304,0.83,1,0,22,21,10.0,8.3,4.545454545454546,86.36363636363636,4.545454545454546,4.545454545454546
1305,0.78,1,0,17,16,10.0,7.8,0.0,70.58823529411765,5.88235294117647,23.52941176470588
1306,0.744,1,0,25,24,10.0,7.44,36.0,48.0,4.0,12.0
1307,0.685,1,0,17,16,10.0,6.85,0.0,76.47058823529412,17.647058823529413,5.88235294117647
1308,0.398,1,0,14,13,8.0,3.98,7.142857142857142,64.28571428571429,14.285714285714285,14.285714285714285
1309,0.47,1,0,8,7,10.0,4.7,0.0,75.0,12.5,12.5
1310,0.77,1,0,26,25,10.0,7.7,3.8461538461538463,84.61538461538461,11.538461538461538,0.0
1311,0.648,1,0,15,14,10.0,6.48,6.666666666666667,73.33333333333333,6.666666666666667,13.333333333333334
1312,0.596,1,0,19,18,10.0,5.96,0.0,57.89473684210527,15.789473684210526,26.31578947368421
1313,0.66,1,0,13,12,10.0,6.6,0.0,92.3076923076923,7.6923076923076925,0.0
1314,0.865,1,0,14,13,10.0,8.65,0.0,50.0,21.428571428571427,28.57142857142857
1315,0.72,1,0,20,19,10.0,7.2,0.0,75.0,20.0,5.0
1316,0.671,1,0,17,16,10.0,6.71,0.0,88.23529411764706,11.76470588235294,0.0
1317,0.596,1,0,21,20,10.0,5.96,0.0,52.38095238095239,14.285714285714285,33.33333333333333
1318,0.784,1,0,17,16,10.0,7.84,0.0,70.58823529411765,23.52941176470588,5.88235294117647
1319,0.611,1,0,19,18,10.0,6.11,47.368421052631575,42.10526315789473,10.526315789473683,0.0
1320,0.751,1,0,20,19,10.0,7.51,0.0,95.0,5.0,0.0
1321,0.602,1,0,19,18,10.0,6.02,0.0,84.21052631578947,15.789473684210526,0.0
1322,0.695,1,0,31,30,10.0,6.95,0.0,93.54838709677419,6.451612903225806,0.0
1323,0.712,1,0,17,16,10.0,7.12,23.52941176470588,41.17647058823529,11.76470588235294,23.52941176470588
1324,0.657,1,0,23,22,10.0,6.57,0.0,60.86956521739131,8.695652173913043,30.434782608695656
1325,0.74,1,0,30,29,10.0,7.4,0.0,86.66666666666667,10.0,3.3333333333333335
1326,0.62,1,0,17,16,10.0,6.2,23.52941176470588,52.94117647058824,17.647058823529413,5.88235294117647
1327,0.85,1,0,17,16,10.0,8.5,0.0,88.23529411764706,11.76470588235294,0.0
1328,0.594,1,0,18,17,10.0,5.94,0.0,66.66666666666666,16.666666666666664,16.666666666666664
1329,0.85,1,0,13,12,10.0,8.5,0.0,61.53846153846154,23.076923076923077,15.384615384615385
1330,0.678,1,0,21,20,10.0,6.78,0.0,80.95238095238095,9.523809523809524,9.523809523809524
1331,0.704,1,0,21,20,10.0,7.04,0.0,42.857142857142854,9.523809523809524,47.61904761904761
1332,0.616,1,0,19,18,10.0,6.16,5.263157894736842,84.21052631578947,10.526315789473683,0.0
1333,0.652,1,0,18,17,10.0,6.52,5.555555555555555,88.88888888888889,5.555555555555555,0.0
1334,0.632,1,0,16,15,10.0,6.32,0.0,75.0,25.0,0.0
1335,0.675,1,0,15,14,10.0,6.75,33.33333333333333,53.333333333333336,13.333333333333334,0.0
1336,0.704,1,0,25,24,10.0,7.04,4.0,84.0,12.0,0.0
1337,0.708,1,0,17,16,10.0,7.08,0.0,88.23529411764706,11.76470588235294,0.0
1338,0.42,1,0,10,9,10.0,4.2,40.0,30.0,30.0,0.0
1339,0.631,1,0,20,19,10.0,6.31,0.0,90.0,10.0,0.0
1340,0.543,1,0,17,16,10.0,5.43,0.0,70.58823529411765,11.76470588235294,17.647058823529413
1341,0.664,1,0,15,14,10.0,6.64,0.0,66.66666666666666,6.666666666666667,26.666666666666668
1342,0.624,1,0,22,21,10.0,6.24,0.0,81.81818181818183,18.181818181818183,0.0
1343,0.607,1,0,20,19,10.0,6.07,5.0,80.0,15.0,0.0
1344,0.611,1,0,17,16,10.0,6.11,0.0,82.35294117647058,11.76470588235294,5.88235294117647
1345,0.632,1,0,19,18,10.0,6.32,0.0,68.42105263157895,5.263157894736842,26.31578947368421
1346,0.615,1,0,11,10,10.0,6.15,0.0,72.72727272727273,18.181818181818183,9.090909090909092
1347,0.74,1,0,17,16,10.0,7.4,0.0,88.23529411764706,11.76470588235294,0.0
1348,0.502,1,0,19,18,10.0,5.02,0.0,63.1578947368421,10.526315789473683,26.31578947368421
1349,0.875,1,0,10,9,10.0,8.75,20.0,70.0,10.0,0.0
1350,0.605,1,0,16,15,10.0,6.05,6.25,81.25,12.5,0.0
1351,0.572,1,0,16,15,10.0,5.72,6.25,68.75,18.75,6.25
1352,0.802,1,0,24,23,10.0,8.02,0.0,91.66666666666666,8.333333333333332,0.0
1353,0.469,1,0,11,10,10.0,4.69,0.0,72.72727272727273,18.181818181818183,9.090909090909092
1354,0.77,1,0,31,30,10.0,7.7,0.0,64.51612903225806,9.67741935483871,25.806451612903224
1355,0.582,1,0,14,13,9.0,5.82,0.0,92.85714285714286,7.142857142857142,0.0
1356,0.554,1,0,17,16,10.0,5.54,0.0,82.35294117647058,17.647058823529413,0.0
1357,0.672,1,0,16,15,10.0,6.72,6.25,81.25,12.5,0.0
1358,0.55,1,0,17,16,10.0,5.5,5.88235294117647,76.47058823529412,17.647058823529413,0.0
1359,0.602,1,0,20,19,10.0,6.02,0.0,85.0,15.0,0.0
1360,0.652,1,0,23,22,10.0,6.52,0.0,82.6086956521739,4.3478260869565215,13.043478260869565
1361,0.734,1,0,19,18,10.0,7.34,0.0,84.21052631578947,15.789473684210526,0.0
1362,0.676,1,0,27,26,10.0,6.76,0.0,88.88888888888889,11.11111111111111,0.0
1363,0.477,1,0,14,13,10.0,4.77,0.0,92.85714285714286,7.142857142857142,0.0
1364,0.568,1,0,16,15,10.0,5.68,0.0,43.75,18.75,37.5
1365,0.584,1,0,15,14,9.0,5.84,6.666666666666667,80.0,13.333333333333334,0.0
1366,0.534,1,0,17,16,10.0,5.34,0.0,76.47058823529412,11.76470588235294,11.76470588235294
1367,0.611,1,0,20,19,10.0,6.11,0.0,65.0,10.0,25.0
1368,0.73,1,0,14,13,10.0,7.3,0.0,78.57142857142857,7.142857142857142,14.285714285714285
1369,0.572,1,0,13,12,10.0,5.72,7.6923076923076925,53.84615384615385,15.384615384615385,23.076923076923077
1370,0.677,1,0,20,19,10.0,6.77,15.0,55.00000000000001,10.0,20.0
1371,0.614,1,0,16,15,10.0,6.14,0.0,87.5,12.5,0.0
1372,0.644,1,0,20,19,10.0,6.44,0.0,85.0,15.0,0.0
1373,0.582,1,0,20,19,10.0,5.82,60.0,30.0,10.0,0.0
1374,0.584,1,0,16,15,10.0,5.84,0.0,87.5,12.5,0.0
1375,0.42,1,0,11,10,9.0,4.2,18.181818181818183,27.27272727272727,18.181818181818183,36.36363636363637
1376,0.583,1,0,18,17,10.0,5.83,5.555555555555555,83.33333333333334,11.11111111111111,0.0
1377,0.6,1,0,13,12,10.0,6.0,0.0,92.3076923076923,7.6923076923076925,0.0
1378,0.676,1,0,24,23,10.0,6.76,0.0,45.83333333333333,16.666666666666664,37.5
1379,0.603,1,0,16,15,10.0,6.03,0.0,87.5,6.25,6.25
1380,0.69,1,0,21,20,10.0,6.9,0.0,76.19047619047619,23.809523809523807,0.0
1381,0.924,1,0,26,25,10.0,9.24,0.0,61.53846153846154,11.538461538461538,26.923076923076923
1382,0.776,1,0,28,27,10.0,7.76,14.285714285714285,75.0,7.142857142857142,3.571428571428571
1383,0.726,1,0,26,25,10.0,7.26,0.0,88.46153846153845,11.538461538461538,0.0
1384,0.734,1,0,18,17,10.0,7.34,0.0,50.0,16.666666666666664,33.33333333333333
1385,0.734,1,0,21,20,10.0,7.34,0.0,76.19047619047619,19.047619047619047,4.761904761904762
1386,0.79,1,0,28,27,10.0,7.9,7.142857142857142,75.0,10.714285714285714,7.142857142857142
1387,0.825,1,0,15,14,10.0,8.25,0.0,93.33333333333333,6.666666666666667,0.0
1388,0.672,1,0,20,19,10.0,6.72,0.0,85.0,15.0,0.0
1389,0.447,1,0,14,13,10.0,4.47,21.428571428571427,64.28571428571429,14.285714285714285,0.0
1390,0.498,1,0,12,11,10.0,4.98,0.0,83.33333333333334,16.666666666666664,0.0
1391,0.564,1,0,12,11,10.0,5.64,0.0,75.0,8.333333333333332,16.666666666666664
1392,0.784,1,0,22,21,10.0,7.84,4.545454545454546,54.54545454545454,4.545454545454546,36.36363636363637
1393,0.568,1,0,19,18,10.0,5.68,5.263157894736842,52.63157894736842,15.789473684210526,26.31578947368421
1394,0.624,1,0,23,22,10.0,6.24,13.043478260869565,73.91304347826086,13.043478260869565,0.0
1395,0.772,1,0,22,21,10.0,7.72,0.0,81.81818181818183,4.545454545454546,13.636363636363635
1396,0.766,1,0,22,21,10.0,7.66,22.727272727272727,59.09090909090909,13.636363636363635,4.545454545454546
1397,0.552,1,0,17,16,10.0,5.52,5.88235294117647,82.35294117647058,11.76470588235294,0.0
1398,0.775,1,0,19,18,10.0,7.75,0.0,89.47368421052632,5.263157894736842,5.263157894736842
1399,0.652,1,0,23,22,10.0,6.52,0.0,86.95652173913044,8.695652173913043,4.3478260869565215
1400,0.698,1,0,20,19,10.0,6.98,35.0,55.00000000000001,10.0,0.0
1401,0.429,1,0,14,13,10.0,4.29,28.57142857142857,57.14285714285714,14.285714285714285,0.0
1402,0.635,1,0,21,20,10.0,6.35,0.0,71.42857142857143,14.285714285714285,14.285714285714285
1403,0.564,1,0,14,13,10.0,5.64,7.142857142857142,28.57142857142857,14.285714285714285,50.0
1404,0.72,1,0,23,22,10.0,7.2,26.08695652173913,56.52173913043478,8.695652173913043,8.695652173913043
1405,0.717,1,0,24,23,10.0,7.17,25.0,62.5,12.5,0.0
1406,0.688,1,0,17,16,10.0,6.88,11.76470588235294,52.94117647058824,5.88235294117647,29.411764705882355
1407,0.536,1,0,23,22,10.0,5.36,21.73913043478261,69.56521739130434,8.695652173913043,0.0
1408,0.74,1,0,17,16,10.0,7.4,0.0,94.11764705882352,5.88235294117647,0.0
1409,0.397,1,0,15,14,10.0,3.97,33.33333333333333,26.666666666666668,40.0,0.0
1410,0.618,1,0,30,29,10.0,6.18,3.3333333333333335,76.66666666666667,20.0,0.0
1411,0.494,1,0,17,16,10.0,4.94,23.52941176470588,58.82352941176471,17.647058823529413,0.0
1412,0.77,1,0,20,19,10.0,7.7,0.0,70.0,10.0,20.0
1413,0.576,1,0,25,24,10.0,5.76,0.0,64.0,20.0,16.0
1414,0.319,1,0,9,8,9.0,3.19,22.22222222222222,44.44444444444444,33.33333333333333,0.0
1415,0.757,1,0,21,20,10.0,7.57,4.761904761904762,38.095238095238095,4.761904761904762,52.38095238095239
1416,0.496,1,0,21,20,10.0,4.96,0.0,85.71428571428571,14.285714285714285,0.0
1417,0.546,1,0,19,18,10.0,5.46,0.0,78.94736842105263,10.526315789473683,10.526315789473683
1418,0.524,1,0,13,12,10.0,5.24,0.0,38.46153846153847,23.076923076923077,38.46153846153847
1419,0.652,1,0,18,17,10.0,6.52,0.0,94.44444444444444,5.555555555555555,0.0
1420,0.804,1,0,23,22,10.0,8.04,4.3478260869565215,69.56521739130434,4.3478260869565215,21.73913043478261
1421,0.736,1,0,20,19,10.0,7.36,0.0,90.0,10.0,0.0
1422,0.839,1,0,26,25,10.0,8.39,30.76923076923077,57.692307692307686,11.538461538461538,0.0
1423,0.538,1,0,20,19,10.0,5.38,15.0,70.0,15.0,0.0
1424,0.692,1,0,21,20,10.0,6.92,4.761904761904762,42.857142857142854,19.047619047619047,33.33333333333333
1425,0.585,1,0,10,9,10.0,5.85,20.0,50.0,10.0,20.0
1426,0.603,1,0,14,13,10.0,6.03,0.0,85.71428571428571,14.285714285714285,0.0
1427,0.628,1,0,16,15,10.0,6.28,0.0,81.25,6.25,12.5
1428,0.81,1,0,16,15,10.0,8.1,0.0,81.25,12.5,6.25
1429,0.654,1,0,24,23,10.0,6.54,0.0,91.66666666666666,8.333333333333332,0.0
1430,0.438,1,0,16,15,9.0,4.38,12.5,62.5,18.75,6.25
1431,0.676,1,0,23,22,10.0,6.76,0.0,91.30434782608695,8.695652173913043,0.0
1432,0.618,1,0,22,21,10.0,6.18,0.0,59.09090909090909,13.636363636363635,27.27272727272727
1433,0.564,1,0,15,14,10.0,5.64,0.0,86.66666666666667,13.333333333333334,0.0
1434,0.7,1,0,11,10,10.0,7.0,0.0,54.54545454545454,27.27272727272727,18.181818181818183
1435,0.439,1,0,15,14,10.0,4.39,0.0,80.0,13.333333333333334,6.666666666666667
1436,0.618,1,0,17,16,10.0,6.18,0.0,76.47058823529412,23.52941176470588,0.0
1437,0.506,1,0,14,13,10.0,5.06,0.0,71.42857142857143,28.57142857142857,0.0
1438,0.784,1,0,23,22,10.0,7.84,0.0,91.30434782608695,8.695652173913043,0.0
1439,0.708,1,0,18,17,10.0,7.08,11.11111111111111,61.111111111111114,5.555555555555555,22.22222222222222
1440,0.585,1,0,14,13,10.0,5.85,0.0,50.0,7.142857142857142,42.857142857142854
1441,0.812,1,0,20,19,10.0,8.12,0.0,80.0,15.0,5.0
1442,0.705,1,0,13,12,10.0,7.05,0.0,76.92307692307693,15.384615384615385,7.6923076923076925
1443,0.634,1,0,18,17,10.0,6.34,0.0,83.33333333333334,16.666666666666664,0.0
1444,0.708,1,0,16,15,10.0,7.08,18.75,68.75,6.25,6.25
1445,0.72,1,0,23,22,10.0,7.2,0.0,52.17391304347826,21.73913043478261,26.08695652173913
1446,0.744,1,0,22,21,10.0,7.44,0.0,95.45454545454545,4.545454545454546,0.0
1447,0.695,1,0,16,15,10.0,6.95,0.0,75.0,25.0,0.0
1448,0.616,1,0,22,21,10.0,6.16,4.545454545454546,72.72727272727273,18.181818181818183,4.545454545454546
1449,0.548,1,0,16,15,10.0,5.48,12.5,43.75,12.5,31.25
1450,0.628,1,0,15,14,10.0,6.28,0.0,60.0,13.333333333333334,26.666666666666668
1451,0.62,1,0,18,17,10.0,6.2,0.0,83.33333333333334,11.11111111111111,5.555555555555555
1452,0.588,1,0,19,18,10.0,5.88,0.0,42.10526315789473,31.57894736842105,26.31578947368421
1453,0.706,1,0,17,16,10.0,7.06,0.0,94.11764705882352,5.88235294117647,0.0
1454,0.656,1,0,25,24,10.0,6.56,0.0,76.0,8.0,16.0
1455,0.725,1,0,16,15,10.0,7.25,6.25,87.5,6.25,0.0
1456,0.576,1,0,16,15,10.0,5.76,6.25,68.75,18.75,6.25
1457,0.592,1,0,22,21,10.0,5.92,0.0,81.81818181818183,18.181818181818183,0.0
1458,0.624,1,0,23,22,10.0,6.24,8.695652173913043,73.91304347826086,8.695652173913043,8.695652173913043
1459,0.597,1,0,15,14,10.0,5.97,0.0,86.66666666666667,13.333333333333334,0.0
1460,0.746,1,0,22,21,10.0,7.46,13.636363636363635,72.72727272727273,4.545454545454546,9.090909090909092
1461,0.79,1,0,15,14,10.0,7.9,13.333333333333334,80.0,6.666666666666667,0.0
1462,0.632,1,0,18,17,10.0,6.32,0.0,88.88888888888889,5.555555555555555,5.555555555555555
1463,0.668,1,0,22,21,10.0,6.68,0.0,77.27272727272727,13.636363636363635,9.090909090909092
1464,0.635,1,0,16,15,10.0,6.35,0.0,81.25,12.5,6.25
1465,0.522,1,0,24,23,10.0,5.22,0.0,91.66666666666666,8.333333333333332,0.0
1466,0.612,1,0,18,17,10.0,6.12,5.555555555555555,66.66666666666666,5.555555555555555,22.22222222222222
1467,0.82,1,0,16,15,10.0,8.2,0.0,81.25,18.75,0.0
1468,0.468,1,0,13,12,10.0,4.68,38.46153846153847,38.46153846153847,15.384615384615385,7.6923076923076925
1469,0.672,1,0,20,19,10.0,6.72,5.0,50.0,15.0,30.0
1470,0.49,1,0,15,14,10.0,4.9,0.0,73.33333333333333,26.666666666666668,0.0
1471,0.578,1,0,14,13,10.0,5.78,7.142857142857142,50.0,14.285714285714285,28.57142857142857
1472,0.795,1,0,16,15,10.0,7.95,0.0,93.75,6.25,0.0
1473,0.589,1,0,21,20,10.0,5.89,47.61904761904761,33.33333333333333,19.047619047619047,0.0
1474,0.633,1,0,18,17,10.0,6.33,16.666666666666664,72.22222222222221,11.11111111111111,0.0
1475,0.679,1,0,18,17,10.0,6.79,0.0,88.88888888888889,11.11111111111111,0.0
1476,0.666,1,0,18,17,10.0,6.66,0.0,88.88888888888889,11.11111111111111,0.0
1477,0.565,1,0,11,10,10.0,5.65,0.0,81.81818181818183,9.090909090909092,9.090909090909092
1478,0.614,1,0,25,24,10.0,6.14,24.0,52.0,12.0,12.0
1479,0.745,1,0,17,16,10.0,7.45,0.0,82.35294117647058,17.647058823529413,0.0
1480,0.78,1,0,17,16,10.0,7.8,5.88235294117647,47.05882352941176,11.76470588235294,35.294117647058826
1481,0.62,1,0,16,15,10.0,6.2,0.0,56.25,37.5,6.25
1482,0.655,1,0,16,15,10.0,6.55,6.25,62.5,12.5,18.75
1483,0.664,1,0,19,18,10.0,6.64,15.789473684210526,52.63157894736842,10.526315789473683,21.052631578947366
1484,0.644,1,0,21,20,10.0,6.44,0.0,76.19047619047619,9.523809523809524,14.285714285714285
1485,0.75,1,0,16,15,10.0,7.5,0.0,75.0,12.5,12.5
1486,0.68,1,0,13,12,10.0,6.8,0.0,53.84615384615385,15.384615384615385,30.76923076923077
1487,0.62,1,0,19,18,10.0,6.2,0.0,73.68421052631578,10.526315789473683,15.789473684210526
1488,0.618,1,0,23,22,10.0,6.18,0.0,82.6086956521739,8.695652173913043,8.695652173913043
1489,0.474,1,0,18,17,9.0,4.74,0.0,83.33333333333334,16.666666666666664,0.0
1490,0.747,1,0,20,19,10.0,7.47,5.0,80.0,10.0,5.0
1491,0.486,1,0,15,14,10.0,4.86,0.0,80.0,20.0,0.0
1492,0.434,1,0,15,14,10.0,4.34,0.0,86.66666666666667,13.333333333333334,0.0
1493,0.758,1,0,33,32,10.0,7.58,9.090909090909092,54.54545454545454,9.090909090909092,27.27272727272727
1494,0.648,1,0,28,27,10.0,6.48,3.571428571428571,78.57142857142857,14.285714285714285,3.571428571428571
1495,0.556,1,0,17,16,10.0,5.56,0.0,82.35294117647058,17.647058823529413,0.0
1496,0.52,1,0,12,11,10.0,5.2,0.0,83.33333333333334,16.666666666666664,0.0
1497,0.576,1,0,15,14,10.0,5.76,0.0,86.66666666666667,13.333333333333334,0.0
1498,0.695,1,0,15,14,10.0,6.95,20.0,53.333333333333336,13.333333333333334,13.333333333333334
1499,0.764,1,0,27,26,10.0,7.64,3.7037037037037033,44.44444444444444,7.4074074074074066,44.44444444444444
1500,0.526,1,0,17,16,10.0,5.26,0.0,70.58823529411765,11.76470588235294,17.647058823529413
1501,0.766,1,0,21,20,10.0,7.66,4.761904761904762,76.19047619047619,9.523809523809524,9.523809523809524
1502,0.524,1,0,18,17,10.0,5.24,22.22222222222222,61.111111111111114,16.666666666666664,0.0
1503,0.511,1,0,12,11,10.0,5.11,8.333333333333332,58.333333333333336,16.666666666666664,16.666666666666664
1504,0.641,1,0,20,19,10.0,6.41,10.0,70.0,20.0,0.0
1505,0.622,1,0,16,15,10.0,6.22,0.0,43.75,6.25,50.0
1506,0.588,1,0,21,20,10.0,5.88,0.0,90.47619047619048,9.523809523809524,0.0
1507,0.494,1,0,15,14,10.0,4.94,0.0,60.0,13.333333333333334,26.666666666666668
1508,0.592,1,0,22,21,10.0,5.92,0.0,81.81818181818183,18.181818181818183,0.0
1509,0.61,1,0,12,11,10.0,6.1,0.0,83.33333333333334,16.666666666666664,0.0
1510,0.602,1,0,19,18,10.0,6.02,0.0,89.47368421052632,10.526315789473683,0.0
1511,0.432,1,0,10,9,10.0,4.32,0.0,80.0,10.0,10.0
1512,0.571,1,0,18,17,10.0,5.71,0.0,88.88888888888889,11.11111111111111,0.0
1513,0.804,1,0,21,20,10.0,8.04,0.0,71.42857142857143,23.809523809523807,4.761904761904762
1514,0.584,1,0,18,17,10.0,5.84,11.11111111111111,77.77777777777779,5.555555555555555,5.555555555555555
1515,0.696,1,0,19,18,10.0,6.96,0.0,89.47368421052632,10.526315789473683,0.0
1516,0.754,1,0,25,24,10.0,7.54,4.0,64.0,28.000000000000004,4.0
1517,0.592,1,0,21,20,10.0,5.92,0.0,90.47619047619048,9.523809523809524,0.0
1518,0.728,1,0,28,27,10.0,7.28,3.571428571428571,82.14285714285714,7.142857142857142,7.142857142857142
1519,0.5,1,0,10,9,10.0,5.0,0.0,80.0,20.0,0.0
1520,0.619,1,0,13,12,10.0,6.19,0.0,76.92307692307693,23.076923076923077,0.0
1521,0.67,1,0,13,12,10.0,6.7,0.0,76.92307692307693,7.6923076923076925,15.384615384615385
1522,0.595,1,0,13,12,10.0,5.95,0.0,61.53846153846154,7.6923076923076925,30.76923076923077
1523,0.815,1,0,22,21,10.0,8.15,4.545454545454546,86.36363636363636,9.090909090909092,0.0
1524,0.68,1,0,29,28,10.0,6.8,10.344827586206897,82.75862068965517,6.896551724137931,0.0
1525,0.655,1,0,11,10,10.0,6.55,0.0,81.81818181818183,18.181818181818183,0.0
1526,0.66,1,0,12,11,10.0,6.6,0.0,83.33333333333334,8.333333333333332,8.333333333333332
1527,0.485,1,0,9,8,10.0,4.85,22.22222222222222,66.66666666666666,11.11111111111111,0.0
1528,0.474,1,0,14,13,10.0,4.74,0.0,78.57142857142857,21.428571428571427,0.0
1529,0.54,1,0,11,10,10.0,5.4,0.0,72.72727272727273,18.181818181818183,9.090909090909092
1530,0.496,1,0,15,14,10.0,4.96,6.666666666666667,66.66666666666666,13.333333333333334,13.333333333333334
1531,0.6,1,0,18,17,10.0,6.0,0.0,66.66666666666666,11.11111111111111,22.22222222222222
1532,0.613,1,0,17,16,10.0,6.13,0.0,76.47058823529412,23.52941176470588,0.0
1533,0.42,1,0,15,14,10.0,4.2,6.666666666666667,66.66666666666666,26.666666666666668,0.0
1534,0.353,1,0,12,11,10.0,3.53,0.0,83.33333333333334,16.666666666666664,0.0
1535,0.612,1,0,15,14,10.0,6.12,0.0,73.33333333333333,13.333333333333334,13.333333333333334
1536,0.476,1,0,15,14,10.0,4.76,6.666666666666667,73.33333333333333,13.333333333333334,6.666666666666667
1537,0.56,1,0,22,21,10.0,5.6,0.0,86.36363636363636,13.636363636363635,0.0
1538,0.508,1,0,12,11,10.0,5.08,33.33333333333333,50.0,16.666666666666664,0.0
1539,0.655,1,0,12,11,10.0,6.55,16.666666666666664,66.66666666666666,16.666666666666664,0.0
1540,0.681,1,0,22,21,10.0,6.81,0.0,81.81818181818183,9.090909090909092,9.090909090909092
1541,0.865,1,0,15,14,10.0,8.65,0.0,80.0,20.0,0.0
1542,0.576,1,0,20,19,10.0,5.76,10.0,75.0,15.0,0.0
1543,0.696,1,0,22,21,10.0,6.96,0.0,90.9090909090909,9.090909090909092,0.0
1544,0.555,1,0,16,15,10.0,5.55,12.5,75.0,12.5,0.0
1545,0.634,1,0,15,14,10.0,6.34,0.0,86.66666666666667,13.333333333333334,0.0
1546,0.56,1,0,18,17,10.0,5.6,5.555555555555555,33.33333333333333,16.666666666666664,44.44444444444444
1547,0.5,1,0,18,17,10.0,5.0,0.0,83.33333333333334,16.666666666666664,0.0
1548,0.597,1,0,22,21,10.0,5.97,0.0,90.9090909090909,9.090909090909092,0.0
1549,0.645,1,0,12,11,10.0,6.45,8.333333333333332,83.33333333333334,8.333333333333332,0.0
1550,0.54,1,0,13,12,10.0,5.4,15.384615384615385,69.23076923076923,15.384615384615385,0.0
1551,0.567,1,0,20,19,10.0,5.67,0.0,65.0,20.0,15.0
1552,0.742,1,0,24,23,10.0,7.42,4.166666666666666,79.16666666666666,8.333333333333332,8.333333333333332
1553,0.443,1,0,16,15,9.0,4.43,12.5,68.75,18.75,0.0
1554,0.594,1,0,14,13,10.0,5.94,0.0,71.42857142857143,7.142857142857142,21.428571428571427
1555,0.6,1,0,14,13,10.0,6.0,0.0,50.0,50.0,0.0
1556,0.619,1,0,18,17,10.0,6.19,0.0,77.77777777777779,16.666666666666664,5.555555555555555
1557,0.622,1,0,25,24,10.0,6.22,4.0,72.0,8.0,16.0
1558,0.735,1,0,18,17,10.0,7.35,0.0,83.33333333333334,16.666666666666664,0.0
1559,0.597,1,0,17,16,10.0,5.97,0.0,88.23529411764706,11.76470588235294,0.0
1560,0.724,1,0,28,27,10.0,7.24,17.857142857142858,75.0,7.142857142857142,0.0
1561,0.655,1,0,15,14,10.0,6.55,0.0,80.0,20.0,0.0
1562,0.596,1,0,23,22,10.0,5.96,30.434782608695656,60.86956521739131,8.695652173913043,0.0
1563,0.664,1,0,21,20,10.0,6.64,0.0,80.95238095238095,9.523809523809524,9.523809523809524
1564,0.618,1,0,20,19,10.0,6.18,0.0,75.0,10.0,15.0
1565,0.64,1,0,14,13,10.0,6.4,42.857142857142854,42.857142857142854,14.285714285714285,0.0
1566,0.58,1,0,12,11,10.0,5.8,33.33333333333333,50.0,8.333333333333332,8.333333333333332
1567,0.692,1,0,24,23,10.0,6.92,0.0,87.5,12.5,0.0
1568,0.603,1,0,15,14,10.0,6.03,0.0,73.33333333333333,20.0,6.666666666666667
1569,0.617,1,0,23,22,10.0,6.17,4.3478260869565215,82.6086956521739,13.043478260869565,0.0
1570,0.293,1,0,10,9,9.0,2.93,10.0,70.0,20.0,0.0
1571,0.692,1,0,19,18,10.0,6.92,0.0,31.57894736842105,52.63157894736842,15.789473684210526
1572,0.716,1,0,14,13,10.0,7.16,0.0,78.57142857142857,14.285714285714285,7.142857142857142
1573,0.372,1,0,9,8,10.0,3.72,0.0,66.66666666666666,11.11111111111111,22.22222222222222
1574,0.7,1,0,23,22,10.0,7.0,26.08695652173913,69.56521739130434,4.3478260869565215,0.0
1575,0.703,1,0,26,25,10.0,7.03,0.0,92.3076923076923,7.6923076923076925,0.0
1576,0.562,1,0,16,15,10.0,5.62,18.75,6.25,25.0,50.0
1577,0.636,1,0,17,16,10.0,6.36,0.0,76.47058823529412,5.88235294117647,17.647058823529413
1578,0.657,1,0,13,12,10.0,6.57,7.6923076923076925,46.15384615384615,38.46153846153847,7.6923076923076925
1579,0.636,1,0,19,18,10.0,6.36,0.0,94.73684210526315,5.263157894736842,0.0
1580,0.712,1,0,25,24,10.0,7.12,0.0,92.0,8.0,0.0
1581,0.454,1,0,18,17,10.0,4.54,0.0,83.33333333333334,16.666666666666664,0.0
1582,0.598,1,0,20,19,10.0,5.98,0.0,75.0,15.0,10.0
1583,0.536,1,0,18,17,10.0,5.36,11.11111111111111,77.77777777777779,5.555555555555555,5.555555555555555
1584,0.516,1,0,13,12,10.0,5.16,7.6923076923076925,76.92307692307693,15.384615384615385,0.0
1585,0.616,1,0,20,19,10.0,6.16,0.0,85.0,10.0,5.0
1586,0.644,1,0,18,17,10.0,6.44,0.0,88.88888888888889,11.11111111111111,0.0
1587,0.7,1,0,14,13,10.0,7.0,0.0,85.71428571428571,7.142857142857142,7.142857142857142
1588,0.718,1,0,27,26,10.0,7.18,0.0,92.5925925925926,7.4074074074074066,0.0
1589,0.57,1,0,19,18,10.0,5.7,21.052631578947366,68.42105263157895,10.526315789473683,0.0
1590,0.478,1,0,16,15,10.0,4.78,0.0,87.5,12.5,0.0
1591,0.59,1,0,11,10,10.0,5.9,0.0,81.81818181818183,18.181818181818183,0.0
1592,0.67,1,0,14,13,10.0,6.7,0.0,85.71428571428571,14.285714285714285,0.0
1593,0.68,1,0,25,24,10.0,6.8,0.0,80.0,8.0,12.0
1594,0.67,1,0,12,11,10.0,6.7,0.0,66.66666666666666,16.666666666666664,16.666666666666664
1595,0.494,1,0,16,15,10.0,4.94,0.0,87.5,12.5,0.0
1596,0.755,1,0,15,14,10.0,7.55,13.333333333333334,73.33333333333333,13.333333333333334,0.0
1597,0.808,1,0,19,18,10.0,8.08,0.0,47.368421052631575,15.789473684210526,36.84210526315789
1598,0.643,1,0,21,20,10.0,6.43,0.0,80.95238095238095,19.047619047619047,0.0
1599,0.57,1,0,15,14,10.0,5.7,0.0,53.333333333333336,13.333333333333334,33.33333333333333
1600,0.516,1,0,12,11,10.0,5.16,0.0,75.0,25.0,0.0
1601,0.788,1,0,21,20,10.0,7.88,0.0,76.19047619047619,9.523809523809524,14.285714285714285
1602,0.682,1,0,22,21,10.0,6.82,0.0,68.18181818181817,9.090909090909092,22.727272727272727
1603,0.676,1,0,18,17,10.0,6.76,0.0,61.111111111111114,11.11111111111111,27.77777777777778
1604,0.697,1,0,16,15,10.0,6.97,12.5,56.25,12.5,18.75
1605,0.494,1,0,16,15,10.0,4.94,18.75,62.5,18.75,0.0
1606,0.488,1,0,12,11,10.0,4.88,25.0,33.33333333333333,25.0,16.666666666666664
1607,0.667,1,0,16,15,10.0,6.67,0.0,81.25,18.75,0.0
1608,0.845,1,0,15,14,10.0,8.45,0.0,93.33333333333333,6.666666666666667,0.0
1609,0.588,1,0,19,18,10.0,5.88,0.0,78.94736842105263,5.263157894736842,15.789473684210526
1610,0.704,1,0,16,15,10.0,7.04,0.0,87.5,12.5,0.0
1611,0.664,1,0,21,20,10.0,6.64,0.0,66.66666666666666,9.523809523809524,23.809523809523807
1612,0.765,1,0,16,15,10.0,7.65,0.0,50.0,12.5,37.5
1613,0.617,1,0,13,12,10.0,6.17,23.076923076923077,53.84615384615385,15.384615384615385,7.6923076923076925
1614,0.768,1,0,13,12,10.0,7.68,0.0,84.61538461538461,7.6923076923076925,7.6923076923076925
1615,0.56,1,0,18,17,10.0,5.6,27.77777777777778,55.55555555555556,16.666666666666664,0.0
1616,0.734,1,0,22,21,10.0,7.34,4.545454545454546,68.18181818181817,9.090909090909092,18.181818181818183
1617,0.768,1,0,23,22,10.0,7.68,0.0,47.82608695652174,52.17391304347826,0.0
1618,0.83,1,0,17,16,10.0,8.3,5.88235294117647,64.70588235294117,17.647058823529413,11.76470588235294
1619,0.748,1,0,26,25,10.0,7.48,0.0,92.3076923076923,7.6923076923076925,0.0
1620,0.452,1,0,14,13,9.0,4.52,0.0,85.71428571428571,14.285714285714285,0.0
1621,0.754,1,0,20,19,10.0,7.54,5.0,90.0,5.0,0.0
1622,0.536,1,0,19,18,10.0,5.36,10.526315789473683,78.94736842105263,10.526315789473683,0.0
1623,0.498,1,0,14,13,10.0,4.98,7.142857142857142,71.42857142857143,21.428571428571427,0.0
1624,0.73,1,0,15,14,10.0,7.3,0.0,66.66666666666666,13.333333333333334,20.0
1625,0.754,1,0,22,21,10.0,7.54,0.0,90.9090909090909,9.090909090909092,0.0
1626,0.659,1,0,26,25,10.0,6.59,7.6923076923076925,80.76923076923077,11.538461538461538,0.0
1627,0.716,1,0,18,17,10.0,7.16,0.0,88.88888888888889,11.11111111111111,0.0
1628,0.693,1,0,27,26,10.0,6.93,3.7037037037037033,85.18518518518519,11.11111111111111,0.0
1629,0.5,1,0,14,13,10.0,5.0,0.0,85.71428571428571,14.285714285714285,0.0
1630,0.556,1,0,17,16,10.0,5.56,5.88235294117647,76.47058823529412,17.647058823529413,0.0
1631,0.824,1,0,33,32,10.0,8.24,0.0,66.66666666666666,9.090909090909092,24.242424242424242
1632,0.564,1,0,22,21,10.0,5.64,4.545454545454546,45.45454545454545,18.181818181818183,31.818181818181817
1633,0.406,1,0,14,13,10.0,4.06,21.428571428571427,57.14285714285714,21.428571428571427,0.0
1634,0.585,1,0,13,12,10.0,5.85,0.0,69.23076923076923,23.076923076923077,7.6923076923076925
1635,0.649,1,0,17,16,10.0,6.49,23.52941176470588,35.294117647058826,11.76470588235294,29.411764705882355
1636,0.569,1,0,21,20,10.0,5.69,4.761904761904762,76.19047619047619,19.047619047619047,0.0
1637,0.706,1,0,23,22,10.0,7.06,8.695652173913043,69.56521739130434,13.043478260869565,8.695652173913043
1638,0.72,1,0,22,21,10.0,7.2,31.818181818181817,59.09090909090909,9.090909090909092,0.0
1639,0.547,1,0,14,13,10.0,5.47,35.714285714285715,50.0,7.142857142857142,7.142857142857142
1640,0.732,1,0,23,22,10.0,7.32,17.391304347826086,60.86956521739131,4.3478260869565215,17.391304347826086
1641,0.512,1,0,19,18,10.0,5.12,15.789473684210526,63.1578947368421,21.052631578947366,0.0
1642,0.572,1,0,19,18,10.0,5.72,0.0,78.94736842105263,10.526315789473683,10.526315789473683
1643,0.615,1,0,19,18,10.0,6.15,0.0,63.1578947368421,21.052631578947366,15.789473684210526
1644,0.53,1,0,18,17,10.0,5.3,16.666666666666664,72.22222222222221,5.555555555555555,5.555555555555555
1645,0.572,1,0,23,22,10.0,5.72,4.3478260869565215,65.21739130434783,17.391304347826086,13.043478260869565
1646,0.655,1,0,19,18,10.0,6.55,0.0,89.47368421052632,10.526315789473683,0.0
1647,0.554,1,0,27,26,10.0,5.54,3.7037037037037033,85.18518518518519,11.11111111111111,0.0
1648,0.612,1,0,19,18,10.0,6.12,0.0,31.57894736842105,26.31578947368421,42.10526315789473
1649,0.81,1,0,18,17,10.0,8.1,0.0,88.88888888888889,5.555555555555555,5.555555555555555
1650,0.7,1,0,15,14,10.0,7.0,0.0,93.33333333333333,6.666666666666667,0.0
1651,0.482,1,0,15,14,10.0,4.82,20.0,66.66666666666666,13.333333333333334,0.0
1652,0.668,1,0,30,29,10.0,6.68,0.0,93.33333333333333,6.666666666666667,0.0
1653,0.768,1,0,31,30,10.0,7.68,0.0,80.64516129032258,19.35483870967742,0.0
1654,0.614,1,0,15,14,10.0,6.14,0.0,80.0,20.0,0.0
1655,0.688,1,0,25,24,10.0,6.88,20.0,60.0,8.0,12.0
1656,0.75,1,0,16,15,10.0,7.5,0.0,81.25,18.75,0.0
1657,0.443,1,0,14,13,10.0,4.43,14.285714285714285,78.57142857142857,7.142857142857142,0.0
1658,0.8,1,0,27,26,10.0,8.0,11.11111111111111,59.25925925925925,3.7037037037037033,25.925925925925924
1659,0.64,1,0,26,25,10.0,6.4,15.384615384615385,53.84615384615385,7.6923076923076925,23.076923076923077
1660,0.686,1,0,24,23,10.0,6.86,0.0,87.5,12.5,0.0
1661,0.825,1,0,27,26,10.0,8.25,0.0,70.37037037037037,22.22222222222222,7.4074074074074066
1662,0.515,1,0,17,16,10.0,5.15,0.0,76.47058823529412,23.52941176470588,0.0
1663,0.834,1,0,23,22,10.0,8.34,0.0,91.30434782608695,8.695652173913043,0.0
1664,0.81,1,0,17,16,10.0,8.1,17.647058823529413,58.82352941176471,5.88235294117647,17.647058823529413
1665,0.604,1,0,19,18,10.0,6.04,0.0,89.47368421052632,10.526315789473683,0.0
1666,0.504,1,0,17,16,10.0,5.04,17.647058823529413,64.70588235294117,5.88235294117647,11.76470588235294
1667,0.71,1,0,20,19,10.0,7.1,0.0,80.0,20.0,0.0
1668,0.736,1,0,24,23,10.0,7.36,0.0,79.16666666666666,20.833333333333336,0.0
1669,0.66,1,0,10,9,10.0,6.6,0.0,50.0,50.0,0.0
1670,0.43,1,0,11,10,10.0,4.3,18.181818181818183,54.54545454545454,18.181818181818183,9.090909090909092
1671,0.716,1,0,26,25,10.0,7.16,0.0,84.61538461538461,11.538461538461538,3.8461538461538463
1672,0.685,1,0,14,13,10.0,6.85,28.57142857142857,57.14285714285714,14.285714285714285,0.0
1673,0.628,1,0,17,16,10.0,6.28,11.76470588235294,76.47058823529412,5.88235294117647,5.88235294117647
1674,0.647,1,0,21,20,10.0,6.47,23.809523809523807,66.66666666666666,9.523809523809524,0.0
1675,0.7,1,0,19,18,10.0,7.0,10.526315789473683,57.89473684210527,15.789473684210526,15.789473684210526
1676,0.688,1,0,21,20,10.0,6.88,0.0,90.47619047619048,9.523809523809524,0.0
1677,0.702,1,0,20,19,10.0,7.02,55.00000000000001,35.0,10.0,0.0
1678,0.586,1,0,25,24,10.0,5.86,20.0,64.0,12.0,4.0
1679,0.571,1,0,16,15,10.0,5.71,0.0,68.75,18.75,12.5
1680,0.555,1,0,11,10,10.0,5.55,0.0,81.81818181818183,18.181818181818183,0.0
1681,0.774,1,0,16,15,10.0,7.74,18.75,37.5,12.5,31.25
1682,0.569,1,0,18,17,10.0,5.69,0.0,38.88888888888889,5.555555555555555,55.55555555555556
1683,0.67,1,0,24,23,10.0,6.7,8.333333333333332,75.0,12.5,4.166666666666666
1684,0.5,1,0,10,9,10.0,5.0,0.0,80.0,20.0,0.0
1685,0.579,1,0,18,17,10.0,5.79,0.0,55.55555555555556,11.11111111111111,33.33333333333333
1686,0.4,1,0,8,7,10.0,4.0,0.0,62.5,37.5,0.0
1687,0.675,1,0,10,9,10.0,6.75,10.0,70.0,20.0,0.0
1688,0.746,1,0,18,17,10.0,7.46,5.555555555555555,72.22222222222221,16.666666666666664,5.555555555555555
1689,0.512,1,0,13,12,10.0,5.12,7.6923076923076925,69.23076923076923,23.076923076923077,0.0
1690,0.634,1,0,20,19,10.0,6.34,30.0,55.00000000000001,15.0,0.0
1691,0.64,1,0,24,23,10.0,6.4,12.5,79.16666666666666,8.333333333333332,0.0
1692,0.692,1,0,20,19,10.0,6.92,0.0,90.0,10.0,0.0
1693,0.746,1,0,22,21,10.0,7.46,4.545454545454546,77.27272727272727,13.636363636363635,4.545454545454546
1694,0.716,1,0,23,22,10.0,7.16,4.3478260869565215,82.6086956521739,8.695652173913043,4.3478260869565215
1695,0.718,1,0,21,20,10.0,7.18,9.523809523809524,61.904761904761905,14.285714285714285,14.285714285714285
1696,0.588,1,0,24,23,10.0,5.88,8.333333333333332,83.33333333333334,8.333333333333332,0.0
1697,0.825,1,0,15,14,10.0,8.25,0.0,73.33333333333333,13.333333333333334,13.333333333333334
1698,0.682,1,0,20,19,10.0,6.82,5.0,80.0,15.0,0.0
1699,0.49,1,0,19,18,10.0,4.9,0.0,78.94736842105263,21.052631578947366,0.0
1700,0.502,1,0,15,14,10.0,5.02,0.0,86.66666666666667,13.333333333333334,0.0
1701,0.496,1,0,15,14,10.0,4.96,0.0,60.0,6.666666666666667,33.33333333333333
1702,0.653,1,0,16,15,10.0,6.53,0.0,56.25,37.5,6.25
1703,0.582,1,0,18,17,10.0,5.82,0.0,94.44444444444444,5.555555555555555,0.0
1704,0.64,1,0,13,12,10.0,6.4,0.0,76.92307692307693,23.076923076923077,0.0
1705,0.54,1,0,15,14,10.0,5.4,0.0,66.66666666666666,6.666666666666667,26.666666666666668
1706,0.67,1,0,11,10,10.0,6.7,0.0,63.63636363636363,9.090909090909092,27.27272727272727
1707,0.696,1,0,19,18,10.0,6.96,0.0,73.68421052631578,5.263157894736842,21.052631578947366
1708,0.698,1,0,24,23,10.0,6.98,0.0,91.66666666666666,8.333333333333332,0.0
1709,0.646,1,0,19,18,10.0,6.46,0.0,78.94736842105263,21.052631578947366,0.0
1710,0.492,1,0,14,13,10.0,4.92,0.0,85.71428571428571,14.285714285714285,0.0
1711,0.762,1,0,16,15,10.0,7.62,12.5,62.5,12.5,12.5
1712,0.579,1,0,13,12,10.0,5.79,0.0,84.61538461538461,15.384615384615385,0.0
1713,0.538,1,0,19,18,10.0,5.38,5.263157894736842,89.47368421052632,5.263157894736842,0.0
1714,0.536,1,0,23,22,10.0,5.36,0.0,86.95652173913044,13.043478260869565,0.0
1715,0.448,1,0,20,19,10.0,4.48,0.0,90.0,10.0,0.0
1716,0.787,1,0,20,19,10.0,7.87,25.0,50.0,15.0,10.0
1717,0.816,1,0,31,30,10.0,8.16,16.129032258064516,64.51612903225806,6.451612903225806,12.903225806451612
1718,0.505,1,0,10,9,10.0,5.05,0.0,70.0,20.0,10.0
1719,0.68,1,0,23,22,10.0,6.8,0.0,26.08695652173913,4.3478260869565215,69.56521739130434
1720,0.739,1,0,30,29,10.0,7.39,3.3333333333333335,83.33333333333334,6.666666666666667,6.666666666666667
1721,0.57,1,0,23,22,10.0,5.7,17.391304347826086,56.52173913043478,8.695652173913043,17.391304347826086
1722,0.602,1,0,16,15,10.0,6.02,31.25,43.75,18.75,6.25
1723,0.65,1,0,12,11,10.0,6.5,0.0,75.0,16.666666666666664,8.333333333333332
1724,0.523,1,0,18,17,10.0,5.23,5.555555555555555,77.77777777777779,16.666666666666664,0.0
1725,0.8,1,0,17,16,10.0,8.0,0.0,76.47058823529412,17.647058823529413,5.88235294117647
1726,0.75,1,0,15,14,10.0,7.5,0.0,93.33333333333333,6.666666666666667,0.0
1727,0.7,1,0,16,15,10.0,7.0,12.5,68.75,12.5,6.25
1728,0.492,1,0,15,14,10.0,4.92,0.0,86.66666666666667,13.333333333333334,0.0
1729,0.788,1,0,24,23,10.0,7.88,0.0,66.66666666666666,12.5,20.833333333333336
1730,0.508,1,0,15,14,10.0,5.08,13.333333333333334,60.0,20.0,6.666666666666667
1731,0.744,1,0,23,22,10.0,7.44,0.0,91.30434782608695,8.695652173913043,0.0
1732,0.497,1,0,16,15,10.0,4.97,6.25,81.25,12.5,0.0
1733,0.514,1,0,19,18,10.0,5.14,21.052631578947366,68.42105263157895,10.526315789473683,0.0
1734,0.675,1,0,22,21,10.0,6.75,0.0,63.63636363636363,4.545454545454546,31.818181818181817
1735,0.688,1,0,20,19,10.0,6.88,10.0,80.0,5.0,5.0
1736,0.64,1,0,30,29,10.0,6.4,3.3333333333333335,86.66666666666667,10.0,0.0
1737,0.603,1,0,19,18,10.0,6.03,5.263157894736842,84.21052631578947,10.526315789473683,0.0
1738,0.78,1,0,17,16,10.0,7.8,35.294117647058826,47.05882352941176,17.647058823529413,0.0
1739,0.696,1,0,25,24,10.0,6.96,4.0,88.0,8.0,0.0
1740,0.55,1,0,17,16,10.0,5.5,17.647058823529413,70.58823529411765,11.76470588235294,0.0
1741,0.718,1,0,19,18,10.0,7.18,0.0,84.21052631578947,5.263157894736842,10.526315789473683
1742,0.596,1,0,14,13,10.0,5.96,28.57142857142857,42.857142857142854,7.142857142857142,21.428571428571427
1743,0.648,1,0,16,15,10.0,6.48,6.25,68.75,6.25,18.75
1744,0.57,1,0,19,18,10.0,5.7,0.0,73.68421052631578,15.789473684210526,10.526315789473683
1745,0.455,1,0,14,13,10.0,4.55,7.142857142857142,35.714285714285715,42.857142857142854,14.285714285714285
1746,0.648,1,0,21,20,10.0,6.48,0.0,85.71428571428571,14.285714285714285,0.0
1747,0.612,1,0,20,19,10.0,6.12,0.0,80.0,20.0,0.0
1748,0.668,1,0,21,20,10.0,6.68,23.809523809523807,66.66666666666666,9.523809523809524,0.0
1749,0.514,1,0,14,13,10.0,5.14,0.0,78.57142857142857,14.285714285714285,7.142857142857142
1750,0.651,1,0,22,21,10.0,6.51,0.0,86.36363636363636,13.636363636363635,0.0
1751,0.667,1,0,16,15,10.0,6.67,0.0,87.5,12.5,0.0
1752,0.633,1,0,17,16,10.0,6.33,0.0,76.47058823529412,5.88235294117647,17.647058823529413
1753,0.684,1,0,29,28,10.0,6.84,0.0,62.06896551724138,10.344827586206897,27.586206896551722
1754,0.634,1,0,16,15,10.0,6.34,12.5,75.0,12.5,0.0
1755,0.572,1,0,18,17,10.0,5.72,50.0,44.44444444444444,5.555555555555555,0.0
1756,0.608,1,0,13,12,10.0,6.08,0.0,76.92307692307693,23.076923076923077,0.0
1757,0.555,1,0,12,11,10.0,5.55,0.0,75.0,25.0,0.0
1758,0.67,1,0,19,18,10.0,6.7,0.0,68.42105263157895,15.789473684210526,15.789473684210526
1759,0.72,1,0,28,27,10.0,7.2,7.142857142857142,71.42857142857143,21.428571428571427,0.0
1760,0.543,1,0,19,18,10.0,5.43,0.0,42.10526315789473,10.526315789473683,47.368421052631575
1761,0.712,1,0,29,28,10.0,7.12,0.0,89.65517241379311,10.344827586206897,0.0
1762,0.528,1,0,20,19,10.0,5.28,15.0,80.0,5.0,0.0
1763,0.742,1,0,15,14,10.0,7.42,6.666666666666667,73.33333333333333,13.333333333333334,6.666666666666667
1764,0.52,1,0,14,13,10.0,5.2,21.428571428571427,57.14285714285714,14.285714285714285,7.142857142857142
1765,0.78,1,0,14,13,10.0,7.8,0.0,64.28571428571429,21.428571428571427,14.285714285714285
1766,0.643,1,0,21,20,10.0,6.43,42.857142857142854,42.857142857142854,14.285714285714285,0.0
1767,0.728,1,0,25,24,10.0,7.28,4.0,68.0,16.0,12.0
1768,0.715,1,0,14,13,10.0,7.15,0.0,71.42857142857143,28.57142857142857,0.0
1769,0.64,1,0,20,19,10.0,6.4,0.0,80.0,10.0,10.0
1770,0.655,1,0,15,14,10.0,6.55,6.666666666666667,80.0,13.333333333333334,0.0
1771,0.658,1,0,19,18,10.0,6.58,21.052631578947366,68.42105263157895,5.263157894736842,5.263157894736842
1772,0.576,1,0,18,17,10.0,5.76,0.0,83.33333333333334,16.666666666666664,0.0
1773,0.63,1,0,18,17,10.0,6.3,0.0,77.77777777777779,22.22222222222222,0.0
1774,0.775,1,0,18,17,10.0,7.75,0.0,88.88888888888889,5.555555555555555,5.555555555555555
1775,0.712,1,0,21,20,10.0,7.12,19.047619047619047,71.42857142857143,9.523809523809524,0.0
1776,0.414,1,0,12,11,10.0,4.14,41.66666666666667,33.33333333333333,25.0,0.0
1777,0.66,1,0,24,23,10.0,6.6,8.333333333333332,79.16666666666666,12.5,0.0
1778,0.559,1,0,15,14,10.0,5.59,6.666666666666667,80.0,13.333333333333334,0.0
1779,0.685,1,0,14,13,10.0,6.85,0.0,85.71428571428571,7.142857142857142,7.142857142857142
1780,0.542,1,0,16,15,10.0,5.42,0.0,81.25,18.75,0.0
1781,0.77,1,0,18,17,10.0,7.7,5.555555555555555,72.22222222222221,5.555555555555555,16.666666666666664
1782,0.688,1,0,19,18,10.0,6.88,0.0,89.47368421052632,10.526315789473683,0.0
1783,0.487,1,0,16,15,10.0,4.87,0.0,87.5,12.5,0.0
1784,0.644,1,0,21,20,10.0,6.44,0.0,85.71428571428571,14.285714285714285,0.0
1785,0.632,1,0,19,18,10.0,6.32,0.0,84.21052631578947,15.789473684210526,0.0
1786,0.54,1,0,16,15,10.0,5.4,0.0,93.75,6.25,0.0
1787,0.67,1,0,9,8,10.0,6.7,0.0,66.66666666666666,33.33333333333333,0.0
1788,0.724,1,0,14,13,10.0,7.24,7.142857142857142,78.57142857142857,14.285714285714285,0.0
1789,0.54,1,0,24,23,10.0,5.4,0.0,83.33333333333334,16.666666666666664,0.0
1790,0.49,1,0,11,10,10.0,4.9,0.0,72.72727272727273,18.181818181818183,9.090909090909092
1791,0.6,1,0,17,16,10.0,6.0,11.76470588235294,64.70588235294117,11.76470588235294,11.76470588235294
1792,0.476,1,0,12,11,10.0,4.76,8.333333333333332,25.0,16.666666666666664,50.0
1793,0.395,1,0,11,10,10.0,3.95,36.36363636363637,45.45454545454545,18.181818181818183,0.0
1794,0.612,1,0,21,20,10.0,6.12,0.0,66.66666666666666,28.57142857142857,4.761904761904762
1795,0.497,1,0,13,12,10.0,4.97,7.6923076923076925,69.23076923076923,23.076923076923077,0.0
1796,0.796,1,0,20,19,10.0,7.96,0.0,80.0,15.0,5.0
1797,0.66,1,0,20,19,10.0,6.6,0.0,90.0,10.0,0.0
1798,0.476,1,0,19,18,10.0,4.76,52.63157894736842,31.57894736842105,15.789473684210526,0.0
1799,0.715,1,0,19,18,10.0,7.15,21.052631578947366,68.42105263157895,10.526315789473683,0.0
1800,0.704,1,0,25,24,10.0,7.04,48.0,44.0,8.0,0.0
1801,0.68,1,0,19,18,10.0,6.8,0.0,84.21052631578947,10.526315789473683,5.263157894736842
1802,0.748,1,0,18,17,10.0,7.48,0.0,83.33333333333334,11.11111111111111,5.555555555555555
1803,0.608,1,0,15,14,10.0,6.08,0.0,86.66666666666667,13.333333333333334,0.0
1804,0.53,1,0,12,11,10.0,5.3,0.0,83.33333333333334,16.666666666666664,0.0
1805,0.736,1,0,25,24,10.0,7.36,0.0,88.0,8.0,4.0
1806,0.786,1,0,28,27,10.0,7.86,3.571428571428571,64.28571428571429,32.142857142857146,0.0
1807,0.592,1,0,18,17,10.0,5.92,0.0,88.88888888888889,11.11111111111111,0.0
1808,0.627,1,0,18,17,10.0,6.27,0.0,83.33333333333334,16.666666666666664,0.0
1809,0.712,1,0,23,22,10.0,7.12,0.0,91.30434782608695,4.3478260869565215,4.3478260869565215
1810,0.74,1,0,19,18,10.0,7.4,0.0,84.21052631578947,10.526315789473683,5.263157894736842
1811,0.614,1,0,18,17,10.0,6.14,0.0,50.0,5.555555555555555,44.44444444444444
1812,0.664,1,0,21,20,10.0,6.64,0.0,80.95238095238095,9.523809523809524,9.523809523809524
1813,0.578,1,0,20,19,10.0,5.78,0.0,85.0,15.0,0.0
1814,0.816,1,0,33,32,10.0,8.16,0.0,84.84848484848484,6.0606060606060606,9.090909090909092
1815,0.846,1,0,26,25,10.0,8.46,0.0,65.38461538461539,34.61538461538461,0.0
1816,0.56,1,0,13,12,10.0,5.6,0.0,69.23076923076923,15.384615384615385,15.384615384615385
1817,0.651,1,0,18,17,10.0,6.51,11.11111111111111,72.22222222222221,16.666666666666664,0.0
1818,0.778,1,0,18,17,10.0,7.78,0.0,72.22222222222221,5.555555555555555,22.22222222222222
1819,0.68,1,0,16,15,10.0,6.8,6.25,75.0,18.75,0.0
1820,0.757,1,0,19,18,10.0,7.57,26.31578947368421,36.84210526315789,15.789473684210526,21.052631578947366
1821,0.64,1,0,15,14,10.0,6.4,0.0,80.0,13.333333333333334,6.666666666666667
1822,0.534,1,0,19,18,10.0,5.34,15.789473684210526,63.1578947368421,15.789473684210526,5.263157894736842
1823,0.562,1,0,18,17,10.0,5.62,5.555555555555555,83.33333333333334,11.11111111111111,0.0
1824,0.696,1,0,29,28,10.0,6.96,0.0,89.65517241379311,10.344827586206897,0.0
1825,0.648,1,0,27,26,10.0,6.48,25.925925925925924,59.25925925925925,14.814814814814813,0.0
1826,0.675,1,0,17,16,10.0,6.75,0.0,70.58823529411765,29.411764705882355,0.0
1827,0.664,1,0,23,22,10.0,6.64,0.0,95.65217391304348,4.3478260869565215,0.0
1828,0.445,1,0,17,16,10.0,4.45,0.0,82.35294117647058,17.647058823529413,0.0
1829,0.68,1,0,23,22,10.0,6.8,13.043478260869565,65.21739130434783,4.3478260869565215,17.391304347826086
1830,0.75,1,0,33,32,10.0,7.5,0.0,84.84848484848484,6.0606060606060606,9.090909090909092
1831,0.508,1,0,14,13,10.0,5.08,0.0,78.57142857142857,21.428571428571427,0.0
1832,0.551,1,0,18,17,10.0,5.51,5.555555555555555,83.33333333333334,11.11111111111111,0.0
1833,0.596,1,0,17,16,10.0,5.96,11.76470588235294,70.58823529411765,5.88235294117647,11.76470588235294
1834,0.632,1,0,19,18,10.0,6.32,5.263157894736842,78.94736842105263,5.263157894736842,10.526315789473683
1835,0.77,1,0,14,13,10.0,7.7,0.0,92.85714285714286,7.142857142857142,0.0
1836,0.54,1,0,12,11,10.0,5.4,8.333333333333332,75.0,16.666666666666664,0.0
1837,0.464,1,0,15,14,10.0,4.64,13.333333333333334,66.66666666666666,20.0,0.0
1838,0.526,1,0,16,15,10.0,5.26,31.25,50.0,18.75,0.0
1839,0.7,1,0,22,21,10.0,7.0,0.0,86.36363636363636,13.636363636363635,0.0
1840,0.65,1,0,16,15,10.0,6.5,6.25,43.75,18.75,31.25
1841,0.798,1,0,27,26,10.0,7.98,0.0,77.77777777777779,3.7037037037037033,18.51851851851852
1842,0.616,1,0,27,26,10.0,6.16,0.0,92.5925925925926,7.4074074074074066,0.0
1843,0.75,1,0,16,15,10.0,7.5,0.0,81.25,12.5,6.25
1844,0.617,1,0,18,17,10.0,6.17,0.0,77.77777777777779,16.666666666666664,5.555555555555555
1845,0.586,1,0,20,19,10.0,5.86,0.0,90.0,10.0,0.0
1846,0.668,1,0,22,21,10.0,6.68,0.0,81.81818181818183,13.636363636363635,4.545454545454546
1847,0.764,1,0,19,18,10.0,7.64,5.263157894736842,78.94736842105263,10.526315789473683,5.263157894736842
1848,0.504,1,0,18,17,10.0,5.04,0.0,88.88888888888889,11.11111111111111,0.0
1849,0.562,1,0,15,14,10.0,5.62,0.0,73.33333333333333,20.0,6.666666666666667
1850,0.528,1,0,13,12,10.0,5.28,23.076923076923077,30.76923076923077,7.6923076923076925,38.46153846153847
1851,0.528,1,0,16,15,10.0,5.28,18.75,62.5,12.5,6.25
1852,0.776,1,0,26,25,10.0,7.76,0.0,80.76923076923077,11.538461538461538,7.6923076923076925
1853,0.718,1,0,16,15,10.0,7.18,6.25,87.5,6.25,0.0
1854,0.632,1,0,27,26,10.0,6.32,11.11111111111111,70.37037037037037,18.51851851851852,0.0
1855,0.62,1,0,24,23,10.0,6.2,0.0,87.5,8.333333333333332,4.166666666666666
1856,0.655,1,0,16,15,10.0,6.55,12.5,81.25,6.25,0.0
1857,0.574,1,0,17,16,10.0,5.74,0.0,76.47058823529412,17.647058823529413,5.88235294117647
1858,0.664,1,0,21,20,10.0,6.64,0.0,80.95238095238095,9.523809523809524,9.523809523809524
1859,0.872,1,0,28,27,10.0,8.72,17.857142857142858,50.0,14.285714285714285,17.857142857142858
1860,0.88,1,0,21,20,10.0,8.8,0.0,90.47619047619048,9.523809523809524,0.0
1861,0.85,1,0,15,14,10.0,8.5,0.0,60.0,20.0,20.0
1862,0.84,1,0,19,18,10.0,8.4,15.789473684210526,73.68421052631578,5.263157894736842,5.263157894736842
1863,0.748,1,0,22,21,10.0,7.48,0.0,86.36363636363636,13.636363636363635,0.0
1864,0.382,1,0,11,10,10.0,3.82,0.0,81.81818181818183,18.181818181818183,0.0
1865,0.588,1,0,15,14,10.0,5.88,20.0,33.33333333333333,26.666666666666668,20.0
1866,0.49,1,0,18,17,10.0,4.9,0.0,83.33333333333334,16.666666666666664,0.0
1867,0.69,1,0,16,15,10.0,6.9,6.25,87.5,6.25,0.0
1868,0.51,1,0,7,6,10.0,5.1,14.285714285714285,57.14285714285714,14.285714285714285,14.285714285714285
1869,0.54,1,0,17,16,10.0,5.4,0.0,88.23529411764706,11.76470588235294,0.0
1870,0.6,1,0,15,14,10.0,6.0,0.0,93.33333333333333,6.666666666666667,0.0
1871,0.672,1,0,19,18,10.0,6.72,21.052631578947366,63.1578947368421,15.789473684210526,0.0
1872,0.664,1,0,22,21,10.0,6.64,0.0,72.72727272727273,22.727272727272727,4.545454545454546
1873,0.75,1,0,16,15,10.0,7.5,6.25,68.75,25.0,0.0
1874,0.522,1,0,17,16,10.0,5.22,11.76470588235294,76.47058823529412,11.76470588235294,0.0
1875,0.455,1,0,10,9,10.0,4.55,0.0,60.0,20.0,20.0
1876,0.668,1,0,18,17,10.0,6.68,0.0,83.33333333333334,5.555555555555555,11.11111111111111
1877,0.714,1,0,27,26,10.0,7.14,0.0,92.5925925925926,7.4074074074074066,0.0
1878,0.62,1,0,19,18,10.0,6.2,31.57894736842105,52.63157894736842,15.789473684210526,0.0
1879,0.621,1,0,17,16,10.0,6.21,5.88235294117647,82.35294117647058,11.76470588235294,0.0
1880,0.565,1,0,11,10,10.0,5.65,0.0,36.36363636363637,27.27272727272727,36.36363636363637
1881,0.662,1,0,19,18,10.0,6.62,0.0,73.68421052631578,5.263157894736842,21.052631578947366
1882,0.714,1,0,22,21,10.0,7.14,9.090909090909092,63.63636363636363,13.636363636363635,13.636363636363635
1883,0.614,1,0,19,18,10.0,6.14,0.0,47.368421052631575,52.63157894736842,0.0
1884,0.82,1,0,16,15,10.0,8.2,0.0,81.25,12.5,6.25
1885,0.713,1,0,22,21,10.0,7.13,9.090909090909092,77.27272727272727,9.090909090909092,4.545454545454546
1886,0.668,1,0,16,15,10.0,6.68,6.25,81.25,12.5,0.0
1887,0.584,1,0,20,19,10.0,5.84,0.0,85.0,15.0,0.0
1888,0.57,1,0,17,16,10.0,5.7,0.0,82.35294117647058,17.647058823529413,0.0
1889,0.703,1,0,18,17,10.0,7.03,0.0,88.88888888888889,5.555555555555555,5.555555555555555
1890,0.714,1,0,27,26,10.0,7.14,0.0,85.18518518518519,7.4074074074074066,7.4074074074074066
1891,0.791,1,0,18,17,10.0,7.91,0.0,94.44444444444444,5.555555555555555,0.0
1892,0.575,1,0,22,21,10.0,5.75,0.0,86.36363636363636,13.636363636363635,0.0
1893,0.662,1,0,18,17,10.0,6.62,27.77777777777778,44.44444444444444,5.555555555555555,22.22222222222222
1894,0.662,1,0,18,17,10.0,6.62,16.666666666666664,66.66666666666666,16.666666666666664,0.0
1895,0.736,1,0,26,25,10.0,7.36,15.384615384615385,69.23076923076923,15.384615384615385,0.0
1896,0.78,1,0,19,18,10.0,7.8,0.0,89.47368421052632,5.263157894736842,5.263157894736842
1897,0.486,1,0,13,12,10.0,4.86,23.076923076923077,61.53846153846154,15.384615384615385,0.0
1898,0.442,1,0,13,12,10.0,4.42,0.0,76.92307692307693,23.076923076923077,0.0
1899,0.656,1,0,25,24,10.0,6.56,24.0,72.0,4.0,0.0
1900,0.78,1,0,27,26,10.0,7.8,0.0,77.77777777777779,3.7037037037037033,18.51851851851852
1901,0.548,1,0,16,15,10.0,5.48,50.0,31.25,18.75,0.0
1902,0.66,1,0,18,17,10.0,6.6,5.555555555555555,77.77777777777779,11.11111111111111,5.555555555555555
1903,0.65,1,0,15,14,10.0,6.5,6.666666666666667,73.33333333333333,13.333333333333334,6.666666666666667
1904,0.64,1,0,19,18,10.0,6.4,0.0,94.73684210526315,5.263157894736842,0.0
1905,0.576,1,0,18,17,10.0,5.76,0.0,72.22222222222221,5.555555555555555,22.22222222222222
1906,0.478,1,0,14,13,10.0,4.78,0.0,42.857142857142854,14.285714285714285,42.857142857142854
1907,0.449,1,0,12,11,10.0,4.49,41.66666666666667,16.666666666666664,25.0,16.666666666666664
1908,0.508,1,0,16,15,10.0,5.08,6.25,62.5,12.5,18.75
1909,0.531,1,0,15,14,10.0,5.31,0.0,86.66666666666667,13.333333333333334,0.0
1910,0.856,1,0,30,29,10.0,8.56,0.0,73.33333333333333,3.3333333333333335,23.333333333333332
1911,0.624,1,0,21,20,10.0,6.24,14.285714285714285,76.19047619047619,9.523809523809524,0.0
1912,0.529,1,0,12,11,10.0,5.29,8.333333333333332,75.0,16.666666666666664,0.0
1913,0.564,1,0,14,13,10.0,5.64,35.714285714285715,42.857142857142854,21.428571428571427,0.0
1914,0.575,1,0,10,9,10.0,5.75,0.0,90.0,10.0,0.0
1915,0.567,1,0,14,13,10.0,5.67,0.0,85.71428571428571,7.142857142857142,7.142857142857142
1916,0.448,1,0,13,12,10.0,4.48,23.076923076923077,69.23076923076923,7.6923076923076925,0.0
1917,0.614,1,0,17,16,10.0,6.14,0.0,58.82352941176471,5.88235294117647,35.294117647058826
1918,0.53,1,0,23,22,10.0,5.3,8.695652173913043,69.56521739130434,13.043478260869565,8.695652173913043
1919,0.625,1,0,10,9,10.0,6.25,20.0,70.0,10.0,0.0
1920,0.66,1,0,15,14,10.0,6.6,0.0,86.66666666666667,13.333333333333334,0.0
1921,0.754,1,0,26,25,10.0,7.54,0.0,69.23076923076923,7.6923076923076925,23.076923076923077
1922,0.628,1,0,15,14,10.0,6.28,0.0,80.0,20.0,0.0
1923,0.728,1,0,19,18,10.0,7.28,0.0,73.68421052631578,15.789473684210526,10.526315789473683
1924,0.571,1,0,21,20,10.0,5.71,14.285714285714285,52.38095238095239,9.523809523809524,23.809523809523807
1925,0.754,1,0,33,32,10.0,7.54,3.0303030303030303,84.84848484848484,12.121212121212121,0.0
1926,0.656,1,0,22,21,10.0,6.56,4.545454545454546,77.27272727272727,13.636363636363635,4.545454545454546
1927,0.58,1,0,17,16,10.0,5.8,0.0,88.23529411764706,11.76470588235294,0.0
1928,0.498,1,0,15,14,10.0,4.98,0.0,86.66666666666667,13.333333333333334,0.0
1929,0.691,1,0,14,13,10.0,6.91,21.428571428571427,71.42857142857143,7.142857142857142,0.0
1930,0.85,1,0,9,8,10.0,8.5,0.0,22.22222222222222,33.33333333333333,44.44444444444444
1931,0.675,1,0,14,13,10.0,6.75,0.0,78.57142857142857,7.142857142857142,14.285714285714285
1932,0.65,1,0,15,14,10.0,6.5,0.0,80.0,13.333333333333334,6.666666666666667
1933,0.533,1,0,17,16,10.0,5.33,11.76470588235294,64.70588235294117,23.52941176470588,0.0
1934,0.7,1,0,18,17,10.0,7.0,11.11111111111111,83.33333333333334,5.555555555555555,0.0
1935,0.663,1,0,24,23,10.0,6.63,0.0,70.83333333333334,16.666666666666664,12.5
1936,0.748,1,0,21,20,10.0,7.48,0.0,57.14285714285714,23.809523809523807,19.047619047619047
1937,0.478,1,0,12,11,10.0,4.78,58.333333333333336,33.33333333333333,8.333333333333332,0.0
1938,0.521,1,0,17,16,10.0,5.21,0.0,52.94117647058824,35.294117647058826,11.76470588235294
1939,0.62,1,0,16,15,10.0,6.2,0.0,81.25,6.25,12.5
1940,0.75,1,0,10,9,10.0,7.5,10.0,80.0,10.0,0.0
1941,0.688,1,0,23,22,10.0,6.88,17.391304347826086,69.56521739130434,4.3478260869565215,8.695652173913043
1942,0.55,1,0,16,15,10.0,5.5,0.0,62.5,18.75,18.75
1943,0.7,1,0,23,22,10.0,7.0,26.08695652173913,69.56521739130434,4.3478260869565215,0.0
1944,0.59,1,0,10,9,10.0,5.9,0.0,90.0,10.0,0.0
1945,0.646,1,0,16,15,10.0,6.46,0.0,81.25,18.75,0.0
1946,0.576,1,0,26,25,10.0,5.76,0.0,88.46153846153845,11.538461538461538,0.0
1947,0.652,1,0,19,18,10.0,6.52,5.263157894736842,73.68421052631578,5.263157894736842,15.789473684210526
1948,0.459,1,0,9,8,10.0,4.59,22.22222222222222,55.55555555555556,22.22222222222222,0.0
1949,0.591,1,0,15,14,10.0,5.91,13.333333333333334,80.0,6.666666666666667,0.0
1950,0.632,1,0,18,17,10.0,6.32,33.33333333333333,38.88888888888889,16.666666666666664,11.11111111111111
1951,0.772,1,0,29,28,10.0,7.72,0.0,82.75862068965517,17.24137931034483,0.0
1952,0.836,1,0,22,21,10.0,8.36,0.0,86.36363636363636,9.090909090909092,4.545454545454546
1953,0.578,1,0,14,13,10.0,5.78,0.0,92.85714285714286,7.142857142857142,0.0
1954,0.542,1,0,18,17,10.0,5.42,0.0,83.33333333333334,16.666666666666664,0.0
1955,0.589,1,0,15,14,10.0,5.89,6.666666666666667,86.66666666666667,6.666666666666667,0.0
1956,0.802,1,0,24,23,10.0,8.02,8.333333333333332,45.83333333333333,4.166666666666666,41.66666666666667
1957,0.587,1,0,14,13,10.0,5.87,21.428571428571427,64.28571428571429,14.285714285714285,0.0
1958,0.527,1,0,16,15,10.0,5.27,50.0,37.5,6.25,6.25
1959,0.766,1,0,22,21,10.0,7.66,4.545454545454546,77.27272727272727,4.545454545454546,13.636363636363635
1960,0.672,1,0,16,15,10.0,6.72,0.0,81.25,18.75,0.0
1961,0.88,1,0,27,26,10.0,8.8,3.7037037037037033,92.5925925925926,3.7037037037037033,0.0
1962,0.728,1,0,29,28,10.0,7.28,0.0,89.65517241379311,10.344827586206897,0.0
1963,0.68,1,0,20,19,10.0,6.8,5.0,75.0,20.0,0.0
1964,0.404,1,0,11,10,9.0,4.04,0.0,81.81818181818183,18.181818181818183,0.0
1965,0.748,1,0,22,21,10.0,7.48,4.545454545454546,81.81818181818183,9.090909090909092,4.545454545454546
1966,0.512,1,0,17,16,10.0,5.12,0.0,82.35294117647058,17.647058823529413,0.0
1967,0.586,1,0,19,18,10.0,5.86,15.789473684210526,63.1578947368421,21.052631578947366,0.0
1968,0.714,1,0,37,36,10.0,7.14,21.62162162162162,67.56756756756756,8.108108108108109,2.7027027027027026
1969,0.643,1,0,16,15,10.0,6.43,12.5,43.75,6.25,37.5
1970,0.812,1,0,20,19,10.0,8.12,5.0,75.0,20.0,0.0
1971,0.556,1,0,18,17,10.0,5.56,33.33333333333333,44.44444444444444,11.11111111111111,11.11111111111111
1972,0.565,1,0,9,8,10.0,5.65,0.0,77.77777777777779,11.11111111111111,11.11111111111111
1973,0.62,1,0,12,11,10.0,6.2,0.0,33.33333333333333,25.0,41.66666666666667
1974,0.708,1,0,21,20,10.0,7.08,4.761904761904762,90.47619047619048,4.761904761904762,0.0
1975,0.645,1,0,15,14,10.0,6.45,26.666666666666668,60.0,13.333333333333334,0.0
1976,0.66,1,0,20,19,10.0,6.6,0.0,90.0,10.0,0.0
1977,0.705,1,0,13,12,10.0,7.05,7.6923076923076925,69.23076923076923,7.6923076923076925,15.384615384615385
1978,0.58,1,0,16,15,10.0,5.8,12.5,75.0,12.5,0.0
1979,0.536,1,0,17,16,10.0,5.36,17.647058823529413,70.58823529411765,11.76470588235294,0.0
1980,0.635,1,0,20,19,10.0,6.35,0.0,70.0,10.0,20.0
1981,0.588,1,0,25,24,10.0,5.88,28.000000000000004,48.0,8.0,16.0
1982,0.595,1,0,11,10,10.0,5.95,0.0,81.81818181818183,18.181818181818183,0.0
1983,0.719,1,0,22,21,10.0,7.19,4.545454545454546,86.36363636363636,9.090909090909092,0.0
1984,0.568,1,0,19,18,10.0,5.68,0.0,57.89473684210527,15.789473684210526,26.31578947368421
1985,0.68,1,0,15,14,10.0,6.8,6.666666666666667,53.333333333333336,6.666666666666667,33.33333333333333
1986,0.76,1,0,16,15,10.0,7.6,0.0,87.5,12.5,0.0
1987,0.783,1,0,24,23,10.0,7.83,0.0,87.5,12.5,0.0
1988,0.463,1,0,11,10,10.0,4.63,0.0,54.54545454545454,27.27272727272727,18.181818181818183
1989,0.672,1,0,20,19,10.0,6.72,0.0,90.0,10.0,0.0
1990,0.7,1,0,14,13,10.0,7.0,0.0,42.857142857142854,14.285714285714285,42.857142857142854
1991,0.591,1,0,18,17,10.0,5.91,11.11111111111111,72.22222222222221,16.666666666666664,0.0
1992,0.568,1,0,17,16,10.0,5.68,11.76470588235294,52.94117647058824,17.647058823529413,17.647058823529413
1993,0.548,1,0,16,15,10.0,5.48,0.0,93.75,6.25,0.0
1994,0.604,1,0,19,18,10.0,6.04,0.0,78.94736842105263,15.789473684210526,5.263157894736842
1995,0.479,1,0,11,10,10.0,4.79,27.27272727272727,54.54545454545454,18.181818181818183,0.0
1996,0.511,1,0,11,10,10.0,5.11,0.0,81.81818181818183,18.181818181818183,0.0
1997,0.556,1,0,13,12,10.0,5.56,0.0,69.23076923076923,23.076923076923077,7.6923076923076925
1998,0.83,1,0,25,24,10.0,8.3,0.0,80.0,8.0,12.0
1999,0.46,1,0,18,17,10.0,4.6,22.22222222222222,66.66666666666666,11.11111111111111,0.0
2000,0.462,1,0,15,14,10.0,4.62,13.333333333333334,66.66666666666666,20.0,0.0
2001,0.6,1,0,10,9,10.0,6.0,0.0,50.0,30.0,20.0
2002,0.78,1,0,24,23,10.0,7.8,0.0,58.333333333333336,37.5,4.166666666666666
2003,0.692,1,0,17,16,10.0,6.92,0.0,76.47058823529412,5.88235294117647,17.647058823529413
2004,0.6,1,0,16,15,10.0,6.0,0.0,87.5,12.5,0.0
2005,0.696,1,0,23,22,10.0,6.96,21.73913043478261,65.21739130434783,13.043478260869565,0.0
2006,0.8,1,0,17,16,10.0,8.0,0.0,82.35294117647058,11.76470588235294,5.88235294117647
2007,0.538,1,0,18,17,10.0,5.38,0.0,88.88888888888889,11.11111111111111,0.0
2008,0.744,1,0,26,25,10.0,7.44,23.076923076923077,69.23076923076923,7.6923076923076925,0.0
2009,0.749,1,0,31,30,10.0,7.49,3.225806451612903,74.19354838709677,16.129032258064516,6.451612903225806
2010,0.72,1,0,21,20,10.0,7.2,0.0,42.857142857142854,19.047619047619047,38.095238095238095
2011,0.478,1,0,18,17,10.0,4.78,22.22222222222222,72.22222222222221,5.555555555555555,0.0
2012,0.74,1,0,18,17,10.0,7.4,0.0,88.88888888888889,5.555555555555555,5.555555555555555
2013,0.695,1,0,23,22,10.0,6.95,43.47826086956522,47.82608695652174,8.695652173913043,0.0
2014,0.745,1,0,25,24,10.0,7.45,0.0,84.0,12.0,4.0
2015,0.615,1,0,9,8,10.0,6.15,11.11111111111111,66.66666666666666,11.11111111111111,11.11111111111111
2016,0.592,1,0,16,15,10.0,5.92,0.0,87.5,12.5,0.0
2017,0.632,1,0,28,27,10.0,6.32,25.0,50.0,21.428571428571427,3.571428571428571
2018,0.702,1,0,18,17,10.0,7.02,16.666666666666664,77.77777777777779,5.555555555555555,0.0
2019,0.568,1,0,15,14,9.0,5.68,13.333333333333334,40.0,6.666666666666667,40.0
2020,0.387,1,0,11,10,10.0,3.87,9.090909090909092,72.72727272727273,18.181818181818183,0.0
2021,0.586,1,0,21,20,10.0,5.86,0.0,90.47619047619048,9.523809523809524,0.0
2022,0.72,1,0,14,13,10.0,7.2,0.0,71.42857142857143,7.142857142857142,21.428571428571427
2023,0.692,1,0,25,24,10.0,6.92,4.0,68.0,8.0,20.0
2024,0.676,1,0,16,15,10.0,6.76,6.25,68.75,25.0,0.0
2025,0.732,1,0,21,20,10.0,7.32,4.761904761904762,71.42857142857143,19.047619047619047,4.761904761904762
2026,0.8,1,0,23,22,10.0,8.0,0.0,65.21739130434783,34.78260869565217,0.0
2027,0.676,1,0,20,19,10.0,6.76,0.0,80.0,20.0,0.0
2028,0.772,1,0,17,16,10.0,7.72,5.88235294117647,35.294117647058826,11.76470588235294,47.05882352941176
2029,0.488,1,0,17,16,10.0,4.88,0.0,64.70588235294117,23.52941176470588,11.76470588235294
2030,0.599,1,0,26,25,10.0,5.99,3.8461538461538463,69.23076923076923,3.8461538461538463,23.076923076923077
2031,0.626,1,0,27,26,10.0,6.26,0.0,85.18518518518519,14.814814814814813,0.0
2032,0.59,1,0,22,21,10.0,5.9,0.0,81.81818181818183,13.636363636363635,4.545454545454546
2033,0.646,1,0,19,18,10.0,6.46,15.789473684210526,73.68421052631578,10.526315789473683,0.0
2034,0.62,1,0,13,12,10.0,6.2,0.0,84.61538461538461,15.384615384615385,0.0
2035,0.645,1,0,15,14,10.0,6.45,0.0,80.0,13.333333333333334,6.666666666666667
2036,0.652,1,0,19,18,10.0,6.52,0.0,84.21052631578947,15.789473684210526,0.0
2037,0.534,1,0,15,14,10.0,5.34,13.333333333333334,80.0,6.666666666666667,0.0
2038,0.75,1,0,19,18,10.0,7.5,0.0,78.94736842105263,15.789473684210526,5.263157894736842
2039,0.448,1,0,18,17,10.0,4.48,27.77777777777778,61.111111111111114,11.11111111111111,0.0
2040,0.82,1,0,19,18,10.0,8.2,0.0,89.47368421052632,10.526315789473683,0.0
2041,0.573,1,0,19,18,10.0,5.73,5.263157894736842,57.89473684210527,15.789473684210526,21.052631578947366
2042,0.728,1,0,31,30,10.0,7.28,0.0,90.32258064516128,6.451612903225806,3.225806451612903
2043,0.528,1,0,17,16,10.0,5.28,5.88235294117647,70.58823529411765,5.88235294117647,17.647058823529413
2044,0.735,1,0,34,33,10.0,7.35,2.941176470588235,67.64705882352942,26.47058823529412,2.941176470588235
2045,0.556,1,0,16,15,10.0,5.56,6.25,81.25,12.5,0.0
2046,0.598,1,0,18,17,10.0,5.98,0.0,88.88888888888889,11.11111111111111,0.0
2047,0.595,1,0,20,19,10.0,5.95,25.0,70.0,5.0,0.0
2048,0.794,1,0,24,23,10.0,7.94,0.0,70.83333333333334,12.5,16.666666666666664
2049,0.74,1,0,22,21,10.0,7.4,4.545454545454546,81.81818181818183,13.636363636363635,0.0
2050,0.63,1,0,19,18,10.0,6.3,0.0,94.73684210526315,5.263157894736842,0.0
2051,0.752,1,0,18,17,10.0,7.52,38.88888888888889,50.0,11.11111111111111,0.0
2052,0.696,1,0,25,24,10.0,6.96,0.0,84.0,8.0,8.0
2053,0.678,1,0,20,19,10.0,6.78,0.0,90.0,10.0,0.0
2054,0.681,1,0,24,23,10.0,6.81,8.333333333333332,62.5,12.5,16.666666666666664
2055,0.659,1,0,15,14,10.0,6.59,0.0,46.666666666666664,6.666666666666667,46.666666666666664
2056,0.666,1,0,20,19,10.0,6.66,5.0,65.0,30.0,0.0
2057,0.536,1,0,22,21,10.0,5.36,0.0,63.63636363636363,9.090909090909092,27.27272727272727
2058,0.625,1,0,20,19,10.0,6.25,0.0,90.0,10.0,0.0
2059,0.82,1,0,24,23,10.0,8.2,20.833333333333336,45.83333333333333,33.33333333333333,0.0
2060,0.616,1,0,20,19,10.0,6.16,5.0,85.0,10.0,0.0
2061,0.77,1,0,12,11,10.0,7.7,0.0,91.66666666666666,8.333333333333332,0.0
2062,0.62,1,0,21,20,10.0,6.2,0.0,85.71428571428571,9.523809523809524,4.761904761904762
2063,0.61,1,0,17,16,10.0,6.1,0.0,82.35294117647058,17.647058823529413,0.0
2064,0.75,1,0,27,26,10.0,7.5,0.0,85.18518518518519,3.7037037037037033,11.11111111111111
2065,0.725,1,0,13,12,10.0,7.25,0.0,76.92307692307693,23.076923076923077,0.0
2066,0.568,1,0,18,17,10.0,5.68,16.666666666666664,66.66666666666666,11.11111111111111,5.555555555555555
2067,0.46,1,0,14,13,10.0,4.6,0.0,85.71428571428571,14.285714285714285,0.0
2068,0.75,1,0,26,25,10.0,7.5,0.0,80.76923076923077,19.230769230769234,0.0
2069,0.696,1,0,22,21,10.0,6.96,0.0,72.72727272727273,4.545454545454546,22.727272727272727
2070,0.78,1,0,14,13,10.0,7.8,0.0,71.42857142857143,7.142857142857142,21.428571428571427
2071,0.664,1,0,20,19,10.0,6.64,15.0,70.0,15.0,0.0
2072,0.48,1,0,13,12,10.0,4.8,0.0,76.92307692307693,15.384615384615385,7.6923076923076925
2073,0.701,1,0,22,21,10.0,7.01,0.0,72.72727272727273,4.545454545454546,22.727272727272727
2074,0.642,1,0,20,19,10.0,6.42,0.0,95.0,5.0,0.0
2075,0.593,1,0,18,17,10.0,5.93,0.0,77.77777777777779,16.666666666666664,5.555555555555555
2076,0.74,1,0,25,24,10.0,7.4,0.0,80.0,12.0,8.0
2077,0.526,1,0,12,11,10.0,5.26,50.0,16.666666666666664,25.0,8.333333333333332
2078,0.672,1,0,26,25,10.0,6.72,30.76923076923077,57.692307692307686,7.6923076923076925,3.8461538461538463
2079,0.38,1,0,10,9,10.0,3.8,0.0,80.0,20.0,0.0
2080,0.576,1,0,15,14,10.0,5.76,13.333333333333334,66.66666666666666,20.0,0.0
2081,0.505,1,0,15,14,10.0,5.05,6.666666666666667,80.0,13.333333333333334,0.0
2082,0.7,1,0,15,14,10.0,7.0,0.0,60.0,13.333333333333334,26.666666666666668
2083,0.789,1,0,27,26,10.0,7.89,11.11111111111111,70.37037037037037,14.814814814814813,3.7037037037037033
2084,0.62,1,0,11,10,10.0,6.2,9.090909090909092,18.181818181818183,18.181818181818183,54.54545454545454
2085,0.61,1,0,11,10,10.0,6.1,9.090909090909092,72.72727272727273,18.181818181818183,0.0
2086,0.795,1,0,15,14,10.0,7.95,0.0,60.0,13.333333333333334,26.666666666666668
2087,0.664,1,0,24,23,10.0,6.64,0.0,83.33333333333334,16.666666666666664,0.0
2088,0.418,1,0,13,12,10.0,4.18,69.23076923076923,23.076923076923077,7.6923076923076925,0.0
2089,0.676,1,0,20,19,10.0,6.76,0.0,90.0,10.0,0.0
2090,0.8,1,0,31,30,10.0,8.0,3.225806451612903,90.32258064516128,6.451612903225806,0.0
2091,0.63,1,0,16,15,9.0,6.3,0.0,75.0,25.0,0.0
2092,0.454,1,0,15,14,10.0,4.54,0.0,86.66666666666667,13.333333333333334,0.0
2093,0.608,1,0,26,25,10.0,6.08,3.8461538461538463,69.23076923076923,7.6923076923076925,19.230769230769234
2094,0.661,1,0,17,16,10.0,6.61,0.0,64.70588235294117,5.88235294117647,29.411764705882355
2095,0.67,1,0,27,26,10.0,6.7,3.7037037037037033,81.48148148148148,11.11111111111111,3.7037037037037033
2096,0.6,1,0,21,20,10.0,6.0,4.761904761904762,90.47619047619048,4.761904761904762,0.0
2097,0.656,1,0,25,24,10.0,6.56,0.0,88.0,12.0,0.0
2098,0.745,1,0,21,20,10.0,7.45,4.761904761904762,80.95238095238095,4.761904761904762,9.523809523809524
2099,0.76,1,0,16,15,10.0,7.6,6.25,75.0,12.5,6.25
2100,0.692,1,0,19,18,10.0,6.92,0.0,84.21052631578947,15.789473684210526,0.0
SUMMARY,0.6326738095238097,2100,0,,,,,9.980541067401836,63.87519624283292,13.321318398641445,12.822944291123804
