episode,utilization,invalid_learned,invalid_attempted,boxes_attempted,placed_boxes,max_height,avg_height,perc_stacking,perc_best_fit,perc_semi_perfect_fit,perc_random_fit
1,0.683,171,0,100,16,10.0,7.52,30.0,24.0,29.0,17.0
2,0.729,159,0,100,25,10.0,8.22,24.0,24.0,27.0,25.0
3,0.746,160,0,100,24,10.0,8.46,31.0,24.0,24.0,21.0
4,0.768,167,0,100,22,10.0,8.81,31.0,16.0,27.0,26.0
5,0.75,165,0,100,22,10.0,8.72,26.0,19.0,26.0,29.0
6,0.77,157,0,100,25,10.0,8.83,24.0,23.0,19.0,34.0
7,0.641,171,0,100,18,10.0,8.27,19.0,24.0,28.0,29.0
8,0.735,163,0,100,22,10.0,8.12,29.0,22.0,22.0,27.0
9,0.779,163,0,100,22,10.0,8.56,24.0,24.0,28.0,24.0
10,0.778,164,0,100,22,10.0,8.3,21.0,27.0,19.0,33.0
11,0.723,166,0,100,20,10.0,8.28,22.0,18.0,24.0,36.0
12,0.712,167,0,100,20,10.0,8.44,23.0,15.0,18.0,44.0
13,0.7,158,0,100,24,10.0,8.4,19.0,24.0,25.0,32.0
14,0.738,160,0,100,21,10.0,8.16,29.0,19.0,28.0,24.0
15,0.825,160,0,100,25,10.0,8.67,24.0,32.0,23.0,21.0
16,0.796,161,0,100,22,10.0,9.02,23.0,21.0,24.0,32.0
17,0.814,171,0,100,18,10.0,8.76,20.0,34.0,18.0,28.0
18,0.841,163,0,100,23,10.0,9.37,19.0,19.0,29.0,33.0
19,0.739,158,0,100,22,10.0,8.18,36.0,23.0,21.0,20.0
20,0.762,166,0,100,20,10.0,8.84,22.0,23.0,22.0,33.0
21,0.742,163,0,100,22,10.0,8.13,23.0,22.0,17.0,38.0
22,0.781,157,0,100,27,10.0,9.21,22.0,20.0,30.0,28.0
23,0.816,156,0,100,25,10.0,8.85,25.0,23.0,25.0,27.0
24,0.734,168,0,100,18,10.0,8.04,23.0,25.0,21.0,31.0
25,0.763,169,0,100,19,10.0,8.61,29.0,20.0,36.0,15.0
26,0.708,173,0,100,15,10.0,7.47,24.0,17.0,29.0,30.0
27,0.75,159,0,100,24,10.0,8.29,20.0,23.0,29.0,28.0
28,0.797,159,0,100,22,10.0,8.86,31.0,24.0,23.0,22.0
29,0.791,159,0,100,23,10.0,8.62,18.0,29.0,27.0,26.0
30,0.819,162,0,100,23,10.0,8.95,29.0,19.0,21.0,31.0
31,0.716,152,0,100,28,10.0,8.03,32.0,17.0,32.0,19.0
32,0.657,167,0,100,18,10.0,8.07,24.0,21.0,34.0,21.0
33,0.76,154,0,100,24,10.0,8.62,25.0,23.0,23.0,29.0
34,0.696,168,0,100,19,10.0,7.89,27.0,19.0,26.0,28.0
35,0.654,159,0,100,22,10.0,7.97,22.0,27.0,28.0,23.0
36,0.692,158,0,100,22,10.0,8.79,26.0,16.0,29.0,29.0
37,0.672,162,0,100,20,10.0,7.67,24.0,23.0,22.0,31.0
38,0.778,153,0,100,24,10.0,8.77,26.0,25.0,20.0,29.0
39,0.828,155,0,100,25,10.0,9.15,36.0,15.0,21.0,28.0
40,0.721,161,0,100,21,10.0,8.52,42.0,15.0,20.0,23.0
41,0.748,166,0,100,20,10.0,8.53,25.0,19.0,26.0,30.0
42,0.684,159,0,100,23,10.0,7.85,26.0,18.0,26.0,30.0
43,0.715,163,0,100,22,10.0,8.02,25.0,20.0,26.0,29.0
44,0.71,166,0,100,19,10.0,8.03,27.0,23.0,37.0,13.0
45,0.761,158,0,100,24,10.0,8.37,21.0,19.0,21.0,39.0
46,0.767,158,0,100,24,10.0,8.32,23.0,26.0,16.0,35.0
47,0.717,161,0,100,22,10.0,8.56,18.0,24.0,40.0,18.0
48,0.699,163,0,100,21,10.0,8.03,20.0,20.0,18.0,42.0
49,0.808,158,0,100,24,10.0,8.91,11.0,23.0,20.0,46.0
50,0.704,162,0,100,21,10.0,8.0,20.0,16.0,36.0,28.0
51,0.811,163,0,100,20,10.0,9.02,30.0,14.0,23.0,33.0
52,0.763,168,0,100,19,10.0,8.34,23.0,21.0,16.0,40.0
53,0.694,160,0,100,24,10.0,8.19,21.0,16.0,21.0,42.0
54,0.731,162,0,100,21,10.0,8.51,18.0,17.0,29.0,36.0
55,0.707,164,0,100,21,10.0,8.3,24.0,21.0,14.0,41.0
56,0.781,161,0,100,22,10.0,9.07,18.0,23.0,19.0,40.0
57,0.747,164,0,100,20,10.0,8.31,17.0,23.0,21.0,39.0
58,0.669,165,0,100,18,10.0,7.69,19.0,20.0,20.0,41.0
59,0.726,171,0,100,17,10.0,8.04,20.0,25.0,22.0,33.0
60,0.734,161,0,100,23,10.0,8.08,15.0,20.0,35.0,30.0
61,0.744,154,0,100,25,10.0,8.56,32.0,18.0,21.0,29.0
62,0.759,159,0,100,23,10.0,9.41,22.0,18.0,24.0,36.0
63,0.717,163,0,100,20,10.0,7.8,16.0,26.0,32.0,26.0
64,0.634,160,0,100,21,10.0,8.08,23.0,24.0,30.0,23.0
65,0.804,159,0,100,23,10.0,8.43,17.0,22.0,20.0,41.0
66,0.758,160,0,100,24,10.0,8.47,21.0,20.0,27.0,32.0
67,0.701,162,0,100,21,10.0,8.14,12.0,16.0,28.0,44.0
68,0.779,159,0,100,23,10.0,8.86,23.0,17.0,22.0,38.0
69,0.814,149,0,100,28,10.0,8.73,16.0,22.0,17.0,45.0
70,0.755,148,0,100,27,10.0,8.33,21.0,17.0,18.0,44.0
71,0.659,167,0,100,17,10.0,7.56,11.0,27.0,39.0,23.0
72,0.749,165,0,100,21,10.0,7.82,20.0,16.0,33.0,31.0
73,0.769,165,0,100,19,10.0,8.61,16.0,25.0,17.0,42.0
74,0.66,163,0,100,22,10.0,7.75,22.0,12.0,43.0,23.0
75,0.857,160,0,100,22,10.0,9.47,21.0,21.0,23.0,35.0
76,0.72,149,0,100,29,10.0,8.76,16.0,20.0,33.0,31.0
77,0.769,162,0,100,22,10.0,8.69,24.0,22.0,18.0,36.0
78,0.732,166,0,100,21,10.0,8.46,18.0,19.0,23.0,40.0
79,0.71,166,0,100,19,10.0,7.89,23.0,17.0,33.0,27.0
80,0.735,168,0,100,18,10.0,7.93,17.0,10.0,16.0,57.0
81,0.816,162,0,100,23,10.0,9.17,26.0,16.0,21.0,37.0
82,0.72,164,0,100,20,10.0,8.57,37.0,18.0,18.0,27.0
83,0.788,162,0,100,23,10.0,9.25,19.0,12.0,29.0,40.0
84,0.737,156,0,100,24,10.0,8.02,19.0,14.0,30.0,37.0
85,0.849,158,0,100,23,10.0,8.92,25.0,18.0,22.0,35.0
86,0.822,161,0,100,22,10.0,8.49,18.0,12.0,32.0,38.0
87,0.799,157,0,100,24,10.0,9.12,16.0,9.0,20.0,55.0
88,0.711,163,0,100,20,10.0,7.66,17.0,26.0,19.0,38.0
89,0.777,157,0,100,24,10.0,8.84,26.0,13.0,17.0,44.0
90,0.788,162,0,100,22,10.0,9.11,19.0,17.0,25.0,39.0
91,0.712,161,0,100,21,10.0,8.24,17.0,12.0,44.0,27.0
92,0.777,152,0,100,27,10.0,8.7,22.0,13.0,26.0,39.0
93,0.755,151,0,100,26,10.0,8.51,30.0,12.0,41.0,17.0
94,0.808,164,0,100,21,10.0,8.92,23.0,15.0,17.0,45.0
95,0.687,156,0,100,22,10.0,7.92,20.0,15.0,39.0,26.0
96,0.599,161,0,100,21,10.0,7.03,17.0,11.0,51.0,21.0
97,0.73,163,0,100,22,10.0,8.29,23.0,6.0,33.0,38.0
98,0.757,160,0,100,23,10.0,8.17,10.0,18.0,59.0,13.0
99,0.716,163,0,100,21,10.0,7.64,19.0,9.0,40.0,32.0
100,0.62,169,0,100,17,10.0,7.42,11.0,11.0,46.0,32.0
101,0.704,155,0,100,24,10.0,8.13,19.0,11.0,30.0,40.0
102,0.81,175,0,100,14,10.0,8.85,16.0,14.0,10.0,60.0
103,0.754,165,0,100,19,10.0,7.87,20.0,17.0,29.0,34.0
104,0.728,170,0,100,17,10.0,8.16,16.0,14.0,21.0,49.0
105,0.787,153,0,100,26,10.0,8.35,12.0,18.0,48.0,22.0
106,0.69,160,0,100,22,10.0,7.72,22.0,25.0,38.0,15.0
107,0.681,154,0,100,24,10.0,7.75,15.0,23.0,42.0,20.0
108,0.787,162,0,100,21,10.0,9.05,22.0,19.0,17.0,42.0
109,0.747,158,0,100,23,10.0,8.19,40.0,12.0,24.0,24.0
110,0.722,164,0,100,21,10.0,8.04,11.0,16.0,30.0,43.0
111,0.733,164,0,100,20,10.0,8.2,23.0,17.0,17.0,43.0
112,0.794,148,0,100,29,10.0,8.55,18.0,16.0,22.0,44.0
113,0.802,163,0,100,22,10.0,8.8,18.0,10.0,31.0,41.0
114,0.666,159,0,100,21,10.0,7.17,24.0,14.0,41.0,21.0
115,0.796,167,0,100,19,10.0,8.78,23.0,13.0,10.0,54.0
116,0.728,159,0,100,22,10.0,8.07,8.0,20.0,50.0,22.0
117,0.709,155,0,100,26,10.0,8.55,17.0,12.0,34.0,37.0
118,0.784,157,0,100,25,10.0,8.68,11.0,12.0,29.0,48.0
119,0.747,159,0,100,22,10.0,8.28,19.0,19.0,33.0,29.0
120,0.771,160,0,100,22,10.0,8.62,20.0,13.0,15.0,52.0
121,0.711,159,0,100,23,10.0,7.91,14.0,12.0,26.0,48.0
122,0.794,157,0,100,23,10.0,8.72,24.0,13.0,23.0,40.0
123,0.726,160,0,100,21,10.0,8.06,13.0,10.0,28.0,49.0
124,0.783,167,0,100,18,10.0,8.58,9.0,16.0,27.0,48.0
125,0.8,172,0,100,17,10.0,9.18,14.0,15.0,20.0,51.0
126,0.679,168,0,100,18,10.0,7.48,15.0,12.0,32.0,41.0
127,0.673,163,0,100,20,10.0,7.33,15.0,11.0,21.0,53.0
128,0.651,176,0,100,13,10.0,7.27,14.0,11.0,19.0,56.0
129,0.786,162,0,100,24,10.0,8.6,13.0,20.0,15.0,52.0
130,0.715,153,0,100,26,10.0,7.83,16.0,39.0,24.0,21.0
131,0.746,157,0,100,24,10.0,8.85,18.0,21.0,48.0,13.0
132,0.814,155,0,100,24,10.0,8.81,25.0,11.0,27.0,37.0
133,0.683,151,0,100,26,10.0,8.64,27.0,12.0,30.0,31.0
134,0.814,145,0,100,30,10.0,8.54,20.0,15.0,44.0,21.0
135,0.775,163,0,100,20,10.0,8.37,22.0,12.0,22.0,44.0
136,0.798,158,0,100,24,10.0,8.83,14.0,16.0,22.0,48.0
137,0.722,170,0,100,16,10.0,8.1,20.0,21.0,21.0,38.0
138,0.768,167,0,100,19,10.0,8.43,23.0,23.0,21.0,33.0
139,0.726,168,0,100,18,10.0,8.3,13.0,13.0,54.0,20.0
140,0.682,166,0,100,19,10.0,7.53,14.0,10.0,62.0,14.0
141,0.773,169,0,100,17,10.0,8.39,21.0,43.0,23.0,13.0
142,0.74,152,0,100,28,10.0,8.44,49.0,13.0,19.0,19.0
143,0.724,156,0,100,24,10.0,8.35,12.0,31.0,37.0,20.0
144,0.704,157,0,100,24,10.0,7.66,33.0,15.0,45.0,7.0
145,0.739,157,0,100,25,10.0,8.53,23.0,15.0,24.0,38.0
146,0.659,165,0,100,19,10.0,8.06,26.0,16.0,12.0,46.0
147,0.68,167,0,100,19,10.0,9.02,14.0,13.0,16.0,57.0
148,0.816,160,0,100,22,10.0,9.0,14.0,15.0,17.0,54.0
149,0.837,153,0,100,27,10.0,9.03,13.0,13.0,32.0,42.0
150,0.745,158,0,100,25,10.0,8.53,14.0,10.0,21.0,55.0
151,0.67,166,0,100,18,10.0,7.3,11.0,11.0,67.0,11.0
152,0.831,147,0,100,30,10.0,8.8,12.0,16.0,35.0,37.0
153,0.782,169,0,100,19,10.0,8.44,6.0,21.0,37.0,36.0
154,0.74,165,0,100,20,10.0,8.44,13.0,12.0,30.0,45.0
155,0.744,167,0,100,19,10.0,7.96,12.0,13.0,22.0,53.0
156,0.588,171,0,100,15,10.0,6.83,14.0,48.0,16.0,22.0
157,0.719,156,0,100,24,10.0,8.75,25.0,10.0,18.0,47.0
158,0.728,152,0,100,27,10.0,8.56,14.0,13.0,26.0,47.0
159,0.732,164,0,100,19,10.0,8.05,12.0,57.0,22.0,9.0
160,0.754,162,0,100,21,10.0,8.04,33.0,13.0,42.0,12.0
161,0.605,166,0,100,18,10.0,7.19,19.0,9.0,43.0,29.0
162,0.79,161,0,100,22,10.0,8.69,25.0,7.0,18.0,50.0
163,0.783,150,0,100,26,10.0,8.29,27.0,14.0,22.0,37.0
164,0.783,162,0,100,23,10.0,8.88,19.0,19.0,27.0,35.0
165,0.716,168,0,100,18,10.0,8.38,13.0,11.0,49.0,27.0
166,0.81,156,0,100,27,10.0,8.97,7.0,6.0,51.0,36.0
167,0.825,157,0,100,24,10.0,8.89,10.0,13.0,59.0,18.0
168,0.734,155,0,100,25,10.0,8.68,13.0,9.0,25.0,53.0
169,0.806,159,0,100,24,10.0,8.34,17.0,8.0,28.0,47.0
170,0.748,163,0,100,21,10.0,8.21,10.0,6.0,35.0,49.0
171,0.681,159,0,100,21,10.0,7.82,16.0,12.0,60.0,12.0
172,0.776,154,0,100,27,10.0,8.16,11.0,6.0,51.0,32.0
173,0.765,155,0,100,24,10.0,8.18,7.0,11.0,69.0,13.0
174,0.675,163,0,100,20,10.0,8.16,16.0,11.0,20.0,53.0
175,0.803,164,0,100,20,10.0,8.58,13.0,5.0,66.0,16.0
176,0.639,169,0,100,16,10.0,7.55,5.0,61.0,18.0,16.0
177,0.766,166,0,101,22,10.0,8.25,11.881188118811881,35.64356435643565,35.64356435643565,16.831683168316832
178,0.749,156,0,100,24,10.0,7.91,11.0,18.0,39.0,32.0
179,0.716,166,0,100,20,10.0,8.25,11.0,8.0,27.0,54.0
180,0.711,161,0,100,21,10.0,7.81,14.0,12.0,63.0,11.0
181,0.761,155,0,100,24,10.0,8.22,13.0,10.0,24.0,53.0
182,0.81,153,0,100,26,10.0,9.02,12.0,13.0,52.0,23.0
183,0.716,164,0,100,19,10.0,8.04,14.0,14.0,18.0,54.0
184,0.755,156,0,100,25,10.0,8.28,19.0,8.0,28.0,45.0
185,0.727,159,0,100,22,10.0,7.78,14.0,10.0,15.0,61.0
186,0.771,156,0,100,24,10.0,8.31,11.0,10.0,26.0,53.0
187,0.678,161,0,100,21,10.0,7.78,12.0,29.0,13.0,46.0
188,0.75,156,0,100,26,10.0,8.78,13.0,14.0,23.0,50.0
189,0.725,158,0,100,22,10.0,7.71,21.0,13.0,58.0,8.0
190,0.686,164,0,100,19,10.0,8.11,8.0,20.0,58.0,14.0
191,0.723,156,0,100,25,10.0,8.63,9.0,6.0,49.0,36.0
192,0.706,173,0,100,16,10.0,7.66,9.0,5.0,62.0,24.0
193,0.712,164,0,100,18,10.0,8.16,34.0,11.0,44.0,11.0
194,0.756,158,0,100,23,10.0,8.42,18.0,44.0,26.0,12.0
195,0.768,160,0,100,23,10.0,9.1,17.0,6.0,25.0,52.0
196,0.777,156,0,100,25,10.0,8.9,17.0,7.0,23.0,53.0
197,0.698,171,0,100,16,10.0,8.19,8.0,14.0,64.0,14.0
198,0.783,168,0,100,18,10.0,8.29,5.0,12.0,13.0,70.0
199,0.784,145,0,100,30,10.0,8.68,20.0,15.0,52.0,13.0
200,0.706,164,0,100,20,10.0,7.91,14.0,9.0,35.0,42.0
201,0.702,159,0,100,22,10.0,7.9,9.0,16.0,17.0,58.0
202,0.818,165,0,101,21,10.0,8.69,14.851485148514852,36.633663366336634,37.62376237623762,10.891089108910892
203,0.664,167,0,100,19,10.0,8.06,23.0,12.0,17.0,48.0
204,0.759,159,0,100,22,10.0,8.53,68.0,10.0,17.0,5.0
205,0.643,167,0,100,17,10.0,7.04,51.0,7.0,34.0,8.0
206,0.753,173,0,100,17,10.0,9.1,9.0,12.0,6.0,73.0
207,0.806,154,0,100,26,10.0,8.72,24.0,7.0,8.0,61.0
208,0.78,164,0,100,21,10.0,8.62,17.0,8.0,9.0,66.0
209,0.791,156,0,100,26,10.0,9.04,11.0,26.0,14.0,49.0
210,0.695,165,0,100,19,10.0,7.77,38.0,7.0,47.0,8.0
211,0.763,162,0,100,22,10.0,8.63,11.0,27.0,21.0,41.0
212,0.772,156,0,100,24,10.0,8.14,50.0,13.0,18.0,19.0
213,0.734,164,0,100,20,10.0,8.22,15.0,10.0,64.0,11.0
214,0.714,165,0,100,19,10.0,7.91,8.0,4.0,77.0,11.0
215,0.799,151,0,100,27,10.0,8.97,24.0,4.0,57.0,15.0
216,0.697,174,0,100,14,10.0,8.08,75.0,14.0,6.0,5.0
217,0.681,167,0,100,17,10.0,7.4,63.0,10.0,12.0,15.0
218,0.725,165,0,100,20,10.0,8.16,7.0,5.0,18.0,70.0
219,0.825,159,0,100,24,10.0,8.79,8.0,20.0,15.0,57.0
220,0.814,159,0,100,24,10.0,8.96,9.0,15.0,17.0,59.0
221,0.741,160,0,100,23,10.0,8.32,8.0,13.0,11.0,68.0
222,0.774,159,0,100,24,10.0,8.44,7.0,14.0,21.0,58.0
223,0.704,168,0,100,17,10.0,7.62,8.0,72.0,11.0,9.0
224,0.856,161,0,100,22,10.0,8.93,16.0,7.0,15.0,62.0
225,0.786,157,0,100,25,10.0,8.78,8.0,33.0,22.0,37.0
226,0.767,159,0,100,23,10.0,7.89,22.0,40.0,23.0,15.0
227,0.743,167,0,100,19,10.0,8.42,12.0,57.0,17.0,14.0
228,0.71,161,0,100,21,10.0,8.01,26.0,5.0,61.0,8.0
229,0.723,160,0,100,22,10.0,8.17,13.0,15.0,19.0,53.0
230,0.61,176,0,100,14,10.0,7.09,11.0,33.0,20.0,36.0
231,0.698,167,0,100,18,10.0,7.59,16.0,39.0,37.0,8.0
232,0.738,158,0,100,23,10.0,8.61,9.0,5.0,32.0,54.0
233,0.785,160,0,100,22,10.0,8.82,12.0,20.0,9.0,59.0
234,0.709,164,0,100,20,10.0,7.72,66.0,8.0,12.0,14.0
235,0.677,159,0,100,22,10.0,7.63,42.0,12.0,21.0,25.0
236,0.744,159,0,100,22,10.0,8.2,7.0,62.0,14.0,17.0
237,0.724,157,0,100,26,10.0,8.59,10.0,12.0,29.0,49.0
238,0.843,162,0,100,23,10.0,9.32,7.0,5.0,21.0,67.0
239,0.746,167,0,100,18,10.0,8.53,8.0,13.0,13.0,66.0
240,0.763,153,0,100,25,10.0,7.91,4.0,48.0,20.0,28.0
241,0.813,163,0,100,21,10.0,8.66,10.0,4.0,18.0,68.0
242,0.728,164,0,100,21,10.0,8.36,5.0,21.0,14.0,60.0
243,0.654,166,0,100,18,10.0,7.12,7.0,13.0,62.0,18.0
244,0.752,158,0,100,23,10.0,8.38,5.0,12.0,67.0,16.0
245,0.692,163,0,100,20,10.0,7.48,7.0,11.0,72.0,10.0
246,0.72,153,0,100,25,10.0,8.53,7.0,7.0,37.0,49.0
247,0.658,157,0,100,22,10.0,7.51,5.0,44.0,15.0,36.0
248,0.791,157,0,100,23,10.0,9.09,12.0,6.0,13.0,69.0
249,0.738,157,0,100,24,10.0,7.96,4.0,29.0,13.0,54.0
250,0.733,165,0,100,20,10.0,8.51,5.0,18.0,12.0,65.0
251,0.824,151,0,100,27,10.0,8.88,8.0,7.0,16.0,69.0
252,0.688,155,0,100,25,10.0,8.18,10.0,5.0,13.0,72.0
253,0.797,161,0,100,22,10.0,8.77,17.0,34.0,15.0,34.0
254,0.694,159,0,100,22,10.0,7.94,16.0,11.0,60.0,13.0
255,0.755,152,0,100,27,10.0,9.0,10.0,9.0,18.0,63.0
256,0.751,152,0,100,26,10.0,7.98,9.0,20.0,30.0,41.0
257,0.76,150,0,100,27,10.0,8.45,4.0,5.0,18.0,73.0
258,0.778,153,0,100,25,10.0,8.39,12.0,10.0,30.0,48.0
259,0.805,159,0,100,24,10.0,8.68,8.0,12.0,19.0,61.0
260,0.759,156,0,100,26,10.0,8.31,7.0,7.0,28.0,58.0
261,0.729,160,0,100,22,10.0,8.0,61.0,16.0,14.0,9.0
262,0.755,168,0,100,18,10.0,8.12,14.0,10.0,8.0,68.0
263,0.8,147,0,100,30,10.0,8.95,14.0,3.0,17.0,66.0
264,0.759,153,0,100,26,10.0,8.49,54.0,9.0,24.0,13.0
265,0.791,164,0,100,21,10.0,8.43,70.0,7.0,16.0,7.0
266,0.754,158,0,100,23,10.0,8.54,29.0,9.0,11.0,51.0
267,0.631,169,0,100,17,10.0,7.38,70.0,10.0,10.0,10.0
268,0.701,158,0,100,22,10.0,8.03,33.0,8.0,13.0,46.0
269,0.784,154,0,100,27,10.0,8.35,30.0,5.0,14.0,51.0
270,0.72,155,0,100,24,10.0,7.88,65.0,17.0,10.0,8.0
271,0.738,169,0,100,18,10.0,8.15,17.0,69.0,12.0,2.0
272,0.708,168,0,100,18,10.0,7.86,7.0,73.0,12.0,8.0
273,0.807,154,0,100,25,10.0,8.67,56.0,7.0,27.0,10.0
274,0.702,152,0,100,26,10.0,7.86,26.0,13.0,18.0,43.0
275,0.721,159,0,100,22,10.0,8.1,64.0,7.0,27.0,2.0
276,0.719,167,0,100,19,10.0,7.81,8.0,60.0,17.0,15.0
277,0.741,163,0,100,20,10.0,7.87,54.0,23.0,15.0,8.0
278,0.756,154,0,100,25,10.0,8.81,48.0,2.0,43.0,7.0
279,0.855,155,0,100,27,10.0,9.19,10.0,10.0,16.0,64.0
280,0.753,161,0,100,23,10.0,8.38,4.0,17.0,13.0,66.0
281,0.78,149,0,100,31,10.0,8.91,14.0,9.0,38.0,39.0
282,0.767,158,0,100,23,10.0,7.98,8.0,5.0,33.0,54.0
283,0.74,157,0,100,24,10.0,7.97,30.0,41.0,19.0,10.0
284,0.742,163,0,100,23,10.0,8.41,16.0,7.0,23.0,54.0
285,0.705,161,0,100,21,10.0,8.29,9.0,5.0,9.0,77.0
286,0.788,153,0,100,25,10.0,8.75,13.0,7.0,10.0,70.0
287,0.83,171,0,100,18,10.0,8.65,11.0,13.0,5.0,71.0
288,0.657,158,0,100,23,10.0,7.77,4.0,38.0,10.0,48.0
289,0.72,170,0,100,17,10.0,8.57,15.0,11.0,15.0,59.0
290,0.653,165,0,100,20,10.0,8.32,9.0,12.0,13.0,66.0
291,0.763,159,0,100,23,10.0,8.8,4.0,8.0,11.0,77.0
292,0.749,163,0,100,21,10.0,8.55,12.0,4.0,17.0,67.0
293,0.681,158,0,100,23,10.0,8.09,25.0,5.0,9.0,61.0
294,0.686,156,0,100,23,10.0,7.38,23.0,21.0,21.0,35.0
295,0.859,151,0,100,29,10.0,9.32,5.0,7.0,18.0,70.0
296,0.697,153,0,100,26,10.0,7.61,7.0,60.0,20.0,13.0
297,0.768,157,0,100,25,10.0,8.49,46.0,3.0,11.0,40.0
298,0.728,157,0,100,22,10.0,8.39,66.0,5.0,15.0,14.0
299,0.76,167,0,100,19,10.0,8.19,21.0,7.0,10.0,62.0
300,0.655,167,0,100,20,10.0,8.2,2.0,10.0,18.0,70.0
301,0.761,161,0,100,23,10.0,8.68,12.0,16.0,9.0,63.0
302,0.818,157,0,100,24,10.0,8.63,15.0,4.0,10.0,71.0
303,0.823,151,0,100,28,10.0,8.65,31.0,3.0,22.0,44.0
304,0.74,159,0,100,23,10.0,7.9,13.0,54.0,16.0,17.0
305,0.733,156,0,100,24,10.0,8.21,15.0,3.0,15.0,67.0
306,0.756,161,0,100,21,10.0,8.1,27.0,7.0,19.0,47.0
307,0.701,169,0,100,17,10.0,8.37,7.0,12.0,8.0,73.0
308,0.759,158,0,100,25,10.0,8.26,39.0,11.0,12.0,38.0
309,0.764,156,0,100,25,10.0,8.5,61.0,7.0,15.0,17.0
310,0.762,172,0,100,16,10.0,8.87,7.0,75.0,7.0,11.0
311,0.71,161,0,100,22,10.0,7.48,6.0,35.0,16.0,43.0
312,0.74,169,0,100,18,10.0,8.14,14.0,8.0,11.0,67.0
313,0.694,159,0,100,24,10.0,8.38,3.0,11.0,13.0,73.0
314,0.773,159,0,100,23,10.0,8.7,18.0,5.0,2.0,75.0
315,0.706,158,0,100,22,10.0,8.24,10.0,5.0,10.0,75.0
316,0.703,160,0,100,22,10.0,7.78,10.0,11.0,17.0,62.0
317,0.723,165,0,100,18,10.0,8.01,64.0,5.0,17.0,14.0
318,0.683,165,0,100,19,10.0,7.41,11.0,63.0,21.0,5.0
319,0.69,164,0,100,21,10.0,8.09,36.0,3.0,7.0,54.0
320,0.862,155,0,100,24,10.0,9.02,21.0,4.0,9.0,66.0
321,0.762,169,0,100,18,10.0,8.17,22.0,8.0,16.0,54.0
322,0.74,161,0,100,21,10.0,7.91,15.0,7.0,18.0,60.0
323,0.755,161,0,100,21,10.0,8.39,8.0,4.0,24.0,64.0
324,0.692,162,0,100,21,10.0,8.03,20.0,39.0,6.0,35.0
325,0.804,160,0,100,23,10.0,8.68,27.0,7.0,11.0,55.0
326,0.667,167,0,100,17,10.0,7.37,78.0,4.0,13.0,5.0
327,0.666,168,0,100,19,10.0,7.55,71.0,18.0,7.0,4.0
328,0.764,158,0,100,23,10.0,8.58,62.0,6.0,11.0,21.0
329,0.673,162,0,100,21,10.0,7.46,33.0,4.0,11.0,52.0
330,0.707,167,0,100,18,10.0,7.72,79.0,5.0,13.0,3.0
331,0.784,163,0,100,21,10.0,8.63,21.0,6.0,10.0,63.0
332,0.705,163,0,100,20,10.0,7.89,15.0,71.0,12.0,2.0
333,0.713,153,0,100,26,10.0,8.09,73.0,10.0,13.0,4.0
334,0.76,157,0,100,22,10.0,8.14,74.0,3.0,18.0,5.0
335,0.656,168,0,100,19,10.0,7.35,14.0,74.0,7.0,5.0
336,0.846,157,0,100,24,10.0,8.95,45.0,4.0,8.0,43.0
337,0.661,158,0,100,22,10.0,7.71,81.0,5.0,9.0,5.0
338,0.715,163,0,100,22,10.0,8.65,30.0,5.0,6.0,59.0
339,0.678,167,0,100,18,10.0,7.47,88.0,2.0,6.0,4.0
340,0.669,155,0,100,25,10.0,8.54,83.0,5.0,4.0,8.0
341,0.7,160,0,100,22,10.0,7.68,34.0,4.0,16.0,46.0
342,0.755,160,0,100,22,10.0,8.11,14.0,5.0,18.0,63.0
343,0.747,165,0,100,19,10.0,7.91,43.0,4.0,13.0,40.0
344,0.819,159,0,100,23,10.0,9.19,26.0,5.0,6.0,63.0
345,0.814,159,0,100,24,10.0,8.94,16.0,4.0,14.0,66.0
346,0.704,160,0,100,23,10.0,8.16,46.0,1.0,7.0,46.0
347,0.691,157,0,100,24,10.0,8.48,83.0,3.0,10.0,4.0
348,0.82,151,0,100,28,10.0,9.0,32.0,4.0,17.0,47.0
349,0.762,155,0,100,25,10.0,8.54,17.0,8.0,17.0,58.0
350,0.762,160,0,100,23,10.0,8.93,36.0,8.0,11.0,45.0
351,0.67,163,0,100,20,10.0,7.56,29.0,3.0,14.0,54.0
352,0.754,161,0,100,21,10.0,8.17,68.0,7.0,20.0,5.0
353,0.724,157,0,100,24,10.0,8.43,83.0,1.0,5.0,11.0
354,0.752,151,0,100,26,10.0,8.25,73.0,5.0,20.0,2.0
355,0.674,167,0,100,18,10.0,8.65,27.0,3.0,9.0,61.0
356,0.782,151,0,100,26,10.0,8.26,51.0,5.0,12.0,32.0
357,0.641,165,0,100,20,10.0,8.09,21.0,16.0,3.0,60.0
358,0.723,168,0,100,18,10.0,8.27,25.0,4.0,6.0,65.0
359,0.818,158,0,100,23,10.0,9.06,28.0,9.0,12.0,51.0
360,0.713,167,0,100,19,10.0,8.16,82.0,5.0,11.0,2.0
361,0.737,159,0,100,24,10.0,7.95,38.0,2.0,16.0,44.0
362,0.703,164,0,100,22,10.0,8.41,58.0,5.0,6.0,31.0
363,0.674,162,0,100,19,10.0,7.78,31.0,4.0,3.0,62.0
364,0.757,151,0,100,26,10.0,8.53,19.0,7.0,16.0,58.0
365,0.741,164,0,100,21,10.0,8.96,23.0,1.0,6.0,70.0
366,0.804,161,0,100,24,10.0,9.14,28.0,4.0,4.0,64.0
367,0.754,153,0,100,24,10.0,8.32,74.0,4.0,15.0,7.0
368,0.676,155,0,100,24,10.0,7.73,11.0,6.0,17.0,66.0
369,0.763,161,0,100,23,10.0,8.32,36.0,4.0,13.0,47.0
370,0.719,159,0,100,23,10.0,7.86,10.0,24.0,9.0,57.0
371,0.745,158,0,100,23,10.0,8.2,48.0,33.0,13.0,6.0
372,0.728,162,0,100,20,10.0,8.12,82.0,0.0,15.0,3.0
373,0.759,158,0,100,23,10.0,7.99,74.0,3.0,19.0,4.0
374,0.768,160,0,100,23,10.0,8.59,74.0,4.0,19.0,3.0
375,0.674,163,0,100,21,10.0,8.16,16.0,4.0,4.0,76.0
376,0.743,167,0,100,19,10.0,8.31,53.0,28.0,14.0,5.0
377,0.762,153,0,100,26,10.0,8.36,19.0,72.0,7.0,2.0
378,0.649,172,0,100,15,10.0,7.22,17.0,74.0,4.0,5.0
379,0.653,162,0,100,21,10.0,7.44,88.0,4.0,4.0,4.0
380,0.621,173,0,100,15,10.0,7.46,25.0,5.0,6.0,64.0
381,0.732,162,0,100,21,10.0,9.03,28.0,2.0,4.0,66.0
382,0.75,166,0,100,17,10.0,8.05,37.0,5.0,13.0,45.0
383,0.806,159,0,100,24,10.0,8.77,25.0,3.0,12.0,60.0
384,0.712,163,0,100,20,10.0,8.03,20.0,18.0,8.0,54.0
385,0.695,169,0,100,17,10.0,8.02,85.0,0.0,7.0,8.0
386,0.729,150,0,100,27,10.0,8.03,52.0,5.0,6.0,37.0
387,0.802,159,0,100,23,10.0,8.97,35.0,3.0,6.0,56.0
388,0.772,159,0,100,22,10.0,8.41,11.0,1.0,17.0,71.0
389,0.785,163,0,100,20,10.0,8.67,18.0,6.0,15.0,61.0
390,0.749,154,0,100,26,10.0,8.61,22.0,65.0,10.0,3.0
391,0.766,157,0,100,26,10.0,9.07,26.0,3.0,10.0,61.0
392,0.647,168,0,100,17,10.0,7.34,82.0,8.0,8.0,2.0
393,0.79,159,0,100,23,10.0,8.55,23.0,11.0,15.0,51.0
394,0.779,164,0,100,22,10.0,8.81,23.0,15.0,10.0,52.0
395,0.722,157,0,100,23,10.0,8.36,25.0,1.0,19.0,55.0
396,0.733,159,0,100,22,10.0,8.36,33.0,4.0,15.0,48.0
397,0.683,161,0,100,22,10.0,8.12,47.0,5.0,6.0,42.0
398,0.696,159,0,100,22,10.0,8.03,36.0,0.0,11.0,53.0
399,0.732,163,0,100,21,10.0,8.02,7.0,80.0,13.0,0.0
400,0.759,171,0,100,16,10.0,8.6,15.0,0.0,11.0,74.0
401,0.681,166,0,100,19,10.0,7.54,69.0,22.0,6.0,3.0
402,0.787,162,0,100,22,10.0,8.69,46.0,5.0,12.0,37.0
403,0.692,156,0,100,24,10.0,7.71,21.0,2.0,16.0,61.0
404,0.748,167,0,100,18,10.0,8.21,85.0,3.0,7.0,5.0
405,0.659,171,0,100,15,10.0,7.31,86.0,9.0,3.0,2.0
406,0.755,156,0,100,25,10.0,8.52,33.0,4.0,5.0,58.0
407,0.778,146,0,100,30,10.0,8.68,43.0,2.0,14.0,41.0
408,0.777,151,0,100,27,10.0,8.75,43.0,2.0,10.0,45.0
409,0.703,157,0,100,22,10.0,8.08,85.0,2.0,9.0,4.0
410,0.605,163,0,100,19,10.0,7.2,89.0,5.0,1.0,5.0
411,0.734,157,0,100,25,10.0,8.57,17.0,5.0,9.0,69.0
412,0.826,158,0,100,25,10.0,9.18,26.0,16.0,8.0,50.0
413,0.765,159,0,100,25,10.0,8.96,34.0,15.0,6.0,45.0
414,0.664,157,0,100,23,10.0,7.84,82.0,3.0,12.0,3.0
415,0.756,160,0,100,22,10.0,8.68,82.0,3.0,14.0,1.0
416,0.717,160,0,100,21,10.0,8.57,79.0,5.0,11.0,5.0
417,0.796,156,0,100,24,10.0,8.64,49.0,3.0,26.0,22.0
418,0.767,151,0,100,28,10.0,8.69,28.0,7.0,17.0,48.0
419,0.724,157,0,100,23,10.0,8.08,76.0,4.0,14.0,6.0
420,0.77,161,0,100,22,10.0,8.93,20.0,3.0,8.0,69.0
421,0.795,158,0,100,24,10.0,9.03,33.0,2.0,10.0,55.0
422,0.714,161,0,100,22,10.0,7.95,76.0,4.0,9.0,11.0
423,0.767,168,0,100,20,10.0,8.61,10.0,18.0,12.0,60.0
424,0.745,155,0,100,24,10.0,8.42,47.0,1.0,20.0,32.0
425,0.808,158,0,100,23,10.0,8.79,38.0,6.0,7.0,49.0
426,0.808,156,0,100,24,10.0,9.01,41.0,1.0,19.0,39.0
427,0.734,157,0,100,23,10.0,8.86,28.0,1.0,15.0,56.0
428,0.724,158,0,100,23,10.0,8.15,81.0,5.0,12.0,2.0
429,0.724,156,0,100,24,10.0,8.48,51.0,4.0,5.0,40.0
430,0.779,166,0,100,19,10.0,8.65,14.0,3.0,8.0,75.0
431,0.812,168,0,100,19,10.0,9.08,14.0,3.0,2.0,81.0
432,0.783,155,0,100,26,10.0,8.48,34.0,4.0,9.0,53.0
433,0.63,166,0,100,19,10.0,7.65,77.0,15.0,6.0,2.0
434,0.768,160,0,100,23,10.0,8.81,40.0,4.0,5.0,51.0
435,0.783,156,0,100,26,10.0,8.78,9.0,10.0,11.0,70.0
436,0.783,162,0,100,22,10.0,8.85,21.0,5.0,8.0,66.0
437,0.701,163,0,100,20,10.0,8.08,83.0,2.0,10.0,5.0
438,0.814,164,0,100,21,10.0,8.84,7.0,2.0,14.0,77.0
439,0.773,161,0,100,24,10.0,8.62,30.0,22.0,13.0,35.0
440,0.761,153,0,100,27,10.0,9.12,34.0,4.0,15.0,47.0
441,0.702,155,0,100,24,10.0,8.0,36.0,0.0,22.0,42.0
442,0.758,157,0,100,23,10.0,8.09,28.0,0.0,18.0,54.0
443,0.783,162,0,100,20,10.0,8.15,83.0,3.0,12.0,2.0
444,0.748,157,0,100,23,10.0,8.46,51.0,2.0,9.0,38.0
445,0.739,168,0,100,19,10.0,8.29,4.0,5.0,6.0,85.0
446,0.74,157,0,100,25,10.0,8.07,55.0,2.0,12.0,31.0
447,0.811,160,0,100,22,10.0,8.94,35.0,3.0,6.0,56.0
448,0.767,164,0,100,20,10.0,8.27,75.0,1.0,20.0,4.0
449,0.714,160,0,100,21,10.0,8.04,75.0,4.0,14.0,7.0
450,0.729,163,0,100,21,10.0,7.93,14.0,5.0,12.0,69.0
451,0.781,153,0,100,26,10.0,8.43,32.0,2.0,16.0,50.0
452,0.757,160,0,100,22,10.0,8.17,83.0,3.0,8.0,6.0
453,0.713,166,0,100,19,10.0,8.02,19.0,3.0,12.0,66.0
454,0.69,163,0,100,20,10.0,7.59,5.0,0.0,21.0,74.0
455,0.719,163,0,100,20,10.0,7.76,4.0,4.0,16.0,76.0
456,0.774,171,0,100,18,10.0,8.85,6.0,4.0,46.0,44.0
457,0.797,158,0,100,24,10.0,9.04,23.0,2.0,16.0,59.0
458,0.731,158,0,100,24,10.0,9.13,18.0,0.0,14.0,68.0
459,0.71,165,0,100,19,10.0,8.13,19.0,6.0,18.0,57.0
460,0.73,166,0,100,19,10.0,8.07,46.0,3.0,10.0,41.0
461,0.805,166,0,100,21,10.0,8.75,17.0,1.0,10.0,72.0
462,0.769,162,0,100,22,10.0,9.03,20.0,3.0,10.0,67.0
463,0.781,154,0,100,25,10.0,8.37,18.0,2.0,21.0,59.0
464,0.798,147,0,100,30,10.0,8.7,12.0,7.0,30.0,51.0
465,0.805,152,0,100,27,10.0,8.73,13.0,3.0,23.0,61.0
466,0.744,157,0,100,25,10.0,8.42,16.0,2.0,12.0,70.0
467,0.704,160,0,100,22,10.0,7.7,25.0,3.0,12.0,60.0
468,0.753,161,0,100,21,10.0,8.18,8.0,1.0,17.0,74.0
469,0.712,163,0,100,19,10.0,7.26,7.0,4.0,88.0,1.0
470,0.801,153,0,100,24,10.0,8.31,73.0,1.0,21.0,5.0
471,0.85,161,0,100,23,10.0,8.92,11.0,1.0,39.0,49.0
472,0.736,160,0,100,22,10.0,8.41,27.0,2.0,6.0,65.0
473,0.764,156,0,100,23,10.0,8.29,7.0,0.0,90.0,3.0
474,0.727,169,0,100,18,10.0,8.27,9.0,1.0,16.0,74.0
475,0.738,158,0,100,24,10.0,8.19,26.0,6.0,12.0,56.0
476,0.714,168,0,100,18,10.0,8.27,23.0,3.0,13.0,61.0
477,0.772,155,0,100,25,10.0,8.67,19.0,2.0,75.0,4.0
478,0.755,166,0,100,18,10.0,8.01,53.0,2.0,8.0,37.0
479,0.733,166,0,100,19,10.0,7.82,34.0,2.0,10.0,54.0
480,0.768,162,0,100,22,10.0,8.24,22.0,2.0,69.0,7.0
481,0.778,157,0,100,25,10.0,9.02,13.0,3.0,76.0,8.0
482,0.771,160,0,100,23,10.0,8.01,36.0,1.0,10.0,53.0
483,0.786,153,0,100,27,10.0,9.12,7.0,3.0,27.0,63.0
484,0.85,159,0,101,25,10.0,8.94,25.742574257425744,1.9801980198019802,63.366336633663366,8.910891089108912
485,0.723,156,0,100,24,10.0,8.13,40.0,1.0,14.0,45.0
486,0.843,158,0,100,24,10.0,8.73,15.0,3.0,20.0,62.0
487,0.868,169,0,100,19,10.0,9.14,21.0,2.0,13.0,64.0
488,0.772,157,0,100,25,10.0,8.35,11.0,6.0,19.0,64.0
489,0.839,160,0,100,26,10.0,9.57,19.0,3.0,11.0,67.0
490,0.717,161,0,100,20,10.0,7.73,11.0,1.0,15.0,73.0
491,0.7,162,0,100,21,10.0,7.84,82.0,3.0,6.0,9.0
492,0.781,159,0,100,22,10.0,8.77,13.0,3.0,19.0,65.0
493,0.826,160,0,100,23,10.0,8.51,8.0,1.0,18.0,73.0
494,0.812,150,0,100,28,10.0,8.31,24.0,2.0,71.0,3.0
495,0.727,162,0,100,21,10.0,8.04,23.0,8.0,28.0,41.0
496,0.784,165,0,100,21,10.0,8.37,13.0,0.0,9.0,78.0
497,0.861,165,0,100,20,10.0,8.9,10.0,1.0,26.0,63.0
498,0.863,155,0,100,26,10.0,9.23,21.0,0.0,25.0,54.0
499,0.769,155,0,100,26,10.0,8.23,10.0,5.0,81.0,4.0
500,0.769,154,0,100,24,10.0,8.26,17.0,1.0,64.0,18.0
501,0.723,167,0,100,18,10.0,7.66,11.0,2.0,9.0,78.0
502,0.715,172,0,100,15,10.0,8.0,20.0,2.0,3.0,75.0
503,0.769,146,0,100,29,10.0,8.28,39.0,1.0,23.0,37.0
504,0.755,167,0,100,19,10.0,8.39,23.0,2.0,17.0,58.0
505,0.687,165,0,100,22,10.0,8.32,25.0,1.0,26.0,48.0
506,0.746,163,0,100,22,10.0,8.39,10.0,3.0,8.0,79.0
507,0.66,167,0,100,18,10.0,7.56,84.0,1.0,4.0,11.0
508,0.775,163,0,100,20,10.0,8.23,17.0,5.0,9.0,69.0
509,0.789,153,0,100,28,10.0,8.86,33.0,1.0,10.0,56.0
510,0.755,155,0,100,26,10.0,8.09,29.0,3.0,12.0,56.0
511,0.777,151,0,100,26,10.0,8.45,14.0,2.0,80.0,4.0
512,0.671,167,0,100,19,10.0,7.81,24.0,2.0,8.0,66.0
513,0.76,162,0,100,22,10.0,8.38,23.0,4.0,30.0,43.0
514,0.755,160,0,100,22,10.0,8.22,14.0,1.0,19.0,66.0
515,0.838,160,0,100,22,10.0,8.79,32.0,0.0,20.0,48.0
516,0.81,155,0,100,26,10.0,8.77,28.0,2.0,23.0,47.0
517,0.695,168,0,100,18,10.0,8.3,12.0,3.0,14.0,71.0
518,0.731,151,0,100,28,10.0,8.68,20.0,3.0,19.0,58.0
519,0.783,158,0,100,24,10.0,8.82,27.0,2.0,23.0,48.0
520,0.813,159,0,100,23,10.0,8.75,14.0,3.0,79.0,4.0
521,0.788,164,0,100,21,10.0,8.58,43.0,1.0,8.0,48.0
522,0.776,148,0,100,28,10.0,8.57,20.0,1.0,77.0,2.0
523,0.741,161,0,100,20,10.0,8.24,82.0,2.0,12.0,4.0
524,0.805,160,0,100,23,10.0,8.88,24.0,2.0,70.0,4.0
525,0.771,151,0,100,27,10.0,8.94,22.0,4.0,31.0,43.0
526,0.7,166,0,100,18,10.0,7.7,28.0,0.0,16.0,56.0
527,0.749,165,0,100,18,10.0,7.71,7.0,1.0,15.0,77.0
528,0.752,159,0,100,22,10.0,8.26,5.0,1.0,18.0,76.0
529,0.83,167,0,100,19,10.0,8.94,80.0,1.0,15.0,4.0
530,0.715,170,0,100,17,10.0,7.99,19.0,3.0,10.0,68.0
531,0.785,166,0,100,19,10.0,8.8,11.0,4.0,13.0,72.0
532,0.725,161,0,100,22,10.0,8.25,24.0,2.0,20.0,54.0
533,0.797,162,0,100,22,10.0,8.71,9.0,1.0,13.0,77.0
534,0.751,166,0,100,19,10.0,8.97,15.0,1.0,8.0,76.0
535,0.712,154,0,100,25,10.0,8.07,80.0,1.0,16.0,3.0
536,0.79,156,0,100,24,10.0,8.54,79.0,2.0,16.0,3.0
537,0.781,161,0,100,21,10.0,8.23,22.0,0.0,13.0,65.0
538,0.737,157,0,100,24,10.0,8.01,77.0,1.0,21.0,1.0
539,0.738,163,0,100,22,10.0,8.1,15.0,1.0,15.0,69.0
540,0.803,168,0,100,19,10.0,8.65,11.0,0.0,12.0,77.0
541,0.832,164,0,100,19,10.0,8.86,83.0,1.0,15.0,1.0
542,0.72,156,0,100,24,10.0,8.03,79.0,0.0,19.0,2.0
543,0.777,159,0,100,23,10.0,8.24,19.0,1.0,78.0,2.0
544,0.754,165,0,100,21,10.0,8.47,22.0,2.0,14.0,62.0
545,0.773,170,0,100,17,10.0,8.26,22.0,0.0,8.0,70.0
546,0.788,156,0,100,24,10.0,8.8,9.0,2.0,20.0,69.0
547,0.829,153,0,100,27,10.0,8.51,25.0,2.0,32.0,41.0
548,0.733,161,0,100,21,10.0,8.59,10.0,0.0,17.0,73.0
549,0.781,154,0,100,26,10.0,8.38,21.0,2.0,18.0,59.0
550,0.781,153,0,100,26,10.0,8.26,15.0,4.0,15.0,66.0
551,0.782,157,0,100,23,10.0,8.65,10.0,3.0,15.0,72.0
552,0.76,159,0,100,24,10.0,9.38,41.0,0.0,7.0,52.0
553,0.849,145,0,100,32,10.0,9.17,67.0,4.0,15.0,14.0
554,0.756,167,0,100,18,10.0,8.18,82.0,2.0,14.0,2.0
555,0.737,152,0,100,26,10.0,8.04,56.0,1.0,25.0,18.0
556,0.769,160,0,100,22,10.0,8.17,35.0,7.0,9.0,49.0
557,0.78,152,0,100,26,10.0,8.89,17.0,2.0,21.0,60.0
558,0.729,157,0,100,24,10.0,8.21,83.0,1.0,16.0,0.0
559,0.78,161,0,100,22,10.0,8.42,36.0,3.0,11.0,50.0
560,0.745,157,0,100,22,10.0,8.18,85.0,3.0,11.0,1.0
561,0.715,162,0,100,22,10.0,8.63,41.0,3.0,15.0,41.0
562,0.758,160,0,100,23,10.0,8.03,78.0,2.0,18.0,2.0
563,0.788,158,0,100,25,10.0,8.88,56.0,2.0,17.0,25.0
564,0.764,158,0,100,23,10.0,7.96,81.0,0.0,18.0,1.0
565,0.75,164,0,100,21,10.0,8.82,15.0,1.0,21.0,63.0
566,0.753,163,0,100,20,10.0,7.99,88.0,2.0,9.0,1.0
567,0.727,166,0,100,19,10.0,7.97,87.0,1.0,11.0,1.0
568,0.723,157,0,100,23,10.0,7.7,86.0,1.0,13.0,0.0
569,0.821,163,0,100,21,10.0,9.29,16.0,0.0,15.0,69.0
570,0.751,154,0,100,26,10.0,8.39,42.0,1.0,9.0,48.0
571,0.825,159,0,100,24,10.0,8.9,26.0,2.0,14.0,58.0
572,0.734,169,0,100,17,10.0,7.84,15.0,19.0,4.0,62.0
573,0.714,165,0,100,19,10.0,7.87,89.0,0.0,9.0,2.0
574,0.758,171,0,100,17,10.0,8.02,86.0,2.0,11.0,1.0
575,0.713,167,0,100,18,10.0,7.98,10.0,1.0,9.0,80.0
576,0.718,166,0,100,18,10.0,8.07,14.0,1.0,12.0,73.0
577,0.667,169,0,100,18,10.0,7.5,86.0,4.0,8.0,2.0
578,0.732,153,0,100,24,10.0,8.14,77.0,0.0,23.0,0.0
579,0.724,155,0,100,25,10.0,7.95,81.0,2.0,15.0,2.0
580,0.764,164,0,100,21,10.0,8.64,35.0,2.0,11.0,52.0
581,0.729,164,0,100,21,10.0,8.12,25.0,0.0,12.0,63.0
582,0.768,148,0,100,27,10.0,8.24,84.0,2.0,14.0,0.0
583,0.787,163,0,100,20,10.0,8.72,34.0,1.0,9.0,56.0
584,0.719,157,0,100,23,10.0,8.03,80.0,0.0,18.0,2.0
585,0.692,163,0,100,21,10.0,7.93,44.0,1.0,9.0,46.0
586,0.762,148,0,100,28,10.0,8.18,74.0,5.0,21.0,0.0
587,0.793,151,0,100,27,10.0,8.42,42.0,1.0,12.0,45.0
588,0.854,160,0,100,23,10.0,9.02,55.0,4.0,13.0,28.0
589,0.755,159,0,100,23,10.0,8.48,41.0,1.0,12.0,46.0
590,0.732,155,0,100,24,10.0,8.29,79.0,0.0,19.0,2.0
591,0.787,156,0,100,24,10.0,8.59,83.0,2.0,14.0,1.0
592,0.748,155,0,100,24,10.0,7.88,83.0,2.0,14.0,1.0
593,0.813,158,0,100,23,10.0,8.59,91.0,1.0,8.0,0.0
594,0.809,158,0,100,24,10.0,8.95,81.0,1.0,17.0,1.0
595,0.763,159,0,100,23,10.0,8.07,90.0,0.0,10.0,0.0
596,0.781,160,0,100,22,10.0,8.89,68.0,2.0,20.0,10.0
597,0.726,155,0,100,24,10.0,8.19,86.0,1.0,13.0,0.0
598,0.745,155,0,100,26,10.0,8.82,21.0,3.0,16.0,60.0
599,0.798,153,0,100,27,10.0,8.8,55.0,3.0,39.0,3.0
600,0.719,160,0,100,22,10.0,7.82,83.0,3.0,12.0,2.0
601,0.719,164,0,100,23,10.0,8.0,87.0,3.0,10.0,0.0
602,0.732,156,0,100,25,10.0,7.99,80.0,5.0,14.0,1.0
603,0.734,158,0,100,22,10.0,7.94,87.0,2.0,11.0,0.0
604,0.703,158,0,100,24,10.0,8.08,86.0,2.0,10.0,2.0
605,0.818,151,0,100,27,10.0,8.84,42.0,2.0,14.0,42.0
606,0.729,162,0,100,20,10.0,8.25,91.0,0.0,8.0,1.0
607,0.865,151,0,100,27,10.0,9.05,79.0,2.0,17.0,2.0
608,0.725,156,0,100,23,10.0,8.06,85.0,2.0,13.0,0.0
609,0.827,164,0,100,20,10.0,9.27,32.0,0.0,5.0,63.0
610,0.776,154,0,100,25,10.0,8.52,18.0,0.0,19.0,63.0
611,0.784,156,0,100,23,10.0,8.0,82.0,1.0,17.0,0.0
612,0.704,155,0,100,24,10.0,7.44,78.0,0.0,22.0,0.0
613,0.736,156,0,100,23,10.0,7.9,91.0,1.0,8.0,0.0
614,0.764,156,0,100,24,10.0,8.01,76.0,2.0,22.0,0.0
615,0.749,161,0,100,22,10.0,8.42,85.0,1.0,14.0,0.0
616,0.778,156,0,100,25,10.0,8.48,84.0,1.0,12.0,3.0
617,0.735,163,0,100,21,10.0,7.96,63.0,0.0,13.0,24.0
618,0.719,157,0,100,24,10.0,7.87,85.0,0.0,15.0,0.0
619,0.826,154,0,100,27,10.0,8.77,49.0,1.0,12.0,38.0
620,0.784,170,0,100,16,10.0,8.34,4.0,1.0,11.0,84.0
621,0.8,159,0,100,23,10.0,8.47,16.0,0.0,28.0,56.0
622,0.755,167,0,100,17,10.0,8.33,5.0,3.0,14.0,78.0
623,0.727,165,0,100,20,10.0,7.96,84.0,2.0,12.0,2.0
624,0.718,158,0,100,23,10.0,7.86,85.0,1.0,13.0,1.0
625,0.772,163,0,100,21,10.0,8.53,13.0,2.0,19.0,66.0
626,0.724,159,0,100,24,10.0,8.44,25.0,2.0,8.0,65.0
627,0.814,159,0,100,23,10.0,9.0,16.0,2.0,19.0,63.0
628,0.743,158,0,100,24,10.0,9.03,37.0,1.0,12.0,50.0
629,0.741,167,0,100,19,10.0,8.34,11.0,0.0,9.0,80.0
630,0.765,161,0,100,22,10.0,8.72,13.0,2.0,15.0,70.0
631,0.672,170,0,100,17,10.0,7.39,91.0,0.0,9.0,0.0
632,0.772,162,0,100,23,10.0,8.44,24.0,4.0,13.0,59.0
633,0.792,157,0,100,25,10.0,8.91,22.0,1.0,15.0,62.0
634,0.832,165,0,100,19,10.0,8.8,25.0,0.0,12.0,63.0
635,0.761,161,0,100,21,10.0,8.13,22.0,3.0,14.0,61.0
636,0.705,162,0,100,21,10.0,7.96,87.0,0.0,13.0,0.0
637,0.676,161,0,100,21,10.0,8.18,8.0,2.0,11.0,79.0
638,0.696,173,0,100,15,10.0,8.2,13.0,0.0,10.0,77.0
639,0.793,157,0,100,25,10.0,8.63,15.0,0.0,15.0,70.0
640,0.778,159,0,100,22,10.0,8.32,9.0,0.0,18.0,73.0
641,0.86,148,0,100,30,10.0,9.32,60.0,1.0,23.0,16.0
642,0.824,160,0,100,23,10.0,8.52,19.0,1.0,14.0,66.0
643,0.771,160,0,100,22,10.0,8.64,15.0,3.0,11.0,71.0
644,0.765,159,0,100,24,10.0,8.16,73.0,1.0,25.0,1.0
645,0.735,157,0,100,23,10.0,7.92,8.0,0.0,14.0,78.0
646,0.767,153,0,100,26,10.0,8.33,73.0,2.0,25.0,0.0
647,0.728,170,0,100,17,10.0,8.26,12.0,0.0,16.0,72.0
648,0.737,161,0,100,21,10.0,8.08,33.0,2.0,12.0,53.0
649,0.755,151,0,100,28,10.0,8.37,28.0,0.0,20.0,52.0
650,0.732,170,0,100,18,10.0,8.68,15.0,0.0,19.0,66.0
651,0.71,164,0,100,20,10.0,8.11,7.0,1.0,16.0,76.0
652,0.835,157,0,100,25,10.0,8.81,36.0,0.0,17.0,47.0
653,0.708,166,0,100,18,10.0,7.57,84.0,1.0,15.0,0.0
654,0.834,151,0,100,28,10.0,9.09,80.0,3.0,16.0,1.0
655,0.815,162,0,100,21,10.0,8.43,21.0,1.0,23.0,55.0
656,0.744,151,0,100,27,10.0,8.45,22.0,1.0,18.0,59.0
657,0.779,164,0,100,20,10.0,8.41,73.0,1.0,24.0,2.0
658,0.829,161,0,100,23,10.0,8.91,34.0,1.0,23.0,42.0
659,0.787,157,0,100,23,10.0,8.97,43.0,2.0,6.0,49.0
660,0.778,156,0,100,26,10.0,8.73,48.0,0.0,13.0,39.0
661,0.759,159,0,100,24,10.0,8.45,79.0,2.0,17.0,2.0
662,0.705,166,0,100,19,10.0,7.84,83.0,2.0,14.0,1.0
663,0.777,165,0,100,20,10.0,8.08,76.0,0.0,23.0,1.0
664,0.782,155,0,100,25,10.0,8.37,28.0,0.0,14.0,58.0
665,0.755,162,0,100,21,10.0,8.32,9.0,1.0,19.0,71.0
666,0.781,165,0,100,18,10.0,8.27,85.0,0.0,14.0,1.0
667,0.737,164,0,100,21,10.0,8.49,17.0,2.0,18.0,63.0
668,0.738,156,0,100,24,10.0,7.95,86.0,0.0,13.0,1.0
669,0.784,157,0,100,25,10.0,8.88,19.0,0.0,26.0,55.0
670,0.747,154,0,100,25,10.0,8.43,12.0,4.0,20.0,64.0
671,0.74,154,0,100,24,10.0,8.02,84.0,0.0,16.0,0.0
672,0.797,164,0,100,21,10.0,9.1,40.0,1.0,11.0,48.0
673,0.855,166,0,100,18,10.0,8.89,25.0,0.0,10.0,65.0
674,0.726,152,0,100,28,10.0,8.64,6.0,2.0,15.0,77.0
675,0.772,165,0,100,20,10.0,8.52,15.0,1.0,12.0,72.0
676,0.724,170,0,100,18,10.0,8.01,25.0,2.0,12.0,61.0
677,0.77,164,0,100,20,10.0,8.07,24.0,3.0,10.0,63.0
678,0.767,162,0,100,21,10.0,8.33,20.0,0.0,11.0,69.0
679,0.68,168,0,100,17,10.0,6.97,85.0,1.0,13.0,1.0
680,0.747,160,0,100,22,10.0,8.15,87.0,1.0,11.0,1.0
681,0.632,164,0,100,19,10.0,7.23,17.0,0.0,17.0,66.0
682,0.785,149,0,100,28,10.0,9.19,22.0,2.0,24.0,52.0
683,0.675,167,0,100,19,10.0,7.94,90.0,0.0,10.0,0.0
684,0.747,155,0,100,23,10.0,7.81,86.0,1.0,12.0,1.0
685,0.79,160,0,100,23,10.0,8.6,10.0,1.0,89.0,0.0
686,0.694,156,0,100,24,10.0,7.58,88.0,0.0,11.0,1.0
687,0.77,161,0,100,22,10.0,8.34,20.0,1.0,14.0,65.0
688,0.836,154,0,100,27,10.0,9.2,26.0,0.0,18.0,56.0
689,0.772,162,0,100,22,10.0,8.33,88.0,1.0,10.0,1.0
690,0.891,169,0,100,18,10.0,9.23,5.0,1.0,13.0,81.0
691,0.711,158,0,100,23,10.0,8.06,25.0,1.0,16.0,58.0
692,0.773,163,0,100,21,10.0,8.54,23.0,2.0,6.0,69.0
693,0.765,153,0,100,24,10.0,8.15,12.0,1.0,22.0,65.0
694,0.672,157,0,100,22,10.0,6.95,88.0,1.0,10.0,1.0
695,0.751,158,0,100,23,10.0,8.22,28.0,1.0,13.0,58.0
696,0.807,157,0,100,25,10.0,8.8,14.0,1.0,15.0,70.0
697,0.82,165,0,100,20,10.0,8.65,33.0,0.0,12.0,55.0
698,0.754,160,0,100,22,10.0,8.27,60.0,2.0,18.0,20.0
699,0.698,154,0,100,24,10.0,7.83,7.0,0.0,91.0,2.0
700,0.74,158,0,100,23,10.0,8.08,23.0,1.0,15.0,61.0
701,0.772,156,0,100,23,10.0,8.46,44.0,0.0,13.0,43.0
702,0.689,165,0,100,19,10.0,7.66,85.0,0.0,14.0,1.0
703,0.735,157,0,100,24,10.0,8.17,20.0,1.0,27.0,52.0
704,0.707,150,0,100,27,10.0,8.36,87.0,0.0,13.0,0.0
705,0.787,155,0,100,26,10.0,8.63,43.0,0.0,14.0,43.0
706,0.728,161,0,100,21,10.0,8.17,83.0,1.0,16.0,0.0
707,0.722,157,0,100,23,10.0,8.03,86.0,0.0,14.0,0.0
708,0.727,163,0,100,20,10.0,7.9,84.0,0.0,14.0,2.0
709,0.71,165,0,100,20,10.0,7.78,83.0,0.0,15.0,2.0
710,0.762,155,0,100,26,10.0,8.62,46.0,0.0,17.0,37.0
711,0.723,159,0,100,22,10.0,7.9,78.0,1.0,20.0,1.0
712,0.695,170,0,100,19,10.0,8.17,23.0,0.0,11.0,66.0
713,0.688,162,0,100,20,10.0,7.48,81.0,1.0,17.0,1.0
714,0.784,163,0,100,21,10.0,8.32,71.0,1.0,24.0,4.0
715,0.792,157,0,100,25,10.0,8.31,33.0,1.0,17.0,49.0
716,0.652,157,0,100,24,10.0,7.84,4.0,2.0,23.0,71.0
717,0.772,162,0,100,22,10.0,8.6,35.0,0.0,22.0,43.0
718,0.708,160,0,100,23,10.0,8.78,13.0,0.0,11.0,76.0
719,0.77,160,0,100,22,10.0,8.17,82.0,1.0,17.0,0.0
720,0.78,155,0,100,25,10.0,8.5,18.0,1.0,22.0,59.0
721,0.742,165,0,100,19,10.0,7.9,80.0,2.0,17.0,1.0
722,0.823,161,0,100,23,10.0,8.92,31.0,0.0,16.0,53.0
723,0.83,144,0,100,30,10.0,9.0,56.0,0.0,14.0,30.0
724,0.817,161,0,100,22,10.0,9.03,47.0,0.0,9.0,44.0
725,0.709,157,0,100,22,10.0,7.55,76.0,1.0,20.0,3.0
726,0.708,164,0,100,21,10.0,7.99,19.0,0.0,13.0,68.0
727,0.755,149,0,100,27,10.0,8.02,78.0,0.0,21.0,1.0
728,0.724,163,0,100,21,10.0,8.09,15.0,1.0,16.0,68.0
729,0.676,159,0,100,22,10.0,8.22,44.0,2.0,10.0,44.0
730,0.791,162,0,100,22,10.0,8.5,7.0,1.0,12.0,80.0
731,0.75,154,0,100,24,10.0,7.85,82.0,0.0,17.0,1.0
732,0.726,165,0,100,19,10.0,8.28,46.0,1.0,8.0,45.0
733,0.635,158,0,100,22,10.0,7.34,92.0,2.0,6.0,0.0
734,0.689,165,0,100,19,10.0,8.24,22.0,0.0,5.0,73.0
735,0.816,148,0,100,29,10.0,8.7,33.0,1.0,20.0,46.0
736,0.699,160,0,100,21,10.0,7.74,82.0,0.0,17.0,1.0
737,0.72,159,0,100,23,10.0,8.35,82.0,7.0,11.0,0.0
738,0.832,151,0,100,26,10.0,8.8,77.0,1.0,21.0,1.0
739,0.865,162,0,100,22,10.0,9.05,11.0,2.0,16.0,71.0
740,0.721,155,0,100,23,10.0,8.42,12.0,1.0,17.0,70.0
741,0.693,156,0,100,23,10.0,7.9,87.0,0.0,13.0,0.0
742,0.78,165,0,100,19,10.0,8.52,8.0,0.0,17.0,75.0
743,0.831,164,0,100,22,10.0,9.07,57.0,0.0,11.0,32.0
744,0.823,160,0,100,22,10.0,8.71,15.0,0.0,15.0,70.0
745,0.751,153,0,100,25,10.0,8.47,81.0,1.0,17.0,1.0
746,0.835,149,0,100,30,10.0,9.22,15.0,0.0,23.0,62.0
747,0.777,169,0,100,18,10.0,8.57,13.0,1.0,11.0,75.0
748,0.769,162,0,100,20,10.0,8.29,63.0,1.0,11.0,25.0
749,0.807,155,0,100,26,10.0,8.83,26.0,0.0,20.0,54.0
750,0.829,150,0,100,30,10.0,9.37,14.0,0.0,22.0,64.0
751,0.706,151,0,100,26,10.0,7.79,69.0,0.0,26.0,5.0
752,0.73,172,0,100,15,10.0,7.87,8.0,0.0,13.0,79.0
753,0.77,155,0,100,24,10.0,8.46,31.0,1.0,13.0,55.0
754,0.739,157,0,100,24,10.0,7.81,89.0,0.0,11.0,0.0
755,0.68,163,0,100,21,10.0,7.67,7.0,1.0,12.0,80.0
756,0.813,155,0,100,25,10.0,8.74,33.0,1.0,13.0,53.0
757,0.824,156,0,100,23,10.0,8.56,18.0,0.0,16.0,66.0
758,0.794,155,0,100,25,10.0,8.58,12.0,1.0,22.0,65.0
759,0.811,158,0,100,23,10.0,8.49,27.0,0.0,16.0,57.0
760,0.771,159,0,100,23,10.0,8.18,72.0,14.0,12.0,2.0
761,0.774,160,0,100,23,10.0,8.39,19.0,0.0,14.0,67.0
762,0.764,161,0,100,21,10.0,8.28,89.0,0.0,11.0,0.0
763,0.775,162,0,100,23,10.0,8.57,49.0,2.0,15.0,34.0
764,0.718,167,0,100,18,10.0,8.24,24.0,0.0,13.0,63.0
765,0.803,151,0,100,26,10.0,8.92,33.0,0.0,21.0,46.0
766,0.702,158,0,100,22,10.0,7.76,81.0,0.0,19.0,0.0
767,0.777,162,0,100,20,10.0,8.02,82.0,1.0,17.0,0.0
768,0.696,155,0,100,23,10.0,7.79,25.0,0.0,16.0,59.0
769,0.734,163,0,100,21,10.0,8.66,52.0,1.0,15.0,32.0
770,0.761,154,0,100,25,10.0,8.28,77.0,0.0,23.0,0.0
771,0.772,155,0,100,24,10.0,8.48,23.0,0.0,17.0,60.0
772,0.766,164,0,100,21,10.0,8.55,33.0,0.0,14.0,53.0
773,0.714,166,0,100,19,10.0,8.46,89.0,0.0,11.0,0.0
774,0.812,153,0,100,27,10.0,8.92,59.0,0.0,15.0,26.0
775,0.827,157,0,100,23,10.0,8.72,13.0,0.0,25.0,62.0
776,0.748,161,0,100,21,10.0,7.83,80.0,0.0,19.0,1.0
777,0.797,165,0,100,19,10.0,8.95,9.0,0.0,16.0,75.0
778,0.74,162,0,100,21,10.0,8.2,84.0,0.0,15.0,1.0
779,0.73,160,0,100,22,10.0,8.27,19.0,0.0,14.0,67.0
780,0.769,165,0,100,20,10.0,8.41,7.0,0.0,14.0,79.0
781,0.777,154,0,100,26,10.0,8.54,14.0,0.0,19.0,67.0
782,0.805,163,0,100,20,10.0,8.78,24.0,0.0,9.0,67.0
783,0.759,155,0,100,24,10.0,8.44,83.0,0.0,15.0,2.0
784,0.748,162,0,100,20,10.0,8.02,2.0,3.0,10.0,85.0
785,0.733,158,0,100,24,10.0,8.15,17.0,0.0,21.0,62.0
786,0.84,154,0,100,27,10.0,8.76,46.0,0.0,19.0,35.0
787,0.742,150,0,100,27,10.0,8.32,53.0,0.0,41.0,6.0
788,0.693,160,0,100,21,10.0,8.01,91.0,0.0,8.0,1.0
789,0.732,161,0,100,21,10.0,7.78,39.0,0.0,18.0,43.0
790,0.783,158,0,100,24,10.0,8.3,14.0,0.0,18.0,68.0
791,0.737,164,0,100,19,10.0,8.09,9.0,0.0,19.0,72.0
792,0.794,169,0,100,19,10.0,8.66,89.0,1.0,10.0,0.0
793,0.742,154,0,100,25,10.0,8.13,54.0,1.0,15.0,30.0
794,0.833,151,0,100,27,10.0,8.9,55.0,1.0,19.0,25.0
795,0.801,164,0,100,21,10.0,9.2,13.0,0.0,11.0,76.0
796,0.785,173,0,100,16,10.0,8.83,8.0,0.0,5.0,87.0
797,0.81,164,0,100,21,10.0,8.72,25.0,0.0,14.0,61.0
798,0.663,167,0,100,18,10.0,7.51,89.0,0.0,11.0,0.0
799,0.775,153,0,100,26,10.0,8.64,37.0,2.0,20.0,41.0
800,0.778,165,0,100,20,10.0,8.67,31.0,1.0,10.0,58.0
801,0.736,148,0,100,28,10.0,8.12,79.0,2.0,19.0,0.0
802,0.774,162,0,100,22,10.0,8.46,45.0,1.0,13.0,41.0
803,0.811,157,0,100,24,10.0,8.88,80.0,1.0,17.0,2.0
804,0.819,156,0,100,27,10.0,8.87,58.0,1.0,18.0,23.0
805,0.747,162,0,100,21,10.0,8.14,88.0,0.0,11.0,1.0
806,0.741,162,0,100,21,10.0,8.05,76.0,0.0,23.0,1.0
807,0.689,166,0,100,20,10.0,7.55,14.0,1.0,11.0,74.0
808,0.729,158,0,100,22,10.0,7.98,72.0,1.0,14.0,13.0
809,0.875,145,0,100,31,10.0,9.1,54.0,3.0,17.0,26.0
810,0.789,164,0,100,23,10.0,8.68,41.0,2.0,11.0,46.0
811,0.816,169,0,100,19,10.0,9.21,12.0,0.0,9.0,79.0
812,0.784,149,0,100,27,10.0,8.38,72.0,1.0,27.0,0.0
813,0.729,156,0,100,24,10.0,8.0,81.0,0.0,19.0,0.0
814,0.807,151,0,100,28,10.0,8.71,27.0,1.0,28.0,44.0
815,0.788,157,0,100,24,10.0,8.55,36.0,0.0,15.0,49.0
816,0.805,151,0,100,28,10.0,8.98,25.0,0.0,18.0,57.0
817,0.73,163,0,100,22,10.0,8.3,21.0,0.0,17.0,62.0
818,0.755,149,0,100,28,10.0,8.41,58.0,0.0,31.0,11.0
819,0.629,168,0,100,17,10.0,6.83,71.0,0.0,29.0,0.0
820,0.762,159,0,100,22,10.0,8.16,84.0,0.0,16.0,0.0
821,0.722,157,0,100,23,10.0,8.32,86.0,0.0,14.0,0.0
822,0.737,164,0,100,20,10.0,7.73,10.0,0.0,14.0,76.0
823,0.749,158,0,100,24,10.0,8.4,30.0,0.0,8.0,62.0
824,0.75,158,0,100,23,10.0,8.51,19.0,1.0,15.0,65.0
825,0.598,176,0,100,13,10.0,6.75,88.0,0.0,12.0,0.0
826,0.805,155,0,100,27,10.0,8.98,21.0,1.0,18.0,60.0
827,0.748,166,0,100,19,10.0,8.1,16.0,0.0,12.0,72.0
828,0.722,170,0,100,17,10.0,8.14,47.0,0.0,7.0,46.0
829,0.8,167,0,100,21,10.0,8.46,36.0,0.0,24.0,40.0
830,0.86,158,0,100,25,10.0,9.32,7.0,0.0,18.0,75.0
831,0.728,157,0,100,23,10.0,7.8,18.0,0.0,24.0,58.0
832,0.764,160,0,100,21,10.0,8.44,79.0,0.0,21.0,0.0
833,0.737,162,0,100,21,10.0,7.99,86.0,1.0,12.0,1.0
834,0.738,163,0,100,21,10.0,8.14,85.0,0.0,15.0,0.0
835,0.807,167,0,100,18,10.0,8.47,12.0,1.0,9.0,78.0
836,0.777,157,0,100,24,10.0,8.67,14.0,1.0,19.0,66.0
837,0.787,148,0,100,27,10.0,8.31,22.0,0.0,26.0,52.0
838,0.776,165,0,100,20,10.0,8.74,12.0,0.0,15.0,73.0
839,0.801,155,0,100,25,10.0,8.74,49.0,0.0,23.0,28.0
840,0.741,160,0,100,22,10.0,8.65,26.0,1.0,10.0,63.0
841,0.788,158,0,100,25,10.0,8.8,32.0,0.0,21.0,47.0
842,0.731,157,0,100,23,10.0,7.89,83.0,0.0,16.0,1.0
843,0.763,165,0,100,20,10.0,8.31,83.0,0.0,17.0,0.0
844,0.787,159,0,100,23,10.0,8.4,34.0,0.0,15.0,51.0
845,0.734,166,0,100,19,10.0,8.59,19.0,0.0,19.0,62.0
846,0.783,153,0,100,26,10.0,8.48,28.0,0.0,26.0,46.0
847,0.747,163,0,100,21,10.0,8.25,22.0,5.0,14.0,59.0
848,0.737,158,0,100,23,10.0,7.89,82.0,0.0,17.0,1.0
849,0.812,158,0,100,24,10.0,8.66,19.0,0.0,15.0,66.0
850,0.743,156,0,100,25,10.0,8.46,42.0,0.0,16.0,42.0
851,0.706,155,0,100,25,10.0,8.25,30.0,1.0,16.0,53.0
852,0.756,153,0,100,26,10.0,8.15,31.0,0.0,19.0,50.0
853,0.78,166,0,100,20,10.0,7.98,22.0,0.0,15.0,63.0
854,0.778,156,0,100,26,10.0,8.68,57.0,1.0,20.0,22.0
855,0.725,152,0,100,26,10.0,8.44,27.0,0.0,17.0,56.0
856,0.785,166,0,100,19,10.0,8.21,89.0,0.0,11.0,0.0
857,0.793,152,0,100,27,10.0,8.77,77.0,1.0,21.0,1.0
858,0.737,162,0,100,21,10.0,8.48,13.0,0.0,12.0,75.0
859,0.73,155,0,100,23,10.0,8.35,82.0,0.0,18.0,0.0
860,0.803,163,0,100,20,10.0,8.49,17.0,0.0,15.0,68.0
861,0.727,159,0,100,22,10.0,8.27,5.0,0.0,15.0,80.0
862,0.817,153,0,100,26,10.0,8.42,55.0,1.0,16.0,28.0
863,0.759,157,0,100,25,10.0,8.32,52.0,0.0,17.0,31.0
864,0.794,161,0,100,23,10.0,8.33,13.0,0.0,17.0,70.0
865,0.792,149,0,100,29,10.0,8.76,39.0,0.0,25.0,36.0
866,0.73,160,0,100,22,10.0,8.34,82.0,1.0,17.0,0.0
867,0.767,161,0,100,22,10.0,8.63,26.0,2.0,7.0,65.0
868,0.809,163,0,100,21,10.0,8.71,13.0,0.0,19.0,68.0
869,0.807,168,0,100,19,10.0,8.61,9.0,0.0,19.0,72.0
870,0.744,165,0,100,19,10.0,7.84,88.0,0.0,11.0,1.0
871,0.653,166,0,100,20,10.0,7.01,3.0,11.0,13.0,73.0
872,0.766,157,0,100,24,10.0,8.46,85.0,0.0,15.0,0.0
873,0.784,158,0,100,25,10.0,8.56,21.0,0.0,16.0,63.0
874,0.813,159,0,100,25,10.0,8.86,22.0,0.0,16.0,62.0
875,0.813,160,0,100,24,10.0,8.81,60.0,0.0,12.0,28.0
876,0.8,162,0,100,22,10.0,8.5,14.0,0.0,15.0,71.0
877,0.725,166,0,100,18,10.0,7.35,81.0,2.0,17.0,0.0
878,0.834,169,0,100,17,10.0,8.94,9.0,0.0,8.0,83.0
879,0.735,160,0,100,23,10.0,8.5,35.0,0.0,11.0,54.0
880,0.744,155,0,100,25,10.0,8.29,20.0,0.0,14.0,66.0
881,0.84,165,0,100,21,10.0,9.27,6.0,1.0,17.0,76.0
882,0.834,156,0,100,25,10.0,8.66,11.0,1.0,22.0,66.0
883,0.742,156,0,100,25,10.0,7.99,13.0,0.0,21.0,66.0
884,0.724,158,0,100,25,10.0,8.51,31.0,1.0,12.0,56.0
885,0.738,167,0,100,18,10.0,7.88,89.0,0.0,11.0,0.0
886,0.791,160,0,100,22,10.0,8.44,7.0,0.0,21.0,72.0
887,0.703,172,0,100,14,10.0,7.3,85.0,1.0,13.0,1.0
888,0.742,167,0,100,19,10.0,8.77,40.0,0.0,8.0,52.0
889,0.676,159,0,100,21,10.0,7.33,81.0,0.0,19.0,0.0
890,0.762,162,0,100,22,10.0,8.52,45.0,1.0,18.0,36.0
891,0.829,156,0,100,26,10.0,9.25,32.0,0.0,15.0,53.0
892,0.824,165,0,100,19,10.0,8.71,83.0,1.0,16.0,0.0
893,0.771,167,0,100,18,10.0,8.28,83.0,2.0,15.0,0.0
894,0.79,161,0,100,22,10.0,8.29,42.0,0.0,11.0,47.0
895,0.681,159,0,100,24,10.0,7.82,89.0,0.0,10.0,1.0
896,0.795,162,0,100,22,10.0,8.88,86.0,0.0,14.0,0.0
897,0.707,161,0,100,21,10.0,7.64,25.0,0.0,14.0,61.0
898,0.735,158,0,101,24,10.0,7.92,84.15841584158416,0.0,15.841584158415841,0.0
899,0.855,163,0,100,22,10.0,8.88,21.0,0.0,14.0,65.0
900,0.764,157,0,100,24,10.0,8.18,35.0,0.0,20.0,45.0
901,0.734,164,0,100,20,10.0,8.02,30.0,0.0,12.0,58.0
902,0.772,157,0,100,24,10.0,8.68,82.0,0.0,18.0,0.0
903,0.855,160,0,100,25,10.0,9.12,61.0,0.0,14.0,25.0
904,0.725,159,0,100,22,10.0,7.9,15.0,72.0,13.0,0.0
905,0.765,163,0,100,21,10.0,8.23,16.0,0.0,17.0,67.0
906,0.616,167,0,100,18,10.0,7.13,16.0,0.0,13.0,71.0
907,0.804,155,0,100,24,10.0,8.34,77.0,0.0,14.0,9.0
908,0.82,155,0,100,25,10.0,8.85,36.0,0.0,20.0,44.0
909,0.806,164,0,100,21,10.0,8.67,22.0,0.0,13.0,65.0
910,0.788,170,0,100,17,10.0,8.23,86.0,0.0,14.0,0.0
911,0.8,161,0,100,24,10.0,8.53,12.0,0.0,17.0,71.0
912,0.835,167,0,100,19,10.0,8.82,11.0,0.0,16.0,73.0
913,0.743,164,0,100,20,10.0,8.39,5.0,0.0,18.0,77.0
914,0.769,159,0,100,22,10.0,8.26,85.0,1.0,14.0,0.0
915,0.718,168,0,100,18,10.0,8.66,94.0,0.0,6.0,0.0
916,0.773,166,0,100,18,10.0,8.27,89.0,0.0,11.0,0.0
917,0.801,157,0,100,26,10.0,8.85,42.0,5.0,8.0,45.0
918,0.747,166,0,100,18,10.0,8.09,14.0,0.0,12.0,74.0
919,0.741,161,0,100,21,10.0,8.02,84.0,0.0,15.0,1.0
920,0.793,150,0,100,26,10.0,8.59,21.0,2.0,20.0,57.0
921,0.787,155,0,100,24,10.0,8.54,87.0,0.0,13.0,0.0
922,0.731,164,0,100,20,10.0,8.03,9.0,0.0,16.0,75.0
923,0.833,162,0,100,22,10.0,9.54,11.0,0.0,7.0,82.0
924,0.797,166,0,100,19,10.0,8.8,40.0,0.0,11.0,49.0
925,0.769,156,0,100,25,10.0,8.35,31.0,22.0,14.0,33.0
926,0.692,163,0,100,20,10.0,7.99,92.0,0.0,8.0,0.0
927,0.807,156,0,100,25,10.0,8.63,7.0,1.0,28.0,64.0
928,0.754,156,0,100,25,10.0,8.67,38.0,1.0,27.0,34.0
929,0.702,153,0,100,24,10.0,7.58,77.0,0.0,23.0,0.0
930,0.766,157,0,100,23,10.0,8.16,34.0,0.0,20.0,46.0
931,0.664,161,0,100,21,10.0,7.46,7.0,0.0,18.0,75.0
932,0.815,166,0,100,20,10.0,8.86,11.0,1.0,15.0,73.0
933,0.708,151,0,100,28,10.0,8.04,73.0,0.0,17.0,10.0
934,0.722,156,0,100,24,10.0,8.25,82.0,1.0,16.0,1.0
935,0.758,154,0,100,25,10.0,8.1,38.0,1.0,20.0,41.0
936,0.798,159,0,100,22,10.0,8.8,87.0,1.0,12.0,0.0
937,0.839,151,0,100,27,10.0,8.97,23.0,0.0,29.0,48.0
938,0.811,155,0,100,25,10.0,8.79,31.0,0.0,17.0,52.0
939,0.734,152,0,100,25,10.0,7.77,84.0,0.0,16.0,0.0
940,0.758,158,0,100,23,10.0,8.05,80.0,0.0,19.0,1.0
941,0.769,162,0,100,22,10.0,8.96,79.0,0.0,21.0,0.0
942,0.783,167,0,100,20,10.0,8.49,1.0,6.0,12.0,81.0
943,0.744,162,0,100,21,10.0,8.25,83.0,0.0,16.0,1.0
944,0.773,157,0,100,24,10.0,8.43,50.0,0.0,14.0,36.0
945,0.722,174,0,100,14,10.0,7.86,7.0,0.0,10.0,83.0
946,0.701,171,0,100,16,10.0,7.94,18.0,1.0,11.0,70.0
947,0.66,158,0,100,22,10.0,6.99,70.0,1.0,29.0,0.0
948,0.737,152,0,100,27,10.0,8.14,82.0,0.0,18.0,0.0
949,0.704,169,0,100,17,10.0,7.4,87.0,0.0,13.0,0.0
950,0.783,158,0,100,23,10.0,8.35,41.0,0.0,16.0,43.0
951,0.693,161,0,100,21,10.0,7.76,85.0,0.0,15.0,0.0
952,0.862,158,0,100,24,10.0,9.35,27.0,1.0,16.0,56.0
953,0.69,155,0,100,24,10.0,7.64,81.0,0.0,19.0,0.0
954,0.803,147,0,100,30,10.0,8.37,49.0,1.0,15.0,35.0
955,0.687,164,0,100,19,10.0,7.76,88.0,0.0,12.0,0.0
956,0.737,156,0,100,24,10.0,8.24,79.0,0.0,20.0,1.0
957,0.729,166,0,100,18,10.0,7.94,17.0,1.0,17.0,65.0
958,0.779,154,0,100,25,10.0,8.53,22.0,0.0,14.0,64.0
959,0.685,164,0,100,20,10.0,7.46,2.0,0.0,16.0,82.0
960,0.748,166,0,100,19,10.0,8.25,85.0,0.0,15.0,0.0
961,0.77,174,0,100,15,10.0,8.17,91.0,0.0,8.0,1.0
962,0.812,160,0,100,24,10.0,8.75,29.0,0.0,19.0,52.0
963,0.791,165,0,100,19,10.0,8.77,15.0,0.0,16.0,69.0
964,0.772,149,0,100,27,10.0,8.33,80.0,1.0,19.0,0.0
965,0.838,164,0,100,20,10.0,8.85,83.0,0.0,17.0,0.0
966,0.67,168,0,100,17,10.0,7.3,83.0,0.0,17.0,0.0
967,0.812,153,0,100,27,10.0,8.76,83.0,0.0,17.0,0.0
968,0.673,164,0,100,20,10.0,7.91,85.0,0.0,15.0,0.0
969,0.753,169,0,100,17,10.0,8.23,12.0,0.0,8.0,80.0
970,0.732,177,0,100,13,10.0,7.87,90.0,0.0,10.0,0.0
971,0.768,159,0,100,22,10.0,8.05,88.0,1.0,11.0,0.0
972,0.783,159,0,100,24,10.0,8.58,19.0,0.0,15.0,66.0
973,0.79,155,0,100,25,10.0,8.93,50.0,0.0,10.0,40.0
974,0.809,149,0,100,27,10.0,8.91,73.0,0.0,27.0,0.0
975,0.698,162,0,100,21,10.0,7.64,92.0,1.0,7.0,0.0
976,0.78,152,0,100,26,10.0,8.38,75.0,0.0,25.0,0.0
977,0.751,156,0,100,24,10.0,8.18,18.0,1.0,17.0,64.0
978,0.786,151,0,100,28,10.0,8.57,41.0,2.0,18.0,39.0
979,0.73,156,0,100,25,10.0,8.71,15.0,0.0,14.0,71.0
980,0.702,161,0,100,21,10.0,7.47,85.0,0.0,15.0,0.0
981,0.72,153,0,100,25,10.0,7.94,12.0,0.0,23.0,65.0
982,0.724,162,0,100,20,10.0,7.87,87.0,0.0,13.0,0.0
983,0.795,156,0,100,24,10.0,8.75,47.0,0.0,14.0,39.0
984,0.803,155,0,100,25,10.0,8.66,18.0,0.0,17.0,65.0
985,0.778,158,0,100,25,10.0,8.45,31.0,0.0,18.0,51.0
986,0.771,156,0,100,24,10.0,8.76,28.0,0.0,21.0,51.0
987,0.841,162,0,100,21,10.0,9.02,30.0,0.0,10.0,60.0
988,0.754,157,0,100,25,10.0,8.37,22.0,0.0,17.0,61.0
989,0.775,159,0,100,23,10.0,8.37,3.0,0.0,24.0,73.0
990,0.695,153,0,100,25,10.0,7.69,76.0,0.0,22.0,2.0
991,0.774,152,0,100,27,10.0,8.78,84.0,0.0,16.0,0.0
992,0.752,161,0,100,23,10.0,8.47,22.0,0.0,11.0,67.0
993,0.712,171,0,100,17,10.0,8.25,24.0,0.0,22.0,54.0
994,0.774,165,0,100,20,10.0,8.14,7.0,0.0,14.0,79.0
995,0.753,146,0,100,30,10.0,8.51,13.0,0.0,21.0,66.0
996,0.798,163,0,100,22,10.0,8.56,20.0,0.0,8.0,72.0
997,0.774,169,0,100,18,10.0,8.41,87.0,0.0,13.0,0.0
998,0.717,169,0,100,17,10.0,7.49,81.0,6.0,12.0,1.0
999,0.626,161,0,100,20,10.0,7.09,81.0,0.0,18.0,1.0
1000,0.781,164,0,100,22,10.0,8.64,11.0,0.0,16.0,73.0
1001,0.87,165,0,100,22,10.0,9.06,19.0,0.0,11.0,70.0
1002,0.69,161,0,100,21,10.0,8.07,23.0,0.0,7.0,70.0
1003,0.752,161,0,100,22,10.0,8.12,20.0,0.0,14.0,66.0
1004,0.811,156,0,100,24,10.0,8.33,86.0,1.0,13.0,0.0
1005,0.798,164,0,100,22,10.0,8.71,26.0,0.0,14.0,60.0
1006,0.736,160,0,100,22,10.0,8.32,87.0,0.0,12.0,1.0
1007,0.735,157,0,100,23,10.0,8.21,23.0,0.0,19.0,58.0
1008,0.796,155,0,100,26,10.0,9.14,66.0,0.0,20.0,14.0
1009,0.82,157,0,100,26,10.0,9.31,22.0,0.0,19.0,59.0
1010,0.81,157,0,100,23,10.0,8.48,27.0,0.0,14.0,59.0
1011,0.711,152,0,100,25,10.0,7.64,82.0,0.0,18.0,0.0
1012,0.747,160,0,100,21,10.0,8.09,12.0,1.0,17.0,70.0
1013,0.77,155,0,100,25,10.0,9.04,16.0,1.0,16.0,67.0
1014,0.773,154,0,100,25,10.0,8.42,14.0,0.0,15.0,71.0
1015,0.805,155,0,100,25,10.0,8.56,60.0,0.0,10.0,30.0
1016,0.679,168,0,100,17,10.0,7.88,83.0,0.0,17.0,0.0
1017,0.738,162,0,100,21,10.0,8.26,3.0,0.0,16.0,81.0
1018,0.788,161,0,100,23,10.0,8.3,14.0,1.0,15.0,70.0
1019,0.792,159,0,100,23,10.0,8.72,15.0,0.0,19.0,66.0
1020,0.694,166,0,100,18,10.0,7.85,83.0,0.0,17.0,0.0
1021,0.688,163,0,100,20,10.0,8.3,81.0,0.0,19.0,0.0
1022,0.769,164,0,100,20,10.0,8.42,14.0,0.0,11.0,75.0
1023,0.789,169,0,100,18,10.0,8.32,84.0,0.0,16.0,0.0
1024,0.814,160,0,100,22,10.0,9.04,1.0,0.0,19.0,80.0
1025,0.772,165,0,100,20,10.0,8.32,6.0,0.0,17.0,77.0
1026,0.775,160,0,100,22,10.0,8.44,83.0,0.0,17.0,0.0
1027,0.709,166,0,100,19,10.0,8.61,11.0,2.0,15.0,72.0
1028,0.789,144,0,100,32,10.0,8.77,34.0,0.0,28.0,38.0
1029,0.678,166,0,100,18,10.0,7.32,79.0,0.0,21.0,0.0
1030,0.72,166,0,100,18,10.0,7.67,87.0,0.0,13.0,0.0
1031,0.707,163,0,100,20,10.0,8.65,8.0,2.0,12.0,78.0
1032,0.76,154,0,100,25,10.0,8.1,86.0,0.0,14.0,0.0
1033,0.697,164,0,100,21,10.0,8.03,84.0,0.0,16.0,0.0
1034,0.749,159,0,100,21,10.0,7.87,76.0,1.0,22.0,1.0
1035,0.811,160,0,100,22,10.0,8.7,16.0,0.0,24.0,60.0
1036,0.712,154,0,100,24,10.0,7.76,11.0,0.0,26.0,63.0
1037,0.72,168,0,100,18,10.0,7.48,11.0,3.0,12.0,74.0
1038,0.706,159,0,100,22,10.0,8.31,26.0,0.0,10.0,64.0
1039,0.682,173,0,100,14,10.0,7.24,88.0,0.0,11.0,1.0
1040,0.679,169,0,100,17,10.0,7.24,83.0,1.0,15.0,1.0
1041,0.729,164,0,100,19,10.0,7.9,85.0,0.0,15.0,0.0
1042,0.66,167,0,100,18,10.0,7.67,7.0,81.0,12.0,0.0
1043,0.724,163,0,100,20,10.0,7.7,12.0,0.0,15.0,73.0
1044,0.828,161,0,100,22,10.0,8.52,77.0,0.0,23.0,0.0
1045,0.759,164,0,100,20,10.0,8.31,77.0,0.0,23.0,0.0
1046,0.727,168,0,100,18,10.0,7.93,90.0,0.0,10.0,0.0
1047,0.811,153,0,100,26,10.0,8.63,17.0,0.0,18.0,65.0
1048,0.786,165,0,100,21,10.0,8.81,18.0,0.0,13.0,69.0
1049,0.7,165,0,100,19,10.0,7.8,87.0,1.0,12.0,0.0
1050,0.766,166,0,100,20,10.0,8.64,30.0,0.0,11.0,59.0
1051,0.732,163,0,100,21,10.0,7.64,88.0,0.0,12.0,0.0
1052,0.754,155,0,100,24,10.0,8.53,86.0,0.0,14.0,0.0
1053,0.761,143,0,100,31,10.0,8.64,73.0,0.0,27.0,0.0
1054,0.685,162,0,100,21,10.0,7.99,31.0,0.0,12.0,57.0
1055,0.757,166,0,100,19,10.0,8.09,14.0,0.0,19.0,67.0
1056,0.766,161,0,100,22,10.0,8.78,15.0,0.0,19.0,66.0
1057,0.784,160,0,100,24,10.0,8.63,79.0,0.0,15.0,6.0
1058,0.764,154,0,100,26,10.0,8.18,53.0,0.0,20.0,27.0
1059,0.776,163,0,100,21,10.0,8.61,6.0,0.0,17.0,77.0
1060,0.822,160,0,100,22,10.0,9.13,18.0,0.0,20.0,62.0
1061,0.828,156,0,100,25,10.0,8.86,24.0,0.0,19.0,57.0
1062,0.688,154,0,100,25,10.0,7.88,52.0,2.0,18.0,28.0
1063,0.809,163,0,100,22,10.0,8.88,15.0,0.0,13.0,72.0
1064,0.736,163,0,100,21,10.0,8.4,36.0,0.0,13.0,51.0
1065,0.737,160,0,100,22,10.0,8.43,8.0,0.0,15.0,77.0
1066,0.829,150,0,100,29,10.0,9.28,25.0,1.0,17.0,57.0
1067,0.771,165,0,100,20,10.0,8.52,25.0,1.0,8.0,66.0
1068,0.775,169,0,100,16,10.0,8.1,88.0,1.0,11.0,0.0
1069,0.807,157,0,100,24,10.0,8.9,17.0,0.0,19.0,64.0
1070,0.738,156,0,100,24,10.0,8.15,26.0,0.0,16.0,58.0
1071,0.825,155,0,100,26,10.0,9.0,59.0,1.0,26.0,14.0
1072,0.809,166,0,100,21,10.0,8.89,10.0,2.0,17.0,71.0
1073,0.84,165,0,100,21,10.0,8.95,7.0,0.0,13.0,80.0
1074,0.723,171,0,100,17,10.0,7.93,95.0,1.0,4.0,0.0
1075,0.782,168,0,100,19,10.0,8.75,23.0,0.0,14.0,63.0
1076,0.779,165,0,100,20,10.0,8.65,9.0,0.0,14.0,77.0
1077,0.743,162,0,100,21,10.0,8.31,48.0,0.0,12.0,40.0
1078,0.804,147,0,100,30,10.0,8.95,45.0,0.0,28.0,27.0
1079,0.723,168,0,100,18,10.0,8.15,42.0,0.0,11.0,47.0
1080,0.776,153,0,100,28,10.0,8.55,38.0,0.0,17.0,45.0
1081,0.835,159,0,100,22,10.0,8.61,88.0,0.0,10.0,2.0
1082,0.815,160,0,100,24,10.0,9.13,25.0,0.0,21.0,54.0
1083,0.767,160,0,100,22,10.0,8.52,6.0,1.0,19.0,74.0
1084,0.69,160,0,100,24,10.0,8.27,86.0,0.0,13.0,1.0
1085,0.765,172,0,100,16,10.0,8.79,11.0,0.0,13.0,76.0
1086,0.78,158,0,100,23,10.0,8.13,85.0,1.0,14.0,0.0
1087,0.85,158,0,100,25,10.0,8.82,40.0,1.0,13.0,46.0
1088,0.804,175,0,100,15,10.0,8.65,14.0,2.0,7.0,77.0
1089,0.698,159,0,100,23,10.0,7.87,22.0,0.0,16.0,62.0
1090,0.761,169,0,100,16,10.0,8.56,4.0,0.0,14.0,82.0
1091,0.718,159,0,100,23,10.0,7.82,88.0,1.0,10.0,1.0
1092,0.688,167,0,100,19,10.0,7.7,87.0,0.0,12.0,1.0
1093,0.757,146,0,100,30,10.0,8.5,33.0,0.0,17.0,50.0
1094,0.777,164,0,100,20,10.0,8.39,13.0,0.0,9.0,78.0
1095,0.8,156,0,100,24,10.0,8.67,25.0,0.0,26.0,49.0
1096,0.835,158,0,100,23,10.0,8.63,47.0,0.0,20.0,33.0
1097,0.826,156,0,100,26,10.0,9.25,31.0,0.0,17.0,52.0
1098,0.808,157,0,100,24,10.0,8.66,14.0,0.0,18.0,68.0
1099,0.667,168,0,100,20,10.0,7.47,37.0,0.0,12.0,51.0
1100,0.738,170,0,100,18,10.0,8.41,19.0,0.0,10.0,71.0
1101,0.827,156,0,101,27,10.0,8.7,72.27722772277228,0.0,12.871287128712872,14.851485148514852
1102,0.756,165,0,100,19,10.0,8.13,13.0,0.0,13.0,74.0
1103,0.77,163,0,100,21,10.0,8.25,43.0,0.0,15.0,42.0
1104,0.675,168,0,100,18,10.0,7.87,87.0,1.0,11.0,1.0
1105,0.723,158,0,100,23,10.0,7.93,78.0,0.0,22.0,0.0
1106,0.74,160,0,100,21,10.0,8.34,80.0,0.0,20.0,0.0
1107,0.783,167,0,100,18,10.0,8.45,10.0,0.0,15.0,75.0
1108,0.827,164,0,100,21,10.0,9.22,10.0,1.0,15.0,74.0
1109,0.778,162,0,100,21,10.0,8.73,10.0,1.0,15.0,74.0
1110,0.784,154,0,100,26,10.0,8.42,78.0,0.0,20.0,2.0
1111,0.749,167,0,100,18,10.0,8.36,87.0,0.0,12.0,1.0
1112,0.766,158,0,100,25,10.0,8.36,23.0,0.0,15.0,62.0
1113,0.826,158,0,100,25,10.0,9.02,51.0,0.0,11.0,38.0
1114,0.704,166,0,100,20,10.0,8.12,15.0,0.0,13.0,72.0
1115,0.685,157,0,100,23,10.0,8.32,17.0,0.0,80.0,3.0
1116,0.777,165,0,100,20,10.0,8.28,57.0,0.0,14.0,29.0
1117,0.761,150,0,100,27,10.0,8.11,75.0,1.0,22.0,2.0
1118,0.763,156,0,100,24,10.0,8.47,76.0,0.0,24.0,0.0
1119,0.777,160,0,100,23,10.0,8.39,12.0,0.0,33.0,55.0
1120,0.64,161,0,100,20,10.0,7.15,86.0,0.0,14.0,0.0
1121,0.825,158,0,100,23,10.0,8.78,11.0,0.0,20.0,69.0
1122,0.793,164,0,100,20,10.0,8.55,11.0,0.0,29.0,60.0
1123,0.797,165,0,100,20,10.0,8.69,8.0,0.0,15.0,77.0
1124,0.688,166,0,100,19,10.0,7.72,28.0,0.0,13.0,59.0
1125,0.843,153,0,100,27,10.0,8.66,32.0,0.0,20.0,48.0
1126,0.738,151,0,100,26,10.0,7.72,79.0,0.0,20.0,1.0
1127,0.701,171,0,100,17,10.0,8.4,7.0,1.0,14.0,78.0
1128,0.772,154,0,100,24,10.0,8.14,16.0,2.0,18.0,64.0
1129,0.777,164,0,100,21,10.0,8.66,44.0,1.0,13.0,42.0
1130,0.784,165,0,100,20,10.0,8.28,44.0,0.0,15.0,41.0
1131,0.838,169,0,100,18,10.0,9.08,8.0,0.0,15.0,77.0
1132,0.772,163,0,100,20,10.0,8.85,28.0,0.0,8.0,64.0
1133,0.759,161,0,100,23,10.0,8.55,11.0,0.0,13.0,76.0
1134,0.741,161,0,100,22,10.0,8.38,33.0,0.0,17.0,50.0
1135,0.798,158,0,100,25,10.0,8.71,29.0,0.0,15.0,56.0
1136,0.784,153,0,100,26,10.0,8.52,76.0,0.0,24.0,0.0
1137,0.722,163,0,100,21,10.0,8.0,81.0,2.0,17.0,0.0
1138,0.764,167,0,100,19,10.0,8.35,5.0,0.0,15.0,80.0
1139,0.851,160,0,100,24,10.0,8.6,28.0,0.0,12.0,60.0
1140,0.785,152,0,100,28,10.0,8.49,32.0,0.0,14.0,54.0
1141,0.826,153,0,100,29,10.0,9.02,9.0,2.0,22.0,67.0
1142,0.748,163,0,100,21,10.0,8.09,29.0,0.0,17.0,54.0
1143,0.816,163,0,100,20,10.0,8.67,23.0,0.0,14.0,63.0
1144,0.784,163,0,100,21,10.0,8.63,30.0,1.0,12.0,57.0
1145,0.788,161,0,100,21,10.0,8.22,48.0,0.0,14.0,38.0
1146,0.753,166,0,100,20,10.0,8.0,20.0,1.0,13.0,66.0
1147,0.674,158,0,100,23,10.0,7.37,11.0,0.0,17.0,72.0
1148,0.826,158,0,100,24,10.0,8.53,66.0,0.0,9.0,25.0
1149,0.736,169,0,100,18,10.0,8.54,23.0,0.0,18.0,59.0
1150,0.695,162,0,100,20,10.0,7.43,4.0,0.0,16.0,80.0
1151,0.769,154,0,100,26,10.0,8.53,21.0,0.0,18.0,61.0
1152,0.773,167,0,100,18,10.0,8.24,92.0,0.0,8.0,0.0
1153,0.785,163,0,100,21,10.0,8.52,20.0,0.0,15.0,65.0
1154,0.759,167,0,100,19,10.0,8.2,80.0,1.0,19.0,0.0
1155,0.753,157,0,100,23,10.0,8.19,85.0,0.0,14.0,1.0
1156,0.714,163,0,100,20,10.0,7.51,86.0,1.0,13.0,0.0
1157,0.73,154,0,100,26,10.0,8.26,15.0,0.0,14.0,71.0
1158,0.798,157,0,100,24,10.0,8.47,25.0,0.0,23.0,52.0
1159,0.727,170,0,100,16,10.0,8.45,85.0,0.0,15.0,0.0
1160,0.793,160,0,100,23,10.0,8.57,9.0,0.0,20.0,71.0
1161,0.807,145,0,100,31,10.0,8.65,54.0,1.0,25.0,20.0
1162,0.796,152,0,100,26,10.0,8.67,85.0,0.0,15.0,0.0
1163,0.742,146,0,100,29,10.0,8.29,30.0,0.0,16.0,54.0
1164,0.769,159,0,100,22,10.0,7.91,7.0,1.0,21.0,71.0
1165,0.765,158,0,100,23,10.0,8.15,84.0,1.0,15.0,0.0
1166,0.796,152,0,100,27,10.0,8.61,19.0,0.0,21.0,60.0
1167,0.722,158,0,100,22,10.0,8.41,92.0,0.0,8.0,0.0
1168,0.675,159,0,100,22,10.0,7.62,80.0,0.0,20.0,0.0
1169,0.769,162,0,100,22,10.0,8.44,46.0,0.0,17.0,37.0
1170,0.683,167,0,100,19,10.0,7.9,87.0,0.0,12.0,1.0
1171,0.672,162,0,100,21,10.0,7.27,85.0,0.0,15.0,0.0
1172,0.774,162,0,100,21,10.0,8.58,28.0,0.0,15.0,57.0
1173,0.749,157,0,100,24,10.0,8.03,81.0,0.0,18.0,1.0
1174,0.713,164,0,100,20,10.0,7.75,89.0,1.0,10.0,0.0
1175,0.709,157,0,100,23,10.0,7.62,93.0,0.0,7.0,0.0
1176,0.735,164,0,100,19,10.0,7.75,87.0,0.0,12.0,1.0
1177,0.743,170,0,100,16,10.0,8.16,14.0,0.0,13.0,73.0
1178,0.754,156,0,100,24,10.0,8.2,81.0,0.0,18.0,1.0
1179,0.781,160,0,100,24,10.0,8.83,24.0,0.0,11.0,65.0
1180,0.76,156,0,100,25,10.0,8.49,35.0,0.0,17.0,48.0
1181,0.831,161,0,100,22,10.0,9.27,16.0,2.0,15.0,67.0
1182,0.682,149,0,100,28,10.0,8.3,47.0,0.0,24.0,29.0
1183,0.8,158,0,100,24,10.0,8.88,30.0,0.0,20.0,50.0
1184,0.742,159,0,100,22,10.0,8.41,84.0,0.0,15.0,1.0
1185,0.79,155,0,100,25,10.0,8.62,22.0,0.0,22.0,56.0
1186,0.755,166,0,100,21,10.0,8.22,85.0,1.0,13.0,1.0
1187,0.721,165,0,100,19,10.0,8.5,93.0,0.0,7.0,0.0
1188,0.612,166,0,100,18,10.0,7.66,91.0,0.0,9.0,0.0
1189,0.679,157,0,100,23,10.0,7.76,79.0,0.0,19.0,2.0
1190,0.688,151,0,100,25,10.0,7.42,72.0,1.0,27.0,0.0
1191,0.74,172,0,100,15,10.0,7.85,89.0,0.0,10.0,1.0
1192,0.83,164,0,100,20,10.0,8.93,18.0,1.0,13.0,68.0
1193,0.793,148,0,100,27,10.0,8.59,18.0,0.0,34.0,48.0
1194,0.764,170,0,100,16,10.0,8.04,12.0,0.0,6.0,82.0
1195,0.742,161,0,100,21,10.0,8.46,18.0,0.0,13.0,69.0
1196,0.826,153,0,100,27,10.0,8.88,21.0,0.0,16.0,63.0
1197,0.743,156,0,100,24,10.0,8.23,78.0,0.0,21.0,1.0
1198,0.659,164,0,100,19,10.0,7.39,10.0,0.0,14.0,76.0
1199,0.799,156,0,100,24,10.0,8.68,18.0,1.0,19.0,62.0
1200,0.769,165,0,100,19,10.0,8.3,10.0,0.0,15.0,75.0
1201,0.713,166,0,100,19,10.0,7.95,1.0,10.0,6.0,83.0
1202,0.68,162,0,100,20,10.0,7.14,10.0,0.0,17.0,73.0
1203,0.8,160,0,100,23,10.0,8.65,22.0,0.0,17.0,61.0
1204,0.829,164,0,100,20,10.0,8.66,15.0,0.0,20.0,65.0
1205,0.777,163,0,100,20,10.0,8.58,13.0,1.0,11.0,75.0
1206,0.834,160,0,100,25,10.0,8.66,20.0,0.0,17.0,63.0
1207,0.744,171,0,100,16,10.0,8.23,91.0,0.0,9.0,0.0
1208,0.742,157,0,100,24,10.0,8.14,28.0,0.0,15.0,57.0
1209,0.708,157,0,100,24,10.0,8.38,13.0,0.0,14.0,73.0
1210,0.813,152,0,100,26,10.0,8.75,21.0,0.0,14.0,65.0
1211,0.765,165,0,100,21,10.0,8.7,15.0,1.0,13.0,71.0
1212,0.79,159,0,100,23,10.0,8.76,78.0,0.0,14.0,8.0
1213,0.823,151,0,100,27,10.0,8.99,49.0,0.0,22.0,29.0
1214,0.784,155,0,100,24,10.0,8.08,30.0,0.0,11.0,59.0
1215,0.736,165,0,100,20,10.0,8.18,85.0,0.0,14.0,1.0
1216,0.758,157,0,100,23,10.0,7.88,3.0,0.0,19.0,78.0
1217,0.798,166,0,100,20,10.0,8.89,6.0,0.0,13.0,81.0
1218,0.811,152,0,100,25,10.0,8.57,86.0,0.0,14.0,0.0
1219,0.72,159,0,100,23,10.0,8.01,9.0,0.0,16.0,75.0
1220,0.752,160,0,100,22,10.0,8.34,36.0,0.0,15.0,49.0
1221,0.792,159,0,100,24,10.0,8.68,27.0,1.0,14.0,58.0
1222,0.73,164,0,100,19,10.0,7.63,90.0,0.0,10.0,0.0
1223,0.713,162,0,100,21,10.0,7.71,83.0,0.0,16.0,1.0
1224,0.783,158,0,100,24,10.0,8.23,20.0,0.0,21.0,59.0
1225,0.75,154,0,100,25,10.0,8.55,76.0,0.0,23.0,1.0
1226,0.746,157,0,100,24,10.0,8.24,10.0,0.0,21.0,69.0
1227,0.793,153,0,100,25,10.0,8.43,9.0,0.0,22.0,69.0
1228,0.7,163,0,100,20,10.0,8.18,10.0,0.0,16.0,74.0
1229,0.751,158,0,100,24,10.0,8.67,6.0,1.0,18.0,75.0
1230,0.764,159,0,100,23,10.0,8.28,41.0,1.0,15.0,43.0
1231,0.762,158,0,100,24,10.0,8.35,16.0,0.0,14.0,70.0
1232,0.744,161,0,100,22,10.0,7.98,10.0,1.0,11.0,78.0
1233,0.759,165,0,100,19,10.0,7.96,88.0,0.0,12.0,0.0
1234,0.796,159,0,100,24,10.0,8.42,16.0,0.0,25.0,59.0
1235,0.74,171,0,100,17,10.0,8.01,86.0,0.0,14.0,0.0
1236,0.749,160,0,100,23,10.0,9.06,8.0,4.0,10.0,78.0
1237,0.713,164,0,100,21,10.0,7.86,71.0,0.0,16.0,13.0
1238,0.781,154,0,100,25,10.0,8.32,73.0,1.0,26.0,0.0
1239,0.709,163,0,100,21,10.0,7.81,13.0,3.0,12.0,72.0
1240,0.818,158,0,100,23,10.0,8.68,77.0,0.0,22.0,1.0
1241,0.823,163,0,100,21,10.0,8.76,24.0,0.0,24.0,52.0
1242,0.713,155,0,100,24,10.0,8.58,15.0,0.0,17.0,68.0
1243,0.765,157,0,100,24,10.0,8.54,87.0,1.0,12.0,0.0
1244,0.686,165,0,100,19,10.0,8.43,5.0,0.0,15.0,80.0
1245,0.809,158,0,100,25,10.0,8.87,22.0,1.0,22.0,55.0
1246,0.736,163,0,100,22,10.0,8.19,34.0,0.0,13.0,53.0
1247,0.738,153,0,100,24,10.0,8.08,82.0,0.0,17.0,1.0
1248,0.852,166,0,100,22,10.0,9.34,19.0,0.0,11.0,70.0
1249,0.673,161,0,100,21,10.0,7.45,80.0,10.0,10.0,0.0
1250,0.811,157,0,100,25,10.0,8.72,14.0,0.0,17.0,69.0
1251,0.711,159,0,100,22,10.0,8.01,81.0,2.0,17.0,0.0
1252,0.723,159,0,100,22,10.0,8.01,81.0,0.0,19.0,0.0
1253,0.769,160,0,100,24,10.0,8.49,38.0,0.0,13.0,49.0
1254,0.647,161,0,100,21,10.0,7.16,79.0,0.0,21.0,0.0
1255,0.756,162,0,100,21,10.0,8.17,80.0,0.0,20.0,0.0
1256,0.706,153,0,100,26,10.0,8.42,25.0,0.0,22.0,53.0
1257,0.831,162,0,100,21,10.0,9.05,16.0,1.0,16.0,67.0
1258,0.844,158,0,100,25,10.0,8.97,37.0,0.0,9.0,54.0
1259,0.851,171,0,100,18,10.0,8.91,50.0,0.0,10.0,40.0
1260,0.86,155,0,100,25,10.0,9.02,11.0,0.0,22.0,67.0
1261,0.82,147,0,100,30,10.0,9.05,45.0,0.0,28.0,27.0
1262,0.796,159,0,100,23,10.0,8.71,50.0,0.0,19.0,31.0
1263,0.779,152,0,100,27,10.0,8.43,14.0,1.0,19.0,66.0
1264,0.721,159,0,100,22,10.0,8.11,79.0,0.0,21.0,0.0
1265,0.64,171,0,100,15,10.0,7.6,17.0,0.0,8.0,75.0
1266,0.774,150,0,100,28,10.0,8.85,24.0,0.0,17.0,59.0
1267,0.689,157,0,100,23,10.0,7.51,83.0,1.0,15.0,1.0
1268,0.701,174,0,100,15,10.0,8.66,5.0,4.0,8.0,83.0
1269,0.716,163,0,100,20,10.0,8.03,90.0,0.0,10.0,0.0
1270,0.707,162,0,100,21,10.0,7.43,82.0,0.0,18.0,0.0
1271,0.661,163,0,100,21,10.0,7.25,21.0,0.0,9.0,70.0
1272,0.838,159,0,100,23,10.0,9.09,23.0,0.0,15.0,62.0
1273,0.735,159,0,100,23,10.0,8.28,84.0,0.0,16.0,0.0
1274,0.755,156,0,100,25,10.0,8.48,39.0,0.0,17.0,44.0
1275,0.714,157,0,100,23,10.0,7.85,78.0,0.0,21.0,1.0
1276,0.828,142,0,100,31,10.0,8.63,44.0,0.0,24.0,32.0
1277,0.748,152,0,100,25,10.0,8.92,12.0,0.0,19.0,69.0
1278,0.776,158,0,100,25,10.0,8.88,35.0,1.0,18.0,46.0
1279,0.726,165,0,100,20,10.0,7.98,85.0,1.0,14.0,0.0
1280,0.753,160,0,100,21,10.0,7.77,84.0,0.0,15.0,1.0
1281,0.747,170,0,100,18,10.0,8.42,6.0,1.0,13.0,80.0
1282,0.735,173,0,100,16,10.0,8.48,9.0,0.0,7.0,84.0
1283,0.77,157,0,100,24,10.0,8.21,81.0,0.0,18.0,1.0
1284,0.786,155,0,101,27,10.0,8.73,46.53465346534654,1.9801980198019802,16.831683168316832,34.65346534653465
1285,0.804,156,0,100,24,10.0,8.04,82.0,0.0,18.0,0.0
1286,0.839,157,0,100,25,10.0,8.74,16.0,0.0,20.0,64.0
1287,0.714,159,0,100,25,10.0,8.46,12.0,1.0,16.0,71.0
1288,0.754,162,0,100,20,10.0,8.1,39.0,0.0,12.0,49.0
1289,0.861,150,0,100,28,10.0,9.15,39.0,0.0,19.0,42.0
1290,0.753,167,0,100,18,10.0,8.94,8.0,0.0,13.0,79.0
1291,0.667,168,0,100,18,10.0,8.1,11.0,0.0,10.0,79.0
1292,0.678,164,0,100,19,10.0,7.64,84.0,0.0,15.0,1.0
1293,0.702,160,0,100,21,10.0,7.93,81.0,0.0,19.0,0.0
1294,0.679,164,0,100,19,10.0,7.64,86.0,0.0,14.0,0.0
1295,0.743,152,0,100,26,10.0,8.21,51.0,0.0,20.0,29.0
1296,0.837,171,0,100,17,10.0,8.73,17.0,0.0,11.0,72.0
1297,0.73,164,0,100,22,10.0,8.32,18.0,0.0,14.0,68.0
1298,0.792,155,0,100,25,10.0,8.91,50.0,0.0,9.0,41.0
1299,0.747,156,0,100,23,10.0,8.43,78.0,0.0,20.0,2.0
1300,0.783,159,0,100,23,10.0,8.59,37.0,32.0,8.0,23.0
1301,0.778,143,0,100,31,10.0,8.3,52.0,0.0,22.0,26.0
1302,0.803,156,0,100,23,10.0,8.4,85.0,0.0,15.0,0.0
1303,0.739,158,0,100,23,10.0,7.89,31.0,1.0,14.0,54.0
1304,0.754,161,0,100,21,10.0,8.24,83.0,6.0,10.0,1.0
1305,0.792,156,0,100,27,10.0,9.15,29.0,0.0,15.0,56.0
1306,0.787,151,0,100,27,10.0,8.45,31.0,0.0,17.0,52.0
1307,0.781,161,0,100,23,10.0,8.5,85.0,2.0,13.0,0.0
1308,0.761,167,0,100,20,10.0,8.48,10.0,5.0,12.0,73.0
1309,0.69,162,0,100,21,10.0,8.06,81.0,0.0,19.0,0.0
1310,0.715,155,0,100,26,10.0,8.24,38.0,1.0,15.0,46.0
1311,0.765,165,0,100,20,10.0,8.63,17.0,1.0,17.0,65.0
1312,0.836,164,0,100,21,10.0,8.7,31.0,0.0,10.0,59.0
1313,0.731,174,0,100,15,10.0,7.96,88.0,1.0,7.0,4.0
1314,0.813,160,0,100,24,10.0,8.81,17.0,0.0,14.0,69.0
1315,0.805,155,0,100,24,10.0,8.97,13.0,0.0,25.0,62.0
1316,0.72,158,0,100,23,10.0,7.77,86.0,0.0,11.0,3.0
1317,0.782,158,0,100,23,10.0,8.52,80.0,0.0,19.0,1.0
1318,0.734,167,0,100,18,10.0,8.01,85.0,0.0,14.0,1.0
1319,0.714,157,0,100,23,10.0,8.03,77.0,0.0,23.0,0.0
1320,0.744,161,0,100,22,10.0,7.94,83.0,1.0,13.0,3.0
1321,0.795,162,0,100,22,10.0,8.65,13.0,1.0,18.0,68.0
1322,0.727,164,0,100,19,10.0,7.92,85.0,0.0,15.0,0.0
1323,0.767,155,0,100,25,10.0,8.59,63.0,0.0,18.0,19.0
1324,0.784,158,0,100,24,10.0,8.78,7.0,0.0,18.0,75.0
1325,0.728,160,0,100,21,10.0,8.21,78.0,1.0,20.0,1.0
1326,0.738,169,0,100,18,10.0,7.98,9.0,0.0,10.0,81.0
1327,0.734,158,0,100,23,10.0,8.08,55.0,1.0,10.0,34.0
1328,0.763,160,0,100,24,10.0,8.68,84.0,0.0,16.0,0.0
1329,0.816,158,0,100,24,10.0,9.18,40.0,0.0,12.0,48.0
1330,0.69,167,0,100,18,10.0,7.6,29.0,0.0,12.0,59.0
1331,0.787,150,0,100,29,10.0,8.57,18.0,0.0,20.0,62.0
1332,0.793,156,0,100,25,10.0,8.69,21.0,0.0,13.0,66.0
1333,0.784,158,0,100,24,10.0,8.97,17.0,0.0,13.0,70.0
1334,0.775,161,0,100,22,10.0,8.57,16.0,0.0,18.0,66.0
1335,0.755,158,0,100,23,10.0,8.36,22.0,0.0,17.0,61.0
1336,0.738,161,0,100,21,10.0,8.41,86.0,1.0,13.0,0.0
1337,0.741,157,0,100,24,10.0,8.82,28.0,1.0,14.0,57.0
1338,0.8,151,0,100,27,10.0,8.66,25.0,1.0,22.0,52.0
1339,0.766,156,0,100,25,10.0,8.73,61.0,0.0,17.0,22.0
1340,0.721,159,0,100,23,10.0,8.0,44.0,1.0,16.0,39.0
1341,0.639,167,0,100,17,10.0,7.2,84.0,0.0,16.0,0.0
1342,0.683,162,0,100,21,10.0,7.7,84.0,0.0,16.0,0.0
1343,0.746,155,0,100,24,10.0,7.89,80.0,0.0,20.0,0.0
1344,0.779,159,0,100,23,10.0,8.4,83.0,0.0,17.0,0.0
1345,0.781,162,0,100,21,10.0,8.03,62.0,13.0,9.0,16.0
1346,0.791,155,0,100,26,10.0,8.37,88.0,0.0,12.0,0.0
1347,0.762,157,0,100,24,10.0,8.52,19.0,1.0,23.0,57.0
1348,0.783,157,0,100,23,10.0,8.75,25.0,0.0,14.0,61.0
1349,0.805,157,0,100,23,10.0,8.49,22.0,1.0,23.0,54.0
1350,0.814,159,0,100,25,10.0,8.34,14.0,0.0,30.0,56.0
1351,0.67,160,0,100,21,10.0,7.56,87.0,0.0,13.0,0.0
1352,0.779,168,0,100,18,10.0,8.25,5.0,0.0,12.0,83.0
1353,0.677,161,0,100,20,10.0,7.33,84.0,1.0,15.0,0.0
1354,0.756,167,0,100,19,10.0,8.45,11.0,0.0,18.0,71.0
1355,0.762,166,0,100,19,10.0,8.19,7.0,0.0,12.0,81.0
1356,0.742,152,0,100,27,10.0,8.11,79.0,0.0,20.0,1.0
1357,0.766,155,0,100,25,10.0,8.47,81.0,0.0,18.0,1.0
1358,0.814,154,0,100,25,10.0,8.75,22.0,0.0,14.0,64.0
1359,0.824,162,0,100,21,10.0,8.87,18.0,1.0,16.0,65.0
1360,0.784,159,0,100,22,10.0,8.57,6.0,1.0,21.0,72.0
1361,0.712,166,0,100,20,10.0,7.52,87.0,0.0,13.0,0.0
1362,0.803,150,0,100,28,10.0,8.82,13.0,0.0,22.0,65.0
1363,0.717,165,0,100,20,10.0,7.89,90.0,0.0,10.0,0.0
1364,0.752,157,0,100,23,10.0,7.74,80.0,0.0,20.0,0.0
1365,0.826,167,0,100,21,10.0,9.4,15.0,2.0,8.0,75.0
1366,0.696,146,0,100,28,10.0,7.98,83.0,0.0,17.0,0.0
1367,0.765,164,0,100,21,10.0,8.09,86.0,1.0,13.0,0.0
1368,0.851,157,0,100,25,10.0,9.23,70.0,0.0,15.0,15.0
1369,0.752,158,0,100,25,10.0,8.07,77.0,2.0,21.0,0.0
1370,0.858,150,0,100,29,10.0,9.38,18.0,0.0,20.0,62.0
1371,0.781,163,0,100,22,10.0,9.02,35.0,1.0,8.0,56.0
1372,0.803,161,0,100,22,10.0,8.79,19.0,0.0,16.0,65.0
1373,0.821,150,0,100,29,10.0,8.95,44.0,0.0,17.0,39.0
1374,0.679,157,0,100,23,10.0,7.34,79.0,0.0,20.0,1.0
1375,0.819,158,0,100,24,10.0,8.76,41.0,0.0,14.0,45.0
1376,0.772,163,0,100,21,10.0,8.64,6.0,1.0,14.0,79.0
1377,0.774,164,0,100,22,10.0,8.92,11.0,0.0,9.0,80.0
1378,0.704,159,0,100,23,10.0,8.62,90.0,0.0,10.0,0.0
1379,0.804,157,0,100,23,10.0,9.07,40.0,0.0,11.0,49.0
1380,0.818,153,0,100,26,10.0,8.7,13.0,0.0,22.0,65.0
1381,0.725,162,0,100,21,10.0,7.96,52.0,0.0,12.0,36.0
1382,0.782,158,0,100,25,10.0,8.83,12.0,1.0,16.0,71.0
1383,0.716,166,0,100,19,10.0,8.18,31.0,1.0,7.0,61.0
1384,0.792,163,0,100,21,10.0,8.52,16.0,0.0,11.0,73.0
1385,0.787,167,0,100,20,10.0,8.49,18.0,0.0,12.0,70.0
1386,0.776,162,0,100,22,10.0,8.93,44.0,0.0,12.0,44.0
1387,0.733,156,0,100,25,10.0,8.18,17.0,0.0,16.0,67.0
1388,0.841,158,0,100,23,10.0,8.98,7.0,0.0,18.0,75.0
1389,0.738,164,0,100,21,10.0,8.36,35.0,0.0,10.0,55.0
1390,0.694,158,0,100,23,10.0,7.42,80.0,1.0,19.0,0.0
1391,0.759,164,0,100,21,10.0,8.17,18.0,3.0,11.0,68.0
1392,0.745,155,0,100,24,10.0,8.14,13.0,0.0,17.0,70.0
1393,0.82,155,0,100,26,10.0,8.98,34.0,1.0,12.0,53.0
1394,0.813,164,0,100,22,10.0,8.7,12.0,0.0,15.0,73.0
1395,0.773,160,0,100,22,10.0,8.48,82.0,0.0,15.0,3.0
1396,0.694,157,0,100,24,10.0,7.72,8.0,5.0,10.0,77.0
1397,0.739,163,0,100,20,10.0,8.13,75.0,0.0,22.0,3.0
1398,0.751,152,0,100,26,10.0,8.81,17.0,0.0,19.0,64.0
1399,0.795,158,0,100,25,10.0,8.18,34.0,1.0,17.0,48.0
1400,0.762,161,0,100,23,10.0,8.91,33.0,1.0,11.0,55.0
1401,0.765,156,0,100,26,10.0,8.76,23.0,0.0,19.0,58.0
1402,0.677,166,0,100,18,10.0,7.68,20.0,1.0,16.0,63.0
1403,0.663,155,0,100,23,10.0,7.45,78.0,0.0,22.0,0.0
1404,0.768,164,0,100,20,10.0,8.28,4.0,2.0,17.0,77.0
1405,0.783,155,0,100,25,10.0,8.59,26.0,0.0,21.0,53.0
1406,0.833,160,0,100,24,10.0,8.43,36.0,0.0,18.0,46.0
1407,0.792,159,0,100,23,10.0,9.0,15.0,0.0,14.0,71.0
1408,0.849,157,0,100,26,10.0,9.76,36.0,1.0,19.0,44.0
1409,0.794,167,0,100,20,10.0,8.98,2.0,19.0,11.0,68.0
1410,0.701,163,0,100,21,10.0,7.46,21.0,0.0,16.0,63.0
1411,0.807,168,0,100,19,10.0,8.82,8.0,0.0,12.0,80.0
1412,0.821,163,0,100,22,10.0,9.05,28.0,1.0,8.0,63.0
1413,0.692,166,0,100,19,10.0,7.53,10.0,1.0,18.0,71.0
1414,0.699,151,0,100,27,10.0,7.68,81.0,0.0,19.0,0.0
1415,0.814,157,0,100,25,10.0,8.35,50.0,0.0,18.0,32.0
1416,0.819,152,0,100,27,10.0,8.89,12.0,2.0,21.0,65.0
1417,0.801,159,0,100,22,10.0,8.26,40.0,2.0,13.0,45.0
1418,0.762,158,0,100,23,10.0,7.74,2.0,0.0,97.0,1.0
1419,0.752,157,0,100,24,10.0,8.21,36.0,0.0,13.0,51.0
1420,0.757,157,0,100,24,10.0,8.73,21.0,0.0,17.0,62.0
1421,0.743,162,0,100,21,10.0,8.85,5.0,0.0,20.0,75.0
1422,0.775,154,0,100,28,10.0,8.43,20.0,0.0,17.0,63.0
1423,0.698,158,0,100,23,10.0,8.23,28.0,2.0,23.0,47.0
1424,0.799,149,0,100,30,10.0,8.78,56.0,0.0,29.0,15.0
1425,0.865,158,0,100,24,10.0,9.42,16.0,0.0,20.0,64.0
1426,0.799,167,0,100,19,10.0,8.87,14.0,1.0,12.0,73.0
1427,0.81,157,0,100,25,10.0,8.73,36.0,0.0,15.0,49.0
1428,0.86,152,0,100,28,10.0,9.14,31.0,0.0,14.0,55.0
1429,0.736,168,0,100,18,10.0,8.5,9.0,2.0,7.0,82.0
1430,0.748,166,0,100,20,10.0,8.44,21.0,0.0,11.0,68.0
1431,0.776,161,0,100,22,10.0,8.8,17.0,1.0,19.0,63.0
1432,0.702,152,0,100,27,10.0,8.37,19.0,0.0,20.0,61.0
1433,0.705,167,0,100,18,10.0,7.87,13.0,0.0,14.0,73.0
1434,0.782,164,0,100,20,10.0,8.38,29.0,0.0,22.0,49.0
1435,0.738,167,0,100,20,10.0,8.09,37.0,0.0,8.0,55.0
1436,0.76,162,0,100,20,10.0,8.2,85.0,1.0,12.0,2.0
1437,0.732,163,0,100,20,10.0,7.68,64.0,0.0,8.0,28.0
1438,0.833,153,0,100,27,10.0,8.92,56.0,0.0,16.0,28.0
1439,0.778,159,0,100,22,10.0,8.58,77.0,0.0,21.0,2.0
1440,0.769,172,0,100,16,10.0,8.09,6.0,0.0,11.0,83.0
1441,0.771,150,0,100,28,10.0,8.5,23.0,0.0,27.0,50.0
1442,0.823,162,0,100,22,10.0,8.94,10.0,0.0,13.0,77.0
1443,0.724,165,0,100,19,10.0,8.03,85.0,0.0,15.0,0.0
1444,0.756,160,0,100,22,10.0,8.08,82.0,1.0,17.0,0.0
1445,0.729,163,0,100,21,10.0,8.36,11.0,0.0,10.0,79.0
1446,0.69,174,0,100,14,10.0,8.0,3.0,0.0,10.0,87.0
1447,0.734,171,0,100,16,10.0,8.07,10.0,0.0,13.0,77.0
1448,0.838,169,0,100,19,10.0,9.03,16.0,0.0,14.0,70.0
1449,0.682,167,0,100,18,10.0,7.76,87.0,0.0,13.0,0.0
1450,0.742,159,0,100,22,10.0,8.23,11.0,0.0,17.0,72.0
1451,0.788,151,0,100,28,10.0,8.59,45.0,0.0,25.0,30.0
1452,0.744,158,0,100,22,10.0,8.23,30.0,0.0,11.0,59.0
1453,0.757,154,0,100,24,10.0,8.24,6.0,0.0,22.0,72.0
1454,0.753,156,0,100,26,10.0,8.75,43.0,1.0,16.0,40.0
1455,0.73,163,0,100,20,10.0,7.94,17.0,0.0,15.0,68.0
1456,0.776,159,0,100,24,10.0,9.23,7.0,0.0,15.0,78.0
1457,0.754,162,0,100,20,10.0,7.94,84.0,0.0,16.0,0.0
1458,0.744,163,0,100,20,10.0,8.11,11.0,0.0,16.0,73.0
1459,0.774,156,0,100,25,10.0,8.97,19.0,0.0,21.0,60.0
1460,0.81,169,0,100,17,10.0,8.8,0.0,0.0,19.0,81.0
1461,0.696,165,0,100,20,10.0,7.74,88.0,0.0,12.0,0.0
1462,0.721,158,0,100,22,10.0,7.6,12.0,1.0,15.0,72.0
1463,0.777,163,0,100,21,10.0,8.71,31.0,0.0,16.0,53.0
1464,0.828,158,0,100,24,10.0,9.28,14.0,0.0,18.0,68.0
1465,0.707,150,0,100,29,10.0,7.94,52.0,0.0,16.0,32.0
1466,0.696,162,0,100,21,10.0,7.97,21.0,1.0,15.0,63.0
1467,0.769,158,0,100,22,10.0,8.24,17.0,0.0,20.0,63.0
1468,0.806,155,0,100,25,10.0,8.51,54.0,0.0,16.0,30.0
1469,0.764,171,0,100,17,10.0,8.39,15.0,0.0,9.0,76.0
1470,0.716,162,0,100,20,10.0,7.99,90.0,1.0,9.0,0.0
1471,0.72,168,0,100,18,10.0,8.0,94.0,0.0,4.0,2.0
1472,0.722,165,0,100,20,10.0,8.25,18.0,0.0,8.0,74.0
1473,0.694,163,0,100,21,10.0,7.88,30.0,1.0,15.0,54.0
1474,0.744,158,0,100,22,10.0,8.19,77.0,0.0,23.0,0.0
1475,0.799,155,0,100,25,10.0,8.49,27.0,0.0,18.0,55.0
1476,0.793,163,0,100,20,10.0,8.89,15.0,0.0,13.0,72.0
1477,0.687,161,0,100,21,10.0,8.06,1.0,0.0,20.0,79.0
1478,0.8,157,0,100,25,10.0,8.66,15.0,0.0,24.0,61.0
1479,0.788,160,0,100,23,10.0,8.98,4.0,0.0,24.0,72.0
1480,0.754,164,0,100,19,10.0,8.18,88.0,0.0,12.0,0.0
1481,0.783,153,0,100,27,10.0,8.36,25.0,1.0,28.0,46.0
1482,0.845,157,0,100,25,10.0,9.44,30.0,0.0,11.0,59.0
1483,0.714,149,0,100,29,10.0,7.99,32.0,1.0,16.0,51.0
1484,0.774,160,0,100,22,10.0,8.36,24.0,0.0,14.0,62.0
1485,0.69,165,0,100,18,10.0,7.32,83.0,1.0,16.0,0.0
1486,0.821,159,0,100,25,10.0,9.26,28.0,0.0,16.0,56.0
1487,0.722,162,0,100,21,10.0,8.09,36.0,0.0,14.0,50.0
1488,0.827,156,0,100,25,10.0,9.26,44.0,1.0,8.0,47.0
1489,0.734,157,0,100,23,10.0,7.99,78.0,1.0,18.0,3.0
1490,0.783,161,0,100,23,10.0,8.57,30.0,0.0,6.0,64.0
1491,0.806,156,0,100,24,10.0,8.45,86.0,0.0,14.0,0.0
1492,0.643,161,0,100,20,10.0,7.84,92.0,0.0,8.0,0.0
1493,0.854,154,0,100,27,10.0,9.02,11.0,1.0,20.0,68.0
1494,0.833,167,0,100,19,10.0,8.66,16.0,0.0,13.0,71.0
1495,0.764,159,0,100,23,10.0,8.95,25.0,0.0,16.0,59.0
1496,0.838,160,0,100,23,10.0,8.97,6.0,0.0,17.0,77.0
1497,0.769,155,0,100,25,10.0,8.24,25.0,0.0,19.0,56.0
1498,0.721,165,0,100,20,10.0,8.51,13.0,1.0,11.0,75.0
1499,0.749,167,0,100,20,10.0,8.51,28.0,1.0,14.0,57.0
1500,0.795,162,0,100,21,10.0,8.4,82.0,1.0,17.0,0.0
1501,0.712,159,0,100,22,10.0,8.02,27.0,1.0,19.0,53.0
1502,0.808,154,0,100,26,10.0,8.94,18.0,0.0,23.0,59.0
1503,0.869,143,0,100,31,10.0,9.16,24.0,0.0,24.0,52.0
1504,0.705,162,0,100,21,10.0,7.9,90.0,0.0,10.0,0.0
1505,0.829,157,0,100,25,10.0,9.1,32.0,1.0,18.0,49.0
1506,0.696,162,0,100,21,10.0,7.81,13.0,0.0,8.0,79.0
1507,0.777,157,0,100,25,10.0,8.71,46.0,0.0,14.0,40.0
1508,0.743,168,0,100,18,10.0,8.17,84.0,0.0,16.0,0.0
1509,0.81,166,0,100,21,10.0,9.18,48.0,0.0,10.0,42.0
1510,0.794,163,0,100,21,10.0,8.83,4.0,4.0,16.0,76.0
1511,0.782,169,0,100,17,10.0,8.51,18.0,0.0,14.0,68.0
1512,0.715,161,0,100,21,10.0,8.04,83.0,0.0,17.0,0.0
1513,0.825,155,0,100,26,10.0,8.72,31.0,0.0,15.0,54.0
1514,0.761,158,0,100,24,10.0,8.54,21.0,1.0,14.0,64.0
1515,0.74,159,0,100,22,10.0,8.22,6.0,1.0,17.0,76.0
1516,0.789,163,0,100,21,10.0,8.37,17.0,0.0,17.0,66.0
1517,0.726,158,0,100,23,10.0,7.86,77.0,0.0,22.0,1.0
1518,0.732,153,0,100,25,10.0,8.33,77.0,0.0,23.0,0.0
1519,0.679,158,0,100,22,10.0,7.62,77.0,0.0,21.0,2.0
1520,0.711,167,0,100,18,10.0,7.27,87.0,0.0,13.0,0.0
1521,0.796,153,0,100,25,10.0,9.07,17.0,0.0,15.0,68.0
1522,0.729,157,0,100,22,10.0,7.98,77.0,0.0,23.0,0.0
1523,0.764,158,0,100,24,10.0,8.78,13.0,0.0,24.0,63.0
1524,0.681,167,0,100,17,10.0,7.19,82.0,0.0,18.0,0.0
1525,0.847,156,0,100,24,10.0,8.61,19.0,0.0,13.0,68.0
1526,0.681,174,0,100,14,10.0,7.86,88.0,0.0,12.0,0.0
1527,0.729,168,0,100,18,10.0,7.66,79.0,11.0,10.0,0.0
1528,0.629,162,0,100,20,10.0,7.47,84.0,0.0,16.0,0.0
1529,0.674,170,0,100,17,10.0,8.24,83.0,1.0,16.0,0.0
1530,0.783,161,0,100,21,10.0,8.65,88.0,0.0,12.0,0.0
1531,0.813,167,0,100,21,10.0,8.99,72.0,0.0,10.0,18.0
1532,0.792,158,0,100,24,10.0,8.57,41.0,1.0,15.0,43.0
1533,0.785,158,0,100,23,10.0,8.71,36.0,0.0,20.0,44.0
1534,0.77,155,0,100,26,10.0,8.44,24.0,0.0,11.0,65.0
1535,0.783,164,0,100,21,10.0,8.73,10.0,0.0,15.0,75.0
1536,0.728,162,0,100,21,10.0,8.04,21.0,1.0,13.0,65.0
1537,0.787,156,0,100,25,10.0,8.82,46.0,0.0,14.0,40.0
1538,0.835,159,0,100,23,10.0,8.89,28.0,0.0,19.0,53.0
1539,0.703,157,0,100,22,10.0,7.67,89.0,0.0,11.0,0.0
1540,0.765,167,0,100,18,10.0,8.13,1.0,12.0,6.0,81.0
1541,0.738,163,0,100,21,10.0,8.42,19.0,0.0,15.0,66.0
1542,0.754,157,0,100,25,10.0,8.34,23.0,0.0,9.0,68.0
1543,0.889,161,0,100,23,10.0,9.24,20.0,0.0,14.0,66.0
1544,0.751,163,0,100,21,10.0,8.3,81.0,0.0,19.0,0.0
1545,0.733,152,0,100,26,10.0,8.35,30.0,0.0,14.0,56.0
1546,0.747,164,0,100,19,10.0,7.62,88.0,0.0,12.0,0.0
1547,0.756,166,0,100,21,10.0,8.32,22.0,0.0,12.0,66.0
1548,0.738,153,0,100,25,10.0,8.0,83.0,0.0,17.0,0.0
1549,0.687,163,0,100,20,10.0,7.8,87.0,2.0,10.0,1.0
1550,0.686,166,0,100,18,10.0,7.43,30.0,58.0,11.0,1.0
1551,0.819,147,0,100,28,10.0,8.95,8.0,0.0,42.0,50.0
1552,0.731,158,0,100,24,10.0,8.92,51.0,1.0,12.0,36.0
1553,0.76,158,0,100,25,10.0,8.56,24.0,0.0,12.0,64.0
1554,0.866,150,0,100,29,10.0,9.15,64.0,0.0,13.0,23.0
1555,0.73,159,0,100,22,10.0,7.9,7.0,0.0,19.0,74.0
1556,0.787,161,0,100,23,10.0,9.37,35.0,0.0,14.0,51.0
1557,0.825,163,0,100,22,10.0,9.25,12.0,1.0,11.0,76.0
1558,0.618,169,0,100,17,10.0,6.7,86.0,0.0,14.0,0.0
1559,0.833,158,0,100,23,10.0,8.8,70.0,0.0,30.0,0.0
1560,0.816,158,0,100,24,10.0,8.28,5.0,0.0,23.0,72.0
1561,0.703,161,0,100,23,10.0,8.19,85.0,0.0,15.0,0.0
1562,0.713,151,0,100,27,10.0,8.49,16.0,1.0,18.0,65.0
1563,0.849,159,0,100,24,10.0,8.79,19.0,0.0,20.0,61.0
1564,0.726,168,0,100,18,10.0,8.0,86.0,0.0,14.0,0.0
1565,0.796,157,0,100,26,10.0,8.76,19.0,0.0,11.0,70.0
1566,0.747,154,0,100,26,10.0,8.12,65.0,0.0,12.0,23.0
1567,0.767,166,0,100,20,10.0,8.31,41.0,0.0,14.0,45.0
1568,0.828,163,0,100,20,10.0,8.68,19.0,1.0,19.0,61.0
1569,0.767,149,0,100,28,10.0,8.62,39.0,0.0,18.0,43.0
1570,0.759,162,0,100,22,10.0,8.19,44.0,0.0,19.0,37.0
1571,0.754,162,0,100,21,10.0,8.23,21.0,1.0,11.0,67.0
1572,0.744,143,0,100,32,10.0,8.93,16.0,0.0,24.0,60.0
1573,0.775,163,0,100,21,10.0,8.46,25.0,1.0,10.0,64.0
1574,0.676,165,0,100,19,10.0,7.36,82.0,1.0,16.0,1.0
1575,0.799,150,0,100,28,10.0,8.72,23.0,1.0,18.0,58.0
1576,0.756,162,0,100,21,10.0,8.01,16.0,0.0,19.0,65.0
1577,0.853,165,0,100,21,10.0,9.15,22.0,0.0,22.0,56.0
1578,0.76,164,0,100,21,10.0,8.13,83.0,0.0,17.0,0.0
1579,0.696,163,0,100,21,10.0,8.01,21.0,1.0,12.0,66.0
1580,0.778,149,0,100,29,10.0,8.22,41.0,0.0,18.0,41.0
1581,0.805,158,0,100,24,10.0,8.63,54.0,0.0,10.0,36.0
1582,0.717,146,0,100,29,10.0,8.33,17.0,0.0,24.0,59.0
1583,0.761,166,0,100,20,10.0,8.3,78.0,0.0,15.0,7.0
1584,0.788,163,0,100,21,10.0,8.48,20.0,0.0,20.0,60.0
1585,0.78,167,0,100,19,10.0,7.96,12.0,0.0,13.0,75.0
1586,0.815,154,0,100,25,10.0,8.48,84.0,0.0,16.0,0.0
1587,0.81,154,0,100,26,10.0,8.74,44.0,0.0,20.0,36.0
1588,0.723,157,0,100,24,10.0,7.53,33.0,0.0,14.0,53.0
1589,0.78,162,0,100,21,10.0,8.58,16.0,0.0,84.0,0.0
1590,0.664,161,0,100,22,10.0,7.5,32.0,0.0,18.0,50.0
1591,0.662,168,0,100,18,10.0,7.55,82.0,0.0,18.0,0.0
1592,0.748,154,0,100,26,10.0,8.65,85.0,1.0,13.0,1.0
1593,0.8,158,0,100,24,10.0,8.65,8.0,0.0,18.0,74.0
1594,0.774,161,0,100,22,10.0,8.98,18.0,1.0,21.0,60.0
1595,0.805,159,0,100,22,10.0,8.43,9.0,0.0,17.0,74.0
1596,0.812,165,0,100,19,10.0,8.6,14.0,1.0,13.0,72.0
1597,0.81,156,0,100,25,10.0,8.75,18.0,0.0,17.0,65.0
1598,0.77,164,0,100,20,10.0,7.93,88.0,1.0,11.0,0.0
1599,0.755,159,0,100,24,10.0,8.29,21.0,0.0,8.0,71.0
1600,0.687,167,0,100,18,10.0,8.13,11.0,0.0,11.0,78.0
1601,0.844,157,0,100,25,10.0,8.78,27.0,0.0,13.0,60.0
1602,0.734,160,0,100,23,10.0,7.98,72.0,0.0,28.0,0.0
1603,0.723,169,0,100,17,10.0,7.81,29.0,0.0,13.0,58.0
1604,0.803,162,0,100,22,10.0,9.17,15.0,1.0,19.0,65.0
1605,0.72,163,0,100,20,10.0,8.0,81.0,0.0,19.0,0.0
1606,0.767,166,0,100,20,10.0,8.47,46.0,0.0,7.0,47.0
1607,0.767,153,0,100,26,10.0,9.04,58.0,0.0,11.0,31.0
1608,0.739,158,0,100,23,10.0,8.19,76.0,0.0,24.0,0.0
1609,0.786,152,0,100,26,10.0,8.44,37.0,0.0,31.0,32.0
1610,0.745,161,0,100,21,10.0,8.86,18.0,0.0,25.0,57.0
1611,0.69,159,0,100,22,10.0,7.64,84.0,1.0,15.0,0.0
1612,0.763,168,0,100,18,10.0,8.41,21.0,0.0,11.0,68.0
1613,0.82,152,0,100,28,10.0,9.02,62.0,5.0,14.0,19.0
1614,0.668,161,0,100,20,10.0,7.76,88.0,0.0,11.0,1.0
1615,0.827,162,0,100,22,10.0,9.1,12.0,0.0,15.0,73.0
1616,0.823,155,0,100,25,10.0,8.85,10.0,1.0,20.0,69.0
1617,0.781,161,0,100,21,10.0,8.68,27.0,1.0,33.0,39.0
1618,0.695,166,0,100,19,10.0,7.59,88.0,0.0,12.0,0.0
1619,0.715,170,0,100,17,10.0,8.27,82.0,0.0,18.0,0.0
1620,0.795,165,0,100,20,10.0,8.91,15.0,0.0,10.0,75.0
1621,0.744,158,0,100,23,10.0,8.1,80.0,0.0,18.0,2.0
1622,0.764,164,0,100,22,10.0,8.56,28.0,0.0,24.0,48.0
1623,0.744,168,0,100,18,10.0,8.54,17.0,0.0,11.0,72.0
1624,0.716,162,0,100,20,10.0,8.0,86.0,0.0,14.0,0.0
1625,0.711,161,0,100,21,10.0,7.73,37.0,2.0,17.0,44.0
1626,0.676,167,0,100,18,10.0,7.76,85.0,0.0,15.0,0.0
1627,0.768,156,0,100,24,10.0,8.79,45.0,0.0,13.0,42.0
1628,0.717,166,0,100,18,10.0,8.21,9.0,0.0,13.0,78.0
1629,0.699,160,0,100,22,10.0,8.26,81.0,1.0,17.0,1.0
1630,0.746,163,0,100,21,10.0,8.72,25.0,1.0,10.0,64.0
1631,0.863,157,0,100,25,10.0,9.38,9.0,0.0,19.0,72.0
1632,0.735,163,0,100,20,10.0,7.82,72.0,0.0,28.0,0.0
1633,0.805,162,0,100,21,10.0,9.09,31.0,0.0,9.0,60.0
1634,0.696,148,0,100,29,10.0,8.05,49.0,0.0,51.0,0.0
1635,0.717,161,0,100,23,10.0,7.97,16.0,3.0,8.0,73.0
1636,0.855,157,0,100,25,10.0,9.31,37.0,1.0,13.0,49.0
1637,0.752,161,0,100,21,10.0,8.22,82.0,0.0,18.0,0.0
1638,0.746,164,0,100,20,10.0,8.1,86.0,0.0,14.0,0.0
1639,0.759,162,0,100,21,10.0,8.58,25.0,0.0,17.0,58.0
1640,0.756,163,0,100,20,10.0,8.4,30.0,1.0,12.0,57.0
1641,0.735,170,0,100,17,10.0,8.34,81.0,0.0,19.0,0.0
1642,0.795,156,0,100,25,10.0,8.92,34.0,0.0,14.0,52.0
1643,0.78,165,0,100,21,10.0,9.11,36.0,0.0,12.0,52.0
1644,0.751,166,0,100,18,10.0,8.32,8.0,0.0,19.0,73.0
1645,0.735,154,0,100,25,10.0,8.22,69.0,0.0,31.0,0.0
1646,0.739,171,0,100,17,10.0,7.82,2.0,0.0,10.0,88.0
1647,0.783,157,0,100,24,10.0,8.22,41.0,0.0,11.0,48.0
1648,0.695,151,0,100,26,10.0,8.05,13.0,1.0,34.0,52.0
1649,0.834,161,0,100,22,10.0,9.14,26.0,0.0,10.0,64.0
1650,0.806,158,0,100,24,10.0,9.64,13.0,0.0,18.0,69.0
1651,0.748,165,0,100,20,10.0,8.36,87.0,1.0,11.0,1.0
1652,0.682,165,0,100,18,10.0,7.66,85.0,0.0,15.0,0.0
1653,0.719,159,0,100,23,10.0,8.03,37.0,1.0,17.0,45.0
1654,0.654,164,0,100,20,10.0,7.82,11.0,1.0,15.0,73.0
1655,0.768,158,0,100,25,10.0,8.78,66.0,0.0,15.0,19.0
1656,0.725,159,0,100,22,10.0,7.83,82.0,0.0,17.0,1.0
1657,0.786,160,0,100,23,10.0,8.9,31.0,0.0,12.0,57.0
1658,0.724,156,0,100,24,10.0,7.74,74.0,0.0,25.0,1.0
1659,0.768,164,0,100,21,10.0,8.19,88.0,1.0,11.0,0.0
1660,0.663,160,0,100,22,10.0,7.09,19.0,34.0,14.0,33.0
1661,0.801,166,0,100,19,10.0,8.4,7.0,1.0,10.0,82.0
1662,0.791,159,0,100,23,10.0,8.86,13.0,0.0,20.0,67.0
1663,0.762,168,0,100,20,10.0,8.36,44.0,0.0,7.0,49.0
1664,0.834,164,0,100,20,10.0,8.82,84.0,0.0,16.0,0.0
1665,0.779,157,0,100,23,10.0,7.99,90.0,0.0,10.0,0.0
1666,0.733,162,0,100,24,10.0,8.38,86.0,0.0,13.0,1.0
1667,0.775,161,0,100,23,10.0,8.34,3.0,0.0,22.0,75.0
1668,0.723,159,0,101,26,10.0,8.52,73.26732673267327,0.0,26.73267326732673,0.0
1669,0.741,159,0,100,24,10.0,8.32,78.0,0.0,22.0,0.0
1670,0.683,161,0,100,20,10.0,7.65,4.0,0.0,17.0,79.0
1671,0.807,156,0,100,25,10.0,8.68,40.0,1.0,11.0,48.0
1672,0.875,155,0,100,25,10.0,8.99,15.0,0.0,18.0,67.0
1673,0.703,162,0,100,22,10.0,7.84,9.0,0.0,14.0,77.0
1674,0.747,163,0,100,21,10.0,8.21,66.0,0.0,15.0,19.0
1675,0.748,167,0,100,17,10.0,8.04,86.0,3.0,10.0,1.0
1676,0.8,164,0,100,21,10.0,9.37,12.0,0.0,8.0,80.0
1677,0.667,164,0,100,20,10.0,7.84,14.0,0.0,10.0,76.0
1678,0.835,162,0,100,21,10.0,8.64,37.0,0.0,18.0,45.0
1679,0.763,164,0,100,19,10.0,8.32,29.0,0.0,19.0,52.0
1680,0.764,158,0,100,24,10.0,8.22,12.0,1.0,20.0,67.0
1681,0.808,156,0,100,24,10.0,8.69,12.0,0.0,19.0,69.0
1682,0.792,156,0,100,25,10.0,8.34,85.0,1.0,14.0,0.0
1683,0.722,163,0,100,20,10.0,8.32,23.0,1.0,13.0,63.0
1684,0.789,164,0,100,20,10.0,8.57,10.0,0.0,16.0,74.0
1685,0.757,154,0,100,25,10.0,7.83,71.0,0.0,28.0,1.0
1686,0.716,168,0,100,18,10.0,8.4,90.0,0.0,10.0,0.0
1687,0.744,163,0,100,21,10.0,8.17,84.0,0.0,15.0,1.0
1688,0.811,153,0,100,26,10.0,8.75,25.0,0.0,22.0,53.0
1689,0.778,155,0,100,25,10.0,8.55,84.0,0.0,16.0,0.0
1690,0.765,155,0,100,24,10.0,8.22,27.0,1.0,20.0,52.0
1691,0.785,155,0,100,24,10.0,8.67,16.0,0.0,18.0,66.0
1692,0.749,159,0,100,22,10.0,8.6,11.0,0.0,89.0,0.0
1693,0.784,156,0,100,24,10.0,8.38,82.0,0.0,18.0,0.0
1694,0.727,162,0,100,21,10.0,8.43,11.0,0.0,21.0,68.0
1695,0.831,167,0,100,20,10.0,8.97,26.0,0.0,14.0,60.0
1696,0.749,164,0,100,19,10.0,7.67,82.0,1.0,16.0,1.0
1697,0.732,160,0,100,21,10.0,8.15,25.0,0.0,12.0,63.0
1698,0.83,156,0,100,28,10.0,9.31,36.0,1.0,18.0,45.0
1699,0.761,167,0,100,18,10.0,7.99,85.0,0.0,15.0,0.0
1700,0.792,159,0,100,23,10.0,8.83,22.0,0.0,17.0,61.0
1701,0.722,168,0,100,18,10.0,7.88,24.0,0.0,13.0,63.0
1702,0.794,172,0,100,17,10.0,8.71,26.0,0.0,11.0,63.0
1703,0.81,159,0,100,23,10.0,8.53,18.0,0.0,18.0,64.0
1704,0.765,162,0,100,22,10.0,8.04,85.0,0.0,15.0,0.0
1705,0.697,160,0,100,22,10.0,7.75,74.0,0.0,19.0,7.0
1706,0.748,161,0,100,23,10.0,7.86,74.0,0.0,26.0,0.0
1707,0.813,157,0,100,24,10.0,8.77,8.0,0.0,21.0,71.0
1708,0.762,150,0,100,26,10.0,8.13,12.0,0.0,19.0,69.0
1709,0.757,163,0,100,20,10.0,8.33,89.0,2.0,8.0,1.0
1710,0.818,163,0,100,21,10.0,8.54,40.0,0.0,19.0,41.0
1711,0.854,160,0,100,22,10.0,8.84,13.0,0.0,16.0,71.0
1712,0.731,167,0,100,18,10.0,8.25,90.0,0.0,10.0,0.0
1713,0.789,147,0,100,30,10.0,8.26,27.0,0.0,25.0,48.0
1714,0.705,158,0,100,24,10.0,7.8,81.0,0.0,19.0,0.0
1715,0.767,175,0,100,14,10.0,8.08,92.0,0.0,8.0,0.0
1716,0.741,161,0,100,21,10.0,8.59,4.0,0.0,18.0,78.0
1717,0.748,156,0,100,23,10.0,7.77,52.0,0.0,16.0,32.0
1718,0.675,162,0,100,21,10.0,7.67,28.0,0.0,18.0,54.0
1719,0.746,150,0,100,28,10.0,8.17,18.0,0.0,19.0,63.0
1720,0.815,163,0,100,22,10.0,8.76,80.0,0.0,19.0,1.0
1721,0.682,150,0,100,26,10.0,7.29,71.0,0.0,29.0,0.0
1722,0.637,154,0,100,25,10.0,7.35,80.0,0.0,20.0,0.0
1723,0.751,158,0,100,23,10.0,8.43,24.0,0.0,75.0,1.0
1724,0.827,152,0,100,26,10.0,8.73,4.0,0.0,27.0,69.0
1725,0.793,156,0,100,26,10.0,8.35,34.0,0.0,19.0,47.0
1726,0.639,159,0,100,22,10.0,7.34,7.0,4.0,20.0,69.0
1727,0.727,161,0,100,22,10.0,7.98,84.0,1.0,15.0,0.0
1728,0.834,169,0,100,19,10.0,9.05,6.0,2.0,10.0,82.0
1729,0.797,151,0,100,27,10.0,8.67,80.0,0.0,16.0,4.0
1730,0.745,160,0,100,22,10.0,7.97,83.0,1.0,16.0,0.0
1731,0.79,157,0,101,26,10.0,8.56,25.742574257425744,0.9900990099009901,14.851485148514852,58.415841584158414
1732,0.709,169,0,100,16,10.0,7.44,85.0,2.0,13.0,0.0
1733,0.788,161,0,100,22,10.0,8.65,24.0,0.0,16.0,60.0
1734,0.768,155,0,100,26,10.0,8.78,18.0,0.0,19.0,63.0
1735,0.762,159,0,100,23,10.0,8.27,86.0,0.0,13.0,1.0
1736,0.777,153,0,100,27,10.0,8.51,19.0,1.0,20.0,60.0
1737,0.783,159,0,100,24,10.0,8.63,22.0,1.0,17.0,60.0
1738,0.74,154,0,100,25,10.0,7.85,76.0,0.0,24.0,0.0
1739,0.805,157,0,100,24,10.0,8.91,14.0,1.0,17.0,68.0
1740,0.696,155,0,100,24,10.0,7.52,78.0,0.0,22.0,0.0
1741,0.759,158,0,100,24,10.0,8.41,34.0,0.0,19.0,47.0
1742,0.76,158,0,100,23,10.0,7.8,84.0,1.0,15.0,0.0
1743,0.753,162,0,100,21,10.0,8.33,26.0,0.0,22.0,52.0
1744,0.768,156,0,100,24,10.0,8.46,39.0,1.0,19.0,41.0
1745,0.673,160,0,100,23,10.0,7.44,85.0,0.0,15.0,0.0
1746,0.778,161,0,100,23,10.0,8.6,29.0,0.0,14.0,57.0
1747,0.767,149,0,100,28,10.0,8.09,74.0,0.0,26.0,0.0
1748,0.716,151,0,100,27,10.0,8.08,26.0,2.0,13.0,59.0
1749,0.792,160,0,100,24,10.0,8.94,25.0,0.0,12.0,63.0
1750,0.743,168,0,100,19,10.0,8.25,38.0,0.0,5.0,57.0
1751,0.664,172,0,100,15,10.0,7.79,6.0,0.0,19.0,75.0
1752,0.794,149,0,100,28,10.0,8.67,43.0,0.0,27.0,30.0
1753,0.757,158,0,100,23,10.0,8.35,4.0,0.0,29.0,67.0
1754,0.821,156,0,100,24,10.0,8.75,78.0,0.0,22.0,0.0
1755,0.773,151,0,100,27,10.0,8.26,29.0,0.0,12.0,59.0
1756,0.75,167,0,100,19,10.0,7.78,91.0,0.0,9.0,0.0
1757,0.723,155,0,100,24,10.0,7.85,84.0,0.0,16.0,0.0
1758,0.852,155,0,100,26,10.0,9.34,10.0,0.0,20.0,70.0
1759,0.796,163,0,100,23,10.0,8.93,10.0,1.0,7.0,82.0
1760,0.762,158,0,100,23,10.0,8.35,83.0,0.0,17.0,0.0
1761,0.668,161,0,100,21,10.0,7.46,79.0,0.0,21.0,0.0
1762,0.758,163,0,100,20,10.0,8.27,80.0,0.0,20.0,0.0
1763,0.832,155,0,100,26,10.0,8.93,44.0,0.0,17.0,39.0
1764,0.785,153,0,100,26,10.0,9.09,16.0,0.0,15.0,69.0
1765,0.763,157,0,100,24,10.0,8.64,8.0,2.0,13.0,77.0
1766,0.71,163,0,100,20,10.0,8.19,29.0,1.0,11.0,59.0
1767,0.829,146,0,100,30,10.0,9.25,4.0,0.0,28.0,68.0
1768,0.833,161,0,100,22,10.0,8.67,24.0,0.0,19.0,57.0
1769,0.778,162,0,100,22,10.0,8.43,12.0,0.0,24.0,64.0
1770,0.776,151,0,100,29,10.0,8.54,54.0,3.0,6.0,37.0
1771,0.776,164,0,100,20,10.0,8.76,15.0,0.0,13.0,72.0
1772,0.799,165,0,100,20,10.0,8.61,86.0,0.0,14.0,0.0
1773,0.833,149,0,100,28,10.0,8.8,38.0,0.0,16.0,46.0
1774,0.698,171,0,100,16,10.0,7.77,3.0,1.0,11.0,85.0
1775,0.739,158,0,100,24,10.0,8.08,27.0,0.0,18.0,55.0
1776,0.675,165,0,100,19,10.0,7.61,76.0,0.0,15.0,9.0
1777,0.756,157,0,100,23,10.0,8.48,86.0,1.0,13.0,0.0
1778,0.696,153,0,100,26,10.0,7.76,81.0,0.0,19.0,0.0
1779,0.782,161,0,100,23,10.0,8.96,8.0,0.0,12.0,80.0
1780,0.76,164,0,100,20,10.0,8.23,77.0,0.0,23.0,0.0
1781,0.817,158,0,100,24,10.0,8.96,16.0,0.0,14.0,70.0
1782,0.824,155,0,100,26,10.0,9.22,17.0,0.0,18.0,65.0
1783,0.66,163,0,100,20,10.0,7.4,89.0,0.0,11.0,0.0
1784,0.691,164,0,100,19,10.0,7.78,82.0,1.0,17.0,0.0
1785,0.857,160,0,100,24,10.0,8.96,25.0,0.0,22.0,53.0
1786,0.711,157,0,100,25,10.0,7.71,84.0,0.0,16.0,0.0
1787,0.682,167,0,100,17,10.0,7.62,88.0,0.0,12.0,0.0
1788,0.651,163,0,100,20,10.0,7.33,82.0,2.0,15.0,1.0
1789,0.786,160,0,100,23,10.0,8.29,16.0,0.0,15.0,69.0
1790,0.744,169,0,100,18,10.0,8.22,25.0,0.0,7.0,68.0
1791,0.754,165,0,100,21,10.0,8.25,32.0,0.0,14.0,54.0
1792,0.793,166,0,100,20,10.0,8.37,28.0,16.0,9.0,47.0
1793,0.748,162,0,100,20,10.0,7.98,40.0,0.0,59.0,1.0
1794,0.846,173,0,100,17,10.0,9.27,16.0,0.0,12.0,72.0
1795,0.755,155,0,100,25,10.0,7.81,21.0,0.0,17.0,62.0
1796,0.787,162,0,100,22,10.0,8.24,10.0,0.0,16.0,74.0
1797,0.756,159,0,100,23,10.0,8.33,47.0,0.0,10.0,43.0
1798,0.768,156,0,100,23,10.0,8.43,12.0,0.0,24.0,64.0
1799,0.762,160,0,100,22,10.0,8.02,83.0,0.0,16.0,1.0
1800,0.731,159,0,100,22,10.0,8.3,32.0,0.0,10.0,58.0
1801,0.767,150,0,100,27,10.0,8.33,47.0,0.0,15.0,38.0
1802,0.694,163,0,100,20,10.0,8.44,12.0,1.0,15.0,72.0
1803,0.758,164,0,100,19,10.0,8.14,17.0,1.0,7.0,75.0
1804,0.817,149,0,100,30,10.0,9.07,14.0,0.0,22.0,64.0
1805,0.787,164,0,100,19,10.0,8.34,85.0,0.0,15.0,0.0
1806,0.749,159,0,100,22,10.0,9.05,13.0,0.0,20.0,67.0
1807,0.806,150,0,100,27,10.0,8.94,54.0,0.0,23.0,23.0
1808,0.765,155,0,100,24,10.0,8.36,23.0,0.0,30.0,47.0
1809,0.72,161,0,100,21,10.0,8.0,36.0,1.0,17.0,46.0
1810,0.763,162,0,100,21,10.0,8.34,79.0,0.0,19.0,2.0
1811,0.709,171,0,100,18,10.0,7.84,49.0,0.0,9.0,42.0
1812,0.844,159,0,100,24,10.0,8.8,27.0,0.0,19.0,54.0
1813,0.81,156,0,100,23,10.0,8.53,14.0,0.0,29.0,57.0
1814,0.727,164,0,100,21,10.0,8.55,9.0,0.0,15.0,76.0
1815,0.83,159,0,101,25,10.0,9.32,28.712871287128714,4.9504950495049505,7.920792079207921,58.415841584158414
1816,0.704,151,0,100,27,10.0,7.99,14.0,0.0,26.0,60.0
1817,0.67,162,0,100,22,10.0,7.88,88.0,0.0,12.0,0.0
1818,0.692,155,0,100,23,10.0,7.82,80.0,2.0,18.0,0.0
1819,0.807,159,0,100,23,10.0,8.65,59.0,0.0,11.0,30.0
1820,0.795,150,0,100,27,10.0,8.82,31.0,0.0,17.0,52.0
1821,0.741,163,0,100,20,10.0,7.88,4.0,0.0,96.0,0.0
1822,0.797,160,0,100,23,10.0,8.87,27.0,0.0,15.0,58.0
1823,0.756,163,0,100,20,10.0,8.36,13.0,1.0,14.0,72.0
1824,0.763,164,0,100,20,10.0,8.11,84.0,0.0,15.0,1.0
1825,0.79,159,0,100,22,10.0,8.47,87.0,0.0,13.0,0.0
1826,0.718,165,0,100,19,10.0,8.06,89.0,0.0,11.0,0.0
1827,0.781,152,0,100,27,10.0,8.63,25.0,0.0,19.0,56.0
1828,0.762,162,0,100,20,10.0,8.62,30.0,1.0,15.0,54.0
1829,0.763,159,0,100,23,10.0,8.46,35.0,0.0,14.0,51.0
1830,0.707,163,0,100,21,10.0,8.35,37.0,0.0,12.0,51.0
1831,0.834,162,0,100,23,10.0,8.71,23.0,0.0,13.0,64.0
1832,0.804,164,0,100,19,10.0,8.32,90.0,0.0,9.0,1.0
1833,0.773,160,0,100,22,10.0,8.21,78.0,1.0,21.0,0.0
1834,0.722,161,0,100,23,10.0,7.72,50.0,0.0,15.0,35.0
1835,0.71,158,0,100,23,10.0,8.1,82.0,0.0,18.0,0.0
1836,0.702,162,0,100,20,10.0,7.46,83.0,0.0,16.0,1.0
1837,0.751,157,0,100,24,10.0,8.12,28.0,0.0,14.0,58.0
1838,0.733,159,0,100,23,10.0,8.33,31.0,0.0,16.0,53.0
1839,0.714,160,0,100,24,10.0,8.01,45.0,1.0,14.0,40.0
1840,0.778,157,0,100,25,10.0,8.57,14.0,0.0,19.0,67.0
1841,0.7,168,0,100,18,10.0,7.8,12.0,1.0,15.0,72.0
1842,0.73,167,0,100,19,10.0,8.08,18.0,0.0,11.0,71.0
1843,0.797,163,0,100,20,10.0,8.68,21.0,0.0,22.0,57.0
1844,0.768,160,0,100,22,10.0,8.57,59.0,0.0,15.0,26.0
1845,0.73,167,0,100,20,10.0,8.53,72.0,1.0,13.0,14.0
1846,0.737,172,0,100,16,10.0,8.34,34.0,2.0,13.0,51.0
1847,0.828,155,0,100,24,10.0,8.83,18.0,0.0,15.0,67.0
1848,0.712,153,0,100,24,10.0,7.68,86.0,0.0,14.0,0.0
1849,0.736,155,0,100,25,10.0,8.2,10.0,0.0,17.0,73.0
1850,0.769,174,0,100,14,10.0,8.68,13.0,0.0,6.0,81.0
1851,0.714,168,0,100,18,10.0,7.74,6.0,0.0,15.0,79.0
1852,0.735,162,0,100,21,10.0,7.69,16.0,0.0,16.0,68.0
1853,0.721,164,0,100,21,10.0,7.9,78.0,0.0,15.0,7.0
1854,0.771,150,0,100,28,10.0,8.67,53.0,0.0,18.0,29.0
1855,0.775,163,0,100,20,10.0,8.49,84.0,0.0,15.0,1.0
1856,0.784,168,0,100,18,10.0,8.61,12.0,0.0,88.0,0.0
1857,0.731,162,0,100,22,10.0,7.91,35.0,0.0,17.0,48.0
1858,0.798,158,0,100,25,10.0,8.53,79.0,0.0,21.0,0.0
1859,0.831,173,0,100,17,10.0,8.74,12.0,0.0,9.0,79.0
1860,0.706,157,0,100,24,10.0,8.21,87.0,1.0,12.0,0.0
1861,0.819,149,0,101,30,10.0,8.77,72.27722772277228,0.0,27.722772277227723,0.0
1862,0.796,152,0,100,27,10.0,8.59,28.0,0.0,26.0,46.0
1863,0.822,161,0,100,22,10.0,8.62,50.0,0.0,13.0,37.0
1864,0.721,164,0,100,20,10.0,8.05,10.0,2.0,15.0,73.0
1865,0.77,157,0,100,25,10.0,8.37,17.0,0.0,18.0,65.0
1866,0.751,155,0,100,27,10.0,8.7,2.0,0.0,28.0,70.0
1867,0.662,173,0,100,15,10.0,6.98,90.0,1.0,9.0,0.0
1868,0.774,160,0,100,23,10.0,8.35,13.0,0.0,22.0,65.0
1869,0.682,160,0,100,22,10.0,7.91,32.0,0.0,12.0,56.0
1870,0.691,167,0,100,17,10.0,7.6,82.0,0.0,18.0,0.0
1871,0.711,171,0,100,17,10.0,7.43,88.0,1.0,11.0,0.0
1872,0.672,168,0,100,17,10.0,7.72,83.0,0.0,17.0,0.0
1873,0.76,161,0,100,21,10.0,8.43,14.0,1.0,13.0,72.0
1874,0.737,155,0,100,25,10.0,8.32,18.0,0.0,20.0,62.0
1875,0.772,150,0,100,27,10.0,8.49,80.0,1.0,16.0,3.0
1876,0.804,155,0,100,25,10.0,8.93,17.0,0.0,22.0,61.0
1877,0.767,150,0,100,27,10.0,8.37,69.0,1.0,30.0,0.0
1878,0.757,172,0,100,15,10.0,8.33,13.0,0.0,9.0,78.0
1879,0.818,158,0,100,24,10.0,8.76,24.0,0.0,15.0,61.0
1880,0.79,162,0,100,21,10.0,8.18,81.0,0.0,18.0,1.0
1881,0.771,166,0,100,20,10.0,8.65,7.0,0.0,17.0,76.0
1882,0.771,169,0,100,18,10.0,8.59,35.0,1.0,11.0,53.0
1883,0.748,165,0,100,20,10.0,8.22,86.0,0.0,11.0,3.0
1884,0.769,156,0,100,24,10.0,8.35,17.0,0.0,17.0,66.0
1885,0.785,157,0,100,25,10.0,8.63,64.0,9.0,21.0,6.0
1886,0.678,151,0,100,27,10.0,7.84,84.0,0.0,16.0,0.0
1887,0.776,165,0,100,19,10.0,8.99,88.0,0.0,12.0,0.0
1888,0.696,153,0,100,27,10.0,7.96,87.0,0.0,13.0,0.0
1889,0.804,169,0,100,18,10.0,8.56,27.0,0.0,12.0,61.0
1890,0.757,161,0,100,22,10.0,8.22,37.0,0.0,23.0,40.0
1891,0.74,153,0,100,28,10.0,8.41,59.0,2.0,25.0,14.0
1892,0.659,161,0,100,21,10.0,7.87,84.0,0.0,16.0,0.0
1893,0.745,148,0,100,28,10.0,8.57,19.0,0.0,20.0,61.0
1894,0.658,173,0,100,15,10.0,7.31,90.0,0.0,10.0,0.0
1895,0.764,155,0,100,25,10.0,8.01,21.0,0.0,19.0,60.0
1896,0.773,162,0,100,21,10.0,8.96,8.0,0.0,14.0,78.0
1897,0.713,163,0,100,22,10.0,8.11,86.0,2.0,12.0,0.0
1898,0.702,155,0,100,25,10.0,8.02,77.0,0.0,23.0,0.0
1899,0.744,159,0,100,23,10.0,7.75,82.0,1.0,17.0,0.0
1900,0.766,155,0,100,26,10.0,8.51,13.0,0.0,19.0,68.0
1901,0.827,156,0,100,25,10.0,8.67,80.0,6.0,14.0,0.0
1902,0.715,157,0,100,24,10.0,7.84,82.0,0.0,14.0,4.0
1903,0.713,164,0,100,20,10.0,7.66,28.0,0.0,18.0,54.0
1904,0.773,158,0,100,24,10.0,8.61,36.0,0.0,14.0,50.0
1905,0.824,154,0,100,26,10.0,9.0,30.0,0.0,18.0,52.0
1906,0.804,153,0,100,27,10.0,8.76,34.0,0.0,17.0,49.0
1907,0.767,164,0,100,20,10.0,8.19,82.0,0.0,18.0,0.0
1908,0.841,163,0,100,23,10.0,8.81,39.0,0.0,16.0,45.0
1909,0.679,162,0,100,20,10.0,7.7,82.0,0.0,18.0,0.0
1910,0.827,164,0,100,22,10.0,8.62,26.0,0.0,17.0,57.0
1911,0.677,165,0,100,18,10.0,8.32,80.0,1.0,19.0,0.0
1912,0.713,178,0,100,12,10.0,8.0,4.0,0.0,9.0,87.0
1913,0.752,147,0,100,29,10.0,8.17,35.0,13.0,18.0,34.0
1914,0.737,161,0,100,21,10.0,7.96,18.0,0.0,17.0,65.0
1915,0.8,168,0,100,20,10.0,8.65,21.0,1.0,10.0,68.0
1916,0.784,165,0,100,21,10.0,9.26,75.0,3.0,8.0,14.0
1917,0.816,157,0,100,24,10.0,8.87,20.0,0.0,20.0,60.0
1918,0.761,154,0,100,25,10.0,8.38,76.0,0.0,24.0,0.0
1919,0.782,165,0,100,19,10.0,8.48,91.0,0.0,9.0,0.0
1920,0.774,156,0,100,24,10.0,8.41,79.0,0.0,20.0,1.0
1921,0.715,166,0,100,18,10.0,7.83,12.0,0.0,7.0,81.0
1922,0.73,163,0,100,20,10.0,8.11,79.0,0.0,21.0,0.0
1923,0.71,169,0,100,18,10.0,8.04,19.0,0.0,14.0,67.0
1924,0.747,168,0,100,17,10.0,7.97,4.0,0.0,12.0,84.0
1925,0.86,151,0,100,28,10.0,9.45,40.0,0.0,18.0,42.0
1926,0.729,163,0,100,20,10.0,8.36,45.0,0.0,10.0,45.0
1927,0.74,159,0,100,21,10.0,7.79,85.0,0.0,14.0,1.0
1928,0.878,163,0,101,22,10.0,8.92,82.17821782178218,0.0,17.821782178217823,0.0
1929,0.815,155,0,100,24,10.0,8.7,18.0,1.0,15.0,66.0
1930,0.584,171,0,100,15,10.0,6.64,91.0,0.0,9.0,0.0
1931,0.639,177,0,100,12,10.0,6.79,86.0,0.0,14.0,0.0
1932,0.735,157,0,100,24,10.0,8.1,32.0,0.0,13.0,55.0
1933,0.704,170,0,100,17,10.0,8.02,17.0,0.0,9.0,74.0
1934,0.683,162,0,100,20,10.0,7.92,88.0,0.0,12.0,0.0
1935,0.777,156,0,100,23,10.0,8.2,84.0,0.0,16.0,0.0
1936,0.657,163,0,100,20,10.0,7.29,27.0,0.0,14.0,59.0
1937,0.794,158,0,100,24,10.0,8.44,13.0,0.0,14.0,73.0
1938,0.752,162,0,100,21,10.0,8.68,86.0,0.0,14.0,0.0
1939,0.809,168,0,100,20,10.0,8.68,2.0,3.0,9.0,86.0
1940,0.779,158,0,100,23,10.0,8.59,74.0,0.0,26.0,0.0
1941,0.827,152,0,101,28,10.0,8.96,78.21782178217822,0.0,21.782178217821784,0.0
1942,0.785,153,0,100,28,10.0,8.24,58.0,0.0,15.0,27.0
1943,0.775,153,0,100,27,10.0,8.31,74.0,0.0,25.0,1.0
1944,0.681,170,0,100,16,10.0,7.56,71.0,0.0,14.0,15.0
1945,0.721,159,0,100,22,10.0,8.36,79.0,0.0,21.0,0.0
1946,0.732,168,0,100,18,10.0,8.15,17.0,0.0,13.0,70.0
1947,0.799,161,0,100,21,10.0,8.33,85.0,0.0,15.0,0.0
1948,0.755,156,0,100,23,10.0,8.36,86.0,0.0,14.0,0.0
1949,0.72,163,0,100,21,10.0,7.55,22.0,0.0,14.0,64.0
1950,0.819,147,0,100,30,10.0,8.99,59.0,0.0,15.0,26.0
1951,0.776,160,0,100,23,10.0,8.74,11.0,0.0,15.0,74.0
1952,0.779,161,0,100,24,10.0,8.8,13.0,0.0,15.0,72.0
1953,0.714,163,0,100,20,10.0,7.65,91.0,0.0,9.0,0.0
1954,0.716,169,0,100,18,10.0,7.74,86.0,1.0,13.0,0.0
1955,0.765,162,0,100,22,10.0,8.31,86.0,2.0,12.0,0.0
1956,0.735,164,0,100,20,10.0,7.9,3.0,2.0,15.0,80.0
1957,0.795,162,0,100,21,10.0,8.84,33.0,0.0,11.0,56.0
1958,0.798,150,0,100,28,10.0,8.82,32.0,0.0,19.0,49.0
1959,0.82,150,0,100,28,10.0,8.85,13.0,1.0,26.0,60.0
1960,0.747,158,0,100,23,10.0,8.27,14.0,0.0,16.0,70.0
1961,0.741,152,0,100,27,10.0,8.4,6.0,0.0,21.0,73.0
1962,0.759,160,0,100,22,10.0,8.41,13.0,0.0,17.0,70.0
1963,0.701,157,0,100,23,10.0,7.91,83.0,0.0,17.0,0.0
1964,0.691,168,0,100,17,10.0,8.01,4.0,0.0,15.0,81.0
1965,0.777,151,0,100,27,10.0,8.39,50.0,0.0,18.0,32.0
1966,0.796,167,0,100,18,10.0,8.36,86.0,0.0,13.0,1.0
1967,0.797,157,0,100,23,10.0,8.27,78.0,1.0,21.0,0.0
1968,0.669,163,0,100,20,10.0,7.76,33.0,1.0,12.0,54.0
1969,0.839,155,0,100,25,10.0,8.95,27.0,2.0,15.0,56.0
1970,0.78,161,0,100,22,10.0,8.42,3.0,1.0,19.0,77.0
1971,0.804,149,0,100,28,10.0,8.77,34.0,0.0,16.0,50.0
1972,0.831,160,0,100,22,10.0,8.41,80.0,0.0,19.0,1.0
1973,0.716,158,0,100,23,10.0,8.48,86.0,0.0,14.0,0.0
1974,0.749,146,0,100,30,10.0,8.31,16.0,0.0,33.0,51.0
1975,0.744,162,0,100,22,10.0,8.61,51.0,0.0,17.0,32.0
1976,0.65,175,0,100,13,10.0,6.71,89.0,0.0,11.0,0.0
1977,0.772,157,0,100,24,10.0,8.84,27.0,0.0,16.0,57.0
1978,0.686,160,0,100,22,10.0,7.64,42.0,0.0,17.0,41.0
1979,0.766,158,0,100,23,10.0,8.28,12.0,1.0,13.0,74.0
1980,0.723,165,0,100,20,10.0,7.98,17.0,0.0,13.0,70.0
1981,0.767,166,0,100,19,10.0,8.39,3.0,1.0,17.0,79.0
1982,0.804,159,0,100,23,10.0,9.12,10.0,0.0,17.0,73.0
1983,0.687,170,0,100,16,10.0,7.28,88.0,0.0,12.0,0.0
1984,0.724,165,0,100,20,10.0,7.78,56.0,0.0,13.0,31.0
1985,0.792,160,0,100,22,10.0,8.56,13.0,0.0,25.0,62.0
1986,0.743,163,0,100,20,10.0,8.71,23.0,1.0,8.0,68.0
1987,0.835,163,0,100,21,10.0,9.32,11.0,1.0,14.0,74.0
1988,0.764,164,0,100,21,10.0,8.36,19.0,0.0,11.0,70.0
1989,0.752,154,0,100,25,10.0,8.32,44.0,0.0,16.0,40.0
1990,0.707,163,0,100,21,10.0,8.17,10.0,0.0,19.0,71.0
1991,0.872,156,0,100,25,10.0,8.92,28.0,0.0,12.0,60.0
1992,0.754,172,0,100,16,10.0,8.22,16.0,0.0,9.0,75.0
1993,0.868,166,0,100,21,10.0,9.15,58.0,0.0,14.0,28.0
1994,0.741,162,0,100,21,10.0,8.29,25.0,0.0,11.0,64.0
1995,0.71,171,0,100,15,10.0,7.93,87.0,1.0,12.0,0.0
1996,0.733,145,0,100,29,10.0,8.45,36.0,0.0,25.0,39.0
1997,0.746,163,0,100,20,10.0,7.92,81.0,0.0,19.0,0.0
1998,0.776,147,0,100,28,10.0,8.57,86.0,0.0,14.0,0.0
1999,0.765,151,0,100,28,10.0,8.2,16.0,38.0,21.0,25.0
2000,0.794,162,0,100,21,10.0,8.15,74.0,0.0,26.0,0.0
2001,0.767,166,0,100,22,10.0,8.36,17.0,0.0,29.0,54.0
2002,0.736,166,0,100,21,10.0,8.57,86.0,0.0,14.0,0.0
2003,0.798,157,0,100,24,10.0,8.32,12.0,0.0,18.0,70.0
2004,0.799,153,0,100,27,10.0,8.84,18.0,0.0,21.0,61.0
2005,0.726,165,0,100,19,10.0,7.89,19.0,0.0,13.0,68.0
2006,0.75,162,0,100,24,10.0,8.17,14.0,1.0,9.0,76.0
2007,0.689,160,0,100,22,10.0,7.89,92.0,0.0,8.0,0.0
2008,0.808,166,0,100,20,10.0,8.92,9.0,0.0,20.0,71.0
2009,0.81,150,0,100,28,10.0,8.64,23.0,0.0,18.0,59.0
2010,0.793,164,0,100,19,10.0,8.56,84.0,0.0,16.0,0.0
2011,0.742,159,0,100,23,10.0,8.22,20.0,0.0,22.0,58.0
2012,0.732,160,0,100,22,10.0,8.13,82.0,0.0,18.0,0.0
2013,0.797,161,0,100,23,10.0,8.71,79.0,0.0,15.0,6.0
2014,0.74,154,0,100,24,10.0,8.18,29.0,1.0,11.0,59.0
2015,0.812,156,0,100,27,10.0,8.9,43.0,7.0,14.0,36.0
2016,0.836,165,0,100,22,10.0,8.91,48.0,0.0,12.0,40.0
2017,0.753,155,0,100,24,10.0,8.48,73.0,0.0,26.0,1.0
2018,0.732,163,0,100,21,10.0,7.9,79.0,0.0,21.0,0.0
2019,0.73,159,0,100,22,10.0,8.12,77.0,0.0,22.0,1.0
2020,0.746,159,0,100,24,10.0,8.8,14.0,1.0,12.0,73.0
2021,0.757,157,0,100,23,10.0,8.33,76.0,1.0,22.0,1.0
2022,0.719,157,0,100,23,10.0,7.92,82.0,0.0,18.0,0.0
2023,0.704,162,0,100,22,10.0,7.85,19.0,0.0,15.0,66.0
2024,0.771,167,0,100,19,10.0,8.85,9.0,0.0,12.0,79.0
2025,0.723,163,0,100,20,10.0,7.98,12.0,0.0,16.0,72.0
2026,0.764,160,0,100,22,10.0,8.11,13.0,0.0,33.0,54.0
2027,0.791,165,0,100,19,10.0,8.34,84.0,1.0,15.0,0.0
2028,0.718,173,0,100,16,10.0,8.46,2.0,0.0,11.0,87.0
2029,0.77,153,0,100,25,10.0,7.91,58.0,0.0,23.0,19.0
2030,0.823,148,0,100,28,10.0,8.65,84.0,0.0,16.0,0.0
2031,0.834,154,0,100,26,10.0,9.24,12.0,1.0,17.0,70.0
2032,0.778,169,0,100,18,10.0,8.17,14.0,0.0,12.0,74.0
2033,0.73,152,0,100,26,10.0,8.14,39.0,0.0,28.0,33.0
2034,0.669,163,0,100,20,10.0,7.47,84.0,0.0,16.0,0.0
2035,0.764,155,0,100,25,10.0,8.46,37.0,0.0,20.0,43.0
2036,0.79,155,0,100,25,10.0,8.86,15.0,0.0,21.0,64.0
2037,0.781,159,0,100,23,10.0,8.67,58.0,0.0,16.0,26.0
2038,0.746,163,0,100,21,10.0,7.89,40.0,0.0,13.0,47.0
2039,0.701,157,0,100,23,10.0,8.28,69.0,0.0,12.0,19.0
2040,0.733,167,0,100,19,10.0,8.16,5.0,0.0,13.0,82.0
2041,0.733,160,0,100,21,10.0,7.54,86.0,0.0,12.0,2.0
2042,0.775,164,0,100,19,10.0,8.09,83.0,1.0,15.0,1.0
2043,0.811,161,0,100,23,10.0,9.19,48.0,0.0,17.0,35.0
2044,0.81,160,0,100,23,10.0,8.53,11.0,0.0,18.0,71.0
2045,0.684,165,0,100,20,10.0,7.52,29.0,0.0,18.0,53.0
2046,0.855,160,0,100,22,10.0,9.11,10.0,0.0,15.0,75.0
2047,0.722,156,0,100,24,10.0,8.31,83.0,0.0,17.0,0.0
2048,0.822,147,0,100,31,10.0,8.78,59.0,0.0,36.0,5.0
2049,0.64,162,0,100,20,10.0,7.74,21.0,1.0,9.0,69.0
2050,0.716,159,0,100,22,10.0,7.97,26.0,2.0,16.0,56.0
2051,0.674,165,0,100,18,10.0,7.36,85.0,0.0,15.0,0.0
2052,0.737,159,0,100,22,10.0,8.3,78.0,0.0,22.0,0.0
2053,0.829,151,0,100,26,10.0,8.79,16.0,0.0,18.0,66.0
2054,0.68,169,0,100,17,10.0,7.07,87.0,0.0,12.0,1.0
2055,0.801,172,0,100,16,10.0,8.33,3.0,0.0,14.0,83.0
2056,0.825,156,0,100,25,10.0,8.86,77.0,0.0,23.0,0.0
2057,0.67,165,0,100,20,10.0,7.51,6.0,0.0,14.0,80.0
2058,0.72,159,0,100,23,10.0,8.33,5.0,0.0,18.0,77.0
2059,0.746,160,0,100,22,10.0,7.94,15.0,0.0,18.0,67.0
2060,0.76,152,0,100,27,10.0,8.1,81.0,0.0,18.0,1.0
2061,0.806,151,0,100,26,10.0,8.36,79.0,0.0,21.0,0.0
2062,0.775,153,0,100,26,10.0,8.83,11.0,0.0,23.0,66.0
2063,0.708,163,0,100,20,10.0,8.3,14.0,0.0,14.0,72.0
2064,0.868,161,0,100,23,10.0,9.42,27.0,0.0,12.0,61.0
2065,0.697,165,0,100,19,10.0,8.29,27.0,0.0,72.0,1.0
2066,0.706,156,0,100,24,10.0,8.06,82.0,0.0,18.0,0.0
2067,0.726,163,0,100,19,10.0,7.86,86.0,2.0,12.0,0.0
2068,0.693,162,0,100,20,10.0,7.75,82.0,0.0,18.0,0.0
2069,0.857,163,0,100,21,10.0,9.08,19.0,1.0,15.0,65.0
2070,0.715,165,0,100,19,10.0,8.04,88.0,0.0,11.0,1.0
2071,0.776,160,0,100,21,10.0,8.24,20.0,1.0,11.0,68.0
2072,0.767,163,0,100,21,10.0,8.29,18.0,1.0,14.0,67.0
2073,0.737,157,0,100,24,10.0,8.44,83.0,0.0,16.0,1.0
2074,0.675,156,0,100,24,10.0,8.41,51.0,0.0,6.0,43.0
2075,0.758,155,0,100,26,10.0,8.55,18.0,0.0,16.0,66.0
2076,0.777,160,0,100,23,10.0,8.25,82.0,0.0,18.0,0.0
2077,0.831,144,0,101,35,10.0,9.16,47.524752475247524,0.0,17.821782178217823,34.65346534653465
2078,0.785,158,0,100,24,10.0,8.24,34.0,1.0,16.0,49.0
2079,0.78,151,0,100,28,10.0,8.45,65.0,0.0,20.0,15.0
2080,0.711,170,0,100,16,10.0,7.46,91.0,0.0,8.0,1.0
2081,0.769,158,0,100,23,10.0,8.54,36.0,0.0,18.0,46.0
2082,0.822,155,0,100,26,10.0,8.59,43.0,0.0,15.0,42.0
2083,0.721,169,0,100,18,10.0,8.13,21.0,0.0,11.0,68.0
2084,0.735,163,0,100,20,10.0,8.16,79.0,0.0,21.0,0.0
2085,0.735,155,0,100,25,10.0,8.5,19.0,1.0,22.0,58.0
2086,0.75,155,0,100,26,10.0,8.87,30.0,0.0,23.0,47.0
2087,0.746,156,0,100,25,10.0,7.91,16.0,0.0,21.0,63.0
2088,0.744,160,0,100,21,10.0,8.29,81.0,0.0,18.0,1.0
2089,0.676,168,0,100,18,10.0,7.86,9.0,0.0,17.0,74.0
2090,0.805,164,0,100,20,10.0,8.49,31.0,1.0,6.0,62.0
2091,0.858,159,0,100,25,10.0,9.01,54.0,0.0,15.0,31.0
2092,0.723,159,0,100,23,10.0,8.47,9.0,1.0,20.0,70.0
2093,0.735,158,0,100,24,10.0,8.65,52.0,0.0,18.0,30.0
2094,0.754,160,0,100,22,10.0,8.52,13.0,0.0,25.0,62.0
2095,0.809,163,0,100,21,10.0,8.56,15.0,0.0,13.0,72.0
2096,0.762,164,0,100,20,10.0,8.71,49.0,0.0,5.0,46.0
2097,0.804,149,0,100,28,10.0,8.57,21.0,40.0,16.0,23.0
2098,0.819,161,0,100,21,10.0,9.0,7.0,0.0,14.0,79.0
2099,0.798,150,0,100,29,10.0,9.22,27.0,0.0,15.0,58.0
2100,0.754,167,0,100,19,10.0,8.83,59.0,0.0,12.0,29.0
SUMMARY,0.7556319047619036,336273,0,,,,,39.626364922206506,3.8967515322960864,17.8784912776992,38.59839226779821
