episode,utilization,invalid_learned,invalid_attempted,boxes_attempted,placed_boxes,max_height,avg_height,perc_stacking,perc_best_fit,perc_semi_perfect_fit,perc_random_fit
1,0.582,1,0,13,12,10.0,5.82,15.384615384615385,38.46153846153847,23.076923076923077,23.076923076923077
2,0.595,1,0,18,17,10.0,5.95,22.22222222222222,22.22222222222222,27.77777777777778,27.77777777777778
3,0.434,1,0,13,12,10.0,4.34,15.384615384615385,38.46153846153847,23.076923076923077,23.076923076923077
4,0.339,1,0,10,9,10.0,3.39,30.0,20.0,40.0,10.0
5,0.413,1,0,13,12,10.0,4.13,53.84615384615385,23.076923076923077,7.6923076923076925,15.384615384615385
6,0.509,1,0,16,15,10.0,5.09,18.75,25.0,31.25,25.0
7,0.626,1,0,15,14,10.0,6.26,26.666666666666668,6.666666666666667,26.666666666666668,40.0
8,0.559,1,0,13,12,10.0,5.59,15.384615384615385,38.46153846153847,23.076923076923077,23.076923076923077
9,0.381,1,0,10,9,10.0,3.81,20.0,50.0,20.0,10.0
10,0.232,1,0,7,6,9.0,2.32,28.57142857142857,42.857142857142854,14.285714285714285,14.285714285714285
11,0.515,1,0,14,13,9.0,5.15,21.428571428571427,28.57142857142857,21.428571428571427,28.57142857142857
12,0.504,1,0,13,12,10.0,5.04,15.384615384615385,46.15384615384615,15.384615384615385,23.076923076923077
13,0.367,1,0,11,10,9.0,3.67,45.45454545454545,0.0,27.27272727272727,27.27272727272727
14,0.654,1,0,17,16,10.0,6.54,23.52941176470588,29.411764705882355,17.647058823529413,29.411764705882355
15,0.471,1,0,11,10,10.0,4.71,27.27272727272727,27.27272727272727,18.181818181818183,27.27272727272727
16,0.61,1,0,15,14,10.0,6.1,26.666666666666668,33.33333333333333,13.333333333333334,26.666666666666668
17,0.57,1,0,11,10,9.0,5.7,27.27272727272727,9.090909090909092,36.36363636363637,27.27272727272727
18,0.661,1,0,15,14,10.0,6.61,26.666666666666668,20.0,26.666666666666668,26.666666666666668
19,0.397,1,0,12,11,10.0,3.97,41.66666666666667,25.0,16.666666666666664,16.666666666666664
20,0.606,1,0,12,11,9.0,6.06,0.0,25.0,16.666666666666664,58.333333333333336
21,0.53,1,0,14,13,10.0,5.3,35.714285714285715,28.57142857142857,14.285714285714285,21.428571428571427
22,0.486,1,0,14,13,10.0,4.86,21.428571428571427,28.57142857142857,28.57142857142857,21.428571428571427
23,0.616,1,0,17,16,10.0,6.16,41.17647058823529,11.76470588235294,17.647058823529413,29.411764705882355
24,0.422,1,0,9,8,10.0,4.22,33.33333333333333,22.22222222222222,11.11111111111111,33.33333333333333
25,0.521,1,0,12,11,10.0,5.21,33.33333333333333,33.33333333333333,16.666666666666664,16.666666666666664
26,0.53,1,0,11,10,10.0,5.3,45.45454545454545,9.090909090909092,18.181818181818183,27.27272727272727
27,0.572,1,0,16,15,10.0,5.72,37.5,12.5,31.25,18.75
28,0.503,1,0,13,12,10.0,5.03,46.15384615384615,23.076923076923077,0.0,30.76923076923077
29,0.471,1,0,13,12,10.0,4.71,30.76923076923077,7.6923076923076925,30.76923076923077,30.76923076923077
30,0.388,1,0,10,9,9.0,3.88,40.0,10.0,10.0,40.0
31,0.488,1,0,16,15,10.0,4.88,37.5,18.75,25.0,18.75
32,0.479,1,0,13,12,10.0,4.79,7.6923076923076925,30.76923076923077,23.076923076923077,38.46153846153847
33,0.58,1,0,18,17,10.0,5.8,33.33333333333333,11.11111111111111,22.22222222222222,33.33333333333333
34,0.516,1,0,11,10,10.0,5.16,9.090909090909092,9.090909090909092,81.81818181818183,0.0
35,0.386,1,0,14,13,10.0,3.86,35.714285714285715,14.285714285714285,35.714285714285715,14.285714285714285
36,0.461,1,0,14,13,10.0,4.61,57.14285714285714,7.142857142857142,14.285714285714285,21.428571428571427
37,0.517,1,0,14,13,10.0,5.17,35.714285714285715,35.714285714285715,21.428571428571427,7.142857142857142
38,0.537,1,0,15,14,10.0,5.37,20.0,33.33333333333333,26.666666666666668,20.0
39,0.572,1,0,14,13,10.0,5.72,28.57142857142857,21.428571428571427,28.57142857142857,21.428571428571427
40,0.451,1,0,12,11,9.0,4.51,25.0,58.333333333333336,0.0,16.666666666666664
41,0.385,1,0,10,9,10.0,3.85,20.0,30.0,30.0,20.0
42,0.496,1,0,16,15,10.0,4.96,37.5,12.5,37.5,12.5
43,0.441,1,0,11,10,10.0,4.41,27.27272727272727,27.27272727272727,36.36363636363637,9.090909090909092
44,0.382,1,0,9,8,10.0,3.82,11.11111111111111,22.22222222222222,33.33333333333333,33.33333333333333
45,0.645,1,0,19,18,10.0,6.45,21.052631578947366,15.789473684210526,36.84210526315789,26.31578947368421
46,0.31,1,0,8,7,10.0,3.1,12.5,0.0,50.0,37.5
47,0.611,1,0,16,15,10.0,6.11,37.5,12.5,25.0,25.0
48,0.511,1,0,14,13,9.0,5.11,28.57142857142857,21.428571428571427,28.57142857142857,21.428571428571427
49,0.573,1,0,15,14,10.0,5.73,26.666666666666668,26.666666666666668,13.333333333333334,33.33333333333333
50,0.338,1,0,8,7,9.0,3.38,37.5,25.0,25.0,12.5
51,0.273,1,0,6,5,10.0,2.73,16.666666666666664,33.33333333333333,33.33333333333333,16.666666666666664
52,0.669,1,0,15,14,10.0,6.69,20.0,33.33333333333333,26.666666666666668,20.0
53,0.576,1,0,15,14,10.0,5.76,40.0,26.666666666666668,26.666666666666668,6.666666666666667
54,0.481,1,0,15,14,10.0,4.81,13.333333333333334,53.333333333333336,20.0,13.333333333333334
55,0.524,1,0,14,13,10.0,5.24,42.857142857142854,21.428571428571427,7.142857142857142,28.57142857142857
56,0.617,1,0,16,15,10.0,6.17,12.5,43.75,25.0,18.75
57,0.451,1,0,9,8,10.0,4.51,22.22222222222222,22.22222222222222,33.33333333333333,22.22222222222222
58,0.597,1,0,16,15,10.0,5.97,6.25,37.5,37.5,18.75
59,0.686,1,0,14,13,9.0,6.86,14.285714285714285,35.714285714285715,7.142857142857142,42.857142857142854
60,0.55,1,0,15,14,10.0,5.5,33.33333333333333,13.333333333333334,6.666666666666667,46.666666666666664
61,0.618,1,0,18,17,9.0,6.18,27.77777777777778,33.33333333333333,16.666666666666664,22.22222222222222
62,0.433,1,0,11,10,10.0,4.33,9.090909090909092,18.181818181818183,27.27272727272727,45.45454545454545
63,0.543,1,0,13,12,10.0,5.43,7.6923076923076925,15.384615384615385,46.15384615384615,30.76923076923077
64,0.401,1,0,15,14,10.0,4.01,26.666666666666668,13.333333333333334,26.666666666666668,33.33333333333333
65,0.362,1,0,11,10,10.0,3.62,18.181818181818183,36.36363636363637,9.090909090909092,36.36363636363637
66,0.523,1,0,12,11,10.0,5.23,41.66666666666667,0.0,41.66666666666667,16.666666666666664
67,0.49,1,0,14,13,10.0,4.9,35.714285714285715,7.142857142857142,35.714285714285715,21.428571428571427
68,0.606,1,0,16,15,10.0,6.06,25.0,12.5,31.25,31.25
69,0.516,1,0,14,13,10.0,5.16,50.0,7.142857142857142,35.714285714285715,7.142857142857142
70,0.465,1,0,16,15,10.0,4.65,25.0,18.75,0.0,56.25
71,0.445,1,0,13,12,10.0,4.45,30.76923076923077,30.76923076923077,15.384615384615385,23.076923076923077
72,0.543,1,0,13,12,10.0,5.43,23.076923076923077,38.46153846153847,30.76923076923077,7.6923076923076925
73,0.542,1,0,15,14,10.0,5.42,20.0,26.666666666666668,33.33333333333333,20.0
74,0.644,1,0,18,17,10.0,6.44,0.0,16.666666666666664,27.77777777777778,55.55555555555556
75,0.481,1,0,12,11,10.0,4.81,16.666666666666664,33.33333333333333,8.333333333333332,41.66666666666667
76,0.482,1,0,15,14,9.0,4.82,33.33333333333333,26.666666666666668,13.333333333333334,26.666666666666668
77,0.432,1,0,10,9,10.0,4.32,10.0,30.0,20.0,40.0
78,0.584,1,0,13,12,10.0,5.84,23.076923076923077,15.384615384615385,7.6923076923076925,53.84615384615385
79,0.38,1,0,8,7,10.0,3.8,12.5,12.5,50.0,25.0
80,0.466,1,0,13,12,10.0,4.66,23.076923076923077,23.076923076923077,23.076923076923077,30.76923076923077
81,0.418,1,0,11,10,10.0,4.18,27.27272727272727,45.45454545454545,18.181818181818183,9.090909090909092
82,0.516,1,0,11,10,10.0,5.16,9.090909090909092,27.27272727272727,18.181818181818183,45.45454545454545
83,0.516,1,0,12,11,10.0,5.16,16.666666666666664,33.33333333333333,16.666666666666664,33.33333333333333
84,0.591,1,0,17,16,10.0,5.91,29.411764705882355,29.411764705882355,5.88235294117647,35.294117647058826
85,0.495,1,0,11,10,10.0,4.95,18.181818181818183,45.45454545454545,27.27272727272727,9.090909090909092
86,0.602,1,0,14,13,10.0,6.02,42.857142857142854,28.57142857142857,14.285714285714285,14.285714285714285
87,0.547,1,0,14,13,10.0,5.47,35.714285714285715,21.428571428571427,14.285714285714285,28.57142857142857
88,0.541,1,0,14,13,10.0,5.41,14.285714285714285,21.428571428571427,28.57142857142857,35.714285714285715
89,0.551,1,0,14,13,10.0,5.51,21.428571428571427,28.57142857142857,14.285714285714285,35.714285714285715
90,0.589,1,0,15,14,10.0,5.89,33.33333333333333,20.0,40.0,6.666666666666667
91,0.356,1,0,13,12,10.0,3.56,15.384615384615385,38.46153846153847,15.384615384615385,30.76923076923077
92,0.493,1,0,15,14,10.0,4.93,0.0,40.0,26.666666666666668,33.33333333333333
93,0.583,1,0,16,15,10.0,5.83,25.0,37.5,12.5,25.0
94,0.601,1,0,13,12,10.0,6.01,30.76923076923077,15.384615384615385,0.0,53.84615384615385
95,0.338,1,0,11,10,10.0,3.38,27.27272727272727,36.36363636363637,18.181818181818183,18.181818181818183
96,0.515,1,0,17,16,9.0,5.15,5.88235294117647,41.17647058823529,17.647058823529413,35.294117647058826
97,0.512,1,0,14,13,9.0,5.12,0.0,35.714285714285715,50.0,14.285714285714285
98,0.582,1,0,18,17,10.0,5.82,22.22222222222222,27.77777777777778,22.22222222222222,27.77777777777778
99,0.492,1,0,14,13,10.0,4.92,14.285714285714285,14.285714285714285,28.57142857142857,42.857142857142854
100,0.408,1,0,12,11,10.0,4.08,16.666666666666664,16.666666666666664,33.33333333333333,33.33333333333333
101,0.613,1,0,18,17,10.0,6.13,16.666666666666664,22.22222222222222,44.44444444444444,16.666666666666664
102,0.501,1,0,9,8,10.0,5.01,22.22222222222222,11.11111111111111,22.22222222222222,44.44444444444444
103,0.674,1,0,16,15,10.0,6.74,25.0,37.5,25.0,12.5
104,0.318,1,0,8,7,9.0,3.18,25.0,50.0,25.0,0.0
105,0.413,1,0,13,12,9.0,4.13,23.076923076923077,53.84615384615385,15.384615384615385,7.6923076923076925
106,0.576,1,0,17,16,10.0,5.76,5.88235294117647,64.70588235294117,23.52941176470588,5.88235294117647
107,0.417,1,0,15,14,10.0,4.17,13.333333333333334,26.666666666666668,33.33333333333333,26.666666666666668
108,0.581,1,0,15,14,10.0,5.81,13.333333333333334,26.666666666666668,26.666666666666668,33.33333333333333
109,0.491,1,0,13,12,10.0,4.91,15.384615384615385,38.46153846153847,0.0,46.15384615384615
110,0.636,1,0,14,13,10.0,6.36,21.428571428571427,14.285714285714285,42.857142857142854,21.428571428571427
111,0.491,1,0,11,10,9.0,4.91,18.181818181818183,45.45454545454545,18.181818181818183,18.181818181818183
112,0.407,1,0,14,13,9.0,4.07,7.142857142857142,42.857142857142854,7.142857142857142,42.857142857142854
113,0.45,1,0,9,8,10.0,4.5,0.0,66.66666666666666,0.0,33.33333333333333
114,0.502,1,0,14,13,10.0,5.02,14.285714285714285,42.857142857142854,7.142857142857142,35.714285714285715
115,0.346,1,0,8,7,10.0,3.46,12.5,62.5,12.5,12.5
116,0.384,1,0,10,9,10.0,3.84,10.0,30.0,30.0,30.0
117,0.508,1,0,15,14,10.0,5.08,6.666666666666667,33.33333333333333,33.33333333333333,26.666666666666668
118,0.546,1,0,13,12,10.0,5.46,23.076923076923077,23.076923076923077,38.46153846153847,15.384615384615385
119,0.649,1,0,17,16,10.0,6.49,17.647058823529413,29.411764705882355,47.05882352941176,5.88235294117647
120,0.463,1,0,14,13,10.0,4.63,7.142857142857142,42.857142857142854,28.57142857142857,21.428571428571427
121,0.406,1,0,10,9,10.0,4.06,10.0,20.0,50.0,20.0
122,0.332,1,0,8,7,8.0,3.32,12.5,25.0,62.5,0.0
123,0.504,1,0,13,12,10.0,5.04,15.384615384615385,38.46153846153847,46.15384615384615,0.0
124,0.497,1,0,10,9,10.0,4.97,30.0,50.0,0.0,20.0
125,0.671,1,0,12,11,10.0,6.71,16.666666666666664,25.0,33.33333333333333,25.0
126,0.355,1,0,9,8,10.0,3.55,11.11111111111111,44.44444444444444,11.11111111111111,33.33333333333333
127,0.258,1,0,9,8,9.0,2.58,22.22222222222222,44.44444444444444,33.33333333333333,0.0
128,0.441,1,0,9,8,10.0,4.41,11.11111111111111,11.11111111111111,11.11111111111111,66.66666666666666
129,0.629,1,0,15,14,10.0,6.29,20.0,60.0,13.333333333333334,6.666666666666667
130,0.417,1,0,16,15,10.0,4.17,18.75,56.25,18.75,6.25
131,0.293,1,0,11,10,9.0,2.93,18.181818181818183,18.181818181818183,27.27272727272727,36.36363636363637
132,0.498,1,0,14,13,10.0,4.98,28.57142857142857,28.57142857142857,28.57142857142857,14.285714285714285
133,0.481,1,0,17,16,10.0,4.81,0.0,82.35294117647058,17.647058823529413,0.0
134,0.546,1,0,17,16,10.0,5.46,11.76470588235294,47.05882352941176,11.76470588235294,29.411764705882355
135,0.535,1,0,11,10,10.0,5.35,0.0,54.54545454545454,0.0,45.45454545454545
136,0.538,1,0,14,13,10.0,5.38,7.142857142857142,57.14285714285714,14.285714285714285,21.428571428571427
137,0.181,1,0,5,4,8.0,1.81,0.0,60.0,20.0,20.0
138,0.723,1,0,16,15,10.0,7.23,12.5,18.75,31.25,37.5
139,0.516,1,0,12,11,10.0,5.16,33.33333333333333,16.666666666666664,25.0,25.0
140,0.652,1,0,17,16,10.0,6.52,29.411764705882355,41.17647058823529,0.0,29.411764705882355
141,0.68,1,0,12,11,10.0,6.8,0.0,66.66666666666666,8.333333333333332,25.0
142,0.543,1,0,16,15,10.0,5.43,12.5,50.0,12.5,25.0
143,0.445,1,0,12,11,10.0,4.45,8.333333333333332,83.33333333333334,0.0,8.333333333333332
144,0.59,1,0,18,17,10.0,5.9,16.666666666666664,38.88888888888889,27.77777777777778,16.666666666666664
145,0.517,1,0,15,14,10.0,5.17,20.0,20.0,33.33333333333333,26.666666666666668
146,0.435,1,0,11,10,10.0,4.35,36.36363636363637,18.181818181818183,27.27272727272727,18.181818181818183
147,0.434,1,0,11,10,9.0,4.34,27.27272727272727,18.181818181818183,9.090909090909092,45.45454545454545
148,0.468,1,0,10,9,10.0,4.68,20.0,60.0,10.0,10.0
149,0.597,1,0,15,14,10.0,5.97,46.666666666666664,26.666666666666668,0.0,26.666666666666668
150,0.575,1,0,14,13,10.0,5.75,7.142857142857142,35.714285714285715,50.0,7.142857142857142
151,0.702,1,0,15,14,10.0,7.02,26.666666666666668,40.0,13.333333333333334,20.0
152,0.399,1,0,12,11,10.0,3.99,25.0,16.666666666666664,25.0,33.33333333333333
153,0.674,1,0,14,13,10.0,6.74,0.0,50.0,21.428571428571427,28.57142857142857
154,0.5,1,0,12,11,10.0,5.0,25.0,33.33333333333333,16.666666666666664,25.0
155,0.55,1,0,11,10,10.0,5.5,18.181818181818183,36.36363636363637,27.27272727272727,18.181818181818183
156,0.446,1,0,13,12,10.0,4.46,15.384615384615385,38.46153846153847,30.76923076923077,15.384615384615385
157,0.611,1,0,20,19,10.0,6.11,5.0,45.0,35.0,15.0
158,0.448,1,0,15,14,9.0,4.48,20.0,33.33333333333333,13.333333333333334,33.33333333333333
159,0.577,1,0,15,14,10.0,5.77,6.666666666666667,66.66666666666666,6.666666666666667,20.0
160,0.606,1,0,17,16,10.0,6.06,23.52941176470588,35.294117647058826,17.647058823529413,23.52941176470588
161,0.503,1,0,14,13,10.0,5.03,7.142857142857142,21.428571428571427,50.0,21.428571428571427
162,0.54,1,0,12,11,10.0,5.4,8.333333333333332,75.0,0.0,16.666666666666664
163,0.418,1,0,12,11,10.0,4.18,16.666666666666664,41.66666666666667,8.333333333333332,33.33333333333333
164,0.337,1,0,9,8,10.0,3.37,22.22222222222222,44.44444444444444,11.11111111111111,22.22222222222222
165,0.592,1,0,14,13,10.0,5.92,14.285714285714285,14.285714285714285,35.714285714285715,35.714285714285715
166,0.404,1,0,12,11,10.0,4.04,58.333333333333336,25.0,8.333333333333332,8.333333333333332
167,0.449,1,0,13,12,10.0,4.49,23.076923076923077,15.384615384615385,30.76923076923077,30.76923076923077
168,0.464,1,0,15,14,10.0,4.64,6.666666666666667,40.0,26.666666666666668,26.666666666666668
169,0.642,1,0,15,14,10.0,6.42,33.33333333333333,20.0,6.666666666666667,40.0
170,0.538,1,0,13,12,9.0,5.38,7.6923076923076925,23.076923076923077,30.76923076923077,38.46153846153847
171,0.436,1,0,13,12,10.0,4.36,30.76923076923077,23.076923076923077,7.6923076923076925,38.46153846153847
172,0.533,1,0,17,16,10.0,5.33,17.647058823529413,35.294117647058826,23.52941176470588,23.52941176470588
173,0.671,1,0,18,17,10.0,6.71,22.22222222222222,27.77777777777778,5.555555555555555,44.44444444444444
174,0.38,1,0,10,9,10.0,3.8,20.0,40.0,10.0,30.0
175,0.607,1,0,11,10,10.0,6.07,36.36363636363637,36.36363636363637,27.27272727272727,0.0
176,0.427,1,0,11,10,9.0,4.27,45.45454545454545,36.36363636363637,0.0,18.181818181818183
177,0.366,1,0,8,7,10.0,3.66,0.0,37.5,12.5,50.0
178,0.717,1,0,20,19,10.0,7.17,15.0,40.0,30.0,15.0
179,0.388,1,0,9,8,10.0,3.88,33.33333333333333,33.33333333333333,33.33333333333333,0.0
180,0.373,1,0,9,8,10.0,3.73,22.22222222222222,44.44444444444444,11.11111111111111,22.22222222222222
181,0.601,1,0,17,16,10.0,6.01,35.294117647058826,23.52941176470588,17.647058823529413,23.52941176470588
182,0.53,1,0,15,14,10.0,5.3,0.0,13.333333333333334,40.0,46.666666666666664
183,0.465,1,0,10,9,9.0,4.65,20.0,60.0,0.0,20.0
184,0.234,1,0,9,8,10.0,2.34,33.33333333333333,22.22222222222222,11.11111111111111,33.33333333333333
185,0.571,1,0,16,15,10.0,5.71,12.5,25.0,37.5,25.0
186,0.555,1,0,17,16,10.0,5.55,41.17647058823529,17.647058823529413,17.647058823529413,23.52941176470588
187,0.402,1,0,12,11,9.0,4.02,8.333333333333332,50.0,41.66666666666667,0.0
188,0.384,1,0,13,12,10.0,3.84,23.076923076923077,38.46153846153847,15.384615384615385,23.076923076923077
189,0.475,1,0,15,14,10.0,4.75,20.0,40.0,40.0,0.0
190,0.362,1,0,10,9,9.0,3.62,40.0,10.0,10.0,40.0
191,0.497,1,0,17,16,10.0,4.97,5.88235294117647,35.294117647058826,29.411764705882355,29.411764705882355
192,0.485,1,0,11,10,9.0,4.85,18.181818181818183,18.181818181818183,36.36363636363637,27.27272727272727
193,0.604,1,0,15,14,10.0,6.04,6.666666666666667,53.333333333333336,26.666666666666668,13.333333333333334
194,0.604,1,0,16,15,10.0,6.04,25.0,31.25,12.5,31.25
195,0.308,1,0,8,7,9.0,3.08,0.0,87.5,0.0,12.5
196,0.385,1,0,11,10,10.0,3.85,9.090909090909092,27.27272727272727,27.27272727272727,36.36363636363637
197,0.456,1,0,9,8,10.0,4.56,0.0,33.33333333333333,33.33333333333333,33.33333333333333
198,0.693,1,0,15,14,10.0,6.93,20.0,46.666666666666664,20.0,13.333333333333334
199,0.458,1,0,15,14,10.0,4.58,6.666666666666667,86.66666666666667,0.0,6.666666666666667
200,0.418,1,0,11,10,10.0,4.18,9.090909090909092,63.63636363636363,18.181818181818183,9.090909090909092
201,0.472,1,0,16,15,10.0,4.72,6.25,25.0,43.75,25.0
202,0.662,1,0,14,13,10.0,6.62,35.714285714285715,28.57142857142857,21.428571428571427,14.285714285714285
203,0.553,1,0,15,14,10.0,5.53,26.666666666666668,13.333333333333334,20.0,40.0
204,0.317,1,0,7,6,7.0,3.17,28.57142857142857,57.14285714285714,0.0,14.285714285714285
205,0.587,1,0,15,14,10.0,5.87,0.0,53.333333333333336,13.333333333333334,33.33333333333333
206,0.442,1,0,9,8,10.0,4.42,0.0,33.33333333333333,22.22222222222222,44.44444444444444
207,0.402,1,0,13,12,10.0,4.02,7.6923076923076925,61.53846153846154,0.0,30.76923076923077
208,0.562,1,0,12,11,10.0,5.62,8.333333333333332,41.66666666666667,33.33333333333333,16.666666666666664
209,0.421,1,0,13,12,10.0,4.21,15.384615384615385,38.46153846153847,23.076923076923077,23.076923076923077
210,0.578,1,0,16,15,10.0,5.78,12.5,31.25,31.25,25.0
211,0.603,1,0,15,14,10.0,6.03,26.666666666666668,46.666666666666664,6.666666666666667,20.0
212,0.618,1,0,16,15,10.0,6.18,25.0,37.5,18.75,18.75
213,0.638,1,0,16,15,10.0,6.38,12.5,31.25,18.75,37.5
214,0.586,1,0,14,13,10.0,5.86,0.0,35.714285714285715,57.14285714285714,7.142857142857142
215,0.607,1,0,18,17,10.0,6.07,5.555555555555555,38.88888888888889,27.77777777777778,27.77777777777778
216,0.279,1,0,5,4,9.0,2.79,20.0,40.0,0.0,40.0
217,0.656,1,0,17,16,10.0,6.56,17.647058823529413,58.82352941176471,17.647058823529413,5.88235294117647
218,0.396,1,0,11,10,9.0,3.96,9.090909090909092,81.81818181818183,0.0,9.090909090909092
219,0.24,1,0,8,7,8.0,2.4,0.0,37.5,25.0,37.5
220,0.568,1,0,13,12,10.0,5.68,7.6923076923076925,23.076923076923077,69.23076923076923,0.0
221,0.553,1,0,14,13,10.0,5.53,0.0,21.428571428571427,14.285714285714285,64.28571428571429
222,0.531,1,0,15,14,10.0,5.31,13.333333333333334,13.333333333333334,6.666666666666667,66.66666666666666
223,0.556,1,0,12,11,10.0,5.56,0.0,50.0,50.0,0.0
224,0.405,1,0,9,8,8.0,4.05,0.0,11.11111111111111,11.11111111111111,77.77777777777779
225,0.296,1,0,8,7,10.0,2.96,0.0,75.0,25.0,0.0
226,0.527,1,0,12,11,10.0,5.27,8.333333333333332,25.0,33.33333333333333,33.33333333333333
227,0.42,1,0,9,8,9.0,4.2,44.44444444444444,22.22222222222222,22.22222222222222,11.11111111111111
228,0.488,1,0,13,12,10.0,4.88,15.384615384615385,53.84615384615385,7.6923076923076925,23.076923076923077
229,0.527,1,0,15,14,10.0,5.27,40.0,13.333333333333334,6.666666666666667,40.0
230,0.442,1,0,9,8,10.0,4.42,11.11111111111111,22.22222222222222,33.33333333333333,33.33333333333333
231,0.492,1,0,11,10,10.0,4.92,18.181818181818183,27.27272727272727,36.36363636363637,18.181818181818183
232,0.63,1,0,18,17,10.0,6.3,16.666666666666664,44.44444444444444,11.11111111111111,27.77777777777778
233,0.718,1,0,17,16,10.0,7.18,5.88235294117647,23.52941176470588,47.05882352941176,23.52941176470588
234,0.627,1,0,17,16,10.0,6.27,17.647058823529413,29.411764705882355,5.88235294117647,47.05882352941176
235,0.471,1,0,14,13,9.0,4.71,14.285714285714285,42.857142857142854,21.428571428571427,21.428571428571427
236,0.592,1,0,14,13,10.0,5.92,0.0,42.857142857142854,42.857142857142854,14.285714285714285
237,0.544,1,0,17,16,10.0,5.44,17.647058823529413,35.294117647058826,17.647058823529413,29.411764705882355
238,0.416,1,0,10,9,10.0,4.16,10.0,30.0,0.0,60.0
239,0.61,1,0,13,12,10.0,6.1,15.384615384615385,53.84615384615385,23.076923076923077,7.6923076923076925
240,0.481,1,0,14,13,9.0,4.81,21.428571428571427,42.857142857142854,28.57142857142857,7.142857142857142
241,0.442,1,0,11,10,9.0,4.42,36.36363636363637,27.27272727272727,9.090909090909092,27.27272727272727
242,0.594,1,0,15,14,10.0,5.94,6.666666666666667,60.0,0.0,33.33333333333333
243,0.676,1,0,18,17,10.0,6.76,33.33333333333333,33.33333333333333,22.22222222222222,11.11111111111111
244,0.502,1,0,15,14,10.0,5.02,13.333333333333334,46.666666666666664,26.666666666666668,13.333333333333334
245,0.466,1,0,12,11,10.0,4.66,0.0,50.0,33.33333333333333,16.666666666666664
246,0.443,1,0,15,14,10.0,4.43,6.666666666666667,73.33333333333333,13.333333333333334,6.666666666666667
247,0.346,1,0,12,11,9.0,3.46,58.333333333333336,41.66666666666667,0.0,0.0
248,0.402,1,0,10,9,9.0,4.02,30.0,50.0,10.0,10.0
249,0.551,1,0,18,17,10.0,5.51,22.22222222222222,33.33333333333333,0.0,44.44444444444444
250,0.651,1,0,17,16,10.0,6.51,17.647058823529413,35.294117647058826,5.88235294117647,41.17647058823529
251,0.65,1,0,19,18,10.0,6.5,42.10526315789473,26.31578947368421,21.052631578947366,10.526315789473683
252,0.494,1,0,16,15,10.0,4.94,12.5,37.5,18.75,31.25
253,0.434,1,0,11,10,9.0,4.34,0.0,36.36363636363637,27.27272727272727,36.36363636363637
254,0.68,1,0,18,17,10.0,6.8,5.555555555555555,16.666666666666664,55.55555555555556,22.22222222222222
255,0.561,1,0,19,18,10.0,5.61,31.57894736842105,42.10526315789473,10.526315789473683,15.789473684210526
256,0.587,1,0,19,18,10.0,5.87,15.789473684210526,36.84210526315789,21.052631578947366,26.31578947368421
257,0.56,1,0,18,17,10.0,5.6,5.555555555555555,55.55555555555556,33.33333333333333,5.555555555555555
258,0.559,1,0,17,16,10.0,5.59,35.294117647058826,47.05882352941176,5.88235294117647,11.76470588235294
259,0.739,1,0,18,17,10.0,7.39,27.77777777777778,38.88888888888889,22.22222222222222,11.11111111111111
260,0.362,1,0,10,9,10.0,3.62,0.0,60.0,30.0,10.0
261,0.468,1,0,12,11,10.0,4.68,25.0,58.333333333333336,16.666666666666664,0.0
262,0.591,1,0,14,13,10.0,5.91,0.0,64.28571428571429,21.428571428571427,14.285714285714285
263,0.646,1,0,23,22,10.0,6.46,4.3478260869565215,39.130434782608695,26.08695652173913,30.434782608695656
264,0.536,1,0,17,16,9.0,5.36,11.76470588235294,29.411764705882355,41.17647058823529,17.647058823529413
265,0.398,1,0,11,10,10.0,3.98,45.45454545454545,27.27272727272727,18.181818181818183,9.090909090909092
266,0.49,1,0,15,14,10.0,4.9,46.666666666666664,33.33333333333333,6.666666666666667,13.333333333333334
267,0.611,1,0,15,14,10.0,6.11,20.0,26.666666666666668,46.666666666666664,6.666666666666667
268,0.345,1,0,8,7,10.0,3.45,0.0,25.0,12.5,62.5
269,0.42,1,0,12,11,10.0,4.2,25.0,25.0,0.0,50.0
270,0.404,1,0,12,11,10.0,4.04,33.33333333333333,41.66666666666667,16.666666666666664,8.333333333333332
271,0.62,1,0,14,13,10.0,6.2,21.428571428571427,64.28571428571429,0.0,14.285714285714285
272,0.567,1,0,14,13,10.0,5.67,0.0,35.714285714285715,35.714285714285715,28.57142857142857
273,0.579,1,0,16,15,9.0,5.79,18.75,18.75,31.25,31.25
274,0.452,1,0,14,13,10.0,4.52,14.285714285714285,57.14285714285714,0.0,28.57142857142857
275,0.663,1,0,16,15,10.0,6.63,25.0,25.0,12.5,37.5
276,0.511,1,0,12,11,10.0,5.11,33.33333333333333,50.0,8.333333333333332,8.333333333333332
277,0.48,1,0,13,12,10.0,4.8,7.6923076923076925,92.3076923076923,0.0,0.0
278,0.542,1,0,15,14,9.0,5.42,26.666666666666668,33.33333333333333,13.333333333333334,26.666666666666668
279,0.554,1,0,15,14,10.0,5.54,0.0,80.0,6.666666666666667,13.333333333333334
280,0.56,1,0,17,16,10.0,5.6,0.0,41.17647058823529,47.05882352941176,11.76470588235294
281,0.525,1,0,19,18,10.0,5.25,5.263157894736842,63.1578947368421,0.0,31.57894736842105
282,0.633,1,0,19,18,10.0,6.33,36.84210526315789,36.84210526315789,21.052631578947366,5.263157894736842
283,0.553,1,0,17,16,10.0,5.53,58.82352941176471,23.52941176470588,11.76470588235294,5.88235294117647
284,0.535,1,0,14,13,10.0,5.35,14.285714285714285,28.57142857142857,35.714285714285715,21.428571428571427
285,0.448,1,0,13,12,10.0,4.48,7.6923076923076925,61.53846153846154,15.384615384615385,15.384615384615385
286,0.494,1,0,13,12,10.0,4.94,7.6923076923076925,23.076923076923077,23.076923076923077,46.15384615384615
287,0.621,1,0,12,11,10.0,6.21,0.0,66.66666666666666,25.0,8.333333333333332
288,0.538,1,0,17,16,10.0,5.38,23.52941176470588,23.52941176470588,23.52941176470588,29.411764705882355
289,0.385,1,0,9,8,9.0,3.85,22.22222222222222,11.11111111111111,66.66666666666666,0.0
290,0.439,1,0,12,11,10.0,4.39,25.0,33.33333333333333,33.33333333333333,8.333333333333332
291,0.671,1,0,19,18,10.0,6.71,0.0,52.63157894736842,36.84210526315789,10.526315789473683
292,0.402,1,0,10,9,10.0,4.02,0.0,40.0,60.0,0.0
293,0.35,1,0,13,12,10.0,3.5,0.0,84.61538461538461,7.6923076923076925,7.6923076923076925
294,0.568,1,0,17,16,10.0,5.68,0.0,29.411764705882355,35.294117647058826,35.294117647058826
295,0.603,1,0,18,17,10.0,6.03,5.555555555555555,33.33333333333333,61.111111111111114,0.0
296,0.363,1,0,15,14,10.0,3.63,33.33333333333333,33.33333333333333,26.666666666666668,6.666666666666667
297,0.462,1,0,14,13,10.0,4.62,21.428571428571427,21.428571428571427,0.0,57.14285714285714
298,0.67,1,0,18,17,10.0,6.7,27.77777777777778,16.666666666666664,38.88888888888889,16.666666666666664
299,0.2,1,0,5,4,7.0,2.0,60.0,20.0,0.0,20.0
300,0.461,1,0,13,12,10.0,4.61,30.76923076923077,0.0,53.84615384615385,15.384615384615385
301,0.527,1,0,12,11,10.0,5.27,16.666666666666664,41.66666666666667,8.333333333333332,33.33333333333333
302,0.626,1,0,17,16,10.0,6.26,35.294117647058826,58.82352941176471,5.88235294117647,0.0
303,0.533,1,0,17,16,10.0,5.33,17.647058823529413,76.47058823529412,0.0,5.88235294117647
304,0.504,1,0,14,13,10.0,5.04,21.428571428571427,28.57142857142857,35.714285714285715,14.285714285714285
305,0.527,1,0,16,15,10.0,5.27,6.25,12.5,18.75,62.5
306,0.672,1,0,16,15,10.0,6.72,31.25,37.5,25.0,6.25
307,0.459,1,0,11,10,9.0,4.59,0.0,18.181818181818183,72.72727272727273,9.090909090909092
308,0.713,1,0,20,19,10.0,7.13,10.0,55.00000000000001,25.0,10.0
309,0.502,1,0,15,14,9.0,5.02,13.333333333333334,66.66666666666666,6.666666666666667,13.333333333333334
310,0.271,1,0,8,7,10.0,2.71,12.5,62.5,12.5,12.5
311,0.47,1,0,13,12,10.0,4.7,15.384615384615385,7.6923076923076925,7.6923076923076925,69.23076923076923
312,0.576,1,0,12,11,10.0,5.76,16.666666666666664,16.666666666666664,16.666666666666664,50.0
313,0.47,1,0,16,15,10.0,4.7,0.0,18.75,37.5,43.75
314,0.474,1,0,11,10,10.0,4.74,0.0,9.090909090909092,45.45454545454545,45.45454545454545
315,0.43,1,0,15,14,10.0,4.3,6.666666666666667,20.0,6.666666666666667,66.66666666666666
316,0.618,1,0,19,18,10.0,6.18,5.263157894736842,5.263157894736842,21.052631578947366,68.42105263157895
317,0.597,1,0,13,12,10.0,5.97,30.76923076923077,15.384615384615385,7.6923076923076925,46.15384615384615
318,0.443,1,0,11,10,9.0,4.43,63.63636363636363,36.36363636363637,0.0,0.0
319,0.47,1,0,13,12,10.0,4.7,76.92307692307693,7.6923076923076925,7.6923076923076925,7.6923076923076925
320,0.646,1,0,15,14,10.0,6.46,80.0,6.666666666666667,0.0,13.333333333333334
321,0.369,1,0,8,7,10.0,3.69,0.0,12.5,37.5,50.0
322,0.504,1,0,13,12,9.0,5.04,15.384615384615385,15.384615384615385,38.46153846153847,30.76923076923077
323,0.686,1,0,17,16,10.0,6.86,5.88235294117647,23.52941176470588,17.647058823529413,52.94117647058824
324,0.592,1,0,17,16,10.0,5.92,5.88235294117647,11.76470588235294,5.88235294117647,76.47058823529412
325,0.592,1,0,14,13,10.0,5.92,0.0,64.28571428571429,14.285714285714285,21.428571428571427
326,0.583,1,0,14,13,9.0,5.83,7.142857142857142,64.28571428571429,21.428571428571427,7.142857142857142
327,0.568,1,0,14,13,10.0,5.68,7.142857142857142,21.428571428571427,57.14285714285714,14.285714285714285
328,0.432,1,0,12,11,10.0,4.32,50.0,0.0,0.0,50.0
329,0.434,1,0,12,11,10.0,4.34,0.0,33.33333333333333,16.666666666666664,50.0
330,0.457,1,0,10,9,10.0,4.57,10.0,90.0,0.0,0.0
331,0.56,1,0,14,13,10.0,5.6,28.57142857142857,71.42857142857143,0.0,0.0
332,0.616,1,0,16,15,10.0,6.16,18.75,37.5,12.5,31.25
333,0.666,1,0,20,19,10.0,6.66,30.0,35.0,5.0,30.0
334,0.558,1,0,14,13,10.0,5.58,35.714285714285715,14.285714285714285,21.428571428571427,28.57142857142857
335,0.47,1,0,12,11,10.0,4.7,0.0,50.0,25.0,25.0
336,0.346,1,0,11,10,10.0,3.46,45.45454545454545,18.181818181818183,0.0,36.36363636363637
337,0.587,1,0,19,18,10.0,5.87,31.57894736842105,36.84210526315789,26.31578947368421,5.263157894736842
338,0.539,1,0,15,14,10.0,5.39,33.33333333333333,6.666666666666667,60.0,0.0
339,0.539,1,0,12,11,10.0,5.39,16.666666666666664,16.666666666666664,16.666666666666664,50.0
340,0.586,1,0,19,18,10.0,5.86,21.052631578947366,47.368421052631575,26.31578947368421,5.263157894736842
341,0.398,1,0,13,12,9.0,3.98,30.76923076923077,38.46153846153847,30.76923076923077,0.0
342,0.567,1,0,16,15,10.0,5.67,0.0,25.0,18.75,56.25
343,0.434,1,0,11,10,9.0,4.34,9.090909090909092,18.181818181818183,0.0,72.72727272727273
344,0.389,1,0,9,8,10.0,3.89,22.22222222222222,22.22222222222222,0.0,55.55555555555556
345,0.617,1,0,18,17,10.0,6.17,11.11111111111111,44.44444444444444,38.88888888888889,5.555555555555555
346,0.322,1,0,9,8,10.0,3.22,22.22222222222222,44.44444444444444,11.11111111111111,22.22222222222222
347,0.512,1,0,16,15,10.0,5.12,50.0,12.5,25.0,12.5
348,0.48,1,0,13,12,10.0,4.8,0.0,46.15384615384615,7.6923076923076925,46.15384615384615
349,0.478,1,0,16,15,10.0,4.78,37.5,31.25,18.75,12.5
350,0.354,1,0,10,9,9.0,3.54,0.0,30.0,10.0,60.0
351,0.552,1,0,15,14,10.0,5.52,13.333333333333334,73.33333333333333,6.666666666666667,6.666666666666667
352,0.608,1,0,14,13,10.0,6.08,50.0,21.428571428571427,28.57142857142857,0.0
353,0.51,1,0,16,15,10.0,5.1,0.0,50.0,43.75,6.25
354,0.532,1,0,16,15,10.0,5.32,62.5,12.5,18.75,6.25
355,0.55,1,0,15,14,9.0,5.5,40.0,6.666666666666667,46.666666666666664,6.666666666666667
356,0.583,1,0,17,16,10.0,5.83,35.294117647058826,41.17647058823529,23.52941176470588,0.0
357,0.495,1,0,14,13,10.0,4.95,21.428571428571427,21.428571428571427,50.0,7.142857142857142
358,0.583,1,0,13,12,10.0,5.83,84.61538461538461,0.0,7.6923076923076925,7.6923076923076925
359,0.646,1,0,18,17,10.0,6.46,0.0,11.11111111111111,22.22222222222222,66.66666666666666
360,0.571,1,0,12,11,10.0,5.71,33.33333333333333,16.666666666666664,41.66666666666667,8.333333333333332
361,0.666,1,0,18,17,10.0,6.66,27.77777777777778,22.22222222222222,50.0,0.0
362,0.589,1,0,15,14,10.0,5.89,13.333333333333334,33.33333333333333,20.0,33.33333333333333
363,0.355,1,0,11,10,9.0,3.55,72.72727272727273,18.181818181818183,9.090909090909092,0.0
364,0.524,1,0,14,13,9.0,5.24,0.0,42.857142857142854,14.285714285714285,42.857142857142854
365,0.395,1,0,10,9,9.0,3.95,10.0,50.0,10.0,30.0
366,0.562,1,0,16,15,10.0,5.62,18.75,37.5,37.5,6.25
367,0.483,1,0,13,12,10.0,4.83,61.53846153846154,15.384615384615385,15.384615384615385,7.6923076923076925
368,0.56,1,0,20,19,10.0,5.6,5.0,50.0,15.0,30.0
369,0.561,1,0,14,13,10.0,5.61,28.57142857142857,57.14285714285714,14.285714285714285,0.0
370,0.52,1,0,17,16,10.0,5.2,0.0,35.294117647058826,29.411764705882355,35.294117647058826
371,0.594,1,0,13,12,10.0,5.94,0.0,30.76923076923077,53.84615384615385,15.384615384615385
372,0.444,1,0,12,11,10.0,4.44,8.333333333333332,25.0,58.333333333333336,8.333333333333332
373,0.621,1,0,16,15,10.0,6.21,0.0,37.5,25.0,37.5
374,0.418,1,0,12,11,10.0,4.18,0.0,33.33333333333333,50.0,16.666666666666664
375,0.5,1,0,15,14,10.0,5.0,26.666666666666668,46.666666666666664,6.666666666666667,20.0
376,0.354,1,0,12,11,10.0,3.54,0.0,83.33333333333334,8.333333333333332,8.333333333333332
377,0.568,1,0,18,17,10.0,5.68,0.0,27.77777777777778,27.77777777777778,44.44444444444444
378,0.633,1,0,15,14,10.0,6.33,13.333333333333334,60.0,6.666666666666667,20.0
379,0.635,1,0,21,20,10.0,6.35,52.38095238095239,14.285714285714285,23.809523809523807,9.523809523809524
380,0.29,1,0,7,6,7.0,2.9,14.285714285714285,42.857142857142854,0.0,42.857142857142854
381,0.54,1,0,13,12,10.0,5.4,0.0,76.92307692307693,7.6923076923076925,15.384615384615385
382,0.706,1,0,15,14,10.0,7.06,20.0,0.0,46.666666666666664,33.33333333333333
383,0.549,1,0,15,14,10.0,5.49,26.666666666666668,40.0,0.0,33.33333333333333
384,0.554,1,0,12,11,10.0,5.54,66.66666666666666,8.333333333333332,8.333333333333332,16.666666666666664
385,0.641,1,0,12,11,10.0,6.41,66.66666666666666,33.33333333333333,0.0,0.0
386,0.483,1,0,14,13,10.0,4.83,7.142857142857142,42.857142857142854,21.428571428571427,28.57142857142857
387,0.342,1,0,10,9,10.0,3.42,10.0,10.0,0.0,80.0
388,0.509,1,0,13,12,10.0,5.09,69.23076923076923,7.6923076923076925,15.384615384615385,7.6923076923076925
389,0.47,1,0,13,12,10.0,4.7,69.23076923076923,7.6923076923076925,0.0,23.076923076923077
390,0.477,1,0,16,15,10.0,4.77,25.0,56.25,0.0,18.75
391,0.443,1,0,13,12,10.0,4.43,15.384615384615385,38.46153846153847,15.384615384615385,30.76923076923077
392,0.603,1,0,15,14,10.0,6.03,0.0,73.33333333333333,26.666666666666668,0.0
393,0.419,1,0,10,9,9.0,4.19,10.0,40.0,50.0,0.0
394,0.438,1,0,12,11,10.0,4.38,0.0,50.0,8.333333333333332,41.66666666666667
395,0.698,1,0,19,18,10.0,6.98,21.052631578947366,15.789473684210526,42.10526315789473,21.052631578947366
396,0.591,1,0,16,15,10.0,5.91,0.0,50.0,6.25,43.75
397,0.436,1,0,12,11,10.0,4.36,16.666666666666664,16.666666666666664,8.333333333333332,58.333333333333336
398,0.493,1,0,14,13,10.0,4.93,28.57142857142857,35.714285714285715,14.285714285714285,21.428571428571427
399,0.674,1,0,18,17,10.0,6.74,16.666666666666664,61.111111111111114,0.0,22.22222222222222
400,0.336,1,0,7,6,9.0,3.36,14.285714285714285,42.857142857142854,14.285714285714285,28.57142857142857
401,0.611,1,0,17,16,10.0,6.11,23.52941176470588,17.647058823529413,41.17647058823529,17.647058823529413
402,0.356,1,0,12,11,9.0,3.56,25.0,41.66666666666667,25.0,8.333333333333332
403,0.496,1,0,16,15,10.0,4.96,50.0,25.0,18.75,6.25
404,0.253,1,0,8,7,10.0,2.53,37.5,50.0,0.0,12.5
405,0.643,1,0,15,14,10.0,6.43,6.666666666666667,40.0,53.333333333333336,0.0
406,0.559,1,0,15,14,10.0,5.59,46.666666666666664,20.0,6.666666666666667,26.666666666666668
407,0.534,1,0,18,17,10.0,5.34,22.22222222222222,11.11111111111111,33.33333333333333,33.33333333333333
408,0.443,1,0,14,13,10.0,4.43,57.14285714285714,14.285714285714285,28.57142857142857,0.0
409,0.607,1,0,17,16,10.0,6.07,11.76470588235294,11.76470588235294,29.411764705882355,47.05882352941176
410,0.445,1,0,11,10,10.0,4.45,0.0,63.63636363636363,18.181818181818183,18.181818181818183
411,0.542,1,0,16,15,10.0,5.42,37.5,37.5,12.5,12.5
412,0.446,1,0,14,13,10.0,4.46,7.142857142857142,50.0,21.428571428571427,21.428571428571427
413,0.561,1,0,15,14,10.0,5.61,13.333333333333334,60.0,13.333333333333334,13.333333333333334
414,0.634,1,0,21,20,10.0,6.34,28.57142857142857,19.047619047619047,38.095238095238095,14.285714285714285
415,0.202,1,0,6,5,6.0,2.02,66.66666666666666,33.33333333333333,0.0,0.0
416,0.603,1,0,16,15,10.0,6.03,62.5,6.25,31.25,0.0
417,0.531,1,0,13,12,10.0,5.31,38.46153846153847,46.15384615384615,7.6923076923076925,7.6923076923076925
418,0.409,1,0,14,13,10.0,4.09,28.57142857142857,64.28571428571429,7.142857142857142,0.0
419,0.663,1,0,20,19,10.0,6.63,10.0,20.0,60.0,10.0
420,0.399,1,0,12,11,10.0,3.99,41.66666666666667,41.66666666666667,16.666666666666664,0.0
421,0.546,1,0,15,14,10.0,5.46,6.666666666666667,13.333333333333334,53.333333333333336,26.666666666666668
422,0.693,1,0,13,12,10.0,6.93,0.0,30.76923076923077,30.76923076923077,38.46153846153847
423,0.588,1,0,12,11,10.0,5.88,0.0,16.666666666666664,16.666666666666664,66.66666666666666
424,0.514,1,0,17,16,10.0,5.14,52.94117647058824,23.52941176470588,11.76470588235294,11.76470588235294
425,0.349,1,0,9,8,9.0,3.49,0.0,22.22222222222222,0.0,77.77777777777779
426,0.2,1,0,4,3,5.0,2.0,50.0,25.0,0.0,25.0
427,0.384,1,0,12,11,9.0,3.84,50.0,41.66666666666667,8.333333333333332,0.0
428,0.458,1,0,12,11,10.0,4.58,25.0,33.33333333333333,25.0,16.666666666666664
429,0.528,1,0,14,13,10.0,5.28,0.0,50.0,50.0,0.0
430,0.323,1,0,8,7,9.0,3.23,0.0,75.0,25.0,0.0
431,0.664,1,0,14,13,10.0,6.64,64.28571428571429,28.57142857142857,7.142857142857142,0.0
432,0.539,1,0,17,16,10.0,5.39,52.94117647058824,35.294117647058826,5.88235294117647,5.88235294117647
433,0.31,1,0,7,6,10.0,3.1,57.14285714285714,28.57142857142857,14.285714285714285,0.0
434,0.501,1,0,11,10,10.0,5.01,63.63636363636363,18.181818181818183,18.181818181818183,0.0
435,0.495,1,0,16,15,10.0,4.95,43.75,12.5,6.25,37.5
436,0.559,1,0,14,13,10.0,5.59,28.57142857142857,57.14285714285714,7.142857142857142,7.142857142857142
437,0.548,1,0,16,15,10.0,5.48,12.5,43.75,31.25,12.5
438,0.638,1,0,14,13,10.0,6.38,14.285714285714285,64.28571428571429,21.428571428571427,0.0
439,0.593,1,0,16,15,10.0,5.93,31.25,37.5,12.5,18.75
440,0.665,1,0,19,18,10.0,6.65,10.526315789473683,15.789473684210526,15.789473684210526,57.89473684210527
441,0.659,1,0,18,17,10.0,6.59,0.0,61.111111111111114,5.555555555555555,33.33333333333333
442,0.59,1,0,16,15,10.0,5.9,50.0,6.25,12.5,31.25
443,0.532,1,0,13,12,10.0,5.32,15.384615384615385,7.6923076923076925,0.0,76.92307692307693
444,0.445,1,0,10,9,10.0,4.45,0.0,50.0,0.0,50.0
445,0.534,1,0,13,12,10.0,5.34,23.076923076923077,23.076923076923077,46.15384615384615,7.6923076923076925
446,0.388,1,0,13,12,9.0,3.88,7.6923076923076925,23.076923076923077,38.46153846153847,30.76923076923077
447,0.113,1,0,4,3,4.0,1.13,25.0,25.0,0.0,50.0
448,0.548,1,0,11,10,10.0,5.48,18.181818181818183,36.36363636363637,9.090909090909092,36.36363636363637
449,0.428,1,0,11,10,10.0,4.28,0.0,9.090909090909092,9.090909090909092,81.81818181818183
450,0.633,1,0,18,17,10.0,6.33,16.666666666666664,33.33333333333333,0.0,50.0
451,0.523,1,0,14,13,10.0,5.23,21.428571428571427,57.14285714285714,21.428571428571427,0.0
452,0.515,1,0,14,13,10.0,5.15,7.142857142857142,64.28571428571429,0.0,28.57142857142857
453,0.377,1,0,8,7,10.0,3.77,50.0,37.5,0.0,12.5
454,0.643,1,0,17,16,10.0,6.43,29.411764705882355,52.94117647058824,5.88235294117647,11.76470588235294
455,0.55,1,0,14,13,10.0,5.5,14.285714285714285,21.428571428571427,28.57142857142857,35.714285714285715
456,0.428,1,0,9,8,9.0,4.28,33.33333333333333,22.22222222222222,44.44444444444444,0.0
457,0.523,1,0,12,11,10.0,5.23,25.0,8.333333333333332,58.333333333333336,8.333333333333332
458,0.322,1,0,13,12,10.0,3.22,38.46153846153847,53.84615384615385,7.6923076923076925,0.0
459,0.576,1,0,14,13,10.0,5.76,42.857142857142854,28.57142857142857,28.57142857142857,0.0
460,0.503,1,0,12,11,9.0,5.03,33.33333333333333,8.333333333333332,25.0,33.33333333333333
461,0.539,1,0,12,11,10.0,5.39,16.666666666666664,25.0,8.333333333333332,50.0
462,0.53,1,0,14,13,10.0,5.3,21.428571428571427,21.428571428571427,42.857142857142854,14.285714285714285
463,0.544,1,0,15,14,10.0,5.44,53.333333333333336,13.333333333333334,26.666666666666668,6.666666666666667
464,0.386,1,0,12,11,10.0,3.86,50.0,50.0,0.0,0.0
465,0.473,1,0,14,13,10.0,4.73,21.428571428571427,21.428571428571427,0.0,57.14285714285714
466,0.486,1,0,15,14,10.0,4.86,0.0,13.333333333333334,20.0,66.66666666666666
467,0.522,1,0,15,14,10.0,5.22,0.0,26.666666666666668,20.0,53.333333333333336
468,0.561,1,0,13,12,10.0,5.61,0.0,46.15384615384615,30.76923076923077,23.076923076923077
469,0.528,1,0,12,11,10.0,5.28,25.0,25.0,8.333333333333332,41.66666666666667
470,0.598,1,0,16,15,10.0,5.98,12.5,31.25,31.25,25.0
471,0.499,1,0,10,9,10.0,4.99,0.0,20.0,40.0,40.0
472,0.204,1,0,8,7,9.0,2.04,75.0,25.0,0.0,0.0
473,0.548,1,0,14,13,10.0,5.48,7.142857142857142,35.714285714285715,42.857142857142854,14.285714285714285
474,0.419,1,0,9,8,10.0,4.19,11.11111111111111,22.22222222222222,44.44444444444444,22.22222222222222
475,0.327,1,0,10,9,10.0,3.27,0.0,30.0,0.0,70.0
476,0.672,1,0,17,16,10.0,6.72,41.17647058823529,17.647058823529413,35.294117647058826,5.88235294117647
477,0.476,1,0,12,11,10.0,4.76,8.333333333333332,58.333333333333336,0.0,33.33333333333333
478,0.663,1,0,15,14,10.0,6.63,0.0,40.0,20.0,40.0
479,0.561,1,0,13,12,10.0,5.61,7.6923076923076925,15.384615384615385,61.53846153846154,15.384615384615385
480,0.486,1,0,12,11,10.0,4.86,0.0,50.0,50.0,0.0
481,0.422,1,0,13,12,10.0,4.22,7.6923076923076925,30.76923076923077,0.0,61.53846153846154
482,0.623,1,0,18,17,10.0,6.23,5.555555555555555,16.666666666666664,33.33333333333333,44.44444444444444
483,0.484,1,0,11,10,10.0,4.84,9.090909090909092,18.181818181818183,0.0,72.72727272727273
484,0.59,1,0,13,12,10.0,5.9,15.384615384615385,7.6923076923076925,15.384615384615385,61.53846153846154
485,0.611,1,0,16,15,10.0,6.11,12.5,62.5,12.5,12.5
486,0.659,1,0,17,16,10.0,6.59,11.76470588235294,17.647058823529413,29.411764705882355,41.17647058823529
487,0.409,1,0,8,7,10.0,4.09,25.0,37.5,0.0,37.5
488,0.638,1,0,19,18,10.0,6.38,15.789473684210526,10.526315789473683,52.63157894736842,21.052631578947366
489,0.521,1,0,13,12,10.0,5.21,15.384615384615385,15.384615384615385,7.6923076923076925,61.53846153846154
490,0.593,1,0,16,15,10.0,5.93,25.0,25.0,0.0,50.0
491,0.45,1,0,11,10,10.0,4.5,0.0,54.54545454545454,0.0,45.45454545454545
492,0.548,1,0,14,13,10.0,5.48,0.0,14.285714285714285,21.428571428571427,64.28571428571429
493,0.404,1,0,11,10,10.0,4.04,9.090909090909092,27.27272727272727,36.36363636363637,27.27272727272727
494,0.572,1,0,15,14,10.0,5.72,40.0,26.666666666666668,13.333333333333334,20.0
495,0.367,1,0,9,8,9.0,3.67,0.0,33.33333333333333,22.22222222222222,44.44444444444444
496,0.399,1,0,7,6,10.0,3.99,0.0,28.57142857142857,57.14285714285714,14.285714285714285
497,0.651,1,0,15,14,10.0,6.51,6.666666666666667,20.0,33.33333333333333,40.0
498,0.467,1,0,9,8,10.0,4.67,0.0,11.11111111111111,33.33333333333333,55.55555555555556
499,0.602,1,0,16,15,10.0,6.02,37.5,50.0,12.5,0.0
500,0.27,1,0,10,9,10.0,2.7,70.0,20.0,0.0,10.0
501,0.506,1,0,13,12,9.0,5.06,53.84615384615385,23.076923076923077,23.076923076923077,0.0
502,0.492,1,0,9,8,10.0,4.92,22.22222222222222,33.33333333333333,33.33333333333333,11.11111111111111
503,0.608,1,0,19,18,10.0,6.08,52.63157894736842,10.526315789473683,0.0,36.84210526315789
504,0.493,1,0,10,9,10.0,4.93,20.0,20.0,0.0,60.0
505,0.377,1,0,11,10,10.0,3.77,36.36363636363637,54.54545454545454,9.090909090909092,0.0
506,0.56,1,0,13,12,10.0,5.6,0.0,53.84615384615385,46.15384615384615,0.0
507,0.538,1,0,13,12,10.0,5.38,7.6923076923076925,30.76923076923077,23.076923076923077,38.46153846153847
508,0.37,1,0,10,9,10.0,3.7,40.0,20.0,0.0,40.0
509,0.531,1,0,15,14,10.0,5.31,26.666666666666668,40.0,33.33333333333333,0.0
510,0.559,1,0,15,14,10.0,5.59,20.0,20.0,0.0,60.0
511,0.621,1,0,19,18,10.0,6.21,21.052631578947366,42.10526315789473,15.789473684210526,21.052631578947366
512,0.435,1,0,12,11,10.0,4.35,0.0,41.66666666666667,58.333333333333336,0.0
513,0.472,1,0,12,11,9.0,4.72,8.333333333333332,25.0,25.0,41.66666666666667
514,0.575,1,0,15,14,10.0,5.75,6.666666666666667,80.0,6.666666666666667,6.666666666666667
515,0.276,1,0,7,6,10.0,2.76,0.0,57.14285714285714,0.0,42.857142857142854
516,0.402,1,0,12,11,10.0,4.02,16.666666666666664,16.666666666666664,0.0,66.66666666666666
517,0.493,1,0,10,9,10.0,4.93,10.0,10.0,0.0,80.0
518,0.341,1,0,11,10,10.0,3.41,0.0,63.63636363636363,0.0,36.36363636363637
519,0.141,1,0,6,5,5.0,1.41,0.0,16.666666666666664,0.0,83.33333333333334
520,0.667,1,0,16,15,10.0,6.67,6.25,43.75,31.25,18.75
521,0.437,1,0,10,9,10.0,4.37,0.0,70.0,0.0,30.0
522,0.506,1,0,16,15,10.0,5.06,37.5,62.5,0.0,0.0
523,0.615,1,0,16,15,10.0,6.15,0.0,62.5,6.25,31.25
524,0.532,1,0,12,11,10.0,5.32,16.666666666666664,33.33333333333333,33.33333333333333,16.666666666666664
525,0.559,1,0,16,15,10.0,5.59,37.5,18.75,18.75,25.0
526,0.464,1,0,12,11,10.0,4.64,33.33333333333333,33.33333333333333,25.0,8.333333333333332
527,0.519,1,0,12,11,10.0,5.19,58.333333333333336,41.66666666666667,0.0,0.0
528,0.44,1,0,14,13,9.0,4.4,42.857142857142854,28.57142857142857,14.285714285714285,14.285714285714285
529,0.612,1,0,14,13,10.0,6.12,28.57142857142857,42.857142857142854,0.0,28.57142857142857
530,0.589,1,0,13,12,10.0,5.89,23.076923076923077,53.84615384615385,15.384615384615385,7.6923076923076925
531,0.552,1,0,12,11,10.0,5.52,16.666666666666664,66.66666666666666,0.0,16.666666666666664
532,0.396,1,0,11,10,9.0,3.96,36.36363636363637,36.36363636363637,0.0,27.27272727272727
533,0.559,1,0,15,14,10.0,5.59,13.333333333333334,46.666666666666664,0.0,40.0
534,0.536,1,0,15,14,10.0,5.36,6.666666666666667,13.333333333333334,0.0,80.0
535,0.59,1,0,20,19,10.0,5.9,40.0,35.0,10.0,15.0
536,0.368,1,0,9,8,9.0,3.68,11.11111111111111,44.44444444444444,11.11111111111111,33.33333333333333
537,0.529,1,0,13,12,10.0,5.29,23.076923076923077,46.15384615384615,0.0,30.76923076923077
538,0.579,1,0,19,18,10.0,5.79,31.57894736842105,42.10526315789473,15.789473684210526,10.526315789473683
539,0.488,1,0,13,12,10.0,4.88,15.384615384615385,53.84615384615385,0.0,30.76923076923077
540,0.348,1,0,9,8,9.0,3.48,33.33333333333333,33.33333333333333,0.0,33.33333333333333
541,0.588,1,0,12,11,10.0,5.88,50.0,16.666666666666664,8.333333333333332,25.0
542,0.548,1,0,18,17,10.0,5.48,5.555555555555555,33.33333333333333,5.555555555555555,55.55555555555556
543,0.511,1,0,12,11,10.0,5.11,8.333333333333332,16.666666666666664,8.333333333333332,66.66666666666666
544,0.622,1,0,15,14,10.0,6.22,60.0,33.33333333333333,0.0,6.666666666666667
545,0.593,1,0,11,10,10.0,5.93,36.36363636363637,27.27272727272727,18.181818181818183,18.181818181818183
546,0.552,1,0,15,14,10.0,5.52,0.0,53.333333333333336,33.33333333333333,13.333333333333334
547,0.637,1,0,17,16,10.0,6.37,35.294117647058826,35.294117647058826,5.88235294117647,23.52941176470588
548,0.451,1,0,10,9,9.0,4.51,30.0,10.0,10.0,50.0
549,0.485,1,0,17,16,10.0,4.85,0.0,35.294117647058826,29.411764705882355,35.294117647058826
550,0.623,1,0,20,19,10.0,6.23,35.0,20.0,10.0,35.0
551,0.531,1,0,14,13,10.0,5.31,21.428571428571427,50.0,7.142857142857142,21.428571428571427
552,0.684,1,0,19,18,10.0,6.84,0.0,68.42105263157895,0.0,31.57894736842105
553,0.416,1,0,11,10,10.0,4.16,0.0,18.181818181818183,9.090909090909092,72.72727272727273
554,0.6,1,0,13,12,9.0,6.0,23.076923076923077,7.6923076923076925,7.6923076923076925,61.53846153846154
555,0.466,1,0,15,14,10.0,4.66,6.666666666666667,20.0,0.0,73.33333333333333
556,0.519,1,0,13,12,10.0,5.19,7.6923076923076925,61.53846153846154,7.6923076923076925,23.076923076923077
557,0.554,1,0,18,17,10.0,5.54,55.55555555555556,16.666666666666664,16.666666666666664,11.11111111111111
558,0.435,1,0,14,13,10.0,4.35,28.57142857142857,35.714285714285715,35.714285714285715,0.0
559,0.602,1,0,14,13,10.0,6.02,50.0,35.714285714285715,0.0,14.285714285714285
560,0.28,1,0,7,6,9.0,2.8,71.42857142857143,14.285714285714285,0.0,14.285714285714285
561,0.167,1,0,5,4,5.0,1.67,60.0,20.0,0.0,20.0
562,0.6,1,0,15,14,10.0,6.0,13.333333333333334,26.666666666666668,20.0,40.0
563,0.455,1,0,13,12,10.0,4.55,53.84615384615385,15.384615384615385,30.76923076923077,0.0
564,0.55,1,0,15,14,10.0,5.5,0.0,26.666666666666668,0.0,73.33333333333333
565,0.699,1,0,16,15,10.0,6.99,0.0,12.5,37.5,50.0
566,0.675,1,0,17,16,10.0,6.75,5.88235294117647,23.52941176470588,35.294117647058826,35.294117647058826
567,0.564,1,0,13,12,10.0,5.64,23.076923076923077,7.6923076923076925,0.0,69.23076923076923
568,0.324,1,0,11,10,10.0,3.24,18.181818181818183,9.090909090909092,18.181818181818183,54.54545454545454
569,0.672,1,0,15,14,10.0,6.72,40.0,33.33333333333333,0.0,26.666666666666668
570,0.327,1,0,10,9,10.0,3.27,40.0,20.0,20.0,20.0
571,0.324,1,0,8,7,10.0,3.24,50.0,12.5,0.0,37.5
572,0.733,1,0,16,15,10.0,7.33,0.0,50.0,37.5,12.5
573,0.342,1,0,9,8,9.0,3.42,22.22222222222222,33.33333333333333,0.0,44.44444444444444
574,0.577,1,0,11,10,10.0,5.77,0.0,45.45454545454545,0.0,54.54545454545454
575,0.573,1,0,13,12,10.0,5.73,7.6923076923076925,92.3076923076923,0.0,0.0
576,0.554,1,0,15,14,10.0,5.54,40.0,46.666666666666664,0.0,13.333333333333334
577,0.533,1,0,13,12,10.0,5.33,7.6923076923076925,69.23076923076923,7.6923076923076925,15.384615384615385
578,0.501,1,0,17,16,10.0,5.01,35.294117647058826,41.17647058823529,0.0,23.52941176470588
579,0.368,1,0,13,12,10.0,3.68,38.46153846153847,15.384615384615385,0.0,46.15384615384615
580,0.496,1,0,11,10,10.0,4.96,36.36363636363637,27.27272727272727,18.181818181818183,18.181818181818183
581,0.345,1,0,10,9,10.0,3.45,50.0,30.0,10.0,10.0
582,0.622,1,0,17,16,10.0,6.22,0.0,58.82352941176471,11.76470588235294,29.411764705882355
583,0.479,1,0,11,10,10.0,4.79,45.45454545454545,18.181818181818183,27.27272727272727,9.090909090909092
584,0.384,1,0,12,11,10.0,3.84,50.0,25.0,8.333333333333332,16.666666666666664
585,0.49,1,0,12,11,10.0,4.9,16.666666666666664,25.0,33.33333333333333,25.0
586,0.525,1,0,20,19,10.0,5.25,0.0,60.0,15.0,25.0
587,0.421,1,0,14,13,10.0,4.21,78.57142857142857,21.428571428571427,0.0,0.0
588,0.698,1,0,16,15,10.0,6.98,12.5,18.75,43.75,25.0
589,0.548,1,0,13,12,10.0,5.48,7.6923076923076925,38.46153846153847,15.384615384615385,38.46153846153847
590,0.457,1,0,15,14,10.0,4.57,46.666666666666664,40.0,6.666666666666667,6.666666666666667
591,0.621,1,0,18,17,10.0,6.21,66.66666666666666,16.666666666666664,11.11111111111111,5.555555555555555
592,0.56,1,0,17,16,10.0,5.6,17.647058823529413,17.647058823529413,58.82352941176471,5.88235294117647
593,0.475,1,0,12,11,10.0,4.75,33.33333333333333,25.0,41.66666666666667,0.0
594,0.443,1,0,12,11,10.0,4.43,25.0,25.0,41.66666666666667,8.333333333333332
595,0.383,1,0,11,10,10.0,3.83,9.090909090909092,18.181818181818183,0.0,72.72727272727273
596,0.362,1,0,12,11,10.0,3.62,8.333333333333332,25.0,8.333333333333332,58.333333333333336
597,0.455,1,0,12,11,9.0,4.55,33.33333333333333,8.333333333333332,33.33333333333333,25.0
598,0.61,1,0,17,16,10.0,6.1,11.76470588235294,23.52941176470588,29.411764705882355,35.294117647058826
599,0.391,1,0,12,11,10.0,3.91,58.333333333333336,16.666666666666664,0.0,25.0
600,0.418,1,0,12,11,10.0,4.18,8.333333333333332,25.0,33.33333333333333,33.33333333333333
601,0.231,1,0,6,5,5.0,2.31,16.666666666666664,16.666666666666664,0.0,66.66666666666666
602,0.537,1,0,17,16,10.0,5.37,0.0,29.411764705882355,17.647058823529413,52.94117647058824
603,0.4,1,0,10,9,9.0,4.0,60.0,20.0,0.0,20.0
604,0.638,1,0,14,13,10.0,6.38,21.428571428571427,50.0,14.285714285714285,14.285714285714285
605,0.334,1,0,9,8,10.0,3.34,11.11111111111111,22.22222222222222,0.0,66.66666666666666
606,0.379,1,0,12,11,10.0,3.79,33.33333333333333,50.0,0.0,16.666666666666664
607,0.476,1,0,15,14,9.0,4.76,6.666666666666667,60.0,13.333333333333334,20.0
608,0.599,1,0,17,16,10.0,5.99,11.76470588235294,11.76470588235294,23.52941176470588,52.94117647058824
609,0.551,1,0,14,13,10.0,5.51,21.428571428571427,21.428571428571427,50.0,7.142857142857142
610,0.412,1,0,14,13,10.0,4.12,0.0,42.857142857142854,35.714285714285715,21.428571428571427
611,0.61,1,0,16,15,10.0,6.1,6.25,6.25,62.5,25.0
612,0.529,1,0,17,16,10.0,5.29,35.294117647058826,58.82352941176471,0.0,5.88235294117647
613,0.644,1,0,19,18,10.0,6.44,26.31578947368421,15.789473684210526,26.31578947368421,31.57894736842105
614,0.433,1,0,11,10,9.0,4.33,54.54545454545454,18.181818181818183,27.27272727272727,0.0
615,0.496,1,0,13,12,10.0,4.96,0.0,69.23076923076923,15.384615384615385,15.384615384615385
616,0.54,1,0,15,14,10.0,5.4,6.666666666666667,46.666666666666664,20.0,26.666666666666668
617,0.597,1,0,17,16,10.0,5.97,11.76470588235294,35.294117647058826,41.17647058823529,11.76470588235294
618,0.589,1,0,17,16,10.0,5.89,17.647058823529413,29.411764705882355,11.76470588235294,41.17647058823529
619,0.574,1,0,14,13,10.0,5.74,7.142857142857142,28.57142857142857,35.714285714285715,28.57142857142857
620,0.688,1,0,15,14,10.0,6.88,13.333333333333334,13.333333333333334,66.66666666666666,6.666666666666667
621,0.481,1,0,11,10,10.0,4.81,90.9090909090909,9.090909090909092,0.0,0.0
622,0.477,1,0,12,11,10.0,4.77,0.0,58.333333333333336,0.0,41.66666666666667
623,0.625,1,0,14,13,10.0,6.25,50.0,21.428571428571427,7.142857142857142,21.428571428571427
624,0.582,1,0,18,17,10.0,5.82,22.22222222222222,16.666666666666664,33.33333333333333,27.77777777777778
625,0.522,1,0,11,10,10.0,5.22,18.181818181818183,9.090909090909092,0.0,72.72727272727273
626,0.356,1,0,10,9,9.0,3.56,10.0,40.0,30.0,20.0
627,0.581,1,0,15,14,10.0,5.81,33.33333333333333,40.0,26.666666666666668,0.0
628,0.633,1,0,17,16,10.0,6.33,11.76470588235294,11.76470588235294,23.52941176470588,52.94117647058824
629,0.308,1,0,9,8,10.0,3.08,33.33333333333333,33.33333333333333,22.22222222222222,11.11111111111111
630,0.533,1,0,13,12,10.0,5.33,30.76923076923077,23.076923076923077,0.0,46.15384615384615
631,0.516,1,0,10,9,10.0,5.16,10.0,70.0,10.0,10.0
632,0.415,1,0,12,11,10.0,4.15,25.0,8.333333333333332,8.333333333333332,58.333333333333336
633,0.449,1,0,12,11,9.0,4.49,50.0,25.0,0.0,25.0
634,0.655,1,0,15,14,10.0,6.55,13.333333333333334,33.33333333333333,13.333333333333334,40.0
635,0.502,1,0,12,11,10.0,5.02,8.333333333333332,58.333333333333336,0.0,33.33333333333333
636,0.499,1,0,14,13,10.0,4.99,14.285714285714285,28.57142857142857,14.285714285714285,42.857142857142854
637,0.576,1,0,17,16,10.0,5.76,0.0,82.35294117647058,17.647058823529413,0.0
638,0.582,1,0,12,11,10.0,5.82,0.0,50.0,41.66666666666667,8.333333333333332
639,0.475,1,0,14,13,10.0,4.75,42.857142857142854,28.57142857142857,7.142857142857142,21.428571428571427
640,0.43,1,0,10,9,9.0,4.3,10.0,30.0,20.0,40.0
641,0.374,1,0,11,10,10.0,3.74,0.0,18.181818181818183,27.27272727272727,54.54545454545454
642,0.488,1,0,12,11,10.0,4.88,50.0,33.33333333333333,0.0,16.666666666666664
643,0.571,1,0,16,15,10.0,5.71,25.0,68.75,0.0,6.25
644,0.405,1,0,10,9,10.0,4.05,0.0,20.0,0.0,80.0
645,0.575,1,0,17,16,10.0,5.75,5.88235294117647,29.411764705882355,29.411764705882355,35.294117647058826
646,0.51,1,0,16,15,10.0,5.1,37.5,37.5,25.0,0.0
647,0.574,1,0,12,11,9.0,5.74,41.66666666666667,25.0,25.0,8.333333333333332
648,0.455,1,0,13,12,10.0,4.55,0.0,30.76923076923077,7.6923076923076925,61.53846153846154
649,0.395,1,0,14,13,10.0,3.95,35.714285714285715,14.285714285714285,35.714285714285715,14.285714285714285
650,0.52,1,0,10,9,9.0,5.2,40.0,10.0,30.0,20.0
651,0.321,1,0,7,6,10.0,3.21,28.57142857142857,14.285714285714285,14.285714285714285,42.857142857142854
652,0.501,1,0,13,12,10.0,5.01,0.0,23.076923076923077,15.384615384615385,61.53846153846154
653,0.522,1,0,12,11,9.0,5.22,25.0,33.33333333333333,8.333333333333332,33.33333333333333
654,0.446,1,0,14,13,10.0,4.46,0.0,21.428571428571427,0.0,78.57142857142857
655,0.484,1,0,9,8,10.0,4.84,22.22222222222222,33.33333333333333,22.22222222222222,22.22222222222222
656,0.495,1,0,17,16,10.0,4.95,5.88235294117647,41.17647058823529,52.94117647058824,0.0
657,0.468,1,0,8,7,9.0,4.68,50.0,12.5,25.0,12.5
658,0.54,1,0,11,10,10.0,5.4,0.0,9.090909090909092,9.090909090909092,81.81818181818183
659,0.517,1,0,13,12,10.0,5.17,0.0,69.23076923076923,0.0,30.76923076923077
660,0.411,1,0,12,11,10.0,4.11,0.0,16.666666666666664,8.333333333333332,75.0
661,0.418,1,0,13,12,10.0,4.18,38.46153846153847,0.0,15.384615384615385,46.15384615384615
662,0.647,1,0,15,14,10.0,6.47,33.33333333333333,13.333333333333334,53.333333333333336,0.0
663,0.516,1,0,12,11,10.0,5.16,8.333333333333332,50.0,0.0,41.66666666666667
664,0.503,1,0,15,14,10.0,5.03,20.0,60.0,0.0,20.0
665,0.365,1,0,8,7,10.0,3.65,0.0,37.5,12.5,50.0
666,0.558,1,0,12,11,10.0,5.58,33.33333333333333,8.333333333333332,58.333333333333336,0.0
667,0.515,1,0,12,11,10.0,5.15,16.666666666666664,41.66666666666667,8.333333333333332,33.33333333333333
668,0.646,1,0,19,18,10.0,6.46,5.263157894736842,10.526315789473683,52.63157894736842,31.57894736842105
669,0.618,1,0,16,15,10.0,6.18,25.0,25.0,18.75,31.25
670,0.421,1,0,14,13,10.0,4.21,7.142857142857142,35.714285714285715,0.0,57.14285714285714
671,0.346,1,0,10,9,10.0,3.46,40.0,20.0,0.0,40.0
672,0.547,1,0,11,10,10.0,5.47,18.181818181818183,63.63636363636363,9.090909090909092,9.090909090909092
673,0.348,1,0,7,6,10.0,3.48,0.0,71.42857142857143,28.57142857142857,0.0
674,0.512,1,0,19,18,10.0,5.12,0.0,42.10526315789473,52.63157894736842,5.263157894736842
675,0.377,1,0,10,9,10.0,3.77,60.0,20.0,10.0,10.0
676,0.604,1,0,13,12,10.0,6.04,15.384615384615385,61.53846153846154,23.076923076923077,0.0
677,0.576,1,0,12,11,10.0,5.76,41.66666666666667,25.0,16.666666666666664,16.666666666666664
678,0.47,1,0,10,9,10.0,4.7,0.0,40.0,50.0,10.0
679,0.388,1,0,10,9,10.0,3.88,60.0,0.0,0.0,40.0
680,0.61,1,0,15,14,9.0,6.1,0.0,13.333333333333334,46.666666666666664,40.0
681,0.36,1,0,11,10,9.0,3.6,0.0,45.45454545454545,18.181818181818183,36.36363636363637
682,0.527,1,0,16,15,10.0,5.27,12.5,31.25,37.5,18.75
683,0.637,1,0,16,15,10.0,6.37,56.25,31.25,0.0,12.5
684,0.645,1,0,17,16,10.0,6.45,5.88235294117647,58.82352941176471,35.294117647058826,0.0
685,0.193,1,0,6,5,10.0,1.93,33.33333333333333,66.66666666666666,0.0,0.0
686,0.505,1,0,14,13,10.0,5.05,7.142857142857142,78.57142857142857,0.0,14.285714285714285
687,0.5,1,0,13,12,10.0,5.0,7.6923076923076925,53.84615384615385,0.0,38.46153846153847
688,0.482,1,0,18,17,10.0,4.82,77.77777777777779,11.11111111111111,0.0,11.11111111111111
689,0.527,1,0,14,13,10.0,5.27,0.0,21.428571428571427,35.714285714285715,42.857142857142854
690,0.781,1,0,14,13,10.0,7.81,28.57142857142857,50.0,7.142857142857142,14.285714285714285
691,0.393,1,0,15,14,10.0,3.93,0.0,93.33333333333333,6.666666666666667,0.0
692,0.375,1,0,8,7,10.0,3.75,25.0,25.0,25.0,25.0
693,0.552,1,0,14,13,10.0,5.52,42.857142857142854,7.142857142857142,21.428571428571427,28.57142857142857
694,0.518,1,0,14,13,10.0,5.18,7.142857142857142,14.285714285714285,42.857142857142854,35.714285714285715
695,0.559,1,0,15,14,10.0,5.59,6.666666666666667,93.33333333333333,0.0,0.0
696,0.401,1,0,10,9,10.0,4.01,10.0,40.0,0.0,50.0
697,0.656,1,0,14,13,10.0,6.56,7.142857142857142,28.57142857142857,35.714285714285715,28.57142857142857
698,0.627,1,0,16,15,10.0,6.27,25.0,25.0,12.5,37.5
699,0.526,1,0,16,15,10.0,5.26,37.5,25.0,25.0,12.5
700,0.4,1,0,15,14,10.0,4.0,13.333333333333334,13.333333333333334,20.0,53.333333333333336
701,0.363,1,0,10,9,10.0,3.63,30.0,30.0,0.0,40.0
702,0.554,1,0,15,14,10.0,5.54,26.666666666666668,20.0,20.0,33.33333333333333
703,0.451,1,0,15,14,10.0,4.51,26.666666666666668,20.0,20.0,33.33333333333333
704,0.475,1,0,13,12,10.0,4.75,46.15384615384615,38.46153846153847,0.0,15.384615384615385
705,0.377,1,0,13,12,9.0,3.77,15.384615384615385,30.76923076923077,7.6923076923076925,46.15384615384615
706,0.505,1,0,14,13,10.0,5.05,35.714285714285715,42.857142857142854,0.0,21.428571428571427
707,0.582,1,0,14,13,10.0,5.82,42.857142857142854,35.714285714285715,21.428571428571427,0.0
708,0.29,1,0,8,7,10.0,2.9,25.0,25.0,12.5,37.5
709,0.694,1,0,17,16,10.0,6.94,17.647058823529413,64.70588235294117,5.88235294117647,11.76470588235294
710,0.622,1,0,19,18,10.0,6.22,5.263157894736842,10.526315789473683,52.63157894736842,31.57894736842105
711,0.515,1,0,14,13,10.0,5.15,14.285714285714285,14.285714285714285,57.14285714285714,14.285714285714285
712,0.44,1,0,11,10,10.0,4.4,36.36363636363637,18.181818181818183,45.45454545454545,0.0
713,0.411,1,0,12,11,9.0,4.11,8.333333333333332,16.666666666666664,8.333333333333332,66.66666666666666
714,0.514,1,0,10,9,10.0,5.14,70.0,10.0,10.0,10.0
715,0.596,1,0,16,15,10.0,5.96,25.0,56.25,6.25,12.5
716,0.604,1,0,18,17,10.0,6.04,11.11111111111111,61.111111111111114,0.0,27.77777777777778
717,0.527,1,0,14,13,10.0,5.27,0.0,21.428571428571427,35.714285714285715,42.857142857142854
718,0.508,1,0,15,14,10.0,5.08,46.666666666666664,53.333333333333336,0.0,0.0
719,0.652,1,0,16,15,10.0,6.52,31.25,18.75,25.0,25.0
720,0.543,1,0,17,16,10.0,5.43,0.0,82.35294117647058,5.88235294117647,11.76470588235294
721,0.57,1,0,13,12,10.0,5.7,23.076923076923077,23.076923076923077,15.384615384615385,38.46153846153847
722,0.555,1,0,14,13,10.0,5.55,21.428571428571427,42.857142857142854,28.57142857142857,7.142857142857142
723,0.484,1,0,14,13,10.0,4.84,0.0,57.14285714285714,21.428571428571427,21.428571428571427
724,0.474,1,0,10,9,10.0,4.74,20.0,40.0,20.0,20.0
725,0.423,1,0,13,12,10.0,4.23,30.76923076923077,15.384615384615385,46.15384615384615,7.6923076923076925
726,0.5,1,0,14,13,10.0,5.0,35.714285714285715,7.142857142857142,35.714285714285715,21.428571428571427
727,0.301,1,0,9,8,9.0,3.01,22.22222222222222,33.33333333333333,33.33333333333333,11.11111111111111
728,0.507,1,0,13,12,10.0,5.07,38.46153846153847,23.076923076923077,7.6923076923076925,30.76923076923077
729,0.517,1,0,15,14,10.0,5.17,0.0,33.33333333333333,13.333333333333334,53.333333333333336
730,0.635,1,0,15,14,10.0,6.35,53.333333333333336,20.0,26.666666666666668,0.0
731,0.484,1,0,15,14,10.0,4.84,0.0,73.33333333333333,26.666666666666668,0.0
732,0.495,1,0,12,11,9.0,4.95,66.66666666666666,16.666666666666664,8.333333333333332,8.333333333333332
733,0.376,1,0,10,9,9.0,3.76,0.0,50.0,0.0,50.0
734,0.586,1,0,15,14,10.0,5.86,6.666666666666667,46.666666666666664,33.33333333333333,13.333333333333334
735,0.523,1,0,17,16,10.0,5.23,58.82352941176471,29.411764705882355,11.76470588235294,0.0
736,0.449,1,0,12,11,10.0,4.49,41.66666666666667,16.666666666666664,0.0,41.66666666666667
737,0.364,1,0,11,10,9.0,3.64,18.181818181818183,27.27272727272727,0.0,54.54545454545454
738,0.446,1,0,12,11,10.0,4.46,33.33333333333333,50.0,16.666666666666664,0.0
739,0.416,1,0,10,9,9.0,4.16,20.0,40.0,0.0,40.0
740,0.521,1,0,17,16,10.0,5.21,47.05882352941176,11.76470588235294,17.647058823529413,23.52941176470588
741,0.627,1,0,19,18,10.0,6.27,5.263157894736842,68.42105263157895,15.789473684210526,10.526315789473683
742,0.416,1,0,12,11,10.0,4.16,66.66666666666666,8.333333333333332,0.0,25.0
743,0.517,1,0,11,10,10.0,5.17,9.090909090909092,36.36363636363637,45.45454545454545,9.090909090909092
744,0.37,1,0,10,9,10.0,3.7,30.0,20.0,20.0,30.0
745,0.477,1,0,13,12,10.0,4.77,0.0,23.076923076923077,30.76923076923077,46.15384615384615
746,0.236,1,0,10,9,10.0,2.36,20.0,30.0,30.0,20.0
747,0.625,1,0,12,11,10.0,6.25,16.666666666666664,16.666666666666664,66.66666666666666,0.0
748,0.633,1,0,14,13,10.0,6.33,0.0,78.57142857142857,21.428571428571427,0.0
749,0.57,1,0,17,16,10.0,5.7,41.17647058823529,29.411764705882355,23.52941176470588,5.88235294117647
750,0.554,1,0,18,17,10.0,5.54,0.0,44.44444444444444,11.11111111111111,44.44444444444444
751,0.441,1,0,15,14,10.0,4.41,40.0,46.666666666666664,13.333333333333334,0.0
752,0.542,1,0,11,10,10.0,5.42,0.0,36.36363636363637,27.27272727272727,36.36363636363637
753,0.272,1,0,10,9,9.0,2.72,0.0,50.0,0.0,50.0
754,0.413,1,0,11,10,9.0,4.13,27.27272727272727,27.27272727272727,27.27272727272727,18.181818181818183
755,0.532,1,0,14,13,10.0,5.32,42.857142857142854,42.857142857142854,14.285714285714285,0.0
756,0.553,1,0,13,12,10.0,5.53,30.76923076923077,15.384615384615385,53.84615384615385,0.0
757,0.466,1,0,13,12,10.0,4.66,92.3076923076923,7.6923076923076925,0.0,0.0
758,0.535,1,0,14,13,10.0,5.35,42.857142857142854,14.285714285714285,0.0,42.857142857142854
759,0.503,1,0,14,13,10.0,5.03,0.0,35.714285714285715,21.428571428571427,42.857142857142854
760,0.644,1,0,18,17,10.0,6.44,16.666666666666664,61.111111111111114,5.555555555555555,16.666666666666664
761,0.667,1,0,17,16,10.0,6.67,29.411764705882355,35.294117647058826,0.0,35.294117647058826
762,0.365,1,0,8,7,8.0,3.65,25.0,37.5,12.5,25.0
763,0.542,1,0,13,12,10.0,5.42,46.15384615384615,23.076923076923077,15.384615384615385,15.384615384615385
764,0.355,1,0,10,9,9.0,3.55,10.0,40.0,20.0,30.0
765,0.56,1,0,17,16,10.0,5.6,64.70588235294117,17.647058823529413,0.0,17.647058823529413
766,0.348,1,0,12,11,10.0,3.48,50.0,16.666666666666664,8.333333333333332,25.0
767,0.522,1,0,12,11,10.0,5.22,16.666666666666664,41.66666666666667,8.333333333333332,33.33333333333333
768,0.378,1,0,12,11,10.0,3.78,25.0,41.66666666666667,0.0,33.33333333333333
769,0.558,1,0,13,12,10.0,5.58,30.76923076923077,7.6923076923076925,30.76923076923077,30.76923076923077
770,0.398,1,0,12,11,9.0,3.98,75.0,16.666666666666664,8.333333333333332,0.0
771,0.636,1,0,18,17,10.0,6.36,22.22222222222222,16.666666666666664,22.22222222222222,38.88888888888889
772,0.541,1,0,13,12,10.0,5.41,0.0,92.3076923076923,7.6923076923076925,0.0
773,0.396,1,0,11,10,8.0,3.96,36.36363636363637,18.181818181818183,36.36363636363637,9.090909090909092
774,0.5,1,0,15,14,10.0,5.0,0.0,33.33333333333333,53.333333333333336,13.333333333333334
775,0.737,1,0,19,18,10.0,7.37,0.0,10.526315789473683,36.84210526315789,52.63157894736842
776,0.433,1,0,13,12,10.0,4.33,15.384615384615385,15.384615384615385,23.076923076923077,46.15384615384615
777,0.536,1,0,13,12,10.0,5.36,23.076923076923077,7.6923076923076925,23.076923076923077,46.15384615384615
778,0.487,1,0,12,11,10.0,4.87,33.33333333333333,25.0,0.0,41.66666666666667
779,0.604,1,0,18,17,10.0,6.04,27.77777777777778,16.666666666666664,16.666666666666664,38.88888888888889
780,0.338,1,0,7,6,9.0,3.38,0.0,14.285714285714285,0.0,85.71428571428571
781,0.655,1,0,21,20,10.0,6.55,23.809523809523807,14.285714285714285,14.285714285714285,47.61904761904761
782,0.573,1,0,11,10,10.0,5.73,0.0,36.36363636363637,9.090909090909092,54.54545454545454
783,0.297,1,0,10,9,9.0,2.97,60.0,20.0,20.0,0.0
784,0.684,1,0,17,16,10.0,6.84,11.76470588235294,47.05882352941176,5.88235294117647,35.294117647058826
785,0.488,1,0,16,15,10.0,4.88,56.25,25.0,18.75,0.0
786,0.441,1,0,10,9,10.0,4.41,0.0,50.0,20.0,30.0
787,0.436,1,0,12,11,10.0,4.36,25.0,8.333333333333332,0.0,66.66666666666666
788,0.144,1,0,4,3,5.0,1.44,0.0,50.0,0.0,50.0
789,0.365,1,0,9,8,10.0,3.65,0.0,55.55555555555556,0.0,44.44444444444444
790,0.311,1,0,8,7,9.0,3.11,62.5,37.5,0.0,0.0
791,0.557,1,0,15,14,10.0,5.57,20.0,66.66666666666666,6.666666666666667,6.666666666666667
792,0.503,1,0,11,10,10.0,5.03,18.181818181818183,27.27272727272727,0.0,54.54545454545454
793,0.392,1,0,14,13,10.0,3.92,7.142857142857142,57.14285714285714,14.285714285714285,21.428571428571427
794,0.236,1,0,7,6,8.0,2.36,0.0,28.57142857142857,28.57142857142857,42.857142857142854
795,0.609,1,0,14,13,10.0,6.09,21.428571428571427,28.57142857142857,21.428571428571427,28.57142857142857
796,0.479,1,0,9,8,10.0,4.79,11.11111111111111,33.33333333333333,55.55555555555556,0.0
797,0.58,1,0,13,12,10.0,5.8,23.076923076923077,61.53846153846154,0.0,15.384615384615385
798,0.664,1,0,17,16,10.0,6.64,29.411764705882355,47.05882352941176,23.52941176470588,0.0
799,0.613,1,0,19,18,10.0,6.13,5.263157894736842,36.84210526315789,26.31578947368421,31.57894736842105
800,0.362,1,0,8,7,9.0,3.62,75.0,25.0,0.0,0.0
801,0.591,1,0,15,14,10.0,5.91,26.666666666666668,13.333333333333334,46.666666666666664,13.333333333333334
802,0.501,1,0,14,13,10.0,5.01,0.0,57.14285714285714,7.142857142857142,35.714285714285715
803,0.593,1,0,14,13,10.0,5.93,0.0,78.57142857142857,0.0,21.428571428571427
804,0.651,1,0,14,13,10.0,6.51,0.0,57.14285714285714,35.714285714285715,7.142857142857142
805,0.403,1,0,10,9,10.0,4.03,40.0,20.0,30.0,10.0
806,0.435,1,0,12,11,10.0,4.35,41.66666666666667,33.33333333333333,0.0,25.0
807,0.36,1,0,10,9,10.0,3.6,20.0,10.0,20.0,50.0
808,0.535,1,0,13,12,9.0,5.35,46.15384615384615,15.384615384615385,7.6923076923076925,30.76923076923077
809,0.493,1,0,17,16,10.0,4.93,29.411764705882355,11.76470588235294,52.94117647058824,5.88235294117647
810,0.463,1,0,10,9,10.0,4.63,20.0,30.0,20.0,30.0
811,0.583,1,0,11,10,10.0,5.83,45.45454545454545,9.090909090909092,18.181818181818183,27.27272727272727
812,0.472,1,0,13,12,9.0,4.72,0.0,30.76923076923077,23.076923076923077,46.15384615384615
813,0.458,1,0,15,14,10.0,4.58,60.0,20.0,13.333333333333334,6.666666666666667
814,0.561,1,0,17,16,10.0,5.61,0.0,17.647058823529413,11.76470588235294,70.58823529411765
815,0.355,1,0,12,11,9.0,3.55,33.33333333333333,25.0,16.666666666666664,25.0
816,0.623,1,0,19,18,10.0,6.23,10.526315789473683,36.84210526315789,42.10526315789473,10.526315789473683
817,0.533,1,0,16,15,10.0,5.33,0.0,43.75,56.25,0.0
818,0.523,1,0,19,18,10.0,5.23,31.57894736842105,42.10526315789473,26.31578947368421,0.0
819,0.325,1,0,9,8,9.0,3.25,44.44444444444444,22.22222222222222,0.0,33.33333333333333
820,0.448,1,0,13,12,10.0,4.48,0.0,23.076923076923077,30.76923076923077,46.15384615384615
821,0.472,1,0,15,14,10.0,4.72,40.0,20.0,20.0,20.0
822,0.648,1,0,15,14,10.0,6.48,0.0,33.33333333333333,40.0,26.666666666666668
823,0.492,1,0,12,11,8.0,4.92,25.0,16.666666666666664,25.0,33.33333333333333
824,0.444,1,0,14,13,10.0,4.44,7.142857142857142,14.285714285714285,7.142857142857142,71.42857142857143
825,0.418,1,0,9,8,8.0,4.18,33.33333333333333,33.33333333333333,11.11111111111111,22.22222222222222
826,0.604,1,0,17,16,10.0,6.04,47.05882352941176,23.52941176470588,0.0,29.411764705882355
827,0.52,1,0,13,12,10.0,5.2,23.076923076923077,53.84615384615385,0.0,23.076923076923077
828,0.364,1,0,7,6,9.0,3.64,28.57142857142857,28.57142857142857,14.285714285714285,28.57142857142857
829,0.406,1,0,8,7,9.0,4.06,25.0,12.5,0.0,62.5
830,0.516,1,0,13,12,10.0,5.16,61.53846153846154,23.076923076923077,15.384615384615385,0.0
831,0.692,1,0,19,18,10.0,6.92,5.263157894736842,15.789473684210526,57.89473684210527,21.052631578947366
832,0.493,1,0,13,12,10.0,4.93,23.076923076923077,23.076923076923077,53.84615384615385,0.0
833,0.442,1,0,12,11,10.0,4.42,33.33333333333333,33.33333333333333,0.0,33.33333333333333
834,0.39,1,0,12,11,10.0,3.9,41.66666666666667,16.666666666666664,8.333333333333332,33.33333333333333
835,0.42,1,0,10,9,9.0,4.2,10.0,20.0,10.0,60.0
836,0.753,1,0,20,19,10.0,7.53,50.0,5.0,25.0,20.0
837,0.57,1,0,17,16,10.0,5.7,29.411764705882355,23.52941176470588,0.0,47.05882352941176
838,0.43,1,0,12,11,10.0,4.3,0.0,75.0,8.333333333333332,16.666666666666664
839,0.559,1,0,14,13,10.0,5.59,35.714285714285715,14.285714285714285,35.714285714285715,14.285714285714285
840,0.43,1,0,12,11,10.0,4.3,0.0,33.33333333333333,33.33333333333333,33.33333333333333
841,0.535,1,0,14,13,10.0,5.35,28.57142857142857,42.857142857142854,28.57142857142857,0.0
842,0.335,1,0,12,11,10.0,3.35,8.333333333333332,58.333333333333336,25.0,8.333333333333332
843,0.465,1,0,10,9,10.0,4.65,10.0,30.0,50.0,10.0
844,0.507,1,0,12,11,9.0,5.07,16.666666666666664,33.33333333333333,33.33333333333333,16.666666666666664
845,0.37,1,0,8,7,10.0,3.7,25.0,12.5,12.5,50.0
846,0.501,1,0,14,13,10.0,5.01,7.142857142857142,14.285714285714285,14.285714285714285,64.28571428571429
847,0.456,1,0,13,12,10.0,4.56,0.0,23.076923076923077,23.076923076923077,53.84615384615385
848,0.659,1,0,20,19,10.0,6.59,10.0,15.0,60.0,15.0
849,0.582,1,0,16,15,10.0,5.82,0.0,25.0,62.5,12.5
850,0.579,1,0,17,16,10.0,5.79,5.88235294117647,70.58823529411765,5.88235294117647,17.647058823529413
851,0.516,1,0,18,17,10.0,5.16,0.0,44.44444444444444,5.555555555555555,50.0
852,0.567,1,0,19,18,10.0,5.67,0.0,26.31578947368421,10.526315789473683,63.1578947368421
853,0.696,1,0,16,15,10.0,6.96,25.0,25.0,43.75,6.25
854,0.406,1,0,11,10,10.0,4.06,36.36363636363637,18.181818181818183,18.181818181818183,27.27272727272727
855,0.553,1,0,17,16,10.0,5.53,11.76470588235294,35.294117647058826,29.411764705882355,23.52941176470588
856,0.583,1,0,11,10,10.0,5.83,27.27272727272727,45.45454545454545,27.27272727272727,0.0
857,0.545,1,0,19,18,10.0,5.45,10.526315789473683,42.10526315789473,47.368421052631575,0.0
858,0.544,1,0,15,14,10.0,5.44,6.666666666666667,13.333333333333334,26.666666666666668,53.333333333333336
859,0.467,1,0,15,14,10.0,4.67,53.333333333333336,13.333333333333334,6.666666666666667,26.666666666666668
860,0.535,1,0,11,10,10.0,5.35,0.0,18.181818181818183,36.36363636363637,45.45454545454545
861,0.379,1,0,14,13,10.0,3.79,0.0,35.714285714285715,14.285714285714285,50.0
862,0.522,1,0,14,13,10.0,5.22,7.142857142857142,14.285714285714285,14.285714285714285,64.28571428571429
863,0.501,1,0,16,15,10.0,5.01,0.0,12.5,37.5,50.0
864,0.443,1,0,12,11,10.0,4.43,66.66666666666666,16.666666666666664,16.666666666666664,0.0
865,0.532,1,0,16,15,10.0,5.32,37.5,12.5,25.0,25.0
866,0.451,1,0,11,10,9.0,4.51,9.090909090909092,27.27272727272727,0.0,63.63636363636363
867,0.507,1,0,13,12,10.0,5.07,15.384615384615385,30.76923076923077,38.46153846153847,15.384615384615385
868,0.646,1,0,13,12,10.0,6.46,38.46153846153847,30.76923076923077,7.6923076923076925,23.076923076923077
869,0.359,1,0,6,5,9.0,3.59,66.66666666666666,33.33333333333333,0.0,0.0
870,0.393,1,0,10,9,10.0,3.93,0.0,30.0,10.0,60.0
871,0.635,1,0,17,16,10.0,6.35,11.76470588235294,29.411764705882355,41.17647058823529,17.647058823529413
872,0.485,1,0,14,13,10.0,4.85,14.285714285714285,28.57142857142857,7.142857142857142,50.0
873,0.405,1,0,13,12,10.0,4.05,0.0,61.53846153846154,0.0,38.46153846153847
874,0.663,1,0,17,16,10.0,6.63,0.0,29.411764705882355,41.17647058823529,29.411764705882355
875,0.52,1,0,12,11,10.0,5.2,0.0,33.33333333333333,8.333333333333332,58.333333333333336
876,0.391,1,0,10,9,10.0,3.91,0.0,70.0,0.0,30.0
877,0.576,1,0,12,11,10.0,5.76,0.0,16.666666666666664,58.333333333333336,25.0
878,0.498,1,0,10,9,10.0,4.98,0.0,60.0,10.0,30.0
879,0.452,1,0,11,10,10.0,4.52,9.090909090909092,18.181818181818183,0.0,72.72727272727273
880,0.464,1,0,13,12,10.0,4.64,15.384615384615385,46.15384615384615,38.46153846153847,0.0
881,0.468,1,0,11,10,10.0,4.68,0.0,54.54545454545454,45.45454545454545,0.0
882,0.574,1,0,15,14,10.0,5.74,0.0,26.666666666666668,13.333333333333334,60.0
883,0.544,1,0,15,14,10.0,5.44,60.0,33.33333333333333,6.666666666666667,0.0
884,0.393,1,0,12,11,9.0,3.93,8.333333333333332,58.333333333333336,8.333333333333332,25.0
885,0.46,1,0,11,10,10.0,4.6,9.090909090909092,27.27272727272727,9.090909090909092,54.54545454545454
886,0.652,1,0,18,17,10.0,6.52,27.77777777777778,33.33333333333333,38.88888888888889,0.0
887,0.555,1,0,10,9,10.0,5.55,0.0,40.0,30.0,30.0
888,0.485,1,0,10,9,9.0,4.85,10.0,10.0,30.0,50.0
889,0.518,1,0,14,13,10.0,5.18,0.0,50.0,28.57142857142857,21.428571428571427
890,0.524,1,0,12,11,10.0,5.24,8.333333333333332,8.333333333333332,83.33333333333334,0.0
891,0.407,1,0,13,12,9.0,4.07,7.6923076923076925,38.46153846153847,23.076923076923077,30.76923076923077
892,0.367,1,0,9,8,9.0,3.67,11.11111111111111,11.11111111111111,0.0,77.77777777777779
893,0.467,1,0,11,10,10.0,4.67,0.0,18.181818181818183,0.0,81.81818181818183
894,0.465,1,0,11,10,10.0,4.65,0.0,18.181818181818183,9.090909090909092,72.72727272727273
895,0.539,1,0,15,14,10.0,5.39,6.666666666666667,13.333333333333334,40.0,40.0
896,0.498,1,0,12,11,10.0,4.98,0.0,25.0,8.333333333333332,66.66666666666666
897,0.399,1,0,11,10,10.0,3.99,0.0,45.45454545454545,27.27272727272727,27.27272727272727
898,0.547,1,0,15,14,10.0,5.47,20.0,53.333333333333336,0.0,26.666666666666668
899,0.583,1,0,11,10,10.0,5.83,9.090909090909092,18.181818181818183,63.63636363636363,9.090909090909092
900,0.446,1,0,11,10,9.0,4.46,9.090909090909092,54.54545454545454,18.181818181818183,18.181818181818183
901,0.353,1,0,9,8,10.0,3.53,66.66666666666666,22.22222222222222,0.0,11.11111111111111
902,0.459,1,0,13,12,10.0,4.59,7.6923076923076925,23.076923076923077,38.46153846153847,30.76923076923077
903,0.434,1,0,10,9,10.0,4.34,10.0,30.0,20.0,40.0
904,0.49,1,0,14,13,10.0,4.9,7.142857142857142,28.57142857142857,57.14285714285714,7.142857142857142
905,0.396,1,0,11,10,10.0,3.96,0.0,27.27272727272727,36.36363636363637,36.36363636363637
906,0.345,1,0,10,9,10.0,3.45,20.0,30.0,0.0,50.0
907,0.558,1,0,14,13,10.0,5.58,0.0,21.428571428571427,78.57142857142857,0.0
908,0.598,1,0,18,17,10.0,5.98,50.0,22.22222222222222,27.77777777777778,0.0
909,0.342,1,0,9,8,10.0,3.42,22.22222222222222,33.33333333333333,22.22222222222222,22.22222222222222
910,0.418,1,0,9,8,10.0,4.18,44.44444444444444,55.55555555555556,0.0,0.0
911,0.466,1,0,12,11,10.0,4.66,25.0,25.0,8.333333333333332,41.66666666666667
912,0.532,1,0,11,10,9.0,5.32,0.0,27.27272727272727,9.090909090909092,63.63636363636363
913,0.417,1,0,9,8,10.0,4.17,0.0,22.22222222222222,44.44444444444444,33.33333333333333
914,0.46,1,0,13,12,10.0,4.6,23.076923076923077,61.53846153846154,0.0,15.384615384615385
915,0.528,1,0,11,10,10.0,5.28,9.090909090909092,18.181818181818183,36.36363636363637,36.36363636363637
916,0.66,1,0,14,13,10.0,6.6,14.285714285714285,14.285714285714285,64.28571428571429,7.142857142857142
917,0.515,1,0,13,12,10.0,5.15,0.0,30.76923076923077,53.84615384615385,15.384615384615385
918,0.528,1,0,13,12,10.0,5.28,0.0,46.15384615384615,7.6923076923076925,46.15384615384615
919,0.433,1,0,13,12,10.0,4.33,38.46153846153847,38.46153846153847,7.6923076923076925,15.384615384615385
920,0.377,1,0,10,9,10.0,3.77,10.0,10.0,30.0,50.0
921,0.355,1,0,10,9,10.0,3.55,30.0,50.0,10.0,10.0
922,0.261,1,0,9,8,9.0,2.61,33.33333333333333,33.33333333333333,0.0,33.33333333333333
923,0.674,1,0,15,14,10.0,6.74,0.0,20.0,53.333333333333336,26.666666666666668
924,0.689,1,0,14,13,10.0,6.89,64.28571428571429,7.142857142857142,28.57142857142857,0.0
925,0.586,1,0,18,17,10.0,5.86,5.555555555555555,16.666666666666664,16.666666666666664,61.111111111111114
926,0.522,1,0,13,12,10.0,5.22,7.6923076923076925,15.384615384615385,61.53846153846154,15.384615384615385
927,0.519,1,0,14,13,10.0,5.19,14.285714285714285,21.428571428571427,28.57142857142857,35.714285714285715
928,0.466,1,0,14,13,10.0,4.66,0.0,21.428571428571427,35.714285714285715,42.857142857142854
929,0.53,1,0,13,12,9.0,5.3,7.6923076923076925,15.384615384615385,30.76923076923077,46.15384615384615
930,0.432,1,0,14,13,10.0,4.32,21.428571428571427,21.428571428571427,42.857142857142854,14.285714285714285
931,0.379,1,0,13,12,10.0,3.79,0.0,76.92307692307693,23.076923076923077,0.0
932,0.497,1,0,9,8,9.0,4.97,0.0,44.44444444444444,33.33333333333333,22.22222222222222
933,0.628,1,0,23,22,10.0,6.28,0.0,21.73913043478261,39.130434782608695,39.130434782608695
934,0.277,1,0,8,7,8.0,2.77,0.0,37.5,0.0,62.5
935,0.526,1,0,13,12,10.0,5.26,15.384615384615385,15.384615384615385,23.076923076923077,46.15384615384615
936,0.378,1,0,10,9,10.0,3.78,30.0,10.0,0.0,60.0
937,0.412,1,0,11,10,10.0,4.12,9.090909090909092,54.54545454545454,9.090909090909092,27.27272727272727
938,0.594,1,0,17,16,10.0,5.94,0.0,17.647058823529413,82.35294117647058,0.0
939,0.531,1,0,16,15,10.0,5.31,31.25,25.0,43.75,0.0
940,0.454,1,0,13,12,10.0,4.54,7.6923076923076925,15.384615384615385,30.76923076923077,46.15384615384615
941,0.557,1,0,15,14,10.0,5.57,0.0,13.333333333333334,20.0,66.66666666666666
942,0.579,1,0,12,11,10.0,5.79,0.0,25.0,41.66666666666667,33.33333333333333
943,0.602,1,0,17,16,10.0,6.02,41.17647058823529,5.88235294117647,52.94117647058824,0.0
944,0.343,1,0,9,8,10.0,3.43,44.44444444444444,22.22222222222222,0.0,33.33333333333333
945,0.421,1,0,8,7,10.0,4.21,50.0,25.0,0.0,25.0
946,0.473,1,0,12,11,10.0,4.73,25.0,58.333333333333336,16.666666666666664,0.0
947,0.572,1,0,17,16,10.0,5.72,29.411764705882355,11.76470588235294,35.294117647058826,23.52941176470588
948,0.523,1,0,16,15,10.0,5.23,0.0,50.0,18.75,31.25
949,0.686,1,0,17,16,10.0,6.86,0.0,5.88235294117647,41.17647058823529,52.94117647058824
950,0.465,1,0,12,11,10.0,4.65,25.0,16.666666666666664,25.0,33.33333333333333
951,0.35,1,0,12,11,9.0,3.5,25.0,33.33333333333333,25.0,16.666666666666664
952,0.43,1,0,11,10,10.0,4.3,45.45454545454545,45.45454545454545,9.090909090909092,0.0
953,0.492,1,0,16,15,10.0,4.92,0.0,37.5,25.0,37.5
954,0.397,1,0,10,9,10.0,3.97,0.0,40.0,40.0,20.0
955,0.385,1,0,11,10,10.0,3.85,27.27272727272727,18.181818181818183,45.45454545454545,9.090909090909092
956,0.443,1,0,14,13,10.0,4.43,0.0,14.285714285714285,0.0,85.71428571428571
957,0.54,1,0,13,12,10.0,5.4,23.076923076923077,15.384615384615385,7.6923076923076925,53.84615384615385
958,0.428,1,0,13,12,10.0,4.28,0.0,53.84615384615385,23.076923076923077,23.076923076923077
959,0.326,1,0,10,9,9.0,3.26,50.0,20.0,0.0,30.0
960,0.424,1,0,9,8,9.0,4.24,0.0,33.33333333333333,55.55555555555556,11.11111111111111
961,0.61,1,0,12,11,10.0,6.1,33.33333333333333,8.333333333333332,50.0,8.333333333333332
962,0.61,1,0,14,13,10.0,6.1,7.142857142857142,28.57142857142857,42.857142857142854,21.428571428571427
963,0.525,1,0,10,9,10.0,5.25,10.0,10.0,0.0,80.0
964,0.452,1,0,12,11,10.0,4.52,25.0,16.666666666666664,0.0,58.333333333333336
965,0.629,1,0,12,11,10.0,6.29,0.0,41.66666666666667,0.0,58.333333333333336
966,0.534,1,0,13,12,10.0,5.34,38.46153846153847,15.384615384615385,38.46153846153847,7.6923076923076925
967,0.527,1,0,15,14,10.0,5.27,0.0,40.0,53.333333333333336,6.666666666666667
968,0.447,1,0,13,12,10.0,4.47,7.6923076923076925,53.84615384615385,30.76923076923077,7.6923076923076925
969,0.442,1,0,11,10,10.0,4.42,9.090909090909092,18.181818181818183,45.45454545454545,27.27272727272727
970,0.458,1,0,8,7,10.0,4.58,0.0,25.0,25.0,50.0
971,0.415,1,0,9,8,10.0,4.15,0.0,22.22222222222222,0.0,77.77777777777779
972,0.529,1,0,15,14,10.0,5.29,6.666666666666667,20.0,13.333333333333334,60.0
973,0.608,1,0,16,15,10.0,6.08,18.75,12.5,37.5,31.25
974,0.695,1,0,22,21,10.0,6.95,4.545454545454546,22.727272727272727,27.27272727272727,45.45454545454545
975,0.516,1,0,12,11,10.0,5.16,33.33333333333333,16.666666666666664,33.33333333333333,16.666666666666664
976,0.476,1,0,13,12,10.0,4.76,38.46153846153847,30.76923076923077,7.6923076923076925,23.076923076923077
977,0.555,1,0,14,13,10.0,5.55,0.0,14.285714285714285,21.428571428571427,64.28571428571429
978,0.449,1,0,13,12,10.0,4.49,0.0,30.76923076923077,38.46153846153847,30.76923076923077
979,0.577,1,0,16,15,10.0,5.77,6.25,18.75,75.0,0.0
980,0.466,1,0,13,12,9.0,4.66,46.15384615384615,15.384615384615385,38.46153846153847,0.0
981,0.484,1,0,15,14,10.0,4.84,46.666666666666664,20.0,20.0,13.333333333333334
982,0.446,1,0,12,11,10.0,4.46,8.333333333333332,33.33333333333333,16.666666666666664,41.66666666666667
983,0.553,1,0,16,15,10.0,5.53,18.75,6.25,25.0,50.0
984,0.47,1,0,13,12,10.0,4.7,0.0,38.46153846153847,53.84615384615385,7.6923076923076925
985,0.506,1,0,14,13,10.0,5.06,0.0,28.57142857142857,0.0,71.42857142857143
986,0.472,1,0,13,12,10.0,4.72,53.84615384615385,38.46153846153847,0.0,7.6923076923076925
987,0.663,1,0,13,12,10.0,6.63,0.0,15.384615384615385,30.76923076923077,53.84615384615385
988,0.48,1,0,13,12,10.0,4.8,0.0,30.76923076923077,7.6923076923076925,61.53846153846154
989,0.503,1,0,13,12,10.0,5.03,0.0,30.76923076923077,7.6923076923076925,61.53846153846154
990,0.511,1,0,17,16,10.0,5.11,17.647058823529413,29.411764705882355,11.76470588235294,41.17647058823529
991,0.38,1,0,14,13,10.0,3.8,0.0,14.285714285714285,71.42857142857143,14.285714285714285
992,0.636,1,0,15,14,10.0,6.36,0.0,66.66666666666666,20.0,13.333333333333334
993,0.582,1,0,12,11,10.0,5.82,75.0,25.0,0.0,0.0
994,0.67,1,0,16,15,10.0,6.7,25.0,56.25,0.0,18.75
995,0.425,1,0,14,13,10.0,4.25,0.0,21.428571428571427,21.428571428571427,57.14285714285714
996,0.45,1,0,11,10,10.0,4.5,0.0,45.45454545454545,0.0,54.54545454545454
997,0.422,1,0,12,11,10.0,4.22,0.0,83.33333333333334,8.333333333333332,8.333333333333332
998,0.641,1,0,14,13,10.0,6.41,28.57142857142857,50.0,21.428571428571427,0.0
999,0.467,1,0,13,12,10.0,4.67,7.6923076923076925,15.384615384615385,15.384615384615385,61.53846153846154
1000,0.573,1,0,13,12,10.0,5.73,38.46153846153847,15.384615384615385,38.46153846153847,7.6923076923076925
1001,0.59,1,0,13,12,10.0,5.9,0.0,76.92307692307693,0.0,23.076923076923077
1002,0.634,1,0,15,14,10.0,6.34,6.666666666666667,13.333333333333334,60.0,20.0
1003,0.442,1,0,11,10,10.0,4.42,9.090909090909092,18.181818181818183,9.090909090909092,63.63636363636363
1004,0.512,1,0,13,12,10.0,5.12,30.76923076923077,7.6923076923076925,0.0,61.53846153846154
1005,0.52,1,0,12,11,10.0,5.2,0.0,16.666666666666664,0.0,83.33333333333334
1006,0.27,1,0,7,6,10.0,2.7,57.14285714285714,28.57142857142857,14.285714285714285,0.0
1007,0.437,1,0,14,13,10.0,4.37,0.0,21.428571428571427,21.428571428571427,57.14285714285714
1008,0.416,1,0,13,12,10.0,4.16,0.0,30.76923076923077,30.76923076923077,38.46153846153847
1009,0.552,1,0,16,15,9.0,5.52,37.5,6.25,31.25,25.0
1010,0.307,1,0,7,6,10.0,3.07,42.857142857142854,28.57142857142857,14.285714285714285,14.285714285714285
1011,0.56,1,0,20,19,10.0,5.6,45.0,15.0,35.0,5.0
1012,0.703,1,0,20,19,10.0,7.03,15.0,10.0,60.0,15.0
1013,0.437,1,0,11,10,10.0,4.37,27.27272727272727,45.45454545454545,9.090909090909092,18.181818181818183
1014,0.527,1,0,14,13,10.0,5.27,0.0,57.14285714285714,35.714285714285715,7.142857142857142
1015,0.422,1,0,11,10,10.0,4.22,9.090909090909092,36.36363636363637,36.36363636363637,18.181818181818183
1016,0.573,1,0,14,13,10.0,5.73,50.0,28.57142857142857,21.428571428571427,0.0
1017,0.572,1,0,17,16,10.0,5.72,0.0,23.52941176470588,23.52941176470588,52.94117647058824
1018,0.482,1,0,12,11,10.0,4.82,0.0,41.66666666666667,58.333333333333336,0.0
1019,0.362,1,0,10,9,9.0,3.62,10.0,20.0,10.0,60.0
1020,0.57,1,0,15,14,10.0,5.7,0.0,66.66666666666666,0.0,33.33333333333333
1021,0.509,1,0,16,15,10.0,5.09,0.0,6.25,50.0,43.75
1022,0.452,1,0,11,10,10.0,4.52,36.36363636363637,45.45454545454545,18.181818181818183,0.0
1023,0.414,1,0,9,8,10.0,4.14,0.0,22.22222222222222,22.22222222222222,55.55555555555556
1024,0.591,1,0,18,17,10.0,5.91,27.77777777777778,11.11111111111111,38.88888888888889,22.22222222222222
1025,0.648,1,0,15,14,10.0,6.48,13.333333333333334,13.333333333333334,6.666666666666667,66.66666666666666
1026,0.631,1,0,17,16,10.0,6.31,5.88235294117647,17.647058823529413,35.294117647058826,41.17647058823529
1027,0.533,1,0,15,14,10.0,5.33,13.333333333333334,13.333333333333334,60.0,13.333333333333334
1028,0.333,1,0,13,12,10.0,3.33,76.92307692307693,15.384615384615385,0.0,7.6923076923076925
1029,0.5,1,0,11,10,9.0,5.0,0.0,18.181818181818183,45.45454545454545,36.36363636363637
1030,0.682,1,0,16,15,10.0,6.82,0.0,12.5,37.5,50.0
1031,0.603,1,0,16,15,10.0,6.03,0.0,31.25,12.5,56.25
1032,0.498,1,0,13,12,9.0,4.98,7.6923076923076925,38.46153846153847,30.76923076923077,23.076923076923077
1033,0.509,1,0,15,14,10.0,5.09,20.0,13.333333333333334,60.0,6.666666666666667
1034,0.396,1,0,11,10,10.0,3.96,45.45454545454545,18.181818181818183,0.0,36.36363636363637
1035,0.517,1,0,10,9,10.0,5.17,0.0,10.0,70.0,20.0
1036,0.533,1,0,16,15,10.0,5.33,43.75,12.5,18.75,25.0
1037,0.301,1,0,7,6,8.0,3.01,14.285714285714285,14.285714285714285,0.0,71.42857142857143
1038,0.533,1,0,16,15,10.0,5.33,6.25,68.75,12.5,12.5
1039,0.469,1,0,11,10,10.0,4.69,9.090909090909092,45.45454545454545,27.27272727272727,18.181818181818183
1040,0.561,1,0,12,11,9.0,5.61,16.666666666666664,58.333333333333336,8.333333333333332,16.666666666666664
1041,0.198,1,0,6,5,8.0,1.98,0.0,66.66666666666666,16.666666666666664,16.666666666666664
1042,0.496,1,0,13,12,10.0,4.96,38.46153846153847,7.6923076923076925,0.0,53.84615384615385
1043,0.538,1,0,12,11,10.0,5.38,25.0,8.333333333333332,58.333333333333336,8.333333333333332
1044,0.498,1,0,11,10,10.0,4.98,36.36363636363637,27.27272727272727,0.0,36.36363636363637
1045,0.605,1,0,14,13,10.0,6.05,7.142857142857142,7.142857142857142,21.428571428571427,64.28571428571429
1046,0.392,1,0,8,7,8.0,3.92,62.5,25.0,12.5,0.0
1047,0.494,1,0,12,11,10.0,4.94,0.0,25.0,41.66666666666667,33.33333333333333
1048,0.454,1,0,12,11,9.0,4.54,8.333333333333332,16.666666666666664,16.666666666666664,58.333333333333336
1049,0.261,1,0,6,5,9.0,2.61,0.0,50.0,33.33333333333333,16.666666666666664
1050,0.422,1,0,9,8,9.0,4.22,44.44444444444444,44.44444444444444,0.0,11.11111111111111
1051,0.538,1,0,12,11,10.0,5.38,25.0,8.333333333333332,50.0,16.666666666666664
1052,0.558,1,0,16,15,10.0,5.58,25.0,56.25,0.0,18.75
1053,0.43,1,0,16,15,10.0,4.3,18.75,18.75,12.5,50.0
1054,0.434,1,0,12,11,10.0,4.34,0.0,41.66666666666667,58.333333333333336,0.0
1055,0.472,1,0,10,9,10.0,4.72,10.0,30.0,0.0,60.0
1056,0.555,1,0,14,13,10.0,5.55,14.285714285714285,7.142857142857142,21.428571428571427,57.14285714285714
1057,0.478,1,0,12,11,10.0,4.78,41.66666666666667,16.666666666666664,8.333333333333332,33.33333333333333
1058,0.453,1,0,15,14,9.0,4.53,80.0,6.666666666666667,13.333333333333334,0.0
1059,0.475,1,0,12,11,9.0,4.75,0.0,8.333333333333332,50.0,41.66666666666667
1060,0.525,1,0,12,11,10.0,5.25,41.66666666666667,25.0,8.333333333333332,25.0
1061,0.328,1,0,11,10,9.0,3.28,45.45454545454545,45.45454545454545,0.0,9.090909090909092
1062,0.382,1,0,13,12,10.0,3.82,7.6923076923076925,23.076923076923077,46.15384615384615,23.076923076923077
1063,0.585,1,0,14,13,10.0,5.85,0.0,28.57142857142857,42.857142857142854,28.57142857142857
1064,0.564,1,0,14,13,10.0,5.64,0.0,14.285714285714285,21.428571428571427,64.28571428571429
1065,0.549,1,0,16,15,10.0,5.49,18.75,25.0,18.75,37.5
1066,0.537,1,0,15,14,10.0,5.37,20.0,20.0,20.0,40.0
1067,0.476,1,0,8,7,10.0,4.76,0.0,50.0,0.0,50.0
1068,0.404,1,0,8,7,9.0,4.04,0.0,50.0,37.5,12.5
1069,0.336,1,0,9,8,9.0,3.36,22.22222222222222,44.44444444444444,0.0,33.33333333333333
1070,0.367,1,0,10,9,10.0,3.67,10.0,20.0,10.0,60.0
1071,0.762,1,0,18,17,10.0,7.62,5.555555555555555,11.11111111111111,38.88888888888889,44.44444444444444
1072,0.716,1,0,17,16,10.0,7.16,11.76470588235294,29.411764705882355,29.411764705882355,29.411764705882355
1073,0.663,1,0,14,13,10.0,6.63,57.14285714285714,7.142857142857142,35.714285714285715,0.0
1074,0.643,1,0,13,12,10.0,6.43,0.0,15.384615384615385,38.46153846153847,46.15384615384615
1075,0.654,1,0,13,12,10.0,6.54,7.6923076923076925,15.384615384615385,53.84615384615385,23.076923076923077
1076,0.492,1,0,12,11,10.0,4.92,16.666666666666664,25.0,50.0,8.333333333333332
1077,0.541,1,0,13,12,10.0,5.41,30.76923076923077,30.76923076923077,38.46153846153847,0.0
1078,0.566,1,0,17,16,10.0,5.66,5.88235294117647,23.52941176470588,41.17647058823529,29.411764705882355
1079,0.415,1,0,10,9,9.0,4.15,0.0,20.0,70.0,10.0
1080,0.42,1,0,13,12,10.0,4.2,53.84615384615385,15.384615384615385,0.0,30.76923076923077
1081,0.333,1,0,8,7,9.0,3.33,12.5,75.0,12.5,0.0
1082,0.419,1,0,10,9,10.0,4.19,40.0,50.0,10.0,0.0
1083,0.411,1,0,10,9,10.0,4.11,0.0,20.0,10.0,70.0
1084,0.453,1,0,14,13,10.0,4.53,57.14285714285714,14.285714285714285,14.285714285714285,14.285714285714285
1085,0.569,1,0,12,11,10.0,5.69,0.0,8.333333333333332,33.33333333333333,58.333333333333336
1086,0.617,1,0,17,16,10.0,6.17,0.0,11.76470588235294,41.17647058823529,47.05882352941176
1087,0.55,1,0,14,13,10.0,5.5,0.0,28.57142857142857,35.714285714285715,35.714285714285715
1088,0.719,1,0,12,11,10.0,7.19,0.0,8.333333333333332,58.333333333333336,33.33333333333333
1089,0.544,1,0,15,14,10.0,5.44,53.333333333333336,26.666666666666668,6.666666666666667,13.333333333333334
1090,0.728,1,0,15,14,10.0,7.28,13.333333333333334,13.333333333333334,66.66666666666666,6.666666666666667
1091,0.363,1,0,10,9,10.0,3.63,60.0,20.0,10.0,10.0
1092,0.548,1,0,13,12,10.0,5.48,15.384615384615385,46.15384615384615,23.076923076923077,15.384615384615385
1093,0.694,1,0,25,24,10.0,6.94,8.0,32.0,12.0,48.0
1094,0.405,1,0,9,8,8.0,4.05,0.0,33.33333333333333,22.22222222222222,44.44444444444444
1095,0.34,1,0,9,8,10.0,3.4,0.0,33.33333333333333,22.22222222222222,44.44444444444444
1096,0.639,1,0,15,14,10.0,6.39,20.0,13.333333333333334,20.0,46.666666666666664
1097,0.545,1,0,16,15,10.0,5.45,0.0,31.25,43.75,25.0
1098,0.336,1,0,8,7,9.0,3.36,12.5,12.5,12.5,62.5
1099,0.645,1,0,15,14,10.0,6.45,13.333333333333334,46.666666666666664,0.0,40.0
1100,0.437,1,0,10,9,10.0,4.37,0.0,90.0,10.0,0.0
1101,0.369,1,0,9,8,10.0,3.69,0.0,22.22222222222222,11.11111111111111,66.66666666666666
1102,0.413,1,0,11,10,10.0,4.13,9.090909090909092,27.27272727272727,45.45454545454545,18.181818181818183
1103,0.628,1,0,16,15,10.0,6.28,0.0,68.75,25.0,6.25
1104,0.41,1,0,10,9,10.0,4.1,80.0,20.0,0.0,0.0
1105,0.566,1,0,18,17,10.0,5.66,0.0,22.22222222222222,50.0,27.77777777777778
1106,0.482,1,0,11,10,10.0,4.82,9.090909090909092,36.36363636363637,36.36363636363637,18.181818181818183
1107,0.494,1,0,11,10,10.0,4.94,18.181818181818183,27.27272727272727,9.090909090909092,45.45454545454545
1108,0.539,1,0,12,11,10.0,5.39,8.333333333333332,58.333333333333336,0.0,33.33333333333333
1109,0.65,1,0,17,16,10.0,6.5,17.647058823529413,11.76470588235294,58.82352941176471,11.76470588235294
1110,0.486,1,0,11,10,10.0,4.86,0.0,36.36363636363637,18.181818181818183,45.45454545454545
1111,0.581,1,0,13,12,10.0,5.81,46.15384615384615,15.384615384615385,38.46153846153847,0.0
1112,0.576,1,0,16,15,10.0,5.76,31.25,12.5,18.75,37.5
1113,0.722,1,0,17,16,10.0,7.22,35.294117647058826,5.88235294117647,58.82352941176471,0.0
1114,0.628,1,0,17,16,10.0,6.28,47.05882352941176,17.647058823529413,11.76470588235294,23.52941176470588
1115,0.568,1,0,19,18,10.0,5.68,5.263157894736842,57.89473684210527,21.052631578947366,15.789473684210526
1116,0.463,1,0,10,9,10.0,4.63,30.0,10.0,60.0,0.0
1117,0.58,1,0,18,17,10.0,5.8,5.555555555555555,5.555555555555555,33.33333333333333,55.55555555555556
1118,0.587,1,0,15,14,10.0,5.87,13.333333333333334,13.333333333333334,26.666666666666668,46.666666666666664
1119,0.615,1,0,15,14,10.0,6.15,0.0,13.333333333333334,20.0,66.66666666666666
1120,0.346,1,0,12,11,9.0,3.46,16.666666666666664,25.0,41.66666666666667,16.666666666666664
1121,0.687,1,0,17,16,10.0,6.87,17.647058823529413,5.88235294117647,58.82352941176471,17.647058823529413
1122,0.665,1,0,16,15,10.0,6.65,12.5,6.25,18.75,62.5
1123,0.475,1,0,12,11,9.0,4.75,41.66666666666667,25.0,16.666666666666664,16.666666666666664
1124,0.472,1,0,14,13,10.0,4.72,0.0,78.57142857142857,21.428571428571427,0.0
1125,0.548,1,0,15,14,10.0,5.48,0.0,13.333333333333334,66.66666666666666,20.0
1126,0.508,1,0,13,12,9.0,5.08,0.0,38.46153846153847,61.53846153846154,0.0
1127,0.256,1,0,8,7,9.0,2.56,12.5,62.5,12.5,12.5
1128,0.625,1,0,17,16,10.0,6.25,29.411764705882355,11.76470588235294,52.94117647058824,5.88235294117647
1129,0.386,1,0,9,8,10.0,3.86,11.11111111111111,55.55555555555556,0.0,33.33333333333333
1130,0.518,1,0,10,9,9.0,5.18,10.0,20.0,50.0,20.0
1131,0.443,1,0,7,6,10.0,4.43,57.14285714285714,14.285714285714285,28.57142857142857,0.0
1132,0.504,1,0,12,11,10.0,5.04,8.333333333333332,33.33333333333333,58.333333333333336,0.0
1133,0.456,1,0,13,12,10.0,4.56,7.6923076923076925,7.6923076923076925,7.6923076923076925,76.92307692307693
1134,0.546,1,0,15,14,10.0,5.46,6.666666666666667,46.666666666666664,0.0,46.666666666666664
1135,0.418,1,0,11,10,9.0,4.18,0.0,54.54545454545454,18.181818181818183,27.27272727272727
1136,0.646,1,0,20,19,10.0,6.46,0.0,70.0,5.0,25.0
1137,0.51,1,0,14,13,10.0,5.1,0.0,57.14285714285714,14.285714285714285,28.57142857142857
1138,0.575,1,0,15,14,10.0,5.75,0.0,53.333333333333336,40.0,6.666666666666667
1139,0.681,1,0,16,15,10.0,6.81,6.25,25.0,43.75,25.0
1140,0.547,1,0,17,16,10.0,5.47,11.76470588235294,11.76470588235294,23.52941176470588,52.94117647058824
1141,0.514,1,0,13,12,10.0,5.14,23.076923076923077,61.53846153846154,7.6923076923076925,7.6923076923076925
1142,0.607,1,0,14,13,10.0,6.07,7.142857142857142,28.57142857142857,35.714285714285715,28.57142857142857
1143,0.509,1,0,13,12,9.0,5.09,15.384615384615385,7.6923076923076925,76.92307692307693,0.0
1144,0.468,1,0,11,10,9.0,4.68,36.36363636363637,27.27272727272727,36.36363636363637,0.0
1145,0.498,1,0,11,10,10.0,4.98,54.54545454545454,9.090909090909092,18.181818181818183,18.181818181818183
1146,0.544,1,0,11,10,10.0,5.44,0.0,18.181818181818183,45.45454545454545,36.36363636363637
1147,0.64,1,0,22,21,10.0,6.4,4.545454545454546,18.181818181818183,45.45454545454545,31.818181818181817
1148,0.484,1,0,11,10,10.0,4.84,18.181818181818183,18.181818181818183,36.36363636363637,27.27272727272727
1149,0.457,1,0,12,11,10.0,4.57,0.0,16.666666666666664,16.666666666666664,66.66666666666666
1150,0.459,1,0,13,12,10.0,4.59,0.0,15.384615384615385,7.6923076923076925,76.92307692307693
1151,0.505,1,0,17,16,10.0,5.05,5.88235294117647,35.294117647058826,11.76470588235294,47.05882352941176
1152,0.689,1,0,12,11,10.0,6.89,41.66666666666667,8.333333333333332,50.0,0.0
1153,0.455,1,0,11,10,10.0,4.55,0.0,45.45454545454545,9.090909090909092,45.45454545454545
1154,0.575,1,0,13,12,10.0,5.75,7.6923076923076925,15.384615384615385,38.46153846153847,38.46153846153847
1155,0.465,1,0,13,12,10.0,4.65,53.84615384615385,23.076923076923077,7.6923076923076925,15.384615384615385
1156,0.452,1,0,12,11,10.0,4.52,58.333333333333336,33.33333333333333,8.333333333333332,0.0
1157,0.534,1,0,16,15,10.0,5.34,6.25,37.5,31.25,25.0
1158,0.638,1,0,19,18,10.0,6.38,36.84210526315789,5.263157894736842,0.0,57.89473684210527
1159,0.532,1,0,13,12,10.0,5.32,7.6923076923076925,38.46153846153847,23.076923076923077,30.76923076923077
1160,0.583,1,0,15,14,10.0,5.83,6.666666666666667,40.0,13.333333333333334,40.0
1161,0.627,1,0,19,18,10.0,6.27,0.0,36.84210526315789,57.89473684210527,5.263157894736842
1162,0.472,1,0,14,13,10.0,4.72,28.57142857142857,64.28571428571429,0.0,7.142857142857142
1163,0.464,1,0,14,13,10.0,4.64,14.285714285714285,42.857142857142854,0.0,42.857142857142854
1164,0.478,1,0,14,13,10.0,4.78,0.0,42.857142857142854,14.285714285714285,42.857142857142854
1165,0.493,1,0,13,12,10.0,4.93,30.76923076923077,23.076923076923077,7.6923076923076925,38.46153846153847
1166,0.466,1,0,15,14,10.0,4.66,20.0,20.0,26.666666666666668,33.33333333333333
1167,0.312,1,0,9,8,9.0,3.12,0.0,22.22222222222222,33.33333333333333,44.44444444444444
1168,0.571,1,0,14,13,10.0,5.71,7.142857142857142,71.42857142857143,21.428571428571427,0.0
1169,0.609,1,0,16,15,10.0,6.09,0.0,18.75,68.75,12.5
1170,0.58,1,0,14,13,10.0,5.8,0.0,21.428571428571427,7.142857142857142,71.42857142857143
1171,0.558,1,0,17,16,10.0,5.58,5.88235294117647,23.52941176470588,5.88235294117647,64.70588235294117
1172,0.492,1,0,13,12,10.0,4.92,7.6923076923076925,23.076923076923077,15.384615384615385,53.84615384615385
1173,0.463,1,0,13,12,10.0,4.63,38.46153846153847,30.76923076923077,30.76923076923077,0.0
1174,0.606,1,0,15,14,10.0,6.06,0.0,73.33333333333333,0.0,26.666666666666668
1175,0.511,1,0,14,13,10.0,5.11,0.0,14.285714285714285,57.14285714285714,28.57142857142857
1176,0.727,1,0,17,16,10.0,7.27,0.0,29.411764705882355,41.17647058823529,29.411764705882355
1177,0.404,1,0,9,8,10.0,4.04,44.44444444444444,22.22222222222222,0.0,33.33333333333333
1178,0.504,1,0,15,14,10.0,5.04,20.0,6.666666666666667,6.666666666666667,66.66666666666666
1179,0.313,1,0,10,9,10.0,3.13,70.0,30.0,0.0,0.0
1180,0.54,1,0,15,14,10.0,5.4,40.0,20.0,40.0,0.0
1181,0.47,1,0,12,11,10.0,4.7,0.0,25.0,58.333333333333336,16.666666666666664
1182,0.454,1,0,17,16,10.0,4.54,0.0,41.17647058823529,41.17647058823529,17.647058823529413
1183,0.542,1,0,16,15,10.0,5.42,0.0,12.5,31.25,56.25
1184,0.67,1,0,17,16,10.0,6.7,5.88235294117647,41.17647058823529,52.94117647058824,0.0
1185,0.504,1,0,14,13,10.0,5.04,28.57142857142857,14.285714285714285,7.142857142857142,50.0
1186,0.677,1,0,18,17,10.0,6.77,0.0,27.77777777777778,27.77777777777778,44.44444444444444
1187,0.477,1,0,11,10,10.0,4.77,18.181818181818183,27.27272727272727,27.27272727272727,27.27272727272727
1188,0.537,1,0,16,15,10.0,5.37,0.0,37.5,25.0,37.5
1189,0.475,1,0,15,14,10.0,4.75,0.0,60.0,13.333333333333334,26.666666666666668
1190,0.548,1,0,19,18,10.0,5.48,0.0,26.31578947368421,21.052631578947366,52.63157894736842
1191,0.491,1,0,10,9,10.0,4.91,10.0,40.0,10.0,40.0
1192,0.473,1,0,10,9,9.0,4.73,20.0,10.0,10.0,60.0
1193,0.524,1,0,17,16,10.0,5.24,35.294117647058826,5.88235294117647,29.411764705882355,29.411764705882355
1194,0.684,1,0,11,10,10.0,6.84,9.090909090909092,27.27272727272727,63.63636363636363,0.0
1195,0.44,1,0,11,10,10.0,4.4,18.181818181818183,45.45454545454545,0.0,36.36363636363637
1196,0.576,1,0,17,16,10.0,5.76,23.52941176470588,17.647058823529413,17.647058823529413,41.17647058823529
1197,0.441,1,0,14,13,10.0,4.41,14.285714285714285,7.142857142857142,28.57142857142857,50.0
1198,0.527,1,0,15,14,10.0,5.27,6.666666666666667,20.0,46.666666666666664,26.666666666666668
1199,0.612,1,0,17,16,10.0,6.12,5.88235294117647,11.76470588235294,35.294117647058826,47.05882352941176
1200,0.453,1,0,10,9,10.0,4.53,0.0,30.0,20.0,50.0
1201,0.643,1,0,17,16,10.0,6.43,0.0,64.70588235294117,11.76470588235294,23.52941176470588
1202,0.598,1,0,17,16,10.0,5.98,35.294117647058826,11.76470588235294,11.76470588235294,41.17647058823529
1203,0.524,1,0,13,12,10.0,5.24,7.6923076923076925,15.384615384615385,15.384615384615385,61.53846153846154
1204,0.391,1,0,8,7,9.0,3.91,12.5,37.5,50.0,0.0
1205,0.388,1,0,11,10,9.0,3.88,45.45454545454545,9.090909090909092,0.0,45.45454545454545
1206,0.562,1,0,13,12,10.0,5.62,15.384615384615385,46.15384615384615,23.076923076923077,15.384615384615385
1207,0.518,1,0,11,10,10.0,5.18,36.36363636363637,18.181818181818183,27.27272727272727,18.181818181818183
1208,0.453,1,0,14,13,10.0,4.53,0.0,50.0,14.285714285714285,35.714285714285715
1209,0.546,1,0,18,17,10.0,5.46,16.666666666666664,50.0,16.666666666666664,16.666666666666664
1210,0.446,1,0,12,11,10.0,4.46,8.333333333333332,16.666666666666664,58.333333333333336,16.666666666666664
1211,0.441,1,0,11,10,8.0,4.41,18.181818181818183,27.27272727272727,9.090909090909092,45.45454545454545
1212,0.472,1,0,12,11,10.0,4.72,0.0,33.33333333333333,16.666666666666664,50.0
1213,0.536,1,0,18,17,10.0,5.36,0.0,66.66666666666666,5.555555555555555,27.77777777777778
1214,0.586,1,0,16,15,10.0,5.86,25.0,31.25,31.25,12.5
1215,0.474,1,0,13,12,10.0,4.74,23.076923076923077,38.46153846153847,30.76923076923077,7.6923076923076925
1216,0.633,1,0,18,17,10.0,6.33,0.0,22.22222222222222,22.22222222222222,55.55555555555556
1217,0.449,1,0,9,8,10.0,4.49,22.22222222222222,22.22222222222222,55.55555555555556,0.0
1218,0.413,1,0,11,10,10.0,4.13,0.0,36.36363636363637,27.27272727272727,36.36363636363637
1219,0.496,1,0,15,14,10.0,4.96,0.0,6.666666666666667,33.33333333333333,60.0
1220,0.586,1,0,17,16,10.0,5.86,11.76470588235294,47.05882352941176,35.294117647058826,5.88235294117647
1221,0.389,1,0,12,11,10.0,3.89,0.0,41.66666666666667,8.333333333333332,50.0
1222,0.66,1,0,16,15,10.0,6.6,6.25,43.75,31.25,18.75
1223,0.362,1,0,9,8,10.0,3.62,0.0,11.11111111111111,0.0,88.88888888888889
1224,0.437,1,0,10,9,10.0,4.37,0.0,10.0,0.0,90.0
1225,0.459,1,0,13,12,9.0,4.59,61.53846153846154,23.076923076923077,7.6923076923076925,7.6923076923076925
1226,0.452,1,0,13,12,10.0,4.52,46.15384615384615,7.6923076923076925,46.15384615384615,0.0
1227,0.412,1,0,13,12,10.0,4.12,76.92307692307693,15.384615384615385,0.0,7.6923076923076925
1228,0.516,1,0,13,12,10.0,5.16,23.076923076923077,15.384615384615385,61.53846153846154,0.0
1229,0.449,1,0,17,16,10.0,4.49,76.47058823529412,11.76470588235294,5.88235294117647,5.88235294117647
1230,0.515,1,0,14,13,10.0,5.15,0.0,57.14285714285714,7.142857142857142,35.714285714285715
1231,0.606,1,0,18,17,10.0,6.06,16.666666666666664,33.33333333333333,50.0,0.0
1232,0.441,1,0,12,11,10.0,4.41,33.33333333333333,16.666666666666664,41.66666666666667,8.333333333333332
1233,0.563,1,0,13,12,9.0,5.63,15.384615384615385,15.384615384615385,53.84615384615385,15.384615384615385
1234,0.432,1,0,10,9,10.0,4.32,30.0,10.0,50.0,10.0
1235,0.675,1,0,13,12,10.0,6.75,0.0,7.6923076923076925,38.46153846153847,53.84615384615385
1236,0.551,1,0,16,15,10.0,5.51,50.0,18.75,18.75,12.5
1237,0.403,1,0,10,9,9.0,4.03,30.0,20.0,50.0,0.0
1238,0.569,1,0,16,15,10.0,5.69,56.25,18.75,25.0,0.0
1239,0.354,1,0,11,10,9.0,3.54,63.63636363636363,18.181818181818183,0.0,18.181818181818183
1240,0.507,1,0,12,11,10.0,5.07,25.0,33.33333333333333,16.666666666666664,25.0
1241,0.475,1,0,10,9,10.0,4.75,0.0,20.0,60.0,20.0
1242,0.592,1,0,20,19,10.0,5.92,20.0,45.0,20.0,15.0
1243,0.565,1,0,16,15,10.0,5.65,0.0,62.5,0.0,37.5
1244,0.641,1,0,18,17,10.0,6.41,38.88888888888889,38.88888888888889,5.555555555555555,16.666666666666664
1245,0.618,1,0,17,16,10.0,6.18,35.294117647058826,29.411764705882355,0.0,35.294117647058826
1246,0.509,1,0,13,12,9.0,5.09,46.15384615384615,30.76923076923077,23.076923076923077,0.0
1247,0.395,1,0,13,12,10.0,3.95,53.84615384615385,38.46153846153847,0.0,7.6923076923076925
1248,0.638,1,0,13,12,10.0,6.38,46.15384615384615,7.6923076923076925,38.46153846153847,7.6923076923076925
1249,0.428,1,0,11,10,9.0,4.28,36.36363636363637,36.36363636363637,9.090909090909092,18.181818181818183
1250,0.297,1,0,8,7,10.0,2.97,25.0,25.0,50.0,0.0
1251,0.426,1,0,13,12,10.0,4.26,30.76923076923077,53.84615384615385,15.384615384615385,0.0
1252,0.613,1,0,17,16,10.0,6.13,11.76470588235294,58.82352941176471,5.88235294117647,23.52941176470588
1253,0.665,1,0,18,17,10.0,6.65,0.0,27.77777777777778,55.55555555555556,16.666666666666664
1254,0.503,1,0,16,15,10.0,5.03,25.0,18.75,31.25,25.0
1255,0.502,1,0,13,12,10.0,5.02,0.0,53.84615384615385,7.6923076923076925,38.46153846153847
1256,0.526,1,0,16,15,10.0,5.26,6.25,6.25,12.5,75.0
1257,0.558,1,0,13,12,10.0,5.58,0.0,7.6923076923076925,23.076923076923077,69.23076923076923
1258,0.58,1,0,13,12,10.0,5.8,0.0,46.15384615384615,23.076923076923077,30.76923076923077
1259,0.535,1,0,9,8,9.0,5.35,0.0,22.22222222222222,44.44444444444444,33.33333333333333
1260,0.53,1,0,13,12,10.0,5.3,69.23076923076923,7.6923076923076925,23.076923076923077,0.0
1261,0.471,1,0,14,13,10.0,4.71,0.0,71.42857142857143,28.57142857142857,0.0
1262,0.5,1,0,11,10,10.0,5.0,36.36363636363637,27.27272727272727,9.090909090909092,27.27272727272727
1263,0.463,1,0,13,12,10.0,4.63,7.6923076923076925,15.384615384615385,7.6923076923076925,69.23076923076923
1264,0.445,1,0,11,10,10.0,4.45,9.090909090909092,27.27272727272727,0.0,63.63636363636363
1265,0.529,1,0,12,11,10.0,5.29,0.0,41.66666666666667,16.666666666666664,41.66666666666667
1266,0.586,1,0,19,18,10.0,5.86,10.526315789473683,52.63157894736842,31.57894736842105,5.263157894736842
1267,0.39,1,0,11,10,10.0,3.9,45.45454545454545,18.181818181818183,18.181818181818183,18.181818181818183
1268,0.697,1,0,15,14,10.0,6.97,0.0,6.666666666666667,53.333333333333336,40.0
1269,0.384,1,0,12,11,9.0,3.84,0.0,66.66666666666666,33.33333333333333,0.0
1270,0.483,1,0,14,13,10.0,4.83,0.0,85.71428571428571,0.0,14.285714285714285
1271,0.471,1,0,11,10,10.0,4.71,9.090909090909092,18.181818181818183,18.181818181818183,54.54545454545454
1272,0.486,1,0,11,10,10.0,4.86,27.27272727272727,18.181818181818183,0.0,54.54545454545454
1273,0.521,1,0,15,14,9.0,5.21,53.333333333333336,26.666666666666668,6.666666666666667,13.333333333333334
1274,0.554,1,0,18,17,10.0,5.54,0.0,11.11111111111111,50.0,38.88888888888889
1275,0.486,1,0,15,14,10.0,4.86,40.0,20.0,13.333333333333334,26.666666666666668
1276,0.51,1,0,16,15,10.0,5.1,43.75,31.25,18.75,6.25
1277,0.46,1,0,16,15,10.0,4.6,56.25,12.5,0.0,31.25
1278,0.578,1,0,15,14,10.0,5.78,20.0,33.33333333333333,46.666666666666664,0.0
1279,0.496,1,0,11,10,10.0,4.96,54.54545454545454,18.181818181818183,0.0,27.27272727272727
1280,0.522,1,0,13,12,10.0,5.22,15.384615384615385,15.384615384615385,69.23076923076923,0.0
1281,0.516,1,0,12,11,10.0,5.16,0.0,66.66666666666666,0.0,33.33333333333333
1282,0.334,1,0,6,5,10.0,3.34,66.66666666666666,33.33333333333333,0.0,0.0
1283,0.53,1,0,15,14,10.0,5.3,0.0,40.0,13.333333333333334,46.666666666666664
1284,0.371,1,0,11,10,10.0,3.71,9.090909090909092,18.181818181818183,45.45454545454545,27.27272727272727
1285,0.564,1,0,12,11,10.0,5.64,16.666666666666664,8.333333333333332,8.333333333333332,66.66666666666666
1286,0.442,1,0,11,10,10.0,4.42,27.27272727272727,9.090909090909092,9.090909090909092,54.54545454545454
1287,0.575,1,0,16,15,10.0,5.75,37.5,12.5,37.5,12.5
1288,0.618,1,0,14,13,10.0,6.18,21.428571428571427,21.428571428571427,21.428571428571427,35.714285714285715
1289,0.373,1,0,12,11,10.0,3.73,0.0,16.666666666666664,8.333333333333332,75.0
1290,0.645,1,0,14,13,10.0,6.45,0.0,50.0,7.142857142857142,42.857142857142854
1291,0.485,1,0,12,11,10.0,4.85,0.0,16.666666666666664,33.33333333333333,50.0
1292,0.553,1,0,14,13,10.0,5.53,0.0,21.428571428571427,7.142857142857142,71.42857142857143
1293,0.426,1,0,13,12,10.0,4.26,76.92307692307693,23.076923076923077,0.0,0.0
1294,0.431,1,0,12,11,9.0,4.31,58.333333333333336,16.666666666666664,25.0,0.0
1295,0.439,1,0,13,12,10.0,4.39,30.76923076923077,15.384615384615385,7.6923076923076925,46.15384615384615
1296,0.597,1,0,12,11,10.0,5.97,0.0,33.33333333333333,16.666666666666664,50.0
1297,0.338,1,0,11,10,10.0,3.38,0.0,54.54545454545454,0.0,45.45454545454545
1298,0.621,1,0,18,17,10.0,6.21,16.666666666666664,66.66666666666666,5.555555555555555,11.11111111111111
1299,0.445,1,0,12,11,10.0,4.45,0.0,66.66666666666666,33.33333333333333,0.0
1300,0.6,1,0,12,11,10.0,6.0,8.333333333333332,41.66666666666667,41.66666666666667,8.333333333333332
1301,0.554,1,0,19,18,10.0,5.54,5.263157894736842,26.31578947368421,36.84210526315789,31.57894736842105
1302,0.619,1,0,16,15,10.0,6.19,43.75,12.5,37.5,6.25
1303,0.7,1,0,19,18,10.0,7.0,0.0,21.052631578947366,21.052631578947366,57.89473684210527
1304,0.544,1,0,14,13,10.0,5.44,7.142857142857142,35.714285714285715,21.428571428571427,35.714285714285715
1305,0.722,1,0,20,19,10.0,7.22,5.0,50.0,25.0,20.0
1306,0.595,1,0,19,18,10.0,5.95,42.10526315789473,15.789473684210526,10.526315789473683,31.57894736842105
1307,0.444,1,0,11,10,10.0,4.44,45.45454545454545,18.181818181818183,27.27272727272727,9.090909090909092
1308,0.677,1,0,15,14,10.0,6.77,13.333333333333334,13.333333333333334,40.0,33.33333333333333
1309,0.45,1,0,12,11,10.0,4.5,0.0,33.33333333333333,0.0,66.66666666666666
1310,0.344,1,0,12,11,10.0,3.44,25.0,75.0,0.0,0.0
1311,0.495,1,0,12,11,10.0,4.95,75.0,8.333333333333332,16.666666666666664,0.0
1312,0.704,1,0,15,14,10.0,7.04,13.333333333333334,6.666666666666667,80.0,0.0
1313,0.422,1,0,8,7,10.0,4.22,0.0,75.0,12.5,12.5
1314,0.479,1,0,14,13,10.0,4.79,0.0,21.428571428571427,28.57142857142857,50.0
1315,0.571,1,0,16,15,10.0,5.71,0.0,12.5,81.25,6.25
1316,0.433,1,0,12,11,10.0,4.33,0.0,50.0,0.0,50.0
1317,0.471,1,0,11,10,10.0,4.71,36.36363636363637,18.181818181818183,9.090909090909092,36.36363636363637
1318,0.485,1,0,11,10,10.0,4.85,54.54545454545454,9.090909090909092,36.36363636363637,0.0
1319,0.533,1,0,13,12,10.0,5.33,30.76923076923077,23.076923076923077,38.46153846153847,7.6923076923076925
1320,0.538,1,0,14,13,10.0,5.38,21.428571428571427,21.428571428571427,35.714285714285715,21.428571428571427
1321,0.492,1,0,13,12,9.0,4.92,46.15384615384615,23.076923076923077,7.6923076923076925,23.076923076923077
1322,0.349,1,0,13,12,10.0,3.49,53.84615384615385,15.384615384615385,15.384615384615385,15.384615384615385
1323,0.514,1,0,13,12,10.0,5.14,23.076923076923077,15.384615384615385,46.15384615384615,15.384615384615385
1324,0.502,1,0,15,14,10.0,5.02,40.0,6.666666666666667,46.666666666666664,6.666666666666667
1325,0.506,1,0,15,14,10.0,5.06,0.0,40.0,20.0,40.0
1326,0.366,1,0,9,8,9.0,3.66,66.66666666666666,22.22222222222222,11.11111111111111,0.0
1327,0.65,1,0,20,19,10.0,6.5,25.0,50.0,20.0,5.0
1328,0.559,1,0,15,14,10.0,5.59,20.0,40.0,0.0,40.0
1329,0.441,1,0,10,9,9.0,4.41,0.0,20.0,30.0,50.0
1330,0.326,1,0,8,7,8.0,3.26,25.0,37.5,12.5,25.0
1331,0.494,1,0,17,16,9.0,4.94,0.0,23.52941176470588,29.411764705882355,47.05882352941176
1332,0.627,1,0,17,16,10.0,6.27,5.88235294117647,35.294117647058826,47.05882352941176,11.76470588235294
1333,0.313,1,0,11,10,10.0,3.13,0.0,27.27272727272727,54.54545454545454,18.181818181818183
1334,0.504,1,0,14,13,10.0,5.04,0.0,57.14285714285714,0.0,42.857142857142854
1335,0.495,1,0,13,12,10.0,4.95,30.76923076923077,7.6923076923076925,15.384615384615385,46.15384615384615
1336,0.534,1,0,14,13,9.0,5.34,14.285714285714285,35.714285714285715,7.142857142857142,42.857142857142854
1337,0.404,1,0,13,12,10.0,4.04,0.0,30.76923076923077,7.6923076923076925,61.53846153846154
1338,0.502,1,0,15,14,10.0,5.02,6.666666666666667,6.666666666666667,46.666666666666664,40.0
1339,0.421,1,0,11,10,10.0,4.21,18.181818181818183,18.181818181818183,18.181818181818183,45.45454545454545
1340,0.587,1,0,17,16,10.0,5.87,5.88235294117647,11.76470588235294,17.647058823529413,64.70588235294117
1341,0.578,1,0,16,15,10.0,5.78,18.75,12.5,12.5,56.25
1342,0.624,1,0,18,17,10.0,6.24,27.77777777777778,5.555555555555555,50.0,16.666666666666664
1343,0.488,1,0,12,11,9.0,4.88,16.666666666666664,58.333333333333336,25.0,0.0
1344,0.511,1,0,12,11,10.0,5.11,0.0,41.66666666666667,25.0,33.33333333333333
1345,0.711,1,0,17,16,10.0,7.11,23.52941176470588,23.52941176470588,52.94117647058824,0.0
1346,0.21,1,0,6,5,7.0,2.1,0.0,50.0,0.0,50.0
1347,0.414,1,0,11,10,9.0,4.14,9.090909090909092,18.181818181818183,0.0,72.72727272727273
1348,0.348,1,0,11,10,10.0,3.48,63.63636363636363,18.181818181818183,0.0,18.181818181818183
1349,0.48,1,0,13,12,10.0,4.8,46.15384615384615,15.384615384615385,30.76923076923077,7.6923076923076925
1350,0.484,1,0,11,10,10.0,4.84,27.27272727272727,27.27272727272727,0.0,45.45454545454545
1351,0.502,1,0,15,14,10.0,5.02,60.0,13.333333333333334,20.0,6.666666666666667
1352,0.57,1,0,13,12,10.0,5.7,7.6923076923076925,61.53846153846154,15.384615384615385,15.384615384615385
1353,0.559,1,0,17,16,10.0,5.59,17.647058823529413,29.411764705882355,11.76470588235294,41.17647058823529
1354,0.26,1,0,7,6,9.0,2.6,85.71428571428571,14.285714285714285,0.0,0.0
1355,0.454,1,0,12,11,10.0,4.54,41.66666666666667,16.666666666666664,25.0,16.666666666666664
1356,0.624,1,0,19,18,10.0,6.24,31.57894736842105,21.052631578947366,42.10526315789473,5.263157894736842
1357,0.678,1,0,21,20,10.0,6.78,4.761904761904762,52.38095238095239,28.57142857142857,14.285714285714285
1358,0.691,1,0,17,16,10.0,6.91,0.0,76.47058823529412,11.76470588235294,11.76470588235294
1359,0.661,1,0,16,15,10.0,6.61,37.5,6.25,56.25,0.0
1360,0.491,1,0,14,13,10.0,4.91,0.0,14.285714285714285,0.0,85.71428571428571
1361,0.514,1,0,13,12,10.0,5.14,0.0,61.53846153846154,30.76923076923077,7.6923076923076925
1362,0.593,1,0,20,19,10.0,5.93,0.0,70.0,10.0,20.0
1363,0.529,1,0,12,11,10.0,5.29,0.0,41.66666666666667,50.0,8.333333333333332
1364,0.48,1,0,14,13,10.0,4.8,14.285714285714285,14.285714285714285,42.857142857142854,28.57142857142857
1365,0.381,1,0,8,7,10.0,3.81,0.0,25.0,0.0,75.0
1366,0.438,1,0,15,14,10.0,4.38,66.66666666666666,26.666666666666668,0.0,6.666666666666667
1367,0.36,1,0,9,8,10.0,3.6,11.11111111111111,33.33333333333333,55.55555555555556,0.0
1368,0.479,1,0,13,12,10.0,4.79,15.384615384615385,23.076923076923077,30.76923076923077,30.76923076923077
1369,0.448,1,0,13,12,10.0,4.48,30.76923076923077,7.6923076923076925,15.384615384615385,46.15384615384615
1370,0.635,1,0,16,15,10.0,6.35,12.5,25.0,50.0,12.5
1371,0.573,1,0,12,11,10.0,5.73,0.0,25.0,41.66666666666667,33.33333333333333
1372,0.43,1,0,11,10,10.0,4.3,18.181818181818183,18.181818181818183,18.181818181818183,45.45454545454545
1373,0.47,1,0,15,14,10.0,4.7,26.666666666666668,20.0,0.0,53.333333333333336
1374,0.553,1,0,17,16,10.0,5.53,0.0,11.76470588235294,64.70588235294117,23.52941176470588
1375,0.495,1,0,12,11,10.0,4.95,25.0,8.333333333333332,41.66666666666667,25.0
1376,0.529,1,0,11,10,10.0,5.29,0.0,9.090909090909092,45.45454545454545,45.45454545454545
1377,0.551,1,0,13,12,10.0,5.51,0.0,15.384615384615385,38.46153846153847,46.15384615384615
1378,0.408,1,0,11,10,10.0,4.08,0.0,27.27272727272727,45.45454545454545,27.27272727272727
1379,0.36,1,0,9,8,10.0,3.6,0.0,22.22222222222222,11.11111111111111,66.66666666666666
1380,0.506,1,0,15,14,10.0,5.06,13.333333333333334,40.0,46.666666666666664,0.0
1381,0.536,1,0,15,14,10.0,5.36,0.0,20.0,33.33333333333333,46.666666666666664
1382,0.673,1,0,17,16,10.0,6.73,0.0,52.94117647058824,11.76470588235294,35.294117647058826
1383,0.677,1,0,15,14,10.0,6.77,0.0,26.666666666666668,26.666666666666668,46.666666666666664
1384,0.51,1,0,12,11,10.0,5.1,0.0,41.66666666666667,16.666666666666664,41.66666666666667
1385,0.326,1,0,7,6,9.0,3.26,0.0,28.57142857142857,28.57142857142857,42.857142857142854
1386,0.477,1,0,13,12,10.0,4.77,15.384615384615385,53.84615384615385,15.384615384615385,15.384615384615385
1387,0.523,1,0,15,14,10.0,5.23,6.666666666666667,60.0,0.0,33.33333333333333
1388,0.639,1,0,17,16,10.0,6.39,52.94117647058824,23.52941176470588,5.88235294117647,17.647058823529413
1389,0.484,1,0,10,9,10.0,4.84,10.0,20.0,30.0,40.0
1390,0.358,1,0,10,9,9.0,3.58,10.0,10.0,20.0,60.0
1391,0.5,1,0,13,12,10.0,5.0,15.384615384615385,53.84615384615385,15.384615384615385,15.384615384615385
1392,0.592,1,0,19,18,10.0,5.92,0.0,36.84210526315789,15.789473684210526,47.368421052631575
1393,0.613,1,0,18,17,10.0,6.13,5.555555555555555,11.11111111111111,44.44444444444444,38.88888888888889
1394,0.509,1,0,12,11,10.0,5.09,8.333333333333332,16.666666666666664,8.333333333333332,66.66666666666666
1395,0.433,1,0,11,10,10.0,4.33,0.0,18.181818181818183,72.72727272727273,9.090909090909092
1396,0.54,1,0,16,15,10.0,5.4,12.5,18.75,68.75,0.0
1397,0.544,1,0,12,11,10.0,5.44,0.0,58.333333333333336,33.33333333333333,8.333333333333332
1398,0.635,1,0,21,20,10.0,6.35,9.523809523809524,9.523809523809524,47.61904761904761,33.33333333333333
1399,0.483,1,0,11,10,10.0,4.83,45.45454545454545,27.27272727272727,9.090909090909092,18.181818181818183
1400,0.456,1,0,12,11,10.0,4.56,8.333333333333332,58.333333333333336,16.666666666666664,16.666666666666664
1401,0.431,1,0,12,11,10.0,4.31,8.333333333333332,8.333333333333332,8.333333333333332,75.0
1402,0.73,1,0,18,17,10.0,7.3,38.88888888888889,27.77777777777778,33.33333333333333,0.0
1403,0.437,1,0,12,11,10.0,4.37,66.66666666666666,16.666666666666664,16.666666666666664,0.0
1404,0.477,1,0,13,12,10.0,4.77,30.76923076923077,15.384615384615385,53.84615384615385,0.0
1405,0.558,1,0,15,14,10.0,5.58,6.666666666666667,86.66666666666667,0.0,6.666666666666667
1406,0.408,1,0,11,10,10.0,4.08,54.54545454545454,18.181818181818183,27.27272727272727,0.0
1407,0.624,1,0,18,17,10.0,6.24,0.0,66.66666666666666,27.77777777777778,5.555555555555555
1408,0.546,1,0,14,13,10.0,5.46,0.0,14.285714285714285,78.57142857142857,7.142857142857142
1409,0.403,1,0,9,8,10.0,4.03,11.11111111111111,33.33333333333333,0.0,55.55555555555556
1410,0.358,1,0,12,11,9.0,3.58,25.0,41.66666666666667,0.0,33.33333333333333
1411,0.511,1,0,10,9,10.0,5.11,10.0,30.0,10.0,50.0
1412,0.487,1,0,9,8,10.0,4.87,55.55555555555556,11.11111111111111,33.33333333333333,0.0
1413,0.596,1,0,16,15,9.0,5.96,18.75,37.5,37.5,6.25
1414,0.376,1,0,13,12,10.0,3.76,46.15384615384615,23.076923076923077,30.76923076923077,0.0
1415,0.55,1,0,12,11,10.0,5.5,50.0,50.0,0.0,0.0
1416,0.472,1,0,9,8,10.0,4.72,11.11111111111111,11.11111111111111,22.22222222222222,55.55555555555556
1417,0.569,1,0,14,13,10.0,5.69,7.142857142857142,50.0,21.428571428571427,21.428571428571427
1418,0.528,1,0,13,12,10.0,5.28,0.0,7.6923076923076925,0.0,92.3076923076923
1419,0.59,1,0,16,15,10.0,5.9,0.0,43.75,12.5,43.75
1420,0.365,1,0,12,11,9.0,3.65,0.0,41.66666666666667,33.33333333333333,25.0
1421,0.464,1,0,11,10,10.0,4.64,9.090909090909092,18.181818181818183,0.0,72.72727272727273
1422,0.359,1,0,14,13,10.0,3.59,0.0,35.714285714285715,57.14285714285714,7.142857142857142
1423,0.504,1,0,12,11,9.0,5.04,58.333333333333336,25.0,16.666666666666664,0.0
1424,0.453,1,0,17,16,9.0,4.53,11.76470588235294,35.294117647058826,23.52941176470588,29.411764705882355
1425,0.5,1,0,10,9,10.0,5.0,0.0,40.0,60.0,0.0
1426,0.369,1,0,9,8,10.0,3.69,0.0,22.22222222222222,55.55555555555556,22.22222222222222
1427,0.418,1,0,12,11,10.0,4.18,16.666666666666664,33.33333333333333,41.66666666666667,8.333333333333332
1428,0.35,1,0,10,9,9.0,3.5,70.0,20.0,0.0,10.0
1429,0.608,1,0,13,12,10.0,6.08,0.0,38.46153846153847,38.46153846153847,23.076923076923077
1430,0.646,1,0,14,13,10.0,6.46,21.428571428571427,21.428571428571427,21.428571428571427,35.714285714285715
1431,0.246,1,0,9,8,7.0,2.46,0.0,11.11111111111111,22.22222222222222,66.66666666666666
1432,0.484,1,0,18,17,10.0,4.84,5.555555555555555,27.77777777777778,0.0,66.66666666666666
1433,0.651,1,0,16,15,10.0,6.51,25.0,18.75,31.25,25.0
1434,0.554,1,0,11,10,10.0,5.54,9.090909090909092,18.181818181818183,54.54545454545454,18.181818181818183
1435,0.552,1,0,11,10,10.0,5.52,9.090909090909092,9.090909090909092,54.54545454545454,27.27272727272727
1436,0.34,1,0,9,8,10.0,3.4,0.0,22.22222222222222,44.44444444444444,33.33333333333333
1437,0.6,1,0,15,14,10.0,6.0,0.0,66.66666666666666,6.666666666666667,26.666666666666668
1438,0.437,1,0,11,10,10.0,4.37,45.45454545454545,45.45454545454545,0.0,9.090909090909092
1439,0.538,1,0,13,12,10.0,5.38,0.0,23.076923076923077,0.0,76.92307692307693
1440,0.475,1,0,10,9,9.0,4.75,30.0,30.0,10.0,30.0
1441,0.452,1,0,17,16,10.0,4.52,0.0,17.647058823529413,29.411764705882355,52.94117647058824
1442,0.619,1,0,16,15,10.0,6.19,12.5,37.5,6.25,43.75
1443,0.47,1,0,9,8,9.0,4.7,22.22222222222222,11.11111111111111,0.0,66.66666666666666
1444,0.556,1,0,15,14,10.0,5.56,6.666666666666667,20.0,73.33333333333333,0.0
1445,0.437,1,0,11,10,10.0,4.37,27.27272727272727,45.45454545454545,9.090909090909092,18.181818181818183
1446,0.556,1,0,11,10,10.0,5.56,36.36363636363637,9.090909090909092,54.54545454545454,0.0
1447,0.498,1,0,12,11,10.0,4.98,0.0,66.66666666666666,33.33333333333333,0.0
1448,0.375,1,0,7,6,10.0,3.75,0.0,28.57142857142857,28.57142857142857,42.857142857142854
1449,0.438,1,0,12,11,10.0,4.38,8.333333333333332,33.33333333333333,58.333333333333336,0.0
1450,0.534,1,0,15,14,10.0,5.34,0.0,40.0,20.0,40.0
1451,0.452,1,0,13,12,10.0,4.52,23.076923076923077,23.076923076923077,0.0,53.84615384615385
1452,0.542,1,0,15,14,10.0,5.42,0.0,26.666666666666668,13.333333333333334,60.0
1453,0.405,1,0,12,11,10.0,4.05,16.666666666666664,16.666666666666664,0.0,66.66666666666666
1454,0.492,1,0,14,13,10.0,4.92,50.0,14.285714285714285,14.285714285714285,21.428571428571427
1455,0.489,1,0,12,11,10.0,4.89,75.0,8.333333333333332,16.666666666666664,0.0
1456,0.684,1,0,20,19,10.0,6.84,0.0,45.0,30.0,25.0
1457,0.672,1,0,17,16,10.0,6.72,52.94117647058824,5.88235294117647,41.17647058823529,0.0
1458,0.535,1,0,14,13,10.0,5.35,7.142857142857142,28.57142857142857,21.428571428571427,42.857142857142854
1459,0.371,1,0,11,10,10.0,3.71,18.181818181818183,63.63636363636363,18.181818181818183,0.0
1460,0.645,1,0,13,12,10.0,6.45,38.46153846153847,7.6923076923076925,53.84615384615385,0.0
1461,0.586,1,0,15,14,10.0,5.86,26.666666666666668,26.666666666666668,26.666666666666668,20.0
1462,0.545,1,0,15,14,10.0,5.45,0.0,46.666666666666664,20.0,33.33333333333333
1463,0.539,1,0,14,13,10.0,5.39,0.0,42.857142857142854,35.714285714285715,21.428571428571427
1464,0.511,1,0,13,12,9.0,5.11,0.0,23.076923076923077,46.15384615384615,30.76923076923077
1465,0.627,1,0,21,20,10.0,6.27,19.047619047619047,19.047619047619047,42.857142857142854,19.047619047619047
1466,0.678,1,0,19,18,10.0,6.78,0.0,5.263157894736842,78.94736842105263,15.789473684210526
1467,0.621,1,0,16,15,10.0,6.21,0.0,18.75,43.75,37.5
1468,0.518,1,0,15,14,10.0,5.18,33.33333333333333,40.0,26.666666666666668,0.0
1469,0.708,1,0,14,13,10.0,7.08,0.0,50.0,21.428571428571427,28.57142857142857
1470,0.578,1,0,15,14,10.0,5.78,20.0,20.0,26.666666666666668,33.33333333333333
1471,0.54,1,0,11,10,10.0,5.4,9.090909090909092,18.181818181818183,72.72727272727273,0.0
1472,0.468,1,0,11,10,9.0,4.68,0.0,27.27272727272727,72.72727272727273,0.0
1473,0.564,1,0,16,15,10.0,5.64,0.0,31.25,37.5,31.25
1474,0.454,1,0,15,14,10.0,4.54,13.333333333333334,13.333333333333334,13.333333333333334,60.0
1475,0.38,1,0,12,11,10.0,3.8,0.0,33.33333333333333,16.666666666666664,50.0
1476,0.429,1,0,9,8,10.0,4.29,0.0,55.55555555555556,22.22222222222222,22.22222222222222
1477,0.55,1,0,19,18,10.0,5.5,0.0,21.052631578947366,0.0,78.94736842105263
1478,0.534,1,0,14,13,10.0,5.34,28.57142857142857,21.428571428571427,7.142857142857142,42.857142857142854
1479,0.453,1,0,12,11,9.0,4.53,41.66666666666667,25.0,33.33333333333333,0.0
1480,0.624,1,0,13,12,10.0,6.24,0.0,15.384615384615385,46.15384615384615,38.46153846153847
1481,0.528,1,0,17,16,10.0,5.28,11.76470588235294,23.52941176470588,47.05882352941176,17.647058823529413
1482,0.404,1,0,9,8,10.0,4.04,11.11111111111111,33.33333333333333,44.44444444444444,11.11111111111111
1483,0.327,1,0,11,10,10.0,3.27,27.27272727272727,18.181818181818183,54.54545454545454,0.0
1484,0.61,1,0,16,15,10.0,6.1,12.5,18.75,62.5,6.25
1485,0.527,1,0,16,15,10.0,5.27,6.25,31.25,0.0,62.5
1486,0.511,1,0,16,15,10.0,5.11,6.25,43.75,18.75,31.25
1487,0.576,1,0,14,13,10.0,5.76,42.857142857142854,35.714285714285715,14.285714285714285,7.142857142857142
1488,0.545,1,0,13,12,10.0,5.45,0.0,15.384615384615385,61.53846153846154,23.076923076923077
1489,0.62,1,0,19,18,10.0,6.2,5.263157894736842,15.789473684210526,10.526315789473683,68.42105263157895
1490,0.41,1,0,8,7,10.0,4.1,0.0,25.0,12.5,62.5
1491,0.564,1,0,14,13,10.0,5.64,35.714285714285715,28.57142857142857,35.714285714285715,0.0
1492,0.419,1,0,12,11,10.0,4.19,25.0,25.0,0.0,50.0
1493,0.456,1,0,12,11,10.0,4.56,33.33333333333333,16.666666666666664,25.0,25.0
1494,0.679,1,0,13,12,10.0,6.79,38.46153846153847,7.6923076923076925,30.76923076923077,23.076923076923077
1495,0.488,1,0,15,14,10.0,4.88,0.0,20.0,80.0,0.0
1496,0.46,1,0,14,13,9.0,4.6,14.285714285714285,42.857142857142854,21.428571428571427,21.428571428571427
1497,0.32,1,0,10,9,10.0,3.2,10.0,40.0,50.0,0.0
1498,0.639,1,0,15,14,10.0,6.39,20.0,26.666666666666668,46.666666666666664,6.666666666666667
1499,0.494,1,0,13,12,9.0,4.94,7.6923076923076925,84.61538461538461,0.0,7.6923076923076925
1500,0.613,1,0,16,15,10.0,6.13,37.5,18.75,37.5,6.25
1501,0.167,1,0,6,5,6.0,1.67,33.33333333333333,33.33333333333333,16.666666666666664,16.666666666666664
1502,0.368,1,0,8,7,9.0,3.68,25.0,25.0,37.5,12.5
1503,0.646,1,0,16,15,10.0,6.46,0.0,25.0,43.75,31.25
1504,0.539,1,0,15,14,10.0,5.39,33.33333333333333,13.333333333333334,53.333333333333336,0.0
1505,0.464,1,0,12,11,10.0,4.64,25.0,25.0,41.66666666666667,8.333333333333332
1506,0.482,1,0,13,12,10.0,4.82,61.53846153846154,23.076923076923077,0.0,15.384615384615385
1507,0.401,1,0,9,8,10.0,4.01,0.0,33.33333333333333,0.0,66.66666666666666
1508,0.584,1,0,14,13,9.0,5.84,28.57142857142857,21.428571428571427,21.428571428571427,28.57142857142857
1509,0.395,1,0,9,8,10.0,3.95,55.55555555555556,22.22222222222222,22.22222222222222,0.0
1510,0.569,1,0,14,13,10.0,5.69,7.142857142857142,7.142857142857142,42.857142857142854,42.857142857142854
1511,0.495,1,0,10,9,10.0,4.95,20.0,10.0,0.0,70.0
1512,0.73,1,0,17,16,10.0,7.3,17.647058823529413,23.52941176470588,58.82352941176471,0.0
1513,0.471,1,0,12,11,10.0,4.71,0.0,16.666666666666664,41.66666666666667,41.66666666666667
1514,0.465,1,0,12,11,10.0,4.65,0.0,8.333333333333332,66.66666666666666,25.0
1515,0.668,1,0,19,18,10.0,6.68,15.789473684210526,68.42105263157895,10.526315789473683,5.263157894736842
1516,0.601,1,0,14,13,10.0,6.01,0.0,21.428571428571427,64.28571428571429,14.285714285714285
1517,0.546,1,0,16,15,10.0,5.46,18.75,6.25,12.5,62.5
1518,0.286,1,0,9,8,9.0,2.86,55.55555555555556,33.33333333333333,0.0,11.11111111111111
1519,0.517,1,0,14,13,10.0,5.17,0.0,7.142857142857142,0.0,92.85714285714286
1520,0.421,1,0,8,7,9.0,4.21,25.0,12.5,0.0,62.5
1521,0.54,1,0,16,15,10.0,5.4,12.5,87.5,0.0,0.0
1522,0.46,1,0,13,12,10.0,4.6,46.15384615384615,53.84615384615385,0.0,0.0
1523,0.404,1,0,11,10,10.0,4.04,0.0,63.63636363636363,0.0,36.36363636363637
1524,0.405,1,0,10,9,10.0,4.05,10.0,30.0,30.0,30.0
1525,0.565,1,0,13,12,10.0,5.65,15.384615384615385,38.46153846153847,15.384615384615385,30.76923076923077
1526,0.577,1,0,12,11,9.0,5.77,25.0,33.33333333333333,16.666666666666664,25.0
1527,0.561,1,0,12,11,10.0,5.61,8.333333333333332,16.666666666666664,41.66666666666667,33.33333333333333
1528,0.593,1,0,19,18,10.0,5.93,5.263157894736842,52.63157894736842,21.052631578947366,21.052631578947366
1529,0.652,1,0,16,15,10.0,6.52,37.5,43.75,6.25,12.5
1530,0.454,1,0,12,11,10.0,4.54,33.33333333333333,25.0,8.333333333333332,33.33333333333333
1531,0.626,1,0,13,12,10.0,6.26,0.0,100.0,0.0,0.0
1532,0.65,1,0,17,16,10.0,6.5,0.0,11.76470588235294,11.76470588235294,76.47058823529412
1533,0.371,1,0,11,10,10.0,3.71,45.45454545454545,27.27272727272727,18.181818181818183,9.090909090909092
1534,0.52,1,0,16,15,10.0,5.2,25.0,25.0,12.5,37.5
1535,0.401,1,0,12,11,10.0,4.01,16.666666666666664,16.666666666666664,16.666666666666664,50.0
1536,0.612,1,0,16,15,10.0,6.12,6.25,68.75,6.25,18.75
1537,0.5,1,0,12,11,10.0,5.0,25.0,8.333333333333332,0.0,66.66666666666666
1538,0.504,1,0,13,12,10.0,5.04,38.46153846153847,30.76923076923077,0.0,30.76923076923077
1539,0.53,1,0,15,14,10.0,5.3,0.0,20.0,26.666666666666668,53.333333333333336
1540,0.63,1,0,14,13,10.0,6.3,0.0,14.285714285714285,78.57142857142857,7.142857142857142
1541,0.604,1,0,17,16,10.0,6.04,11.76470588235294,29.411764705882355,29.411764705882355,29.411764705882355
1542,0.471,1,0,12,11,10.0,4.71,0.0,41.66666666666667,41.66666666666667,16.666666666666664
1543,0.544,1,0,12,11,10.0,5.44,41.66666666666667,16.666666666666664,0.0,41.66666666666667
1544,0.553,1,0,14,13,10.0,5.53,0.0,57.14285714285714,42.857142857142854,0.0
1545,0.473,1,0,10,9,9.0,4.73,10.0,20.0,40.0,30.0
1546,0.544,1,0,13,12,10.0,5.44,23.076923076923077,15.384615384615385,38.46153846153847,23.076923076923077
1547,0.568,1,0,15,14,10.0,5.68,13.333333333333334,20.0,6.666666666666667,60.0
1548,0.483,1,0,15,14,10.0,4.83,53.333333333333336,13.333333333333334,0.0,33.33333333333333
1549,0.392,1,0,11,10,9.0,3.92,27.27272727272727,63.63636363636363,9.090909090909092,0.0
1550,0.457,1,0,10,9,9.0,4.57,10.0,20.0,40.0,30.0
1551,0.546,1,0,17,16,10.0,5.46,29.411764705882355,23.52941176470588,47.05882352941176,0.0
1552,0.321,1,0,10,9,9.0,3.21,50.0,20.0,0.0,30.0
1553,0.607,1,0,18,17,10.0,6.07,0.0,66.66666666666666,5.555555555555555,27.77777777777778
1554,0.648,1,0,19,18,10.0,6.48,5.263157894736842,10.526315789473683,21.052631578947366,63.1578947368421
1555,0.574,1,0,16,15,10.0,5.74,0.0,12.5,62.5,25.0
1556,0.625,1,0,16,15,10.0,6.25,12.5,75.0,6.25,6.25
1557,0.609,1,0,13,12,10.0,6.09,15.384615384615385,15.384615384615385,15.384615384615385,53.84615384615385
1558,0.586,1,0,16,15,10.0,5.86,12.5,43.75,6.25,37.5
1559,0.359,1,0,7,6,10.0,3.59,57.14285714285714,14.285714285714285,28.57142857142857,0.0
1560,0.524,1,0,15,14,10.0,5.24,0.0,6.666666666666667,6.666666666666667,86.66666666666667
1561,0.402,1,0,12,11,10.0,4.02,8.333333333333332,16.666666666666664,16.666666666666664,58.333333333333336
1562,0.577,1,0,20,19,10.0,5.77,0.0,45.0,20.0,35.0
1563,0.227,1,0,8,7,8.0,2.27,12.5,50.0,25.0,12.5
1564,0.548,1,0,14,13,10.0,5.48,7.142857142857142,28.57142857142857,28.57142857142857,35.714285714285715
1565,0.402,1,0,10,9,10.0,4.02,0.0,30.0,0.0,70.0
1566,0.345,1,0,9,8,10.0,3.45,44.44444444444444,22.22222222222222,22.22222222222222,11.11111111111111
1567,0.557,1,0,14,13,10.0,5.57,57.14285714285714,7.142857142857142,35.714285714285715,0.0
1568,0.58,1,0,14,13,10.0,5.8,21.428571428571427,7.142857142857142,14.285714285714285,57.14285714285714
1569,0.416,1,0,15,14,10.0,4.16,46.666666666666664,53.333333333333336,0.0,0.0
1570,0.651,1,0,17,16,10.0,6.51,0.0,47.05882352941176,23.52941176470588,29.411764705882355
1571,0.45,1,0,12,11,10.0,4.5,0.0,25.0,75.0,0.0
1572,0.61,1,0,25,24,10.0,6.1,0.0,40.0,4.0,56.00000000000001
1573,0.537,1,0,14,13,9.0,5.37,7.142857142857142,42.857142857142854,28.57142857142857,21.428571428571427
1574,0.56,1,0,16,15,10.0,5.6,0.0,12.5,25.0,62.5
1575,0.506,1,0,15,14,10.0,5.06,53.333333333333336,20.0,0.0,26.666666666666668
1576,0.387,1,0,8,7,10.0,3.87,62.5,12.5,25.0,0.0
1577,0.339,1,0,8,7,8.0,3.39,37.5,25.0,0.0,37.5
1578,0.445,1,0,12,11,10.0,4.45,0.0,16.666666666666664,41.66666666666667,41.66666666666667
1579,0.373,1,0,10,9,9.0,3.73,10.0,20.0,40.0,30.0
1580,0.586,1,0,19,18,10.0,5.86,10.526315789473683,52.63157894736842,5.263157894736842,31.57894736842105
1581,0.445,1,0,9,8,10.0,4.45,0.0,11.11111111111111,22.22222222222222,66.66666666666666
1582,0.493,1,0,20,19,10.0,4.93,35.0,15.0,25.0,25.0
1583,0.377,1,0,9,8,10.0,3.77,22.22222222222222,22.22222222222222,11.11111111111111,44.44444444444444
1584,0.617,1,0,13,12,10.0,6.17,38.46153846153847,23.076923076923077,38.46153846153847,0.0
1585,0.442,1,0,9,8,10.0,4.42,0.0,22.22222222222222,55.55555555555556,22.22222222222222
1586,0.733,1,0,21,20,10.0,7.33,0.0,28.57142857142857,33.33333333333333,38.095238095238095
1587,0.57,1,0,14,13,10.0,5.7,42.857142857142854,14.285714285714285,21.428571428571427,21.428571428571427
1588,0.485,1,0,14,13,10.0,4.85,14.285714285714285,21.428571428571427,14.285714285714285,50.0
1589,0.654,1,0,16,15,10.0,6.54,0.0,31.25,37.5,31.25
1590,0.58,1,0,15,14,10.0,5.8,26.666666666666668,6.666666666666667,6.666666666666667,60.0
1591,0.431,1,0,12,11,10.0,4.31,0.0,16.666666666666664,25.0,58.333333333333336
1592,0.616,1,0,19,18,10.0,6.16,0.0,57.89473684210527,15.789473684210526,26.31578947368421
1593,0.686,1,0,20,19,10.0,6.86,40.0,20.0,5.0,35.0
1594,0.429,1,0,10,9,10.0,4.29,0.0,80.0,10.0,10.0
1595,0.344,1,0,10,9,9.0,3.44,10.0,20.0,0.0,70.0
1596,0.683,1,0,13,12,10.0,6.83,7.6923076923076925,15.384615384615385,69.23076923076923,7.6923076923076925
1597,0.446,1,0,14,13,10.0,4.46,21.428571428571427,21.428571428571427,7.142857142857142,50.0
1598,0.416,1,0,10,9,10.0,4.16,10.0,60.0,0.0,30.0
1599,0.615,1,0,15,14,10.0,6.15,13.333333333333334,13.333333333333334,26.666666666666668,46.666666666666664
1600,0.585,1,0,15,14,10.0,5.85,33.33333333333333,6.666666666666667,26.666666666666668,33.33333333333333
1601,0.456,1,0,12,11,10.0,4.56,50.0,8.333333333333332,8.333333333333332,33.33333333333333
1602,0.492,1,0,13,12,10.0,4.92,7.6923076923076925,30.76923076923077,38.46153846153847,23.076923076923077
1603,0.663,1,0,15,14,10.0,6.63,6.666666666666667,13.333333333333334,20.0,60.0
1604,0.584,1,0,14,13,10.0,5.84,0.0,28.57142857142857,35.714285714285715,35.714285714285715
1605,0.465,1,0,12,11,9.0,4.65,66.66666666666666,8.333333333333332,25.0,0.0
1606,0.659,1,0,15,14,10.0,6.59,0.0,26.666666666666668,46.666666666666664,26.666666666666668
1607,0.527,1,0,16,15,10.0,5.27,0.0,43.75,18.75,37.5
1608,0.491,1,0,14,13,10.0,4.91,35.714285714285715,14.285714285714285,0.0,50.0
1609,0.494,1,0,15,14,10.0,4.94,0.0,73.33333333333333,20.0,6.666666666666667
1610,0.549,1,0,15,14,10.0,5.49,6.666666666666667,20.0,73.33333333333333,0.0
1611,0.614,1,0,16,15,10.0,6.14,37.5,12.5,43.75,6.25
1612,0.651,1,0,14,13,10.0,6.51,14.285714285714285,14.285714285714285,64.28571428571429,7.142857142857142
1613,0.663,1,0,18,17,10.0,6.63,5.555555555555555,16.666666666666664,66.66666666666666,11.11111111111111
1614,0.25,1,0,9,8,9.0,2.5,33.33333333333333,22.22222222222222,11.11111111111111,33.33333333333333
1615,0.633,1,0,15,14,10.0,6.33,20.0,26.666666666666668,40.0,13.333333333333334
1616,0.426,1,0,13,12,10.0,4.26,38.46153846153847,53.84615384615385,7.6923076923076925,0.0
1617,0.507,1,0,12,11,10.0,5.07,33.33333333333333,25.0,0.0,41.66666666666667
1618,0.377,1,0,9,8,9.0,3.77,11.11111111111111,55.55555555555556,11.11111111111111,22.22222222222222
1619,0.611,1,0,14,13,10.0,6.11,42.857142857142854,7.142857142857142,21.428571428571427,28.57142857142857
1620,0.516,1,0,11,10,10.0,5.16,18.181818181818183,9.090909090909092,63.63636363636363,9.090909090909092
1621,0.672,1,0,20,19,10.0,6.72,10.0,65.0,0.0,25.0
1622,0.498,1,0,10,9,10.0,4.98,40.0,40.0,0.0,20.0
1623,0.356,1,0,8,7,9.0,3.56,37.5,25.0,0.0,37.5
1624,0.457,1,0,12,11,9.0,4.57,8.333333333333332,33.33333333333333,8.333333333333332,50.0
1625,0.498,1,0,14,13,10.0,4.98,0.0,21.428571428571427,42.857142857142854,35.714285714285715
1626,0.53,1,0,14,13,9.0,5.3,28.57142857142857,42.857142857142854,14.285714285714285,14.285714285714285
1627,0.528,1,0,14,13,10.0,5.28,28.57142857142857,50.0,0.0,21.428571428571427
1628,0.338,1,0,10,9,10.0,3.38,0.0,40.0,0.0,60.0
1629,0.667,1,0,20,19,10.0,6.67,45.0,15.0,30.0,10.0
1630,0.406,1,0,9,8,8.0,4.06,0.0,66.66666666666666,0.0,33.33333333333333
1631,0.659,1,0,17,16,10.0,6.59,52.94117647058824,5.88235294117647,35.294117647058826,5.88235294117647
1632,0.408,1,0,11,10,10.0,4.08,27.27272727272727,18.181818181818183,27.27272727272727,27.27272727272727
1633,0.535,1,0,11,10,10.0,5.35,45.45454545454545,27.27272727272727,27.27272727272727,0.0
1634,0.502,1,0,19,18,10.0,5.02,26.31578947368421,10.526315789473683,10.526315789473683,52.63157894736842
1635,0.434,1,0,12,11,10.0,4.34,0.0,41.66666666666667,50.0,8.333333333333332
1636,0.611,1,0,14,13,10.0,6.11,0.0,28.57142857142857,21.428571428571427,50.0
1637,0.457,1,0,12,11,10.0,4.57,33.33333333333333,25.0,41.66666666666667,0.0
1638,0.644,1,0,17,16,10.0,6.44,5.88235294117647,11.76470588235294,58.82352941176471,23.52941176470588
1639,0.535,1,0,16,15,10.0,5.35,0.0,68.75,0.0,31.25
1640,0.421,1,0,12,11,10.0,4.21,16.666666666666664,16.666666666666664,8.333333333333332,58.333333333333336
1641,0.419,1,0,8,7,10.0,4.19,0.0,12.5,0.0,87.5
1642,0.484,1,0,14,13,10.0,4.84,7.142857142857142,35.714285714285715,14.285714285714285,42.857142857142854
1643,0.56,1,0,12,11,10.0,5.6,0.0,33.33333333333333,25.0,41.66666666666667
1644,0.301,1,0,8,7,9.0,3.01,12.5,12.5,0.0,75.0
1645,0.495,1,0,16,15,10.0,4.95,6.25,37.5,31.25,25.0
1646,0.386,1,0,9,8,9.0,3.86,11.11111111111111,33.33333333333333,44.44444444444444,11.11111111111111
1647,0.39,1,0,10,9,9.0,3.9,70.0,10.0,10.0,10.0
1648,0.489,1,0,16,15,10.0,4.89,6.25,12.5,0.0,81.25
1649,0.556,1,0,11,10,10.0,5.56,9.090909090909092,27.27272727272727,63.63636363636363,0.0
1650,0.407,1,0,10,9,10.0,4.07,10.0,20.0,0.0,70.0
1651,0.364,1,0,10,9,10.0,3.64,20.0,20.0,0.0,60.0
1652,0.545,1,0,13,12,9.0,5.45,0.0,46.15384615384615,15.384615384615385,38.46153846153847
1653,0.263,1,0,7,6,7.0,2.63,28.57142857142857,28.57142857142857,14.285714285714285,28.57142857142857
1654,0.436,1,0,13,12,10.0,4.36,38.46153846153847,15.384615384615385,30.76923076923077,15.384615384615385
1655,0.636,1,0,18,17,10.0,6.36,33.33333333333333,22.22222222222222,38.88888888888889,5.555555555555555
1656,0.405,1,0,10,9,9.0,4.05,50.0,10.0,0.0,40.0
1657,0.631,1,0,16,15,10.0,6.31,0.0,43.75,43.75,12.5
1658,0.604,1,0,16,15,10.0,6.04,0.0,6.25,50.0,43.75
1659,0.698,1,0,17,16,10.0,6.98,23.52941176470588,41.17647058823529,35.294117647058826,0.0
1660,0.397,1,0,13,12,9.0,3.97,15.384615384615385,23.076923076923077,7.6923076923076925,53.84615384615385
1661,0.626,1,0,14,13,10.0,6.26,0.0,21.428571428571427,35.714285714285715,42.857142857142854
1662,0.589,1,0,14,13,10.0,5.89,21.428571428571427,28.57142857142857,28.57142857142857,21.428571428571427
1663,0.639,1,0,14,13,10.0,6.39,28.57142857142857,14.285714285714285,42.857142857142854,14.285714285714285
1664,0.563,1,0,12,11,10.0,5.63,58.333333333333336,16.666666666666664,25.0,0.0
1665,0.439,1,0,11,10,10.0,4.39,0.0,36.36363636363637,18.181818181818183,45.45454545454545
1666,0.571,1,0,15,14,10.0,5.71,6.666666666666667,20.0,46.666666666666664,26.666666666666668
1667,0.558,1,0,15,14,10.0,5.58,66.66666666666666,6.666666666666667,26.666666666666668,0.0
1668,0.358,1,0,11,10,9.0,3.58,54.54545454545454,36.36363636363637,9.090909090909092,0.0
1669,0.488,1,0,16,15,10.0,4.88,6.25,25.0,0.0,68.75
1670,0.629,1,0,19,18,10.0,6.29,15.789473684210526,47.368421052631575,10.526315789473683,26.31578947368421
1671,0.531,1,0,13,12,10.0,5.31,23.076923076923077,15.384615384615385,30.76923076923077,30.76923076923077
1672,0.643,1,0,17,16,10.0,6.43,0.0,29.411764705882355,58.82352941176471,11.76470588235294
1673,0.463,1,0,12,11,9.0,4.63,75.0,16.666666666666664,0.0,8.333333333333332
1674,0.685,1,0,17,16,10.0,6.85,35.294117647058826,47.05882352941176,0.0,17.647058823529413
1675,0.316,1,0,7,6,10.0,3.16,42.857142857142854,28.57142857142857,28.57142857142857,0.0
1676,0.536,1,0,12,11,10.0,5.36,16.666666666666664,25.0,58.333333333333336,0.0
1677,0.289,1,0,9,8,10.0,2.89,0.0,33.33333333333333,11.11111111111111,55.55555555555556
1678,0.643,1,0,15,14,10.0,6.43,0.0,60.0,0.0,40.0
1679,0.515,1,0,10,9,9.0,5.15,0.0,10.0,60.0,30.0
1680,0.428,1,0,12,11,10.0,4.28,8.333333333333332,16.666666666666664,41.66666666666667,33.33333333333333
1681,0.699,1,0,18,17,10.0,6.99,22.22222222222222,50.0,5.555555555555555,22.22222222222222
1682,0.616,1,0,16,15,10.0,6.16,0.0,25.0,62.5,12.5
1683,0.548,1,0,14,13,10.0,5.48,21.428571428571427,7.142857142857142,42.857142857142854,28.57142857142857
1684,0.499,1,0,11,10,10.0,4.99,36.36363636363637,9.090909090909092,27.27272727272727,27.27272727272727
1685,0.458,1,0,12,11,10.0,4.58,50.0,25.0,25.0,0.0
1686,0.684,1,0,16,15,10.0,6.84,12.5,62.5,0.0,25.0
1687,0.441,1,0,13,12,10.0,4.41,0.0,7.6923076923076925,0.0,92.3076923076923
1688,0.388,1,0,11,10,10.0,3.88,36.36363636363637,9.090909090909092,18.181818181818183,36.36363636363637
1689,0.41,1,0,13,12,10.0,4.1,0.0,38.46153846153847,61.53846153846154,0.0
1690,0.533,1,0,17,16,10.0,5.33,5.88235294117647,23.52941176470588,11.76470588235294,58.82352941176471
1691,0.484,1,0,13,12,10.0,4.84,0.0,7.6923076923076925,38.46153846153847,53.84615384615385
1692,0.39,1,0,12,11,10.0,3.9,25.0,16.666666666666664,50.0,8.333333333333332
1693,0.386,1,0,12,11,9.0,3.86,0.0,33.33333333333333,0.0,66.66666666666666
1694,0.46,1,0,15,14,10.0,4.6,0.0,26.666666666666668,66.66666666666666,6.666666666666667
1695,0.396,1,0,8,7,10.0,3.96,0.0,12.5,25.0,62.5
1696,0.713,1,0,18,17,10.0,7.13,22.22222222222222,11.11111111111111,38.88888888888889,27.77777777777778
1697,0.31,1,0,7,6,8.0,3.1,0.0,57.14285714285714,0.0,42.857142857142854
1698,0.43,1,0,13,12,10.0,4.3,0.0,53.84615384615385,7.6923076923076925,38.46153846153847
1699,0.577,1,0,12,11,10.0,5.77,41.66666666666667,33.33333333333333,0.0,25.0
1700,0.468,1,0,13,12,10.0,4.68,23.076923076923077,30.76923076923077,23.076923076923077,23.076923076923077
1701,0.419,1,0,11,10,10.0,4.19,18.181818181818183,18.181818181818183,54.54545454545454,9.090909090909092
1702,0.537,1,0,11,10,10.0,5.37,63.63636363636363,36.36363636363637,0.0,0.0
1703,0.568,1,0,14,13,10.0,5.68,0.0,21.428571428571427,57.14285714285714,21.428571428571427
1704,0.489,1,0,12,11,10.0,4.89,0.0,16.666666666666664,33.33333333333333,50.0
1705,0.587,1,0,17,16,10.0,5.87,0.0,35.294117647058826,23.52941176470588,41.17647058823529
1706,0.672,1,0,18,17,10.0,6.72,27.77777777777778,33.33333333333333,5.555555555555555,33.33333333333333
1707,0.517,1,0,13,12,10.0,5.17,15.384615384615385,15.384615384615385,38.46153846153847,30.76923076923077
1708,0.569,1,0,20,19,10.0,5.69,35.0,35.0,15.0,15.0
1709,0.423,1,0,8,7,10.0,4.23,12.5,25.0,25.0,37.5
1710,0.668,1,0,14,13,10.0,6.68,42.857142857142854,14.285714285714285,42.857142857142854,0.0
1711,0.526,1,0,12,11,10.0,5.26,0.0,33.33333333333333,25.0,41.66666666666667
1712,0.597,1,0,14,13,9.0,5.97,14.285714285714285,42.857142857142854,42.857142857142854,0.0
1713,0.422,1,0,17,16,10.0,4.22,0.0,70.58823529411765,17.647058823529413,11.76470588235294
1714,0.341,1,0,13,12,10.0,3.41,0.0,30.76923076923077,15.384615384615385,53.84615384615385
1715,0.426,1,0,8,7,10.0,4.26,12.5,37.5,50.0,0.0
1716,0.633,1,0,17,16,10.0,6.33,0.0,17.647058823529413,41.17647058823529,41.17647058823529
1717,0.486,1,0,13,12,10.0,4.86,15.384615384615385,46.15384615384615,0.0,38.46153846153847
1718,0.617,1,0,19,18,10.0,6.17,36.84210526315789,57.89473684210527,5.263157894736842,0.0
1719,0.59,1,0,20,19,10.0,5.9,0.0,40.0,55.00000000000001,5.0
1720,0.476,1,0,11,10,10.0,4.76,0.0,36.36363636363637,0.0,63.63636363636363
1721,0.504,1,0,19,18,10.0,5.04,52.63157894736842,26.31578947368421,0.0,21.052631578947366
1722,0.419,1,0,15,14,9.0,4.19,0.0,53.333333333333336,13.333333333333334,33.33333333333333
1723,0.593,1,0,15,14,10.0,5.93,0.0,13.333333333333334,26.666666666666668,60.0
1724,0.575,1,0,18,17,10.0,5.75,55.55555555555556,16.666666666666664,27.77777777777778,0.0
1725,0.496,1,0,15,14,9.0,4.96,33.33333333333333,26.666666666666668,40.0,0.0
1726,0.517,1,0,16,15,10.0,5.17,0.0,18.75,6.25,75.0
1727,0.556,1,0,16,15,10.0,5.56,0.0,12.5,50.0,37.5
1728,0.515,1,0,11,10,10.0,5.15,0.0,63.63636363636363,27.27272727272727,9.090909090909092
1729,0.373,1,0,12,11,10.0,3.73,50.0,16.666666666666664,16.666666666666664,16.666666666666664
1730,0.412,1,0,13,12,10.0,4.12,15.384615384615385,46.15384615384615,15.384615384615385,23.076923076923077
1731,0.442,1,0,15,14,10.0,4.42,0.0,20.0,53.333333333333336,26.666666666666668
1732,0.573,1,0,12,11,10.0,5.73,0.0,16.666666666666664,75.0,8.333333333333332
1733,0.586,1,0,15,14,10.0,5.86,13.333333333333334,0.0,26.666666666666668,60.0
1734,0.574,1,0,18,17,10.0,5.74,0.0,27.77777777777778,0.0,72.22222222222221
1735,0.593,1,0,17,16,10.0,5.93,0.0,17.647058823529413,64.70588235294117,17.647058823529413
1736,0.383,1,0,12,11,9.0,3.83,50.0,16.666666666666664,33.33333333333333,0.0
1737,0.591,1,0,16,15,10.0,5.91,25.0,18.75,18.75,37.5
1738,0.369,1,0,11,10,10.0,3.69,36.36363636363637,18.181818181818183,9.090909090909092,36.36363636363637
1739,0.413,1,0,11,10,10.0,4.13,0.0,36.36363636363637,0.0,63.63636363636363
1740,0.608,1,0,19,18,10.0,6.08,0.0,47.368421052631575,5.263157894736842,47.368421052631575
1741,0.494,1,0,14,13,10.0,4.94,0.0,7.142857142857142,50.0,42.857142857142854
1742,0.658,1,0,18,17,10.0,6.58,0.0,55.55555555555556,38.88888888888889,5.555555555555555
1743,0.364,1,0,7,6,10.0,3.64,14.285714285714285,14.285714285714285,42.857142857142854,28.57142857142857
1744,0.367,1,0,15,14,10.0,3.67,0.0,20.0,66.66666666666666,13.333333333333334
1745,0.575,1,0,17,16,10.0,5.75,0.0,64.70588235294117,23.52941176470588,11.76470588235294
1746,0.376,1,0,10,9,10.0,3.76,30.0,20.0,10.0,40.0
1747,0.479,1,0,17,16,10.0,4.79,0.0,29.411764705882355,5.88235294117647,64.70588235294117
1748,0.494,1,0,17,16,10.0,4.94,17.647058823529413,17.647058823529413,35.294117647058826,29.411764705882355
1749,0.428,1,0,12,11,10.0,4.28,41.66666666666667,25.0,0.0,33.33333333333333
1750,0.513,1,0,11,10,10.0,5.13,18.181818181818183,27.27272727272727,27.27272727272727,27.27272727272727
1751,0.247,1,0,5,4,9.0,2.47,20.0,20.0,20.0,40.0
1752,0.505,1,0,16,15,10.0,5.05,0.0,18.75,18.75,62.5
1753,0.491,1,0,12,11,10.0,4.91,16.666666666666664,25.0,58.333333333333336,0.0
1754,0.449,1,0,15,14,10.0,4.49,0.0,13.333333333333334,46.666666666666664,40.0
1755,0.309,1,0,9,8,9.0,3.09,11.11111111111111,22.22222222222222,0.0,66.66666666666666
1756,0.606,1,0,14,13,10.0,6.06,7.142857142857142,42.857142857142854,42.857142857142854,7.142857142857142
1757,0.517,1,0,14,13,10.0,5.17,57.14285714285714,35.714285714285715,7.142857142857142,0.0
1758,0.478,1,0,14,13,10.0,4.78,0.0,64.28571428571429,28.57142857142857,7.142857142857142
1759,0.532,1,0,13,12,10.0,5.32,7.6923076923076925,30.76923076923077,53.84615384615385,7.6923076923076925
1760,0.474,1,0,14,13,10.0,4.74,0.0,35.714285714285715,7.142857142857142,57.14285714285714
1761,0.624,1,0,19,18,10.0,6.24,5.263157894736842,36.84210526315789,31.57894736842105,26.31578947368421
1762,0.457,1,0,10,9,10.0,4.57,10.0,20.0,40.0,30.0
1763,0.658,1,0,18,17,10.0,6.58,0.0,22.22222222222222,55.55555555555556,22.22222222222222
1764,0.454,1,0,14,13,8.0,4.54,0.0,71.42857142857143,28.57142857142857,0.0
1765,0.575,1,0,17,16,10.0,5.75,5.88235294117647,58.82352941176471,35.294117647058826,0.0
1766,0.45,1,0,11,10,10.0,4.5,18.181818181818183,27.27272727272727,36.36363636363637,18.181818181818183
1767,0.548,1,0,19,18,10.0,5.48,52.63157894736842,15.789473684210526,31.57894736842105,0.0
1768,0.346,1,0,8,7,10.0,3.46,50.0,25.0,25.0,0.0
1769,0.402,1,0,11,10,10.0,4.02,9.090909090909092,9.090909090909092,0.0,81.81818181818183
1770,0.476,1,0,14,13,10.0,4.76,0.0,21.428571428571427,64.28571428571429,14.285714285714285
1771,0.57,1,0,14,13,10.0,5.7,14.285714285714285,28.57142857142857,42.857142857142854,14.285714285714285
1772,0.541,1,0,13,12,10.0,5.41,30.76923076923077,23.076923076923077,7.6923076923076925,38.46153846153847
1773,0.392,1,0,13,12,10.0,3.92,23.076923076923077,23.076923076923077,30.76923076923077,23.076923076923077
1774,0.518,1,0,12,11,10.0,5.18,0.0,25.0,33.33333333333333,41.66666666666667
1775,0.615,1,0,18,17,10.0,6.15,5.555555555555555,55.55555555555556,27.77777777777778,11.11111111111111
1776,0.463,1,0,14,13,10.0,4.63,50.0,7.142857142857142,42.857142857142854,0.0
1777,0.44,1,0,11,10,10.0,4.4,9.090909090909092,18.181818181818183,0.0,72.72727272727273
1778,0.544,1,0,20,19,10.0,5.44,5.0,40.0,30.0,25.0
1779,0.437,1,0,11,10,10.0,4.37,0.0,27.27272727272727,63.63636363636363,9.090909090909092
1780,0.656,1,0,17,16,10.0,6.56,35.294117647058826,5.88235294117647,35.294117647058826,23.52941176470588
1781,0.642,1,0,17,16,10.0,6.42,0.0,11.76470588235294,35.294117647058826,52.94117647058824
1782,0.506,1,0,14,13,10.0,5.06,7.142857142857142,35.714285714285715,14.285714285714285,42.857142857142854
1783,0.532,1,0,16,15,10.0,5.32,0.0,37.5,56.25,6.25
1784,0.535,1,0,12,11,10.0,5.35,83.33333333333334,16.666666666666664,0.0,0.0
1785,0.273,1,0,7,6,9.0,2.73,0.0,28.57142857142857,71.42857142857143,0.0
1786,0.454,1,0,13,12,10.0,4.54,0.0,46.15384615384615,23.076923076923077,30.76923076923077
1787,0.566,1,0,14,13,10.0,5.66,0.0,21.428571428571427,35.714285714285715,42.857142857142854
1788,0.723,1,0,19,18,10.0,7.23,0.0,68.42105263157895,0.0,31.57894736842105
1789,0.594,1,0,15,14,10.0,5.94,6.666666666666667,53.333333333333336,33.33333333333333,6.666666666666667
1790,0.481,1,0,10,9,10.0,4.81,0.0,60.0,20.0,20.0
1791,0.508,1,0,13,12,10.0,5.08,15.384615384615385,15.384615384615385,38.46153846153847,30.76923076923077
1792,0.56,1,0,13,12,9.0,5.6,46.15384615384615,23.076923076923077,23.076923076923077,7.6923076923076925
1793,0.754,1,0,18,17,10.0,7.54,16.666666666666664,5.555555555555555,77.77777777777779,0.0
1794,0.486,1,0,8,7,10.0,4.86,37.5,25.0,0.0,37.5
1795,0.585,1,0,19,18,10.0,5.85,10.526315789473683,21.052631578947366,42.10526315789473,26.31578947368421
1796,0.647,1,0,16,15,10.0,6.47,18.75,12.5,37.5,31.25
1797,0.38,1,0,10,9,10.0,3.8,70.0,20.0,10.0,0.0
1798,0.361,1,0,11,10,10.0,3.61,0.0,27.27272727272727,72.72727272727273,0.0
1799,0.644,1,0,16,15,10.0,6.44,18.75,12.5,18.75,50.0
1800,0.639,1,0,18,17,10.0,6.39,27.77777777777778,27.77777777777778,38.88888888888889,5.555555555555555
1801,0.432,1,0,13,12,10.0,4.32,15.384615384615385,23.076923076923077,23.076923076923077,38.46153846153847
1802,0.42,1,0,13,12,9.0,4.2,7.6923076923076925,15.384615384615385,76.92307692307693,0.0
1803,0.522,1,0,12,11,10.0,5.22,8.333333333333332,16.666666666666664,66.66666666666666,8.333333333333332
1804,0.681,1,0,21,20,10.0,6.81,14.285714285714285,33.33333333333333,9.523809523809524,42.857142857142854
1805,0.418,1,0,10,9,10.0,4.18,0.0,70.0,10.0,20.0
1806,0.565,1,0,16,15,9.0,5.65,0.0,25.0,31.25,43.75
1807,0.29,1,0,9,8,10.0,2.9,55.55555555555556,22.22222222222222,11.11111111111111,11.11111111111111
1808,0.56,1,0,16,15,10.0,5.6,18.75,18.75,50.0,12.5
1809,0.442,1,0,14,13,10.0,4.42,0.0,28.57142857142857,14.285714285714285,57.14285714285714
1810,0.533,1,0,13,12,10.0,5.33,0.0,61.53846153846154,7.6923076923076925,30.76923076923077
1811,0.431,1,0,9,8,10.0,4.31,11.11111111111111,11.11111111111111,0.0,77.77777777777779
1812,0.291,1,0,8,7,8.0,2.91,37.5,37.5,0.0,25.0
1813,0.563,1,0,12,11,10.0,5.63,66.66666666666666,16.666666666666664,16.666666666666664,0.0
1814,0.508,1,0,13,12,10.0,5.08,7.6923076923076925,69.23076923076923,0.0,23.076923076923077
1815,0.612,1,0,15,14,10.0,6.12,13.333333333333334,13.333333333333334,26.666666666666668,46.666666666666664
1816,0.443,1,0,15,14,10.0,4.43,26.666666666666668,6.666666666666667,40.0,26.666666666666668
1817,0.729,1,0,19,18,10.0,7.29,42.10526315789473,15.789473684210526,36.84210526315789,5.263157894736842
1818,0.558,1,0,18,17,10.0,5.58,22.22222222222222,11.11111111111111,22.22222222222222,44.44444444444444
1819,0.53,1,0,11,10,10.0,5.3,36.36363636363637,18.181818181818183,45.45454545454545,0.0
1820,0.537,1,0,15,14,10.0,5.37,6.666666666666667,33.33333333333333,40.0,20.0
1821,0.696,1,0,19,18,10.0,6.96,52.63157894736842,15.789473684210526,10.526315789473683,21.052631578947366
1822,0.551,1,0,13,12,10.0,5.51,46.15384615384615,7.6923076923076925,23.076923076923077,23.076923076923077
1823,0.305,1,0,12,11,10.0,3.05,16.666666666666664,41.66666666666667,25.0,16.666666666666664
1824,0.448,1,0,11,10,9.0,4.48,81.81818181818183,9.090909090909092,9.090909090909092,0.0
1825,0.498,1,0,13,12,10.0,4.98,0.0,15.384615384615385,15.384615384615385,69.23076923076923
1826,0.36,1,0,10,9,10.0,3.6,70.0,20.0,0.0,10.0
1827,0.384,1,0,9,8,10.0,3.84,33.33333333333333,22.22222222222222,33.33333333333333,11.11111111111111
1828,0.548,1,0,13,12,10.0,5.48,7.6923076923076925,7.6923076923076925,38.46153846153847,46.15384615384615
1829,0.53,1,0,15,14,10.0,5.3,20.0,20.0,0.0,60.0
1830,0.416,1,0,12,11,8.0,4.16,0.0,33.33333333333333,33.33333333333333,33.33333333333333
1831,0.68,1,0,15,14,10.0,6.8,26.666666666666668,20.0,46.666666666666664,6.666666666666667
1832,0.681,1,0,15,14,10.0,6.81,0.0,46.666666666666664,6.666666666666667,46.666666666666664
1833,0.581,1,0,15,14,10.0,5.81,46.666666666666664,26.666666666666668,26.666666666666668,0.0
1834,0.588,1,0,15,14,10.0,5.88,26.666666666666668,6.666666666666667,53.333333333333336,13.333333333333334
1835,0.45,1,0,13,12,10.0,4.5,38.46153846153847,30.76923076923077,7.6923076923076925,23.076923076923077
1836,0.348,1,0,10,9,9.0,3.48,0.0,20.0,20.0,60.0
1837,0.549,1,0,16,15,10.0,5.49,12.5,12.5,31.25,43.75
1838,0.495,1,0,13,12,10.0,4.95,46.15384615384615,38.46153846153847,7.6923076923076925,7.6923076923076925
1839,0.546,1,0,14,13,10.0,5.46,0.0,14.285714285714285,35.714285714285715,50.0
1840,0.631,1,0,19,18,10.0,6.31,0.0,15.789473684210526,52.63157894736842,31.57894736842105
1841,0.554,1,0,14,13,10.0,5.54,78.57142857142857,14.285714285714285,7.142857142857142,0.0
1842,0.399,1,0,9,8,10.0,3.99,0.0,22.22222222222222,55.55555555555556,22.22222222222222
1843,0.446,1,0,8,7,10.0,4.46,62.5,12.5,0.0,25.0
1844,0.503,1,0,13,12,10.0,5.03,0.0,7.6923076923076925,7.6923076923076925,84.61538461538461
1845,0.39,1,0,10,9,10.0,3.9,0.0,30.0,10.0,60.0
1846,0.502,1,0,12,11,10.0,5.02,0.0,16.666666666666664,0.0,83.33333333333334
1847,0.53,1,0,14,13,10.0,5.3,0.0,14.285714285714285,64.28571428571429,21.428571428571427
1848,0.414,1,0,14,13,10.0,4.14,0.0,71.42857142857143,0.0,28.57142857142857
1849,0.468,1,0,15,14,10.0,4.68,0.0,46.666666666666664,20.0,33.33333333333333
1850,0.551,1,0,10,9,10.0,5.51,0.0,30.0,50.0,20.0
1851,0.341,1,0,10,9,10.0,3.41,10.0,40.0,10.0,40.0
1852,0.442,1,0,12,11,10.0,4.42,25.0,16.666666666666664,25.0,33.33333333333333
1853,0.429,1,0,10,9,10.0,4.29,0.0,10.0,0.0,90.0
1854,0.595,1,0,20,19,10.0,5.95,25.0,15.0,35.0,25.0
1855,0.63,1,0,17,16,10.0,6.3,0.0,58.82352941176471,0.0,41.17647058823529
1856,0.565,1,0,10,9,10.0,5.65,20.0,20.0,30.0,30.0
1857,0.437,1,0,11,10,10.0,4.37,9.090909090909092,27.27272727272727,63.63636363636363,0.0
1858,0.602,1,0,15,14,10.0,6.02,0.0,33.33333333333333,40.0,26.666666666666668
1859,0.527,1,0,9,8,10.0,5.27,33.33333333333333,66.66666666666666,0.0,0.0
1860,0.658,1,0,21,20,10.0,6.58,9.523809523809524,42.857142857142854,38.095238095238095,9.523809523809524
1861,0.49,1,0,16,15,10.0,4.9,37.5,25.0,6.25,31.25
1862,0.661,1,0,18,17,10.0,6.61,5.555555555555555,38.88888888888889,50.0,5.555555555555555
1863,0.462,1,0,11,10,10.0,4.62,90.9090909090909,9.090909090909092,0.0,0.0
1864,0.566,1,0,16,15,10.0,5.66,0.0,56.25,18.75,25.0
1865,0.499,1,0,15,14,10.0,4.99,46.666666666666664,13.333333333333334,20.0,20.0
1866,0.495,1,0,16,15,10.0,4.95,0.0,43.75,18.75,37.5
1867,0.562,1,0,13,12,10.0,5.62,0.0,92.3076923076923,0.0,7.6923076923076925
1868,0.508,1,0,12,11,10.0,5.08,0.0,8.333333333333332,66.66666666666666,25.0
1869,0.382,1,0,12,11,9.0,3.82,0.0,33.33333333333333,25.0,41.66666666666667
1870,0.474,1,0,13,12,10.0,4.74,15.384615384615385,30.76923076923077,30.76923076923077,23.076923076923077
1871,0.306,1,0,8,7,10.0,3.06,37.5,25.0,0.0,37.5
1872,0.492,1,0,14,13,10.0,4.92,21.428571428571427,35.714285714285715,21.428571428571427,21.428571428571427
1873,0.563,1,0,15,14,10.0,5.63,26.666666666666668,26.666666666666668,40.0,6.666666666666667
1874,0.545,1,0,16,15,9.0,5.45,50.0,12.5,6.25,31.25
1875,0.395,1,0,15,14,10.0,3.95,13.333333333333334,20.0,6.666666666666667,60.0
1876,0.363,1,0,10,9,10.0,3.63,10.0,60.0,20.0,10.0
1877,0.539,1,0,18,17,10.0,5.39,16.666666666666664,16.666666666666664,44.44444444444444,22.22222222222222
1878,0.316,1,0,8,7,10.0,3.16,37.5,12.5,12.5,37.5
1879,0.487,1,0,16,15,10.0,4.87,31.25,18.75,50.0,0.0
1880,0.605,1,0,15,14,10.0,6.05,0.0,13.333333333333334,13.333333333333334,73.33333333333333
1881,0.321,1,0,7,6,9.0,3.21,0.0,42.857142857142854,0.0,57.14285714285714
1882,0.559,1,0,11,10,10.0,5.59,9.090909090909092,18.181818181818183,45.45454545454545,27.27272727272727
1883,0.572,1,0,14,13,10.0,5.72,14.285714285714285,21.428571428571427,21.428571428571427,42.857142857142854
1884,0.528,1,0,16,15,10.0,5.28,31.25,12.5,43.75,12.5
1885,0.407,1,0,12,11,10.0,4.07,0.0,25.0,66.66666666666666,8.333333333333332
1886,0.46,1,0,16,15,10.0,4.6,6.25,25.0,62.5,6.25
1887,0.368,1,0,9,8,10.0,3.68,77.77777777777779,11.11111111111111,11.11111111111111,0.0
1888,0.774,1,0,22,21,10.0,7.74,9.090909090909092,31.818181818181817,9.090909090909092,50.0
1889,0.585,1,0,11,10,10.0,5.85,18.181818181818183,27.27272727272727,18.181818181818183,36.36363636363637
1890,0.571,1,0,13,12,10.0,5.71,15.384615384615385,23.076923076923077,30.76923076923077,30.76923076923077
1891,0.401,1,0,13,12,10.0,4.01,0.0,38.46153846153847,30.76923076923077,30.76923076923077
1892,0.392,1,0,12,11,10.0,3.92,16.666666666666664,8.333333333333332,25.0,50.0
1893,0.349,1,0,13,12,10.0,3.49,23.076923076923077,38.46153846153847,38.46153846153847,0.0
1894,0.609,1,0,13,12,10.0,6.09,0.0,30.76923076923077,15.384615384615385,53.84615384615385
1895,0.558,1,0,15,14,10.0,5.58,20.0,13.333333333333334,26.666666666666668,40.0
1896,0.627,1,0,14,13,10.0,6.27,21.428571428571427,7.142857142857142,71.42857142857143,0.0
1897,0.316,1,0,9,8,9.0,3.16,11.11111111111111,33.33333333333333,11.11111111111111,44.44444444444444
1898,0.434,1,0,13,12,10.0,4.34,15.384615384615385,30.76923076923077,15.384615384615385,38.46153846153847
1899,0.404,1,0,12,11,10.0,4.04,33.33333333333333,58.333333333333336,0.0,8.333333333333332
1900,0.574,1,0,16,15,10.0,5.74,0.0,6.25,81.25,12.5
1901,0.619,1,0,16,15,10.0,6.19,6.25,37.5,12.5,43.75
1902,0.585,1,0,17,16,10.0,5.85,5.88235294117647,35.294117647058826,11.76470588235294,47.05882352941176
1903,0.445,1,0,11,10,10.0,4.45,0.0,27.27272727272727,36.36363636363637,36.36363636363637
1904,0.483,1,0,13,12,9.0,4.83,0.0,15.384615384615385,61.53846153846154,23.076923076923077
1905,0.401,1,0,11,10,9.0,4.01,9.090909090909092,18.181818181818183,27.27272727272727,45.45454545454545
1906,0.558,1,0,17,16,10.0,5.58,0.0,29.411764705882355,5.88235294117647,64.70588235294117
1907,0.589,1,0,15,14,9.0,5.89,0.0,60.0,20.0,20.0
1908,0.613,1,0,14,13,10.0,6.13,28.57142857142857,14.285714285714285,57.14285714285714,0.0
1909,0.517,1,0,17,16,10.0,5.17,0.0,52.94117647058824,29.411764705882355,17.647058823529413
1910,0.541,1,0,11,10,10.0,5.41,36.36363636363637,9.090909090909092,45.45454545454545,9.090909090909092
1911,0.6,1,0,15,14,10.0,6.0,0.0,13.333333333333334,20.0,66.66666666666666
1912,0.653,1,0,11,10,10.0,6.53,36.36363636363637,36.36363636363637,18.181818181818183,9.090909090909092
1913,0.556,1,0,18,17,10.0,5.56,11.11111111111111,11.11111111111111,72.22222222222221,5.555555555555555
1914,0.635,1,0,17,16,10.0,6.35,11.76470588235294,5.88235294117647,52.94117647058824,29.411764705882355
1915,0.474,1,0,11,10,10.0,4.74,36.36363636363637,18.181818181818183,9.090909090909092,36.36363636363637
1916,0.482,1,0,11,10,10.0,4.82,27.27272727272727,27.27272727272727,18.181818181818183,27.27272727272727
1917,0.676,1,0,18,17,10.0,6.76,16.666666666666664,16.666666666666664,27.77777777777778,38.88888888888889
1918,0.619,1,0,17,16,10.0,6.19,11.76470588235294,52.94117647058824,0.0,35.294117647058826
1919,0.328,1,0,8,7,9.0,3.28,37.5,50.0,12.5,0.0
1920,0.538,1,0,15,14,10.0,5.38,0.0,53.333333333333336,40.0,6.666666666666667
1921,0.439,1,0,11,10,10.0,4.39,0.0,36.36363636363637,36.36363636363637,27.27272727272727
1922,0.329,1,0,9,8,10.0,3.29,0.0,55.55555555555556,11.11111111111111,33.33333333333333
1923,0.578,1,0,11,10,10.0,5.78,0.0,27.27272727272727,36.36363636363637,36.36363636363637
1924,0.458,1,0,12,11,10.0,4.58,41.66666666666667,33.33333333333333,25.0,0.0
1925,0.541,1,0,16,15,10.0,5.41,0.0,12.5,12.5,75.0
1926,0.569,1,0,14,13,10.0,5.69,28.57142857142857,21.428571428571427,35.714285714285715,14.285714285714285
1927,0.652,1,0,17,16,10.0,6.52,0.0,5.88235294117647,35.294117647058826,58.82352941176471
1928,0.688,1,0,15,14,10.0,6.88,46.666666666666664,13.333333333333334,33.33333333333333,6.666666666666667
1929,0.501,1,0,15,14,10.0,5.01,26.666666666666668,20.0,13.333333333333334,40.0
1930,0.301,1,0,9,8,8.0,3.01,0.0,33.33333333333333,44.44444444444444,22.22222222222222
1931,0.571,1,0,10,9,10.0,5.71,30.0,10.0,10.0,50.0
1932,0.258,1,0,9,8,10.0,2.58,66.66666666666666,33.33333333333333,0.0,0.0
1933,0.69,1,0,16,15,10.0,6.9,6.25,43.75,31.25,18.75
1934,0.497,1,0,11,10,10.0,4.97,45.45454545454545,18.181818181818183,36.36363636363637,0.0
1935,0.633,1,0,17,16,10.0,6.33,5.88235294117647,5.88235294117647,52.94117647058824,35.294117647058826
1936,0.481,1,0,13,12,10.0,4.81,0.0,30.76923076923077,46.15384615384615,23.076923076923077
1937,0.394,1,0,13,12,10.0,3.94,46.15384615384615,23.076923076923077,7.6923076923076925,23.076923076923077
1938,0.767,1,0,17,16,10.0,7.67,23.52941176470588,23.52941176470588,29.411764705882355,23.52941176470588
1939,0.477,1,0,10,9,9.0,4.77,30.0,30.0,0.0,40.0
1940,0.504,1,0,14,13,10.0,5.04,0.0,14.285714285714285,50.0,35.714285714285715
1941,0.454,1,0,14,13,10.0,4.54,0.0,42.857142857142854,50.0,7.142857142857142
1942,0.602,1,0,15,14,10.0,6.02,0.0,26.666666666666668,13.333333333333334,60.0
1943,0.381,1,0,12,11,9.0,3.81,16.666666666666664,8.333333333333332,0.0,75.0
1944,0.621,1,0,15,14,10.0,6.21,40.0,33.33333333333333,26.666666666666668,0.0
1945,0.521,1,0,17,16,10.0,5.21,11.76470588235294,23.52941176470588,11.76470588235294,52.94117647058824
1946,0.565,1,0,13,12,10.0,5.65,30.76923076923077,38.46153846153847,15.384615384615385,15.384615384615385
1947,0.625,1,0,14,13,10.0,6.25,21.428571428571427,28.57142857142857,7.142857142857142,42.857142857142854
1948,0.585,1,0,16,15,10.0,5.85,6.25,37.5,12.5,43.75
1949,0.616,1,0,15,14,10.0,6.16,0.0,33.33333333333333,40.0,26.666666666666668
1950,0.587,1,0,18,17,10.0,5.87,5.555555555555555,44.44444444444444,11.11111111111111,38.88888888888889
1951,0.576,1,0,17,16,10.0,5.76,23.52941176470588,5.88235294117647,35.294117647058826,35.294117647058826
1952,0.543,1,0,15,14,10.0,5.43,0.0,20.0,46.666666666666664,33.33333333333333
1953,0.53,1,0,12,11,10.0,5.3,8.333333333333332,16.666666666666664,8.333333333333332,66.66666666666666
1954,0.708,1,0,16,15,10.0,7.08,0.0,12.5,37.5,50.0
1955,0.537,1,0,13,12,10.0,5.37,0.0,38.46153846153847,0.0,61.53846153846154
1956,0.577,1,0,16,15,10.0,5.77,25.0,6.25,56.25,12.5
1957,0.548,1,0,14,13,10.0,5.48,7.142857142857142,21.428571428571427,64.28571428571429,7.142857142857142
1958,0.398,1,0,13,12,10.0,3.98,38.46153846153847,38.46153846153847,15.384615384615385,7.6923076923076925
1959,0.552,1,0,19,18,10.0,5.52,5.263157894736842,42.10526315789473,52.63157894736842,0.0
1960,0.585,1,0,16,15,10.0,5.85,18.75,37.5,37.5,6.25
1961,0.3,1,0,6,5,9.0,3.0,33.33333333333333,33.33333333333333,0.0,33.33333333333333
1962,0.494,1,0,12,11,10.0,4.94,0.0,16.666666666666664,41.66666666666667,41.66666666666667
1963,0.371,1,0,11,10,10.0,3.71,9.090909090909092,9.090909090909092,9.090909090909092,72.72727272727273
1964,0.511,1,0,14,13,9.0,5.11,0.0,21.428571428571427,71.42857142857143,7.142857142857142
1965,0.629,1,0,19,18,10.0,6.29,0.0,26.31578947368421,36.84210526315789,36.84210526315789
1966,0.582,1,0,12,11,10.0,5.82,8.333333333333332,41.66666666666667,25.0,25.0
1967,0.591,1,0,17,16,10.0,5.91,23.52941176470588,23.52941176470588,29.411764705882355,23.52941176470588
1968,0.483,1,0,13,12,10.0,4.83,7.6923076923076925,15.384615384615385,0.0,76.92307692307693
1969,0.556,1,0,14,13,10.0,5.56,14.285714285714285,7.142857142857142,21.428571428571427,57.14285714285714
1970,0.546,1,0,15,14,10.0,5.46,0.0,60.0,33.33333333333333,6.666666666666667
1971,0.552,1,0,17,16,10.0,5.52,29.411764705882355,23.52941176470588,0.0,47.05882352941176
1972,0.549,1,0,11,10,10.0,5.49,9.090909090909092,27.27272727272727,45.45454545454545,18.181818181818183
1973,0.556,1,0,15,14,10.0,5.56,13.333333333333334,20.0,6.666666666666667,60.0
1974,0.613,1,0,23,22,10.0,6.13,4.3478260869565215,13.043478260869565,47.82608695652174,34.78260869565217
1975,0.534,1,0,13,12,10.0,5.34,46.15384615384615,23.076923076923077,23.076923076923077,7.6923076923076925
1976,0.462,1,0,10,9,9.0,4.62,0.0,10.0,40.0,50.0
1977,0.6,1,0,16,15,10.0,6.0,31.25,6.25,37.5,25.0
1978,0.534,1,0,15,14,10.0,5.34,0.0,40.0,6.666666666666667,53.333333333333336
1979,0.55,1,0,15,14,10.0,5.5,40.0,13.333333333333334,46.666666666666664,0.0
1980,0.362,1,0,9,8,8.0,3.62,22.22222222222222,22.22222222222222,0.0,55.55555555555556
1981,0.683,1,0,17,16,10.0,6.83,0.0,17.647058823529413,41.17647058823529,41.17647058823529
1982,0.492,1,0,15,14,10.0,4.92,0.0,20.0,20.0,60.0
1983,0.366,1,0,10,9,10.0,3.66,0.0,20.0,50.0,30.0
1984,0.524,1,0,14,13,10.0,5.24,0.0,28.57142857142857,42.857142857142854,28.57142857142857
1985,0.557,1,0,15,14,10.0,5.57,73.33333333333333,13.333333333333334,13.333333333333334,0.0
1986,0.545,1,0,13,12,10.0,5.45,7.6923076923076925,15.384615384615385,23.076923076923077,53.84615384615385
1987,0.411,1,0,10,9,10.0,4.11,50.0,10.0,0.0,40.0
1988,0.451,1,0,10,9,10.0,4.51,40.0,20.0,20.0,20.0
1989,0.644,1,0,19,18,10.0,6.44,15.789473684210526,10.526315789473683,31.57894736842105,42.10526315789473
1990,0.486,1,0,13,12,10.0,4.86,0.0,76.92307692307693,15.384615384615385,7.6923076923076925
1991,0.304,1,0,7,6,7.0,3.04,0.0,28.57142857142857,28.57142857142857,42.857142857142854
1992,0.628,1,0,12,11,10.0,6.28,0.0,50.0,41.66666666666667,8.333333333333332
1993,0.558,1,0,11,10,10.0,5.58,27.27272727272727,27.27272727272727,45.45454545454545,0.0
1994,0.357,1,0,9,8,10.0,3.57,33.33333333333333,44.44444444444444,11.11111111111111,11.11111111111111
1995,0.325,1,0,10,9,10.0,3.25,40.0,20.0,0.0,40.0
1996,0.633,1,0,20,19,10.0,6.33,30.0,10.0,20.0,40.0
1997,0.411,1,0,12,11,10.0,4.11,8.333333333333332,8.333333333333332,8.333333333333332,75.0
1998,0.566,1,0,17,16,10.0,5.66,52.94117647058824,23.52941176470588,11.76470588235294,11.76470588235294
1999,0.393,1,0,13,12,9.0,3.93,46.15384615384615,15.384615384615385,0.0,38.46153846153847
2000,0.698,1,0,16,15,10.0,6.98,6.25,12.5,62.5,18.75
2001,0.555,1,0,13,12,9.0,5.55,61.53846153846154,15.384615384615385,23.076923076923077,0.0
2002,0.558,1,0,12,11,10.0,5.58,8.333333333333332,16.666666666666664,50.0,25.0
2003,0.332,1,0,9,8,9.0,3.32,77.77777777777779,22.22222222222222,0.0,0.0
2004,0.523,1,0,14,13,10.0,5.23,14.285714285714285,21.428571428571427,28.57142857142857,35.714285714285715
2005,0.783,1,0,19,18,10.0,7.83,0.0,15.789473684210526,47.368421052631575,36.84210526315789
2006,0.512,1,0,14,13,10.0,5.12,0.0,42.857142857142854,57.14285714285714,0.0
2007,0.719,1,0,21,20,10.0,7.19,4.761904761904762,9.523809523809524,42.857142857142854,42.857142857142854
2008,0.604,1,0,13,12,10.0,6.04,38.46153846153847,15.384615384615385,46.15384615384615,0.0
2009,0.576,1,0,17,16,10.0,5.76,0.0,47.05882352941176,29.411764705882355,23.52941176470588
2010,0.617,1,0,13,12,10.0,6.17,30.76923076923077,15.384615384615385,7.6923076923076925,46.15384615384615
2011,0.63,1,0,18,17,10.0,6.3,0.0,50.0,5.555555555555555,44.44444444444444
2012,0.438,1,0,12,11,9.0,4.38,0.0,58.333333333333336,16.666666666666664,25.0
2013,0.593,1,0,15,14,10.0,5.93,20.0,26.666666666666668,40.0,13.333333333333334
2014,0.534,1,0,14,13,10.0,5.34,0.0,21.428571428571427,28.57142857142857,50.0
2015,0.412,1,0,11,10,10.0,4.12,0.0,100.0,0.0,0.0
2016,0.32,1,0,8,7,10.0,3.2,50.0,12.5,25.0,12.5
2017,0.608,1,0,17,16,10.0,6.08,0.0,11.76470588235294,41.17647058823529,47.05882352941176
2018,0.471,1,0,12,11,10.0,4.71,0.0,41.66666666666667,58.333333333333336,0.0
2019,0.461,1,0,14,13,9.0,4.61,7.142857142857142,28.57142857142857,14.285714285714285,50.0
2020,0.486,1,0,14,13,10.0,4.86,21.428571428571427,7.142857142857142,71.42857142857143,0.0
2021,0.614,1,0,15,14,10.0,6.14,0.0,33.33333333333333,40.0,26.666666666666668
2022,0.371,1,0,12,11,9.0,3.71,0.0,16.666666666666664,0.0,83.33333333333334
2023,0.54,1,0,16,15,10.0,5.4,25.0,25.0,37.5,12.5
2024,0.573,1,0,13,12,10.0,5.73,69.23076923076923,23.076923076923077,7.6923076923076925,0.0
2025,0.548,1,0,15,14,10.0,5.48,0.0,33.33333333333333,6.666666666666667,60.0
2026,0.472,1,0,13,12,10.0,4.72,46.15384615384615,23.076923076923077,23.076923076923077,7.6923076923076925
2027,0.499,1,0,10,9,9.0,4.99,10.0,30.0,10.0,50.0
2028,0.604,1,0,12,11,10.0,6.04,0.0,66.66666666666666,8.333333333333332,25.0
2029,0.467,1,0,14,13,10.0,4.67,14.285714285714285,14.285714285714285,21.428571428571427,50.0
2030,0.537,1,0,16,15,10.0,5.37,68.75,31.25,0.0,0.0
2031,0.647,1,0,17,16,10.0,6.47,0.0,29.411764705882355,35.294117647058826,35.294117647058826
2032,0.56,1,0,11,10,10.0,5.6,18.181818181818183,54.54545454545454,18.181818181818183,9.090909090909092
2033,0.578,1,0,18,17,10.0,5.78,0.0,22.22222222222222,22.22222222222222,55.55555555555556
2034,0.546,1,0,17,16,10.0,5.46,0.0,23.52941176470588,17.647058823529413,58.82352941176471
2035,0.549,1,0,14,13,10.0,5.49,7.142857142857142,42.857142857142854,28.57142857142857,21.428571428571427
2036,0.548,1,0,15,14,10.0,5.48,0.0,6.666666666666667,13.333333333333334,80.0
2037,0.421,1,0,13,12,10.0,4.21,30.76923076923077,15.384615384615385,46.15384615384615,7.6923076923076925
2038,0.512,1,0,12,11,10.0,5.12,0.0,41.66666666666667,16.666666666666664,41.66666666666667
2039,0.357,1,0,11,10,10.0,3.57,81.81818181818183,18.181818181818183,0.0,0.0
2040,0.653,1,0,15,14,10.0,6.53,0.0,33.33333333333333,40.0,26.666666666666668
2041,0.637,1,0,17,16,10.0,6.37,23.52941176470588,11.76470588235294,35.294117647058826,29.411764705882355
2042,0.398,1,0,10,9,10.0,3.98,0.0,30.0,10.0,60.0
2043,0.551,1,0,15,14,10.0,5.51,33.33333333333333,26.666666666666668,33.33333333333333,6.666666666666667
2044,0.518,1,0,12,11,10.0,5.18,16.666666666666664,16.666666666666664,25.0,41.66666666666667
2045,0.442,1,0,9,8,9.0,4.42,66.66666666666666,33.33333333333333,0.0,0.0
2046,0.595,1,0,14,13,10.0,5.95,28.57142857142857,14.285714285714285,50.0,7.142857142857142
2047,0.428,1,0,13,12,10.0,4.28,0.0,46.15384615384615,46.15384615384615,7.6923076923076925
2048,0.605,1,0,15,14,10.0,6.05,13.333333333333334,26.666666666666668,60.0,0.0
2049,0.519,1,0,13,12,10.0,5.19,0.0,30.76923076923077,46.15384615384615,23.076923076923077
2050,0.472,1,0,12,11,10.0,4.72,50.0,16.666666666666664,25.0,8.333333333333332
2051,0.508,1,0,12,11,10.0,5.08,58.333333333333336,16.666666666666664,25.0,0.0
2052,0.579,1,0,15,14,10.0,5.79,13.333333333333334,66.66666666666666,0.0,20.0
2053,0.465,1,0,10,9,9.0,4.65,0.0,20.0,30.0,50.0
2054,0.453,1,0,12,11,10.0,4.53,25.0,16.666666666666664,16.666666666666664,41.66666666666667
2055,0.495,1,0,7,6,10.0,4.95,0.0,14.285714285714285,14.285714285714285,71.42857142857143
2056,0.515,1,0,14,13,10.0,5.15,14.285714285714285,7.142857142857142,0.0,78.57142857142857
2057,0.702,1,0,20,19,10.0,7.02,20.0,35.0,25.0,20.0
2058,0.424,1,0,14,13,8.0,4.24,42.857142857142854,7.142857142857142,14.285714285714285,35.714285714285715
2059,0.614,1,0,17,16,10.0,6.14,29.411764705882355,41.17647058823529,11.76470588235294,17.647058823529413
2060,0.534,1,0,15,14,10.0,5.34,6.666666666666667,20.0,46.666666666666664,26.666666666666668
2061,0.412,1,0,14,13,10.0,4.12,7.142857142857142,14.285714285714285,14.285714285714285,64.28571428571429
2062,0.45,1,0,13,12,10.0,4.5,23.076923076923077,7.6923076923076925,23.076923076923077,46.15384615384615
2063,0.412,1,0,14,13,10.0,4.12,0.0,35.714285714285715,21.428571428571427,42.857142857142854
2064,0.586,1,0,13,12,10.0,5.86,7.6923076923076925,23.076923076923077,46.15384615384615,23.076923076923077
2065,0.496,1,0,15,14,10.0,4.96,40.0,26.666666666666668,13.333333333333334,20.0
2066,0.621,1,0,19,18,10.0,6.21,47.368421052631575,15.789473684210526,15.789473684210526,21.052631578947366
2067,0.45,1,0,12,11,10.0,4.5,0.0,25.0,50.0,25.0
2068,0.582,1,0,16,15,10.0,5.82,0.0,12.5,56.25,31.25
2069,0.373,1,0,9,8,10.0,3.73,11.11111111111111,22.22222222222222,11.11111111111111,55.55555555555556
2070,0.557,1,0,13,12,10.0,5.57,7.6923076923076925,38.46153846153847,38.46153846153847,15.384615384615385
2071,0.311,1,0,9,8,10.0,3.11,0.0,22.22222222222222,55.55555555555556,22.22222222222222
2072,0.501,1,0,13,12,10.0,5.01,15.384615384615385,7.6923076923076925,76.92307692307693,0.0
2073,0.508,1,0,14,13,10.0,5.08,50.0,7.142857142857142,28.57142857142857,14.285714285714285
2074,0.59,1,0,14,13,10.0,5.9,0.0,14.285714285714285,42.857142857142854,42.857142857142854
2075,0.52,1,0,15,14,10.0,5.2,0.0,26.666666666666668,66.66666666666666,6.666666666666667
2076,0.531,1,0,16,15,10.0,5.31,37.5,12.5,18.75,31.25
2077,0.597,1,0,21,20,10.0,5.97,0.0,23.809523809523807,52.38095238095239,23.809523809523807
2078,0.472,1,0,11,10,10.0,4.72,27.27272727272727,9.090909090909092,36.36363636363637,27.27272727272727
2079,0.566,1,0,16,15,10.0,5.66,6.25,31.25,12.5,50.0
2080,0.633,1,0,14,13,10.0,6.33,42.857142857142854,7.142857142857142,14.285714285714285,35.714285714285715
2081,0.53,1,0,13,12,10.0,5.3,53.84615384615385,46.15384615384615,0.0,0.0
2082,0.378,1,0,10,9,10.0,3.78,40.0,10.0,10.0,40.0
2083,0.427,1,0,10,9,10.0,4.27,0.0,40.0,10.0,50.0
2084,0.542,1,0,14,13,9.0,5.42,14.285714285714285,14.285714285714285,50.0,21.428571428571427
2085,0.459,1,0,14,13,9.0,4.59,0.0,57.14285714285714,0.0,42.857142857142854
2086,0.379,1,0,12,11,9.0,3.79,0.0,16.666666666666664,0.0,83.33333333333334
2087,0.49,1,0,16,15,10.0,4.9,0.0,18.75,25.0,56.25
2088,0.677,1,0,16,15,10.0,6.77,12.5,31.25,37.5,18.75
2089,0.422,1,0,12,11,10.0,4.22,0.0,58.333333333333336,33.33333333333333,8.333333333333332
2090,0.279,1,0,5,4,9.0,2.79,20.0,60.0,20.0,0.0
2091,0.556,1,0,11,10,10.0,5.56,54.54545454545454,45.45454545454545,0.0,0.0
2092,0.559,1,0,16,15,10.0,5.59,0.0,18.75,31.25,50.0
2093,0.337,1,0,9,8,9.0,3.37,44.44444444444444,22.22222222222222,0.0,33.33333333333333
2094,0.45,1,0,12,11,10.0,4.5,0.0,91.66666666666666,0.0,8.333333333333332
2095,0.354,1,0,9,8,10.0,3.54,77.77777777777779,11.11111111111111,0.0,11.11111111111111
2096,0.498,1,0,11,10,10.0,4.98,36.36363636363637,36.36363636363637,27.27272727272727,0.0
2097,0.469,1,0,14,13,10.0,4.69,21.428571428571427,14.285714285714285,28.57142857142857,35.714285714285715
2098,0.582,1,0,13,12,10.0,5.82,15.384615384615385,38.46153846153847,7.6923076923076925,38.46153846153847
2099,0.484,1,0,15,14,10.0,4.84,40.0,20.0,40.0,0.0
2100,0.536,1,0,11,10,10.0,5.36,0.0,27.27272727272727,54.54545454545454,18.181818181818183
SUMMARY,0.5066423809523821,2100,0,,,,,19.244141425454234,30.05441298228017,23.151926971368542,27.549518620897054
