episode,utilization,invalid_learned,invalid_attempted,boxes_attempted,placed_boxes,max_height,avg_height,perc_stacking,perc_best_fit,perc_semi_perfect_fit,perc_random_fit
1,0.82,13,0,21,15,10.0,8.73,9.523809523809524,33.333333333333336,19.047619047619047,38.095238095238095
2,0.744,16,0,32,26,10.0,8.98,43.75,31.25,9.375,15.625
3,0.713,16,0,30,22,10.0,8.4,30.0,16.666666666666668,20.0,33.333333333333336
4,0.622,18,0,27,19,10.0,6.9,25.925925925925927,33.333333333333336,25.925925925925927,14.814814814814815
5,0.74,12,0,24,21,10.0,7.74,20.833333333333332,25.0,29.166666666666668,25.0
6,0.652,16,0,30,22,10.0,6.9,30.0,40.0,20.0,10.0
7,0.651,14,0,23,16,10.0,7.31,21.73913043478261,30.434782608695652,26.08695652173913,21.73913043478261
8,0.69,8,0,22,18,10.0,7.06,27.272727272727273,31.818181818181817,22.727272727272727,18.181818181818183
9,0.74,10,0,18,15,10.0,8.05,22.22222222222222,11.11111111111111,38.888888888888886,27.77777777777778
10,0.612,30,0,37,24,10.0,6.82,29.72972972972973,24.324324324324323,29.72972972972973,16.216216216216218
11,0.716,14,0,28,21,10.0,7.85,10.714285714285714,46.42857142857143,25.0,17.857142857142858
12,0.46,12,0,13,7,10.0,5.63,23.076923076923077,15.384615384615385,30.76923076923077,30.76923076923077
13,0.769,13,0,21,15,10.0,7.94,9.523809523809524,23.80952380952381,28.571428571428573,38.095238095238095
14,0.692,20,0,28,19,10.0,7.99,21.428571428571427,17.857142857142858,28.571428571428573,32.142857142857146
15,0.672,21,0,32,22,10.0,7.8,25.0,31.25,21.875,21.875
16,0.635,18,0,27,20,10.0,6.73,25.925925925925927,37.03703703703704,18.51851851851852,18.51851851851852
17,0.656,15,0,25,19,10.0,6.81,16.0,24.0,32.0,28.0
18,0.745,15,0,27,21,10.0,8.16,29.62962962962963,29.62962962962963,25.925925925925927,14.814814814814815
19,0.662,21,0,35,27,10.0,7.89,17.142857142857142,42.857142857142854,22.857142857142858,17.142857142857142
20,0.753,17,0,25,21,10.0,8.09,28.0,12.0,44.0,16.0
21,0.6,10,0,18,13,10.0,6.4,33.333333333333336,33.333333333333336,22.22222222222222,11.11111111111111
22,0.556,25,0,28,20,10.0,6.16,21.428571428571427,39.285714285714285,35.714285714285715,3.5714285714285716
23,0.724,19,0,31,24,10.0,7.95,22.580645161290324,16.129032258064516,38.70967741935484,22.580645161290324
24,0.793,15,0,25,20,10.0,8.53,32.0,28.0,28.0,12.0
25,0.74,15,0,22,16,10.0,8.5,31.818181818181817,31.818181818181817,18.181818181818183,18.181818181818183
26,0.85,9,0,21,18,10.0,8.93,23.80952380952381,28.571428571428573,33.333333333333336,14.285714285714286
27,0.75,9,0,16,13,10.0,7.7,6.25,6.25,75.0,12.5
28,0.68,11,0,28,23,10.0,7.27,28.571428571428573,21.428571428571427,28.571428571428573,21.428571428571427
29,0.61,19,0,28,22,10.0,6.42,17.857142857142858,42.857142857142854,21.428571428571427,17.857142857142858
30,0.81,15,0,23,18,10.0,8.3,17.391304347826086,26.08695652173913,39.130434782608695,17.391304347826086
31,0.68,14,0,28,22,10.0,7.28,17.857142857142858,28.571428571428573,35.714285714285715,17.857142857142858
32,0.664,14,0,30,24,10.0,7.1,26.666666666666668,23.333333333333332,40.0,10.0
33,0.57,14,0,18,13,10.0,6.31,22.22222222222222,27.77777777777778,22.22222222222222,27.77777777777778
34,0.69,22,0,27,19,10.0,7.51,18.51851851851852,22.22222222222222,29.62962962962963,29.62962962962963
35,0.636,21,0,23,16,10.0,6.94,21.73913043478261,13.043478260869565,47.82608695652174,17.391304347826086
36,0.665,21,0,28,20,10.0,7.58,10.714285714285714,21.428571428571427,46.42857142857143,21.428571428571427
37,0.672,27,0,33,25,10.0,7.38,33.333333333333336,12.121212121212121,30.303030303030305,24.242424242424242
38,0.688,18,0,27,21,10.0,7.64,29.62962962962963,51.851851851851855,11.11111111111111,7.407407407407407
39,0.578,18,0,21,15,10.0,6.76,19.047619047619047,19.047619047619047,28.571428571428573,33.333333333333336
40,0.7,15,0,23,18,10.0,7.55,17.391304347826086,43.47826086956522,26.08695652173913,13.043478260869565
41,0.711,16,0,21,15,10.0,7.96,19.047619047619047,38.095238095238095,19.047619047619047,23.80952380952381
42,0.619,24,0,27,19,10.0,6.84,11.11111111111111,25.925925925925927,51.851851851851855,11.11111111111111
43,0.571,17,0,21,13,10.0,6.96,14.285714285714286,33.333333333333336,38.095238095238095,14.285714285714286
44,0.732,24,0,31,25,10.0,8.52,19.35483870967742,32.25806451612903,29.032258064516128,19.35483870967742
45,0.704,15,0,27,23,10.0,7.51,25.925925925925927,33.333333333333336,14.814814814814815,25.925925925925927
46,0.756,16,0,32,28,10.0,7.91,6.25,43.75,31.25,18.75
47,0.68,17,0,25,19,10.0,7.27,24.0,36.0,20.0,20.0
48,0.649,25,0,32,23,10.0,7.14,31.25,18.75,28.125,21.875
49,0.63,11,0,19,14,10.0,7.23,5.2631578947368425,52.63157894736842,21.05263157894737,21.05263157894737
50,0.664,29,0,34,25,10.0,7.12,11.764705882352942,20.58823529411765,41.1764705882353,26.470588235294116
51,0.644,18,0,27,19,10.0,7.45,33.333333333333336,22.22222222222222,25.925925925925927,18.51851851851852
52,0.652,19,0,27,19,10.0,7.4,37.03703703703704,14.814814814814815,25.925925925925927,22.22222222222222
53,0.716,18,0,23,17,10.0,8.76,26.08695652173913,17.391304347826086,21.73913043478261,34.78260869565217
54,0.646,22,0,24,17,10.0,6.96,20.833333333333332,16.666666666666668,29.166666666666668,33.333333333333336
55,0.556,24,0,26,18,10.0,6.76,30.76923076923077,3.8461538461538463,50.0,15.384615384615385
56,0.575,15,0,25,19,10.0,6.72,4.0,20.0,60.0,16.0
57,0.684,19,0,22,15,10.0,7.22,22.727272727272727,18.181818181818183,36.36363636363637,22.727272727272727
58,0.644,16,0,26,19,10.0,6.99,19.23076923076923,38.46153846153846,30.76923076923077,11.538461538461538
59,0.696,27,0,33,23,10.0,8.06,18.181818181818183,24.242424242424242,33.333333333333336,24.242424242424242
60,0.71,10,0,20,16,10.0,7.61,0.0,40.0,40.0,20.0
61,0.6,20,0,25,18,10.0,7.08,16.0,24.0,44.0,16.0
62,0.66,17,0,25,19,10.0,7.02,20.0,20.0,48.0,12.0
63,0.7,15,0,22,16,10.0,7.53,4.545454545454546,27.272727272727273,40.90909090909091,27.272727272727273
64,0.735,14,0,17,14,10.0,7.74,17.647058823529413,23.529411764705884,23.529411764705884,35.294117647058826
65,0.669,14,0,27,21,10.0,7.58,14.814814814814815,14.814814814814815,51.851851851851855,18.51851851851852
66,0.745,11,0,18,14,10.0,8.35,27.77777777777778,27.77777777777778,22.22222222222222,22.22222222222222
67,0.747,20,0,24,17,10.0,8.28,16.666666666666668,25.0,41.666666666666664,16.666666666666668
68,0.648,24,0,27,18,10.0,7.02,22.22222222222222,25.925925925925927,37.03703703703704,14.814814814814815
69,0.705,13,0,18,14,10.0,7.54,27.77777777777778,44.44444444444444,27.77777777777778,0.0
70,0.626,28,0,27,16,10.0,7.8,22.22222222222222,18.51851851851852,11.11111111111111,48.148148148148145
71,0.675,18,0,28,20,10.0,7.5,14.285714285714286,14.285714285714286,42.857142857142854,28.571428571428573
72,0.698,20,0,26,21,10.0,7.7,23.076923076923077,19.23076923076923,38.46153846153846,19.23076923076923
73,0.72,17,0,26,21,10.0,8.04,26.923076923076923,30.76923076923077,34.61538461538461,7.6923076923076925
74,0.55,15,0,23,16,10.0,6.12,17.391304347826086,39.130434782608695,26.08695652173913,17.391304347826086
75,0.875,11,0,17,15,10.0,9.4,41.1764705882353,11.764705882352942,11.764705882352942,35.294117647058826
76,0.68,16,0,28,24,10.0,7.52,28.571428571428573,35.714285714285715,21.428571428571427,14.285714285714286
77,0.885,10,0,19,17,10.0,9.0,15.789473684210526,10.526315789473685,36.8421052631579,36.8421052631579
78,0.702,10,0,22,18,10.0,7.82,0.0,40.90909090909091,31.818181818181817,27.272727272727273
79,0.668,36,0,38,26,10.0,8.46,36.8421052631579,18.42105263157895,23.68421052631579,21.05263157894737
80,0.636,20,0,27,19,10.0,7.31,33.333333333333336,25.925925925925927,22.22222222222222,18.51851851851852
81,0.8,13,0,19,16,10.0,8.3,15.789473684210526,10.526315789473685,52.63157894736842,21.05263157894737
82,0.668,15,0,21,15,10.0,7.13,33.333333333333336,33.333333333333336,19.047619047619047,14.285714285714286
83,0.736,17,0,28,23,10.0,7.74,14.285714285714286,17.857142857142858,60.714285714285715,7.142857142857143
84,0.656,20,0,27,20,10.0,7.27,22.22222222222222,18.51851851851852,48.148148148148145,11.11111111111111
85,0.734,22,0,26,19,10.0,8.04,7.6923076923076925,42.30769230769231,34.61538461538461,15.384615384615385
86,0.638,20,0,27,20,10.0,6.68,18.51851851851852,37.03703703703704,25.925925925925927,18.51851851851852
87,0.77,9,0,15,12,10.0,8.55,26.666666666666668,40.0,20.0,13.333333333333334
88,0.664,27,0,29,20,10.0,7.6,13.793103448275861,13.793103448275861,55.172413793103445,17.24137931034483
89,0.696,23,0,28,22,10.0,8.36,32.142857142857146,39.285714285714285,10.714285714285714,17.857142857142858
90,0.65,12,0,16,12,10.0,6.7,25.0,37.5,31.25,6.25
91,0.692,18,0,29,22,10.0,7.47,13.793103448275861,41.37931034482759,20.689655172413794,24.137931034482758
92,0.69,24,0,26,17,10.0,8.39,30.76923076923077,30.76923076923077,15.384615384615385,23.076923076923077
93,0.694,30,0,32,24,10.0,7.98,9.375,25.0,21.875,43.75
94,0.571,33,0,38,24,10.0,6.34,10.526315789473685,34.21052631578947,36.8421052631579,18.42105263157895
95,0.696,19,0,28,20,10.0,8.1,32.142857142857146,14.285714285714286,32.142857142857146,21.428571428571427
96,0.78,9,0,15,12,10.0,8.4,20.0,6.666666666666667,6.666666666666667,66.66666666666667
97,0.648,18,0,25,18,10.0,6.72,32.0,16.0,16.0,36.0
98,0.736,15,0,23,18,10.0,7.99,26.08695652173913,26.08695652173913,8.695652173913043,39.130434782608695
99,0.687,24,0,34,26,10.0,7.64,23.529411764705884,17.647058823529413,52.94117647058823,5.882352941176471
100,0.643,13,0,21,15,10.0,6.93,23.80952380952381,14.285714285714286,23.80952380952381,38.095238095238095
101,0.68,18,0,28,22,10.0,7.62,17.857142857142858,28.571428571428573,35.714285714285715,17.857142857142858
102,0.692,24,0,33,25,10.0,8.14,48.484848484848484,18.181818181818183,15.151515151515152,18.181818181818183
103,0.724,40,0,45,31,10.0,8.69,46.666666666666664,15.555555555555555,20.0,17.77777777777778
104,0.73,18,0,23,17,10.0,8.68,56.52173913043478,8.695652173913043,17.391304347826086,17.391304347826086
105,0.65,21,0,31,23,10.0,7.29,35.483870967741936,25.806451612903224,19.35483870967742,19.35483870967742
106,0.676,22,0,39,31,10.0,7.72,51.282051282051285,20.512820512820515,20.512820512820515,7.6923076923076925
107,0.56,21,0,24,18,10.0,6.32,37.5,45.833333333333336,8.333333333333334,8.333333333333334
108,0.68,18,0,26,19,10.0,7.69,26.923076923076923,42.30769230769231,19.23076923076923,11.538461538461538
109,0.784,17,0,23,19,10.0,8.02,30.434782608695652,26.08695652173913,26.08695652173913,17.391304347826086
110,0.789,19,0,22,15,10.0,8.39,31.818181818181817,27.272727272727273,31.818181818181817,9.090909090909092
111,0.712,31,0,31,20,10.0,8.11,12.903225806451612,48.38709677419355,9.67741935483871,29.032258064516128
112,0.69,21,0,29,22,10.0,7.76,51.724137931034484,24.137931034482758,17.24137931034483,6.896551724137931
113,0.576,18,0,25,17,10.0,7.1,48.0,16.0,16.0,20.0
114,0.7,22,0,34,26,10.0,8.04,50.0,23.529411764705884,14.705882352941176,11.764705882352942
115,0.686,24,0,32,23,10.0,7.75,53.125,18.75,18.75,9.375
116,0.63,18,0,27,20,10.0,7.09,18.51851851851852,48.148148148148145,29.62962962962963,3.7037037037037037
117,0.79,10,0,19,16,10.0,8.16,52.63157894736842,10.526315789473685,21.05263157894737,15.789473684210526
118,0.611,20,0,25,17,10.0,7.06,24.0,56.0,16.0,4.0
119,0.585,24,0,26,16,10.0,6.75,23.076923076923077,42.30769230769231,19.23076923076923,15.384615384615385
120,0.624,17,0,25,18,10.0,6.92,28.0,24.0,20.0,28.0
121,0.68,17,0,23,17,10.0,7.62,13.043478260869565,34.78260869565217,8.695652173913043,43.47826086956522
122,0.69,25,0,30,23,10.0,7.69,16.666666666666668,50.0,30.0,3.3333333333333335
123,0.722,19,0,28,23,10.0,8.42,60.714285714285715,10.714285714285714,17.857142857142858,10.714285714285714
124,0.72,13,0,22,17,10.0,8.89,68.18181818181819,4.545454545454546,13.636363636363637,13.636363636363637
125,0.644,15,0,27,22,10.0,7.29,14.814814814814815,33.333333333333336,29.62962962962963,22.22222222222222
126,0.773,25,0,29,20,10.0,8.58,27.586206896551722,17.24137931034483,20.689655172413794,34.48275862068966
127,0.764,13,0,20,16,10.0,8.34,35.0,25.0,20.0,20.0
128,0.652,18,0,26,18,10.0,6.97,53.84615384615385,11.538461538461538,30.76923076923077,3.8461538461538463
129,0.656,17,0,25,18,10.0,7.25,32.0,12.0,44.0,12.0
130,0.698,20,0,27,21,10.0,7.76,48.148148148148145,18.51851851851852,18.51851851851852,14.814814814814815
131,0.6,14,0,18,12,10.0,7.05,44.44444444444444,27.77777777777778,27.77777777777778,0.0
132,0.704,25,0,32,23,10.0,7.8,15.625,43.75,18.75,21.875
133,0.525,10,0,17,12,10.0,5.9,41.1764705882353,5.882352941176471,23.529411764705884,29.41176470588235
134,0.638,28,0,35,25,10.0,7.02,25.714285714285715,22.857142857142858,42.857142857142854,8.571428571428571
135,0.704,22,0,26,20,10.0,7.31,19.23076923076923,19.23076923076923,46.15384615384615,15.384615384615385
136,0.626,36,0,33,21,10.0,7.42,54.54545454545455,18.181818181818183,15.151515151515152,12.121212121212121
137,0.7,15,0,17,11,10.0,7.55,41.1764705882353,11.764705882352942,29.41176470588235,17.647058823529413
138,0.644,26,0,33,24,10.0,7.67,51.515151515151516,33.333333333333336,6.0606060606060606,9.090909090909092
139,0.629,26,0,27,19,10.0,7.05,22.22222222222222,11.11111111111111,59.25925925925926,7.407407407407407
140,0.69,14,0,19,15,10.0,7.4,15.789473684210526,5.2631578947368425,68.42105263157895,10.526315789473685
141,0.778,18,0,26,20,10.0,7.98,34.61538461538461,23.076923076923077,19.23076923076923,23.076923076923077
142,0.69,17,0,26,20,10.0,7.44,26.923076923076923,30.76923076923077,26.923076923076923,15.384615384615385
143,0.596,36,0,45,31,10.0,7.33,31.11111111111111,20.0,40.0,8.88888888888889
144,0.652,22,0,28,20,10.0,7.38,35.714285714285715,21.428571428571427,32.142857142857146,10.714285714285714
145,0.59,15,0,18,13,10.0,6.9,5.555555555555555,5.555555555555555,55.55555555555556,33.333333333333336
146,0.706,13,0,24,19,10.0,7.46,8.333333333333334,25.0,62.5,4.166666666666667
147,0.732,19,0,23,16,10.0,7.71,47.82608695652174,8.695652173913043,34.78260869565217,8.695652173913043
148,0.666,26,0,30,22,10.0,7.6,26.666666666666668,13.333333333333334,26.666666666666668,33.333333333333336
149,0.635,19,0,29,21,10.0,6.83,13.793103448275861,20.689655172413794,65.51724137931035,0.0
150,0.681,25,0,32,25,10.0,7.55,40.625,25.0,25.0,9.375
151,0.7,19,0,29,22,10.0,7.65,17.24137931034483,13.793103448275861,55.172413793103445,13.793103448275861
152,0.755,9,0,17,14,10.0,7.8,17.647058823529413,35.294117647058826,29.41176470588235,17.647058823529413
153,0.754,17,0,29,25,10.0,7.96,27.586206896551722,20.689655172413794,51.724137931034484,0.0
154,0.8,13,0,18,13,10.0,8.85,27.77777777777778,11.11111111111111,27.77777777777778,33.333333333333336
155,0.638,24,0,33,25,10.0,7.55,9.090909090909092,9.090909090909092,60.60606060606061,21.21212121212121
156,0.76,10,0,16,12,10.0,8.55,6.25,12.5,68.75,12.5
157,0.572,21,0,27,18,10.0,6.35,18.51851851851852,25.925925925925927,37.03703703703704,18.51851851851852
158,0.558,20,0,24,17,10.0,6.17,33.333333333333336,12.5,50.0,4.166666666666667
159,0.675,19,0,25,18,10.0,8.07,28.0,8.0,52.0,12.0
160,0.675,14,0,22,17,10.0,7.3,27.272727272727273,13.636363636363637,50.0,9.090909090909092
161,0.64,15,0,19,14,10.0,6.65,47.36842105263158,15.789473684210526,26.31578947368421,10.526315789473685
162,0.634,19,0,25,18,10.0,7.16,12.0,52.0,16.0,20.0
163,0.733,22,0,29,22,10.0,7.94,10.344827586206897,31.03448275862069,41.37931034482759,17.24137931034483
164,0.644,18,0,27,20,10.0,7.26,55.55555555555556,11.11111111111111,14.814814814814815,18.51851851851852
165,0.625,22,0,23,15,10.0,7.16,56.52173913043478,4.3478260869565215,26.08695652173913,13.043478260869565
166,0.735,15,0,21,17,10.0,7.95,38.095238095238095,23.80952380952381,0.0,38.095238095238095
167,0.643,21,0,27,20,10.0,7.76,44.44444444444444,37.03703703703704,7.407407407407407,11.11111111111111
168,0.758,18,0,24,18,10.0,8.6,12.5,50.0,25.0,12.5
169,0.781,19,0,28,22,10.0,8.75,42.857142857142854,28.571428571428573,17.857142857142858,10.714285714285714
170,0.662,20,0,23,16,10.0,7.13,43.47826086956522,17.391304347826086,30.434782608695652,8.695652173913043
171,0.765,9,0,17,14,10.0,8.35,52.94117647058823,35.294117647058826,5.882352941176471,5.882352941176471
172,0.775,17,0,22,18,10.0,8.64,22.727272727272727,36.36363636363637,13.636363636363637,27.272727272727273
173,0.698,23,0,32,25,10.0,8.3,37.5,34.375,12.5,15.625
174,0.668,25,0,28,19,10.0,7.89,14.285714285714286,14.285714285714286,57.142857142857146,14.285714285714286
175,0.666,18,0,27,20,10.0,7.29,14.814814814814815,3.7037037037037037,51.851851851851855,29.62962962962963
176,0.75,13,0,20,17,10.0,7.94,50.0,0.0,40.0,10.0
177,0.658,15,0,24,19,10.0,6.97,41.666666666666664,16.666666666666668,29.166666666666668,12.5
178,0.692,18,0,26,20,10.0,7.86,50.0,11.538461538461538,26.923076923076923,11.538461538461538
179,0.636,22,0,30,23,10.0,8.16,23.333333333333332,10.0,56.666666666666664,10.0
180,0.69,26,0,37,27,10.0,7.64,43.24324324324324,2.7027027027027026,32.432432432432435,21.62162162162162
181,0.69,21,0,32,26,10.0,7.98,59.375,6.25,15.625,18.75
182,0.608,16,0,27,20,10.0,7.16,51.851851851851855,0.0,40.74074074074074,7.407407407407407
183,0.72,17,0,29,22,10.0,7.5,48.275862068965516,20.689655172413794,24.137931034482758,6.896551724137931
184,0.718,28,0,34,25,10.0,7.57,29.41176470588235,11.764705882352942,38.23529411764706,20.58823529411765
185,0.72,15,0,23,18,10.0,7.9,47.82608695652174,13.043478260869565,34.78260869565217,4.3478260869565215
186,0.715,10,0,15,12,10.0,7.46,33.333333333333336,6.666666666666667,60.0,0.0
187,0.706,26,0,27,18,10.0,7.58,25.925925925925927,11.11111111111111,48.148148148148145,14.814814814814815
188,0.56,15,0,20,14,10.0,6.53,60.0,15.0,5.0,20.0
189,0.632,18,0,29,23,10.0,7.43,27.586206896551722,20.689655172413794,34.48275862068966,17.24137931034483
190,0.802,16,0,24,19,10.0,8.92,37.5,8.333333333333334,29.166666666666668,25.0
191,0.716,20,0,25,19,10.0,7.52,56.0,8.0,12.0,24.0
192,0.692,19,0,26,20,10.0,7.88,38.46153846153846,15.384615384615385,30.76923076923077,15.384615384615385
193,0.648,17,0,25,18,10.0,6.9,12.0,60.0,12.0,16.0
194,0.728,17,0,26,21,10.0,7.86,46.15384615384615,19.23076923076923,11.538461538461538,23.076923076923077
195,0.52,15,0,23,16,10.0,6.17,56.52173913043478,26.08695652173913,8.695652173913043,8.695652173913043
196,0.652,30,0,37,27,10.0,7.74,64.86486486486487,16.216216216216218,8.108108108108109,10.81081081081081
197,0.69,29,0,36,26,10.0,7.77,38.888888888888886,16.666666666666668,22.22222222222222,22.22222222222222
198,0.685,21,0,26,19,10.0,7.52,26.923076923076923,3.8461538461538463,61.53846153846154,7.6923076923076925
199,0.723,20,0,28,22,10.0,7.92,0.0,7.142857142857143,78.57142857142857,14.285714285714286
200,0.68,15,0,27,20,10.0,7.78,25.925925925925927,7.407407407407407,51.851851851851855,14.814814814814815
201,0.772,21,0,31,26,10.0,8.6,48.38709677419355,9.67741935483871,29.032258064516128,12.903225806451612
202,0.804,18,0,21,16,10.0,8.2,0.0,0.0,76.19047619047619,23.80952380952381
203,0.698,22,0,26,20,10.0,7.45,15.384615384615385,0.0,80.76923076923077,3.8461538461538463
204,0.743,16,0,21,17,10.0,8.4,23.80952380952381,4.761904761904762,71.42857142857143,0.0
205,0.585,18,0,24,17,10.0,6.54,16.666666666666668,29.166666666666668,41.666666666666664,12.5
206,0.744,16,0,22,17,10.0,8.36,4.545454545454546,9.090909090909092,68.18181818181819,18.181818181818183
207,0.748,16,0,28,23,10.0,7.87,0.0,0.0,89.28571428571429,10.714285714285714
208,0.594,16,0,22,15,10.0,6.3,13.636363636363637,9.090909090909092,72.72727272727273,4.545454545454546
209,0.605,16,0,21,15,10.0,6.87,38.095238095238095,14.285714285714286,28.571428571428573,19.047619047619047
210,0.685,13,0,15,11,10.0,7.7,6.666666666666667,20.0,33.333333333333336,40.0
211,0.8,12,0,15,12,10.0,8.9,13.333333333333334,6.666666666666667,60.0,20.0
212,0.672,17,0,28,22,10.0,7.34,7.142857142857143,21.428571428571427,64.28571428571429,7.142857142857143
213,0.704,24,0,29,20,10.0,7.77,6.896551724137931,6.896551724137931,79.3103448275862,6.896551724137931
214,0.71,16,0,20,15,10.0,7.7,0.0,10.0,85.0,5.0
215,0.696,11,0,25,21,10.0,7.2,4.0,8.0,72.0,16.0
216,0.804,20,0,25,19,10.0,8.44,4.0,16.0,64.0,16.0
217,0.72,16,0,29,24,10.0,7.36,27.586206896551722,6.896551724137931,62.06896551724138,3.4482758620689653
218,0.688,26,0,35,27,10.0,7.48,17.142857142857142,17.142857142857142,54.285714285714285,11.428571428571429
219,0.68,19,0,25,19,10.0,7.18,16.0,0.0,76.0,8.0
220,0.675,17,0,27,21,10.0,7.54,3.7037037037037037,7.407407407407407,77.77777777777777,11.11111111111111
221,0.695,11,0,18,15,10.0,7.6,5.555555555555555,16.666666666666668,61.111111111111114,16.666666666666668
222,0.758,21,0,26,21,10.0,8.08,11.538461538461538,0.0,69.23076923076923,19.23076923076923
223,0.706,17,0,25,20,10.0,8.03,16.0,4.0,68.0,12.0
224,0.623,19,0,25,17,10.0,7.03,16.0,20.0,56.0,8.0
225,0.734,21,0,31,24,10.0,8.29,29.032258064516128,12.903225806451612,54.83870967741935,3.225806451612903
226,0.758,21,0,36,29,10.0,8.45,8.333333333333334,8.333333333333334,69.44444444444444,13.88888888888889
227,0.775,12,0,22,18,10.0,8.4,13.636363636363637,13.636363636363637,59.09090909090909,13.636363636363637
228,0.792,23,0,30,24,10.0,8.11,16.666666666666668,13.333333333333334,63.333333333333336,6.666666666666667
229,0.592,22,0,27,18,10.0,6.65,40.74074074074074,22.22222222222222,29.62962962962963,7.407407407407407
230,0.755,23,0,29,22,10.0,8.93,13.793103448275861,27.586206896551722,34.48275862068966,24.137931034482758
231,0.772,19,0,33,28,10.0,8.11,21.21212121212121,9.090909090909092,63.63636363636363,6.0606060606060606
232,0.75,10,0,14,12,10.0,8.1,14.285714285714286,21.428571428571427,57.142857142857146,7.142857142857143
233,0.61,21,0,24,17,10.0,7.19,20.833333333333332,12.5,54.166666666666664,12.5
234,0.724,19,0,26,21,10.0,8.22,38.46153846153846,7.6923076923076925,34.61538461538461,19.23076923076923
235,0.757,27,0,31,23,10.0,8.13,22.580645161290324,12.903225806451612,12.903225806451612,51.61290322580645
236,0.65,14,0,24,19,10.0,6.86,45.833333333333336,25.0,25.0,4.166666666666667
237,0.6,23,0,28,20,10.0,7.18,32.142857142857146,3.5714285714285716,64.28571428571429,0.0
238,0.74,16,0,25,20,10.0,8.26,28.0,4.0,48.0,20.0
239,0.732,19,0,30,25,10.0,7.96,43.333333333333336,10.0,26.666666666666668,20.0
240,0.653,16,0,24,18,10.0,7.26,58.333333333333336,4.166666666666667,25.0,12.5
241,0.716,15,0,23,18,10.0,7.76,30.434782608695652,13.043478260869565,47.82608695652174,8.695652173913043
242,0.676,21,0,27,19,10.0,7.86,33.333333333333336,11.11111111111111,33.333333333333336,22.22222222222222
243,0.744,15,0,19,15,10.0,8.04,47.36842105263158,15.789473684210526,15.789473684210526,21.05263157894737
244,0.692,23,0,32,25,10.0,7.48,6.25,12.5,71.875,9.375
245,0.684,25,0,28,21,10.0,7.6,10.714285714285714,0.0,75.0,14.285714285714286
246,0.662,20,0,31,25,10.0,7.69,25.806451612903224,3.225806451612903,51.61290322580645,19.35483870967742
247,0.72,10,0,18,14,10.0,7.84,22.22222222222222,5.555555555555555,38.888888888888886,33.333333333333336
248,0.675,11,0,23,18,10.0,7.3,26.08695652173913,13.043478260869565,60.869565217391305,0.0
249,0.685,20,0,30,24,10.0,7.68,3.3333333333333335,6.666666666666667,80.0,10.0
250,0.74,19,0,26,21,10.0,7.98,7.6923076923076925,15.384615384615385,61.53846153846154,15.384615384615385
251,0.699,27,0,40,32,10.0,7.98,22.5,10.0,25.0,42.5
252,0.704,24,0,29,21,10.0,7.49,17.24137931034483,10.344827586206897,72.41379310344827,0.0
253,0.765,17,0,29,24,10.0,8.41,10.344827586206897,20.689655172413794,62.06896551724138,6.896551724137931
254,0.81,14,0,19,13,10.0,8.65,26.31578947368421,26.31578947368421,21.05263157894737,26.31578947368421
255,0.754,21,0,33,26,10.0,8.27,42.42424242424242,33.333333333333336,9.090909090909092,15.151515151515152
256,0.61,21,0,23,16,10.0,6.59,43.47826086956522,0.0,39.130434782608695,17.391304347826086
257,0.702,18,0,30,24,10.0,7.46,33.333333333333336,13.333333333333334,20.0,33.333333333333336
258,0.703,24,0,30,22,10.0,7.74,63.333333333333336,6.666666666666667,20.0,10.0
259,0.77,12,0,20,17,10.0,8.25,5.0,0.0,55.0,40.0
260,0.64,16,0,21,16,10.0,7.99,66.66666666666667,0.0,23.80952380952381,9.523809523809524
261,0.68,17,0,28,22,10.0,7.52,3.5714285714285716,14.285714285714286,60.714285714285715,21.428571428571427
262,0.596,17,0,30,22,10.0,6.97,33.333333333333336,6.666666666666667,50.0,10.0
263,0.78,18,0,28,23,10.0,8.35,10.714285714285714,35.714285714285715,39.285714285714285,14.285714285714286
264,0.632,17,0,26,19,10.0,6.73,3.8461538461538463,15.384615384615385,65.38461538461539,15.384615384615385
265,0.63,11,0,19,14,10.0,7.1,0.0,5.2631578947368425,84.21052631578948,10.526315789473685
266,0.788,17,0,25,20,10.0,8.64,4.0,16.0,76.0,4.0
267,0.696,17,0,26,20,10.0,7.77,11.538461538461538,3.8461538461538463,84.61538461538461,0.0
268,0.714,31,0,35,23,10.0,7.86,14.285714285714286,14.285714285714286,60.0,11.428571428571429
269,0.639,22,0,27,18,10.0,7.05,7.407407407407407,11.11111111111111,70.37037037037037,11.11111111111111
270,0.78,17,0,26,23,10.0,8.42,46.15384615384615,3.8461538461538463,34.61538461538461,15.384615384615385
271,0.664,22,0,26,18,10.0,7.12,15.384615384615385,19.23076923076923,57.69230769230769,7.6923076923076925
272,0.69,15,0,24,18,10.0,7.7,16.666666666666668,4.166666666666667,70.83333333333333,8.333333333333334
273,0.708,21,0,28,20,10.0,7.85,10.714285714285714,3.5714285714285716,64.28571428571429,21.428571428571427
274,0.754,22,0,27,21,10.0,8.11,11.11111111111111,3.7037037037037037,62.96296296296296,22.22222222222222
275,0.692,20,0,30,24,10.0,7.67,3.3333333333333335,6.666666666666667,76.66666666666667,13.333333333333334
276,0.744,20,0,32,26,10.0,8.35,25.0,6.25,56.25,12.5
277,0.68,14,0,21,15,10.0,7.25,0.0,14.285714285714286,76.19047619047619,9.523809523809524
278,0.748,21,0,28,21,10.0,8.35,3.5714285714285716,7.142857142857143,71.42857142857143,17.857142857142858
279,0.53,14,0,20,14,10.0,5.97,10.0,5.0,70.0,15.0
280,0.649,22,0,25,18,10.0,6.92,8.0,4.0,72.0,16.0
281,0.704,25,0,31,23,10.0,7.22,9.67741935483871,6.451612903225806,74.19354838709677,9.67741935483871
282,0.657,26,0,32,21,10.0,7.18,6.25,3.125,81.25,9.375
283,0.658,19,0,29,21,10.0,7.68,0.0,0.0,75.86206896551724,24.137931034482758
284,0.72,21,0,27,20,10.0,7.84,11.11111111111111,7.407407407407407,66.66666666666667,14.814814814814815
285,0.79,10,0,17,13,10.0,8.35,0.0,11.764705882352942,76.47058823529412,11.764705882352942
286,0.691,21,0,27,20,10.0,7.11,3.7037037037037037,7.407407407407407,66.66666666666667,22.22222222222222
287,0.64,30,0,37,25,10.0,6.87,8.108108108108109,13.513513513513514,70.27027027027027,8.108108108108109
288,0.663,24,0,31,23,10.0,7.85,9.67741935483871,25.806451612903224,58.064516129032256,6.451612903225806
289,0.855,9,0,19,17,10.0,8.65,5.2631578947368425,0.0,52.63157894736842,42.10526315789474
290,0.7,16,0,20,15,10.0,7.2,0.0,5.0,75.0,20.0
291,0.68,19,0,22,15,10.0,7.04,4.545454545454546,13.636363636363637,72.72727272727273,9.090909090909092
292,0.73,17,0,28,22,10.0,7.86,7.142857142857143,3.5714285714285716,78.57142857142857,10.714285714285714
293,0.718,23,0,27,19,10.0,7.8,14.814814814814815,3.7037037037037037,70.37037037037037,11.11111111111111
294,0.68,23,0,25,18,10.0,7.08,12.0,4.0,64.0,20.0
295,0.704,18,0,25,19,10.0,7.67,4.0,12.0,72.0,12.0
296,0.702,20,0,27,21,10.0,7.72,3.7037037037037037,7.407407407407407,85.18518518518519,3.7037037037037037
297,0.603,16,0,23,15,10.0,6.62,30.434782608695652,4.3478260869565215,43.47826086956522,21.73913043478261
298,0.645,13,0,20,14,10.0,6.88,5.0,10.0,70.0,15.0
299,0.647,28,0,32,23,10.0,7.89,9.375,0.0,75.0,15.625
300,0.666,31,0,32,21,10.0,7.5,28.125,6.25,53.125,12.5
301,0.735,16,0,29,24,10.0,7.72,10.344827586206897,13.793103448275861,58.62068965517241,17.24137931034483
302,0.72,16,0,24,20,10.0,7.44,12.5,4.166666666666667,70.83333333333333,12.5
303,0.54,20,0,24,15,10.0,5.64,54.166666666666664,12.5,12.5,20.833333333333332
304,0.542,16,0,24,16,10.0,6.15,33.333333333333336,37.5,16.666666666666668,12.5
305,0.6,8,0,15,11,9.0,6.25,33.333333333333336,13.333333333333334,33.333333333333336,20.0
306,0.678,24,0,28,19,10.0,7.51,28.571428571428573,14.285714285714286,28.571428571428573,28.571428571428573
307,0.676,24,0,26,19,10.0,7.24,7.6923076923076925,7.6923076923076925,69.23076923076923,15.384615384615385
308,0.702,22,0,27,21,10.0,7.43,11.11111111111111,7.407407407407407,59.25925925925926,22.22222222222222
309,0.653,18,0,23,17,10.0,7.29,4.3478260869565215,4.3478260869565215,86.95652173913044,4.3478260869565215
310,0.425,12,0,19,13,10.0,5.06,10.526315789473685,5.2631578947368425,73.6842105263158,10.526315789473685
311,0.705,21,0,27,20,10.0,8.14,18.51851851851852,14.814814814814815,59.25925925925926,7.407407407407407
312,0.8,27,0,37,30,10.0,8.68,2.7027027027027026,2.7027027027027026,89.1891891891892,5.405405405405405
313,0.827,19,0,26,22,10.0,8.48,3.8461538461538463,3.8461538461538463,88.46153846153847,3.8461538461538463
314,0.702,17,0,25,20,10.0,7.73,8.0,8.0,76.0,8.0
315,0.668,22,0,28,19,10.0,7.32,35.714285714285715,17.857142857142858,21.428571428571427,25.0
316,0.636,18,0,27,20,10.0,6.78,14.814814814814815,0.0,70.37037037037037,14.814814814814815
317,0.72,12,0,19,15,10.0,7.95,15.789473684210526,10.526315789473685,57.89473684210526,15.789473684210526
318,0.76,18,0,22,16,10.0,8.1,18.181818181818183,9.090909090909092,50.0,22.727272727272727
319,0.65,13,0,17,12,10.0,7.65,5.882352941176471,11.764705882352942,64.70588235294117,17.647058823529413
320,0.61,17,0,28,21,10.0,6.55,14.285714285714286,14.285714285714286,64.28571428571429,7.142857142857143
321,0.658,14,0,23,18,10.0,6.83,8.695652173913043,4.3478260869565215,65.21739130434783,21.73913043478261
322,0.714,21,0,30,24,10.0,7.65,20.0,6.666666666666667,66.66666666666667,6.666666666666667
323,0.692,23,0,28,20,10.0,7.58,10.714285714285714,14.285714285714286,60.714285714285715,14.285714285714286
324,0.608,14,0,27,21,10.0,6.96,29.62962962962963,3.7037037037037037,44.44444444444444,22.22222222222222
325,0.64,14,0,20,15,10.0,6.58,10.0,5.0,70.0,15.0
326,0.73,17,0,26,21,10.0,8.89,11.538461538461538,15.384615384615385,61.53846153846154,11.538461538461538
327,0.678,19,0,28,23,10.0,7.38,3.5714285714285716,7.142857142857143,75.0,14.285714285714286
328,0.688,27,0,30,22,10.0,7.94,0.0,10.0,10.0,80.0
329,0.638,16,0,26,20,10.0,6.97,7.6923076923076925,0.0,88.46153846153847,3.8461538461538463
330,0.628,17,0,30,23,10.0,6.96,6.666666666666667,6.666666666666667,80.0,6.666666666666667
331,0.656,16,0,23,17,10.0,8.38,21.73913043478261,13.043478260869565,56.52173913043478,8.695652173913043
332,0.708,14,0,21,16,10.0,7.72,4.761904761904762,0.0,76.19047619047619,19.047619047619047
333,0.602,15,0,26,21,10.0,6.22,0.0,0.0,88.46153846153847,11.538461538461538
334,0.752,18,0,25,18,10.0,8.46,28.0,44.0,20.0,8.0
335,0.704,27,0,32,24,10.0,7.58,9.375,12.5,75.0,3.125
336,0.665,22,0,30,23,10.0,8.02,0.0,3.3333333333333335,90.0,6.666666666666667
337,0.71,10,0,17,13,10.0,7.4,29.41176470588235,17.647058823529413,35.294117647058826,17.647058823529413
338,0.624,21,0,28,20,10.0,7.03,10.714285714285714,7.142857142857143,67.85714285714286,14.285714285714286
339,0.68,17,0,28,21,10.0,7.17,3.5714285714285716,0.0,92.85714285714286,3.5714285714285716
340,0.671,16,0,26,21,10.0,7.01,7.6923076923076925,3.8461538461538463,88.46153846153847,0.0
341,0.776,21,0,30,24,10.0,8.2,0.0,0.0,100.0,0.0
342,0.86,10,0,18,15,10.0,8.72,11.11111111111111,5.555555555555555,72.22222222222223,11.11111111111111
343,0.731,19,0,26,21,10.0,8.37,15.384615384615385,19.23076923076923,50.0,15.384615384615385
344,0.708,29,0,34,24,10.0,7.77,8.823529411764707,5.882352941176471,67.6470588235294,17.647058823529413
345,0.688,24,0,30,23,10.0,7.4,0.0,6.666666666666667,90.0,3.3333333333333335
346,0.67,14,0,18,14,10.0,7.35,5.555555555555555,0.0,72.22222222222223,22.22222222222222
347,0.662,20,0,27,22,10.0,7.18,7.407407407407407,7.407407407407407,74.07407407407408,11.11111111111111
348,0.67,23,0,30,23,10.0,7.3,6.666666666666667,6.666666666666667,80.0,6.666666666666667
349,0.79,16,0,26,21,10.0,8.97,7.6923076923076925,7.6923076923076925,57.69230769230769,26.923076923076923
350,0.71,14,0,22,18,10.0,9.2,13.636363636363637,4.545454545454546,31.818181818181817,50.0
351,0.738,22,0,32,26,10.0,7.87,9.375,3.125,65.625,21.875
352,0.616,29,0,31,19,10.0,7.14,19.35483870967742,6.451612903225806,70.96774193548387,3.225806451612903
353,0.776,16,0,24,20,10.0,8.08,33.333333333333336,20.833333333333332,29.166666666666668,16.666666666666668
354,0.672,26,0,29,20,10.0,7.57,6.896551724137931,3.4482758620689653,86.20689655172414,3.4482758620689653
355,0.718,20,0,28,20,10.0,7.38,7.142857142857143,0.0,85.71428571428571,7.142857142857143
356,0.69,11,0,18,13,10.0,7.3,27.77777777777778,16.666666666666668,27.77777777777778,27.77777777777778
357,0.565,13,0,18,12,10.0,6.13,33.333333333333336,5.555555555555555,55.55555555555556,5.555555555555555
358,0.698,21,0,27,19,10.0,8.11,14.814814814814815,7.407407407407407,37.03703703703704,40.74074074074074
359,0.725,14,0,23,19,10.0,8.2,21.73913043478261,21.73913043478261,43.47826086956522,13.043478260869565
360,0.712,21,0,33,26,10.0,7.91,15.151515151515152,6.0606060606060606,39.39393939393939,39.39393939393939
361,0.735,13,0,23,19,10.0,7.67,17.391304347826086,0.0,56.52173913043478,26.08695652173913
362,0.658,23,0,29,21,10.0,7.62,20.689655172413794,10.344827586206897,58.62068965517241,10.344827586206897
363,0.631,15,0,19,13,10.0,6.87,57.89473684210526,21.05263157894737,15.789473684210526,5.2631578947368425
364,0.56,17,0,20,13,10.0,6.14,5.0,20.0,65.0,10.0
365,0.6,18,0,24,17,10.0,7.17,4.166666666666667,8.333333333333334,83.33333333333333,4.166666666666667
366,0.76,20,0,33,28,10.0,8.4,36.36363636363637,3.0303030303030303,51.515151515151516,9.090909090909092
367,0.725,9,0,17,14,10.0,7.55,0.0,17.647058823529413,76.47058823529412,5.882352941176471
368,0.734,16,0,26,21,10.0,7.64,15.384615384615385,19.23076923076923,57.69230769230769,7.6923076923076925
369,0.716,22,0,31,22,10.0,7.92,12.903225806451612,12.903225806451612,45.16129032258065,29.032258064516128
370,0.696,21,0,29,21,10.0,7.71,20.689655172413794,3.4482758620689653,58.62068965517241,17.24137931034483
371,0.624,16,0,24,18,10.0,7.35,29.166666666666668,12.5,50.0,8.333333333333334
372,0.616,20,0,29,22,10.0,6.9,3.4482758620689653,0.0,89.65517241379311,6.896551724137931
373,0.662,23,0,28,20,10.0,7.34,10.714285714285714,7.142857142857143,75.0,7.142857142857143
374,0.602,13,0,27,22,10.0,6.11,3.7037037037037037,3.7037037037037037,88.88888888888889,3.7037037037037037
375,0.696,24,0,28,20,10.0,7.61,7.142857142857143,3.5714285714285716,50.0,39.285714285714285
376,0.753,19,0,25,21,10.0,7.93,16.0,0.0,80.0,4.0
377,0.69,13,0,20,16,10.0,7.4,5.0,10.0,80.0,5.0
378,0.6,14,0,21,15,10.0,6.28,14.285714285714286,4.761904761904762,71.42857142857143,9.523809523809524
379,0.65,28,0,31,20,10.0,7.0,6.451612903225806,3.225806451612903,87.09677419354838,3.225806451612903
380,0.752,21,0,28,21,10.0,8.27,3.5714285714285716,3.5714285714285716,89.28571428571429,3.5714285714285716
381,0.75,12,0,17,13,10.0,7.6,0.0,5.882352941176471,82.3529411764706,11.764705882352942
382,0.652,29,0,38,28,10.0,7.94,2.6315789473684212,2.6315789473684212,84.21052631578948,10.526315789473685
383,0.684,19,0,29,22,10.0,7.58,17.24137931034483,20.689655172413794,20.689655172413794,41.37931034482759
384,0.768,14,0,22,18,10.0,8.21,4.545454545454546,0.0,77.27272727272727,18.181818181818183
385,0.68,13,0,19,15,10.0,7.35,5.2631578947368425,5.2631578947368425,78.94736842105263,10.526315789473685
386,0.706,20,0,25,17,10.0,7.49,16.0,4.0,72.0,8.0
387,0.533,19,0,22,14,10.0,5.69,4.545454545454546,4.545454545454546,86.36363636363636,4.545454545454546
388,0.7,12,0,16,13,10.0,7.38,6.25,0.0,0.0,93.75
389,0.864,21,0,26,19,10.0,8.98,3.8461538461538463,3.8461538461538463,84.61538461538461,7.6923076923076925
390,0.667,24,0,31,22,10.0,7.07,6.451612903225806,3.225806451612903,83.87096774193549,6.451612903225806
391,0.598,26,0,28,17,10.0,6.26,3.5714285714285716,3.5714285714285716,82.14285714285714,10.714285714285714
392,0.82,11,0,19,16,10.0,8.5,5.2631578947368425,5.2631578947368425,84.21052631578948,5.2631578947368425
393,0.722,16,0,27,21,10.0,7.5,14.814814814814815,3.7037037037037037,77.77777777777777,3.7037037037037037
394,0.724,21,0,26,19,10.0,7.42,11.538461538461538,3.8461538461538463,84.61538461538461,0.0
395,0.652,27,0,33,25,10.0,7.42,0.0,9.090909090909092,57.57575757575758,33.333333333333336
396,0.75,8,0,22,19,10.0,8.25,9.090909090909092,9.090909090909092,45.45454545454545,36.36363636363637
397,0.775,9,0,13,10,10.0,8.7,7.6923076923076925,30.76923076923077,38.46153846153846,23.076923076923077
398,0.73,19,0,30,22,10.0,8.07,3.3333333333333335,0.0,66.66666666666667,30.0
399,0.71,14,0,20,15,10.0,7.76,15.0,10.0,65.0,10.0
400,0.69,17,0,19,12,10.0,7.6,0.0,0.0,84.21052631578948,15.789473684210526
401,0.624,18,0,26,20,10.0,7.37,3.8461538461538463,0.0,92.3076923076923,3.8461538461538463
402,0.72,18,0,25,20,10.0,8.08,16.0,4.0,68.0,12.0
403,0.69,24,0,32,24,10.0,7.6,3.125,31.25,59.375,6.25
404,0.744,17,0,27,23,10.0,8.32,14.814814814814815,3.7037037037037037,70.37037037037037,11.11111111111111
405,0.829,15,0,24,20,10.0,8.79,12.5,4.166666666666667,58.333333333333336,25.0
406,0.82,7,0,14,12,10.0,9.0,21.428571428571427,0.0,35.714285714285715,42.857142857142854
407,0.655,17,0,25,19,10.0,7.81,20.0,24.0,48.0,8.0
408,0.744,16,0,30,26,10.0,7.84,13.333333333333334,3.3333333333333335,80.0,3.3333333333333335
409,0.814,19,0,33,29,10.0,8.86,12.121212121212121,0.0,78.78787878787878,9.090909090909092
410,0.68,19,0,26,19,10.0,7.6,23.076923076923077,3.8461538461538463,65.38461538461539,7.6923076923076925
411,0.695,19,0,24,17,10.0,7.77,4.166666666666667,8.333333333333334,62.5,25.0
412,0.654,16,0,21,16,10.0,6.7,0.0,4.761904761904762,95.23809523809524,0.0
413,0.76,18,0,26,23,10.0,8.0,0.0,15.384615384615385,73.07692307692308,11.538461538461538
414,0.66,15,0,23,18,10.0,6.71,21.73913043478261,4.3478260869565215,60.869565217391305,13.043478260869565
415,0.712,21,0,27,19,10.0,7.76,14.814814814814815,3.7037037037037037,44.44444444444444,37.03703703703704
416,0.712,16,0,24,20,10.0,8.01,20.833333333333332,4.166666666666667,70.83333333333333,4.166666666666667
417,0.62,13,0,16,11,10.0,7.0,0.0,6.25,87.5,6.25
418,0.672,24,0,31,23,10.0,7.24,29.032258064516128,0.0,67.74193548387096,3.225806451612903
419,0.748,22,0,26,20,10.0,8.35,15.384615384615385,0.0,80.76923076923077,3.8461538461538463
420,0.796,26,0,40,33,10.0,8.52,20.0,2.5,65.0,12.5
421,0.732,20,0,32,25,10.0,8.11,6.25,12.5,62.5,18.75
422,0.712,19,0,38,31,10.0,7.6,26.31578947368421,2.6315789473684212,52.63157894736842,18.42105263157895
423,0.68,15,0,32,27,10.0,7.1,12.5,0.0,78.125,9.375
424,0.72,22,0,30,23,10.0,7.72,10.0,3.3333333333333335,73.33333333333333,13.333333333333334
425,0.645,11,0,15,11,10.0,6.65,0.0,0.0,93.33333333333333,6.666666666666667
426,0.692,16,0,24,18,10.0,7.61,0.0,8.333333333333334,79.16666666666667,12.5
427,0.712,20,0,26,20,10.0,7.22,3.8461538461538463,7.6923076923076925,80.76923076923077,7.6923076923076925
428,0.58,18,0,23,16,10.0,6.64,4.3478260869565215,4.3478260869565215,86.95652173913044,4.3478260869565215
429,0.775,9,0,13,9,10.0,8.54,0.0,7.6923076923076925,23.076923076923077,69.23076923076923
430,0.708,27,0,39,31,10.0,8.21,41.02564102564103,10.256410256410257,38.46153846153846,10.256410256410257
431,0.735,13,0,21,17,10.0,7.74,0.0,38.095238095238095,52.38095238095238,9.523809523809524
432,0.704,16,0,26,21,10.0,8.26,30.76923076923077,11.538461538461538,23.076923076923077,34.61538461538461
433,0.652,17,0,24,17,10.0,7.02,12.5,4.166666666666667,66.66666666666667,16.666666666666668
434,0.787,16,0,24,20,10.0,8.51,4.166666666666667,0.0,75.0,20.833333333333332
435,0.63,23,0,42,32,10.0,7.12,2.380952380952381,0.0,88.0952380952381,9.523809523809524
436,0.59,10,0,17,12,10.0,6.2,0.0,0.0,94.11764705882354,5.882352941176471
437,0.628,21,0,28,20,10.0,7.14,14.285714285714286,3.5714285714285716,71.42857142857143,10.714285714285714
438,0.76,11,0,16,13,10.0,7.8,12.5,0.0,68.75,18.75
439,0.682,17,0,27,21,10.0,7.12,44.44444444444444,3.7037037037037037,33.333333333333336,18.51851851851852
440,0.636,25,0,33,24,10.0,7.32,9.090909090909092,21.21212121212121,54.54545454545455,15.151515151515152
441,0.684,18,0,28,23,10.0,7.6,21.428571428571427,3.5714285714285716,60.714285714285715,14.285714285714286
442,0.724,19,0,25,18,10.0,8.08,16.0,40.0,24.0,20.0
443,0.736,20,0,27,20,10.0,8.29,33.333333333333336,7.407407407407407,48.148148148148145,11.11111111111111
444,0.74,15,0,18,14,10.0,7.95,22.22222222222222,11.11111111111111,55.55555555555556,11.11111111111111
445,0.685,17,0,23,18,10.0,7.59,4.3478260869565215,4.3478260869565215,39.130434782608695,52.17391304347826
446,0.731,25,0,31,21,10.0,8.67,19.35483870967742,0.0,64.51612903225806,16.129032258064516
447,0.66,15,0,25,19,10.0,7.38,4.0,0.0,88.0,8.0
448,0.773,22,0,25,18,10.0,8.4,4.0,4.0,92.0,0.0
449,0.728,20,0,27,22,10.0,8.66,40.74074074074074,0.0,51.851851851851855,7.407407407407407
450,0.71,10,0,21,17,10.0,7.7,33.333333333333336,4.761904761904762,28.571428571428573,33.333333333333336
451,0.764,23,0,35,28,10.0,8.37,14.285714285714286,5.714285714285714,77.14285714285714,2.857142857142857
452,0.678,19,0,30,24,10.0,7.8,16.666666666666668,3.3333333333333335,70.0,10.0
453,0.736,23,0,36,29,10.0,7.52,13.88888888888889,5.555555555555555,63.888888888888886,16.666666666666668
454,0.694,27,0,35,25,10.0,7.72,25.714285714285715,34.285714285714285,31.428571428571427,8.571428571428571
455,0.688,22,0,36,30,10.0,7.92,22.22222222222222,27.77777777777778,38.888888888888886,11.11111111111111
456,0.648,25,0,38,29,10.0,7.38,2.6315789473684212,0.0,92.10526315789474,5.2631578947368425
457,0.815,7,0,17,15,10.0,8.4,5.882352941176471,0.0,82.3529411764706,11.764705882352942
458,0.697,30,0,37,27,10.0,7.97,10.81081081081081,0.0,48.648648648648646,40.54054054054054
459,0.633,20,0,32,25,10.0,7.06,12.5,0.0,78.125,9.375
460,0.705,24,0,28,21,10.0,7.63,7.142857142857143,3.5714285714285716,85.71428571428571,3.5714285714285716
461,0.608,18,0,22,14,10.0,7.44,13.636363636363637,4.545454545454546,40.90909090909091,40.90909090909091
462,0.588,17,0,30,22,10.0,6.95,10.0,10.0,70.0,10.0
463,0.687,25,0,31,22,10.0,7.7,3.225806451612903,35.483870967741936,54.83870967741935,6.451612903225806
464,0.764,20,0,28,23,10.0,8.61,7.142857142857143,3.5714285714285716,75.0,14.285714285714286
465,0.68,18,0,26,20,10.0,7.78,11.538461538461538,0.0,65.38461538461539,23.076923076923077
466,0.712,20,0,24,16,10.0,7.84,25.0,4.166666666666667,58.333333333333336,12.5
467,0.7,17,0,27,21,10.0,7.46,0.0,3.7037037037037037,92.5925925925926,3.7037037037037037
468,0.648,22,0,32,25,10.0,6.8,9.375,0.0,87.5,3.125
469,0.721,16,0,26,21,10.0,8.1,0.0,19.23076923076923,61.53846153846154,19.23076923076923
470,0.678,15,0,22,17,10.0,7.12,0.0,4.545454545454546,90.9090909090909,4.545454545454546
471,0.66,15,0,23,19,10.0,7.44,8.695652173913043,0.0,69.56521739130434,21.73913043478261
472,0.67,24,0,26,17,10.0,7.2,0.0,7.6923076923076925,84.61538461538461,7.6923076923076925
473,0.781,24,0,24,15,10.0,8.28,4.166666666666667,12.5,37.5,45.833333333333336
474,0.786,16,0,29,25,10.0,8.61,3.4482758620689653,0.0,68.96551724137932,27.586206896551722
475,0.716,21,0,26,20,10.0,7.93,30.76923076923077,7.6923076923076925,50.0,11.538461538461538
476,0.64,13,0,18,13,10.0,6.7,5.555555555555555,11.11111111111111,72.22222222222223,11.11111111111111
477,0.712,22,0,29,23,10.0,7.94,31.03448275862069,41.37931034482759,6.896551724137931,20.689655172413794
478,0.672,18,0,27,20,10.0,7.6,14.814814814814815,14.814814814814815,48.148148148148145,22.22222222222222
479,0.78,19,0,33,29,10.0,8.4,3.0303030303030303,6.0606060606060606,78.78787878787878,12.121212121212121
480,0.666,29,0,41,32,10.0,7.24,2.4390243902439024,0.0,92.6829268292683,4.878048780487805
481,0.672,29,0,32,22,10.0,7.86,9.375,0.0,78.125,12.5
482,0.8,17,0,25,20,10.0,8.68,0.0,4.0,88.0,8.0
483,0.714,23,0,27,20,10.0,8.55,11.11111111111111,3.7037037037037037,77.77777777777777,7.407407407407407
484,0.736,36,0,40,30,10.0,8.08,20.0,17.5,55.0,7.5
485,0.778,20,0,24,19,10.0,8.72,8.333333333333334,4.166666666666667,79.16666666666667,8.333333333333334
486,0.727,20,0,24,17,10.0,7.78,8.333333333333334,0.0,87.5,4.166666666666667
487,0.592,18,0,25,17,10.0,6.74,28.0,36.0,20.0,16.0
488,0.702,19,0,28,21,10.0,7.56,3.5714285714285716,0.0,89.28571428571429,7.142857142857143
489,0.706,21,0,27,20,10.0,7.43,3.7037037037037037,0.0,92.5925925925926,3.7037037037037037
490,0.76,17,0,28,23,10.0,7.97,10.714285714285714,21.428571428571427,64.28571428571429,3.5714285714285716
491,0.72,17,0,24,19,10.0,7.69,0.0,4.166666666666667,75.0,20.833333333333332
492,0.738,19,0,26,21,10.0,8.07,11.538461538461538,0.0,84.61538461538461,3.8461538461538463
493,0.704,13,0,21,17,10.0,7.42,9.523809523809524,0.0,80.95238095238095,9.523809523809524
494,0.596,25,0,37,27,10.0,6.85,0.0,0.0,81.08108108108108,18.91891891891892
495,0.73,22,0,28,20,10.0,8.13,10.714285714285714,39.285714285714285,46.42857142857143,3.5714285714285716
496,0.679,23,0,28,19,10.0,7.76,21.428571428571427,0.0,39.285714285714285,39.285714285714285
497,0.605,16,0,22,17,10.0,6.62,4.545454545454546,0.0,90.9090909090909,4.545454545454546
498,0.656,16,0,21,15,10.0,6.72,0.0,4.761904761904762,71.42857142857143,23.80952380952381
499,0.656,24,0,34,27,10.0,7.23,2.9411764705882355,0.0,94.11764705882354,2.9411764705882355
500,0.85,22,0,26,21,10.0,9.36,0.0,3.8461538461538463,30.76923076923077,65.38461538461539
501,0.775,20,0,25,20,10.0,8.18,0.0,8.0,84.0,8.0
502,0.688,18,0,26,19,10.0,7.6,38.46153846153846,0.0,42.30769230769231,19.23076923076923
503,0.67,23,0,30,22,10.0,7.27,3.3333333333333335,3.3333333333333335,90.0,3.3333333333333335
504,0.688,18,0,28,21,10.0,7.4,17.857142857142858,0.0,78.57142857142857,3.5714285714285716
505,0.624,20,0,25,18,10.0,7.12,0.0,0.0,88.0,12.0
506,0.725,19,0,26,22,10.0,7.84,0.0,0.0,92.3076923076923,7.6923076923076925
507,0.736,26,0,29,22,10.0,7.91,3.4482758620689653,3.4482758620689653,89.65517241379311,3.4482758620689653
508,0.676,26,0,32,23,10.0,7.8,3.125,6.25,71.875,18.75
509,0.588,23,0,31,22,10.0,6.96,12.903225806451612,19.35483870967742,61.29032258064516,6.451612903225806
510,0.585,12,0,16,11,10.0,6.16,37.5,0.0,50.0,12.5
511,0.738,21,0,28,20,10.0,8.11,25.0,7.142857142857143,53.57142857142857,14.285714285714286
512,0.76,12,0,26,22,10.0,7.68,0.0,3.8461538461538463,92.3076923076923,3.8461538461538463
513,0.802,16,0,27,22,10.0,8.54,7.407407407407407,0.0,59.25925925925926,33.333333333333336
514,0.701,26,0,38,29,10.0,8.06,10.526315789473685,7.894736842105263,76.3157894736842,5.2631578947368425
515,0.675,16,0,21,15,10.0,7.1,4.761904761904762,4.761904761904762,85.71428571428571,4.761904761904762
516,0.72,21,0,29,22,10.0,7.64,27.586206896551722,0.0,10.344827586206897,62.06896551724138
517,0.68,15,0,25,20,10.0,7.06,4.0,12.0,80.0,4.0
518,0.778,19,0,25,20,10.0,8.2,0.0,0.0,92.0,8.0
519,0.809,17,0,25,21,10.0,8.63,4.0,4.0,88.0,4.0
520,0.82,9,0,17,14,10.0,8.8,5.882352941176471,0.0,64.70588235294117,29.41176470588235
521,0.722,19,0,30,25,10.0,7.74,6.666666666666667,3.3333333333333335,83.33333333333333,6.666666666666667
522,0.665,16,0,31,25,10.0,7.05,3.225806451612903,0.0,93.54838709677419,3.225806451612903
523,0.64,13,0,26,22,10.0,7.2,7.6923076923076925,0.0,84.61538461538461,7.6923076923076925
524,0.67,19,0,28,22,10.0,7.78,0.0,3.5714285714285716,96.42857142857143,0.0
525,0.86,9,0,21,19,10.0,8.8,0.0,0.0,90.47619047619048,9.523809523809524
526,0.6,16,0,18,12,10.0,6.75,0.0,0.0,94.44444444444444,5.555555555555555
527,0.624,23,0,29,19,10.0,6.96,20.689655172413794,37.93103448275862,34.48275862068966,6.896551724137931
528,0.744,25,0,33,25,10.0,8.58,6.0606060606060606,3.0303030303030303,90.9090909090909,0.0
529,0.762,24,0,35,30,10.0,8.6,2.857142857142857,2.857142857142857,88.57142857142857,5.714285714285714
530,0.64,21,0,29,22,10.0,7.12,3.4482758620689653,6.896551724137931,86.20689655172414,3.4482758620689653
531,0.653,20,0,28,21,10.0,6.73,0.0,3.5714285714285716,89.28571428571429,7.142857142857143
532,0.768,23,0,28,22,10.0,8.74,3.5714285714285716,35.714285714285715,46.42857142857143,14.285714285714286
533,0.693,14,0,25,20,10.0,7.14,4.0,0.0,92.0,4.0
534,0.704,24,0,27,20,10.0,7.75,3.7037037037037037,0.0,85.18518518518519,11.11111111111111
535,0.695,16,0,20,15,10.0,7.55,0.0,5.0,90.0,5.0
536,0.635,10,0,17,13,10.0,6.8,0.0,0.0,88.23529411764706,11.764705882352942
537,0.612,18,0,27,20,10.0,6.6,14.814814814814815,0.0,77.77777777777777,7.407407407407407
538,0.648,21,0,31,25,10.0,7.04,12.903225806451612,0.0,77.41935483870968,9.67741935483871
539,0.62,11,0,21,16,10.0,6.88,0.0,4.761904761904762,90.47619047619048,4.761904761904762
540,0.74,11,0,18,14,10.0,8.0,0.0,0.0,94.44444444444444,5.555555555555555
541,0.674,24,0,32,23,10.0,7.41,6.25,0.0,43.75,50.0
542,0.715,11,0,18,14,10.0,7.35,5.555555555555555,0.0,72.22222222222223,22.22222222222222
543,0.776,20,0,35,29,10.0,8.05,5.714285714285714,5.714285714285714,77.14285714285714,11.428571428571429
544,0.704,21,0,33,27,10.0,7.73,6.0606060606060606,24.242424242424242,60.60606060606061,9.090909090909092
545,0.659,21,0,28,21,10.0,7.14,3.5714285714285716,0.0,85.71428571428571,10.714285714285714
546,0.675,9,0,19,16,10.0,7.0,0.0,5.2631578947368425,78.94736842105263,15.789473684210526
547,0.765,11,0,16,13,10.0,8.32,0.0,6.25,81.25,12.5
548,0.719,26,0,27,18,10.0,7.51,0.0,7.407407407407407,88.88888888888889,3.7037037037037037
549,0.671,16,0,22,17,10.0,7.18,0.0,0.0,95.45454545454545,4.545454545454546
550,0.676,26,0,36,28,10.0,8.12,2.7777777777777777,0.0,50.0,47.22222222222222
551,0.684,16,0,27,21,10.0,7.22,0.0,0.0,92.5925925925926,7.407407407407407
552,0.687,16,0,26,20,10.0,8.01,3.8461538461538463,0.0,84.61538461538461,11.538461538461538
553,0.721,22,0,24,17,10.0,7.99,25.0,4.166666666666667,62.5,8.333333333333334
554,0.749,15,0,24,19,10.0,7.94,8.333333333333334,0.0,79.16666666666667,12.5
555,0.746,21,0,27,21,10.0,8.3,0.0,3.7037037037037037,81.48148148148148,14.814814814814815
556,0.7,11,0,16,13,10.0,7.5,0.0,0.0,93.75,6.25
557,0.684,39,0,39,24,10.0,7.62,2.5641025641025643,2.5641025641025643,87.17948717948718,7.6923076923076925
558,0.808,19,0,25,20,10.0,8.44,0.0,0.0,96.0,4.0
559,0.718,28,0,35,24,10.0,8.29,2.857142857142857,2.857142857142857,91.42857142857143,2.857142857142857
560,0.678,23,0,29,20,10.0,7.16,6.896551724137931,3.4482758620689653,82.75862068965517,6.896551724137931
561,0.784,27,0,29,18,10.0,8.0,0.0,3.4482758620689653,93.10344827586206,3.4482758620689653
562,0.732,20,0,29,24,10.0,7.96,0.0,0.0,96.55172413793103,3.4482758620689653
563,0.673,22,0,31,24,10.0,7.13,0.0,0.0,96.7741935483871,3.225806451612903
564,0.695,17,0,28,22,10.0,7.92,17.857142857142858,3.5714285714285716,75.0,3.5714285714285716
565,0.58,14,0,27,21,10.0,6.16,3.7037037037037037,7.407407407407407,81.48148148148148,7.407407407407407
566,0.616,17,0,22,15,10.0,6.48,4.545454545454546,4.545454545454546,81.81818181818181,9.090909090909092
567,0.614,21,0,25,17,10.0,6.83,20.0,0.0,76.0,4.0
568,0.78,19,0,31,25,10.0,8.24,3.225806451612903,0.0,93.54838709677419,3.225806451612903
569,0.725,13,0,20,16,10.0,7.7,0.0,5.0,85.0,10.0
570,0.68,16,0,28,23,10.0,7.48,3.5714285714285716,0.0,92.85714285714286,3.5714285714285716
571,0.658,17,0,26,20,10.0,7.38,3.8461538461538463,0.0,80.76923076923077,15.384615384615385
572,0.8,15,0,29,26,10.0,8.61,3.4482758620689653,0.0,93.10344827586206,3.4482758620689653
573,0.605,23,0,29,20,10.0,6.81,0.0,0.0,93.10344827586206,6.896551724137931
574,0.616,22,0,32,22,10.0,6.83,12.5,0.0,46.875,40.625
575,0.745,15,0,22,17,10.0,7.87,0.0,4.545454545454546,90.9090909090909,4.545454545454546
576,0.674,20,0,25,18,10.0,7.1,12.0,0.0,80.0,8.0
577,0.606,22,0,30,22,10.0,6.82,6.666666666666667,3.3333333333333335,86.66666666666667,3.3333333333333335
578,0.687,17,0,26,19,10.0,7.36,0.0,0.0,92.3076923076923,7.6923076923076925
579,0.667,19,0,31,25,10.0,7.33,6.451612903225806,0.0,64.51612903225806,29.032258064516128
580,0.755,19,0,28,24,10.0,8.19,0.0,0.0,92.85714285714286,7.142857142857143
581,0.79,14,0,22,18,10.0,8.4,0.0,13.636363636363637,77.27272727272727,9.090909090909092
582,0.812,25,0,26,17,10.0,8.47,3.8461538461538463,3.8461538461538463,80.76923076923077,11.538461538461538
583,0.663,22,0,28,21,10.0,7.43,0.0,0.0,67.85714285714286,32.142857142857146
584,0.725,17,0,29,25,10.0,7.85,20.689655172413794,0.0,51.724137931034484,27.586206896551722
585,0.63,13,0,17,12,10.0,7.1,5.882352941176471,0.0,58.8235294117647,35.294117647058826
586,0.808,20,0,27,23,10.0,8.36,11.11111111111111,0.0,85.18518518518519,3.7037037037037037
587,0.656,22,0,31,23,10.0,7.3,25.806451612903224,35.483870967741936,32.25806451612903,6.451612903225806
588,0.745,16,0,17,12,10.0,7.75,0.0,0.0,94.11764705882354,5.882352941176471
589,0.638,17,0,24,18,10.0,7.04,0.0,0.0,95.83333333333333,4.166666666666667
590,0.672,14,0,23,18,10.0,7.3,4.3478260869565215,0.0,86.95652173913044,8.695652173913043
591,0.632,19,0,26,19,10.0,6.98,7.6923076923076925,0.0,88.46153846153847,3.8461538461538463
592,0.688,24,0,30,23,10.0,7.64,3.3333333333333335,0.0,93.33333333333333,3.3333333333333335
593,0.676,27,0,39,30,10.0,7.9,0.0,2.5641025641025643,92.3076923076923,5.128205128205129
594,0.756,17,0,29,25,10.0,7.97,3.4482758620689653,10.344827586206897,82.75862068965517,3.4482758620689653
595,0.592,13,0,17,12,10.0,6.72,0.0,0.0,94.11764705882354,5.882352941176471
596,0.77,14,0,24,21,10.0,7.86,16.666666666666668,8.333333333333334,41.666666666666664,33.333333333333336
597,0.688,15,0,26,20,10.0,7.29,0.0,0.0,96.15384615384616,3.8461538461538463
598,0.845,11,0,19,17,10.0,8.6,5.2631578947368425,0.0,84.21052631578948,10.526315789473685
599,0.725,12,0,17,13,10.0,7.67,35.294117647058826,5.882352941176471,52.94117647058823,5.882352941176471
600,0.614,24,0,33,24,10.0,7.12,0.0,0.0,96.96969696969697,3.0303030303030303
601,0.724,22,0,34,27,10.0,8.26,5.882352941176471,2.9411764705882355,52.94117647058823,38.23529411764706
602,0.814,16,0,29,26,10.0,9.17,13.793103448275861,24.137931034482758,58.62068965517241,3.4482758620689653
603,0.693,12,0,23,18,10.0,7.58,26.08695652173913,13.043478260869565,52.17391304347826,8.695652173913043
604,0.812,24,0,36,30,10.0,8.68,0.0,2.7777777777777777,94.44444444444444,2.7777777777777777
605,0.644,18,0,27,20,10.0,7.19,3.7037037037037037,0.0,70.37037037037037,25.925925925925927
606,0.662,18,0,27,20,10.0,7.4,0.0,0.0,85.18518518518519,14.814814814814815
607,0.712,15,0,21,16,10.0,7.43,0.0,0.0,71.42857142857143,28.571428571428573
608,0.74,17,0,27,23,10.0,7.85,0.0,0.0,96.29629629629629,3.7037037037037037
609,0.724,19,0,25,18,10.0,8.2,0.0,4.0,64.0,32.0
610,0.676,22,0,35,28,10.0,7.37,0.0,0.0,88.57142857142857,11.428571428571429
611,0.668,22,0,27,21,10.0,7.4,11.11111111111111,0.0,81.48148148148148,7.407407407407407
612,0.736,21,0,36,29,10.0,8.36,30.555555555555557,5.555555555555555,55.55555555555556,8.333333333333334
613,0.62,23,0,31,22,10.0,6.79,9.67741935483871,3.225806451612903,83.87096774193549,3.225806451612903
614,0.74,14,0,27,23,10.0,7.75,3.7037037037037037,0.0,88.88888888888889,7.407407407407407
615,0.681,23,0,26,17,10.0,7.06,0.0,0.0,96.15384615384616,3.8461538461538463
616,0.6,13,0,22,17,10.0,6.1,4.545454545454546,4.545454545454546,81.81818181818181,9.090909090909092
617,0.8,8,0,15,13,10.0,8.2,0.0,0.0,93.33333333333333,6.666666666666667
618,0.68,17,0,21,15,10.0,7.7,9.523809523809524,4.761904761904762,76.19047619047619,9.523809523809524
619,0.825,7,0,13,11,10.0,8.95,7.6923076923076925,7.6923076923076925,69.23076923076923,15.384615384615385
620,0.715,12,0,19,15,10.0,7.5,0.0,0.0,94.73684210526316,5.2631578947368425
621,0.66,10,0,15,11,10.0,7.15,13.333333333333334,0.0,73.33333333333333,13.333333333333334
622,0.674,15,0,23,18,10.0,7.26,26.08695652173913,4.3478260869565215,21.73913043478261,47.82608695652174
623,0.72,17,0,27,22,10.0,8.18,0.0,0.0,96.29629629629629,3.7037037037037037
624,0.72,8,0,17,14,10.0,7.45,29.41176470588235,0.0,41.1764705882353,29.41176470588235
625,0.728,18,0,27,22,10.0,7.62,11.11111111111111,7.407407407407407,77.77777777777777,3.7037037037037037
626,0.704,22,0,30,23,10.0,8.0,0.0,0.0,60.0,40.0
627,0.653,20,0,26,20,10.0,7.33,3.8461538461538463,0.0,88.46153846153847,7.6923076923076925
628,0.692,19,0,30,23,10.0,7.99,13.333333333333334,0.0,63.333333333333336,23.333333333333332
629,0.68,14,0,24,20,10.0,7.24,4.166666666666667,4.166666666666667,83.33333333333333,8.333333333333334
630,0.71,17,0,25,20,10.0,7.31,0.0,0.0,88.0,12.0
631,0.7,23,0,29,22,10.0,7.49,0.0,0.0,93.10344827586206,6.896551724137931
632,0.672,19,0,24,18,10.0,7.06,0.0,0.0,95.83333333333333,4.166666666666667
633,0.655,22,0,27,19,10.0,6.95,11.11111111111111,0.0,85.18518518518519,3.7037037037037037
634,0.61,27,0,32,23,10.0,6.75,0.0,3.125,87.5,9.375
635,0.778,26,0,36,29,10.0,8.3,0.0,2.7777777777777777,33.333333333333336,63.888888888888886
636,0.604,17,0,23,15,10.0,6.28,0.0,0.0,95.65217391304348,4.3478260869565215
637,0.692,21,0,23,15,10.0,7.6,4.3478260869565215,0.0,91.30434782608695,4.3478260869565215
638,0.608,18,0,24,17,10.0,6.42,0.0,0.0,95.83333333333333,4.166666666666667
639,0.646,23,0,29,22,10.0,7.0,0.0,3.4482758620689653,86.20689655172414,10.344827586206897
640,0.744,23,0,32,25,10.0,7.6,3.125,0.0,93.75,3.125
641,0.726,13,0,23,20,10.0,7.83,0.0,0.0,86.95652173913044,13.043478260869565
642,0.66,24,0,33,25,10.0,7.17,12.121212121212121,0.0,81.81818181818181,6.0606060606060606
643,0.722,30,0,39,31,10.0,8.0,0.0,0.0,97.43589743589743,2.5641025641025643
644,0.805,14,0,26,22,10.0,8.44,3.8461538461538463,0.0,92.3076923076923,3.8461538461538463
645,0.652,21,0,28,21,10.0,7.17,3.5714285714285716,7.142857142857143,85.71428571428571,3.5714285714285716
646,0.748,21,0,31,25,10.0,8.61,16.129032258064516,6.451612903225806,64.51612903225806,12.903225806451612
647,0.7,11,0,22,18,10.0,7.35,31.818181818181817,4.545454545454546,54.54545454545455,9.090909090909092
648,0.62,18,0,31,25,10.0,6.94,3.225806451612903,3.225806451612903,90.3225806451613,3.225806451612903
649,0.675,11,0,19,15,10.0,7.24,5.2631578947368425,5.2631578947368425,78.94736842105263,10.526315789473685
650,0.666,17,0,25,19,10.0,6.88,0.0,0.0,92.0,8.0
651,0.7,17,0,24,20,10.0,7.6,4.166666666666667,0.0,83.33333333333333,12.5
652,0.73,19,0,26,19,10.0,7.85,0.0,0.0,61.53846153846154,38.46153846153846
653,0.652,23,0,34,27,10.0,7.55,20.58823529411765,26.470588235294116,50.0,2.9411764705882355
654,0.592,19,0,26,18,10.0,7.56,0.0,0.0,92.3076923076923,7.6923076923076925
655,0.7,19,0,25,18,10.0,7.52,4.0,0.0,88.0,8.0
656,0.766,15,0,23,19,10.0,7.84,4.3478260869565215,0.0,60.869565217391305,34.78260869565217
657,0.64,20,0,28,20,10.0,7.37,3.5714285714285716,0.0,78.57142857142857,17.857142857142858
658,0.64,19,0,21,15,10.0,6.68,0.0,0.0,90.47619047619048,9.523809523809524
659,0.684,18,0,28,22,10.0,7.56,17.857142857142858,0.0,75.0,7.142857142857143
660,0.615,16,0,26,20,10.0,6.85,0.0,0.0,96.15384615384616,3.8461538461538463
661,0.646,18,0,27,19,10.0,6.96,14.814814814814815,3.7037037037037037,66.66666666666667,14.814814814814815
662,0.751,22,0,34,28,10.0,8.07,20.58823529411765,0.0,67.6470588235294,11.764705882352942
663,0.678,25,0,26,16,10.0,7.64,7.6923076923076925,7.6923076923076925,69.23076923076923,15.384615384615385
664,0.648,19,0,30,22,10.0,7.34,3.3333333333333335,0.0,83.33333333333333,13.333333333333334
665,0.694,14,0,25,21,10.0,7.38,0.0,0.0,96.0,4.0
666,0.77,16,0,24,20,10.0,8.12,8.333333333333334,8.333333333333334,79.16666666666667,4.166666666666667
667,0.66,15,0,24,18,10.0,6.72,0.0,0.0,95.83333333333333,4.166666666666667
668,0.672,28,0,37,27,10.0,7.93,8.108108108108109,0.0,86.48648648648648,5.405405405405405
669,0.675,8,0,14,11,10.0,7.4,7.142857142857143,7.142857142857143,78.57142857142857,7.142857142857143
670,0.695,17,0,24,19,10.0,7.41,0.0,4.166666666666667,87.5,8.333333333333334
671,0.84,10,0,15,13,10.0,8.5,0.0,0.0,93.33333333333333,6.666666666666667
672,0.8,10,0,20,17,10.0,8.1,0.0,0.0,65.0,35.0
673,0.66,11,0,16,12,10.0,7.25,31.25,0.0,62.5,6.25
674,0.708,23,0,38,31,10.0,7.93,2.6315789473684212,0.0,81.57894736842105,15.789473684210526
675,0.75,21,0,30,24,10.0,8.17,3.3333333333333335,3.3333333333333335,90.0,3.3333333333333335
676,0.656,23,0,31,22,10.0,7.01,0.0,0.0,93.54838709677419,6.451612903225806
677,0.566,25,0,27,16,10.0,5.92,3.7037037037037037,0.0,37.03703703703704,59.25925925925926
678,0.66,19,0,29,22,10.0,7.57,10.344827586206897,0.0,65.51724137931035,24.137931034482758
679,0.64,25,0,34,25,10.0,7.22,8.823529411764707,2.9411764705882355,82.3529411764706,5.882352941176471
680,0.705,15,0,24,18,10.0,8.23,33.333333333333336,0.0,41.666666666666664,25.0
681,0.775,17,0,29,25,10.0,8.39,17.24137931034483,0.0,75.86206896551724,6.896551724137931
682,0.724,19,0,29,23,10.0,7.73,0.0,0.0,96.55172413793103,3.4482758620689653
683,0.704,17,0,27,21,10.0,7.24,11.11111111111111,0.0,81.48148148148148,7.407407407407407
684,0.592,30,0,39,27,10.0,6.82,0.0,7.6923076923076925,89.74358974358974,2.5641025641025643
685,0.66,14,0,18,13,10.0,7.04,0.0,0.0,94.44444444444444,5.555555555555555
686,0.754,21,0,30,24,10.0,7.8,3.3333333333333335,0.0,93.33333333333333,3.3333333333333335
687,0.696,18,0,31,25,10.0,7.72,0.0,0.0,93.54838709677419,6.451612903225806
688,0.776,18,0,29,25,10.0,8.36,0.0,0.0,89.65517241379311,10.344827586206897
689,0.775,8,0,20,18,10.0,7.75,10.0,5.0,65.0,20.0
690,0.764,21,0,32,27,10.0,8.43,31.25,3.125,62.5,3.125
691,0.735,16,0,23,19,10.0,7.74,0.0,17.391304347826086,78.26086956521739,4.3478260869565215
692,0.676,18,0,28,21,10.0,7.56,0.0,3.5714285714285716,85.71428571428571,10.714285714285714
693,0.736,19,0,29,23,10.0,7.68,10.344827586206897,0.0,82.75862068965517,6.896551724137931
694,0.775,11,0,18,15,10.0,7.97,27.77777777777778,5.555555555555555,61.111111111111114,5.555555555555555
695,0.64,18,0,31,24,10.0,7.02,41.935483870967744,3.225806451612903,51.61290322580645,3.225806451612903
696,0.745,14,0,19,15,10.0,8.3,0.0,0.0,42.10526315789474,57.89473684210526
697,0.69,15,0,25,20,10.0,7.82,8.0,4.0,80.0,8.0
698,0.758,24,0,40,33,10.0,8.32,0.0,2.5,92.5,5.0
699,0.55,16,0,28,20,10.0,6.09,10.714285714285714,0.0,71.42857142857143,17.857142857142858
700,0.61,11,0,16,11,10.0,6.3,0.0,0.0,87.5,12.5
701,0.7,16,0,29,23,10.0,7.6,3.4482758620689653,0.0,79.3103448275862,17.24137931034483
702,0.645,14,0,21,16,10.0,6.98,0.0,0.0,95.23809523809524,4.761904761904762
703,0.655,19,0,26,19,10.0,7.06,0.0,3.8461538461538463,88.46153846153847,7.6923076923076925
704,0.646,25,0,31,22,10.0,6.84,3.225806451612903,0.0,93.54838709677419,3.225806451612903
705,0.748,23,0,33,27,10.0,7.94,0.0,0.0,93.93939393939394,6.0606060606060606
706,0.71,18,0,30,24,10.0,7.6,0.0,3.3333333333333335,90.0,6.666666666666667
707,0.78,21,0,28,21,10.0,8.61,0.0,0.0,64.28571428571429,35.714285714285715
708,0.686,30,0,40,32,10.0,8.2,22.5,25.0,35.0,17.5
709,0.702,17,0,25,19,10.0,7.57,4.0,0.0,72.0,24.0
710,0.602,18,0,20,12,10.0,6.24,15.0,0.0,80.0,5.0
711,0.718,23,0,30,23,10.0,7.46,3.3333333333333335,0.0,93.33333333333333,3.3333333333333335
712,0.664,17,0,27,21,10.0,7.48,33.333333333333336,0.0,40.74074074074074,25.925925925925927
713,0.785,10,0,18,15,10.0,8.05,22.22222222222222,11.11111111111111,55.55555555555556,11.11111111111111
714,0.76,15,0,25,21,10.0,7.69,0.0,0.0,96.0,4.0
715,0.688,23,0,33,25,10.0,7.52,0.0,0.0,96.96969696969697,3.0303030303030303
716,0.695,11,0,18,13,10.0,7.2,16.666666666666668,0.0,72.22222222222223,11.11111111111111
717,0.52,14,0,25,18,10.0,5.36,0.0,0.0,96.0,4.0
718,0.796,18,0,29,23,10.0,8.62,0.0,0.0,68.96551724137932,31.03448275862069
719,0.684,15,0,25,19,10.0,7.62,4.0,24.0,68.0,4.0
720,0.725,8,0,17,14,10.0,8.1,0.0,0.0,76.47058823529412,23.529411764705884
721,0.83,12,0,18,15,10.0,8.55,0.0,0.0,88.88888888888889,11.11111111111111
722,0.772,11,0,32,29,10.0,8.48,18.75,21.875,53.125,6.25
723,0.87,9,0,18,16,10.0,8.9,5.555555555555555,0.0,83.33333333333333,11.11111111111111
724,0.68,17,0,24,18,10.0,7.66,0.0,0.0,95.83333333333333,4.166666666666667
725,0.685,17,0,26,20,10.0,7.61,11.538461538461538,7.6923076923076925,69.23076923076923,11.538461538461538
726,0.688,17,0,28,22,10.0,7.0,0.0,0.0,92.85714285714286,7.142857142857143
727,0.72,12,0,20,16,10.0,7.65,10.0,5.0,80.0,5.0
728,0.688,24,0,28,21,10.0,7.61,3.5714285714285716,0.0,35.714285714285715,60.714285714285715
729,0.748,16,0,30,25,10.0,7.93,6.666666666666667,0.0,86.66666666666667,6.666666666666667
730,0.676,20,0,27,20,10.0,7.62,0.0,0.0,88.88888888888889,11.11111111111111
731,0.786,22,0,34,28,10.0,8.05,0.0,0.0,97.05882352941177,2.9411764705882355
732,0.656,18,0,33,26,10.0,7.02,6.0606060606060606,0.0,87.87878787878788,6.0606060606060606
733,0.657,17,0,27,21,10.0,7.93,0.0,3.7037037037037037,88.88888888888889,7.407407407407407
734,0.738,14,0,27,22,10.0,7.54,3.7037037037037037,3.7037037037037037,88.88888888888889,3.7037037037037037
735,0.71,17,0,26,20,10.0,7.84,19.23076923076923,0.0,76.92307692307692,3.8461538461538463
736,0.752,25,0,37,31,10.0,8.3,18.91891891891892,10.81081081081081,54.054054054054056,16.216216216216218
737,0.625,25,0,31,23,10.0,7.0,9.67741935483871,0.0,74.19354838709677,16.129032258064516
738,0.777,21,0,27,21,10.0,8.24,14.814814814814815,0.0,62.96296296296296,22.22222222222222
739,0.725,9,0,18,15,10.0,7.5,5.555555555555555,0.0,88.88888888888889,5.555555555555555
740,0.65,21,0,27,19,10.0,6.9,0.0,0.0,96.29629629629629,3.7037037037037037
741,0.63,26,0,25,16,10.0,6.83,0.0,0.0,96.0,4.0
742,0.757,23,0,30,24,10.0,7.95,0.0,10.0,76.66666666666667,13.333333333333334
743,0.672,18,0,30,23,10.0,7.34,3.3333333333333335,0.0,70.0,26.666666666666668
744,0.702,20,0,27,21,10.0,7.59,0.0,0.0,96.29629629629629,3.7037037037037037
745,0.67,24,0,27,18,10.0,7.05,0.0,0.0,92.5925925925926,7.407407407407407
746,0.746,20,0,28,23,10.0,8.25,7.142857142857143,17.857142857142858,71.42857142857143,3.5714285714285716
747,0.784,19,0,28,22,10.0,8.04,0.0,0.0,89.28571428571429,10.714285714285714
748,0.626,26,0,34,25,10.0,6.88,0.0,0.0,94.11764705882354,5.882352941176471
749,0.696,19,0,33,27,10.0,7.52,0.0,0.0,96.96969696969697,3.0303030303030303
750,0.765,14,0,20,17,10.0,8.15,0.0,5.0,90.0,5.0
751,0.641,19,0,29,21,10.0,6.87,41.37931034482759,6.896551724137931,44.827586206896555,6.896551724137931
752,0.63,12,0,16,11,10.0,6.8,0.0,0.0,93.75,6.25
753,0.835,11,0,18,15,10.0,8.75,11.11111111111111,0.0,72.22222222222223,16.666666666666668
754,0.52,16,0,21,13,10.0,5.6,0.0,0.0,95.23809523809524,4.761904761904762
755,0.72,14,0,29,25,10.0,7.66,3.4482758620689653,0.0,89.65517241379311,6.896551724137931
756,0.75,11,0,16,13,10.0,7.8,0.0,0.0,93.75,6.25
757,0.768,18,0,26,20,10.0,7.94,0.0,3.8461538461538463,92.3076923076923,3.8461538461538463
758,0.72,11,0,20,16,10.0,7.35,45.0,0.0,35.0,20.0
759,0.688,17,0,35,29,10.0,7.05,5.714285714285714,0.0,88.57142857142857,5.714285714285714
760,0.724,26,0,30,22,10.0,7.62,0.0,0.0,96.66666666666667,3.3333333333333335
761,0.636,21,0,26,18,10.0,7.01,19.23076923076923,0.0,76.92307692307692,3.8461538461538463
762,0.643,16,0,27,21,10.0,7.38,18.51851851851852,37.03703703703704,37.03703703703704,7.407407407407407
763,0.74,21,0,34,28,10.0,7.91,2.9411764705882355,5.882352941176471,88.23529411764706,2.9411764705882355
764,0.757,23,0,31,24,10.0,8.51,9.67741935483871,0.0,83.87096774193549,6.451612903225806
765,0.55,17,0,23,15,10.0,5.68,0.0,0.0,95.65217391304348,4.3478260869565215
766,0.768,21,0,26,19,10.0,8.21,0.0,3.8461538461538463,92.3076923076923,3.8461538461538463
767,0.68,21,0,29,22,10.0,6.96,17.24137931034483,0.0,79.3103448275862,3.4482758620689653
768,0.644,21,0,28,21,10.0,6.82,0.0,3.5714285714285716,92.85714285714286,3.5714285714285716
769,0.78,9,0,18,15,10.0,8.05,11.11111111111111,0.0,83.33333333333333,5.555555555555555
770,0.668,20,0,23,17,10.0,7.07,0.0,0.0,91.30434782608695,8.695652173913043
771,0.796,20,0,27,22,10.0,8.63,22.22222222222222,0.0,74.07407407407408,3.7037037037037037
772,0.8,10,0,18,15,10.0,8.55,0.0,0.0,94.44444444444444,5.555555555555555
773,0.73,12,0,21,17,10.0,7.38,0.0,0.0,95.23809523809524,4.761904761904762
774,0.552,21,0,26,17,10.0,5.75,0.0,0.0,96.15384615384616,3.8461538461538463
775,0.76,17,0,24,19,10.0,8.08,20.833333333333332,8.333333333333334,54.166666666666664,16.666666666666668
776,0.696,18,0,28,22,10.0,7.75,10.714285714285714,0.0,85.71428571428571,3.5714285714285716
777,0.57,16,0,27,20,10.0,6.23,7.407407407407407,0.0,88.88888888888889,3.7037037037037037
778,0.576,19,0,30,22,10.0,6.02,0.0,0.0,96.66666666666667,3.3333333333333335
779,0.705,14,0,24,20,10.0,7.66,0.0,0.0,75.0,25.0
780,0.639,15,0,27,22,10.0,6.93,0.0,0.0,88.88888888888889,11.11111111111111
781,0.745,10,0,22,19,10.0,8.35,0.0,0.0,95.45454545454545,4.545454545454546
782,0.628,11,0,24,19,10.0,6.44,0.0,0.0,91.66666666666667,8.333333333333334
783,0.668,17,0,26,19,10.0,7.53,0.0,0.0,96.15384615384616,3.8461538461538463
784,0.642,21,0,29,23,10.0,6.64,3.4482758620689653,0.0,86.20689655172414,10.344827586206897
785,0.63,16,0,21,16,10.0,6.49,0.0,0.0,95.23809523809524,4.761904761904762
786,0.647,27,0,29,19,10.0,7.17,0.0,3.4482758620689653,89.65517241379311,6.896551724137931
787,0.757,12,0,20,16,10.0,8.0,25.0,0.0,50.0,25.0
788,0.708,16,0,27,22,10.0,8.26,11.11111111111111,0.0,81.48148148148148,7.407407407407407
789,0.59,15,0,26,20,10.0,6.5,23.076923076923077,0.0,73.07692307692308,3.8461538461538463
790,0.67,14,0,25,20,10.0,6.78,0.0,0.0,92.0,8.0
791,0.62,14,0,16,10,10.0,6.41,12.5,0.0,18.75,68.75
792,0.68,16,0,28,23,10.0,7.36,21.428571428571427,0.0,75.0,3.5714285714285716
793,0.688,15,0,29,24,10.0,7.36,0.0,0.0,93.10344827586206,6.896551724137931
794,0.672,26,0,33,25,10.0,7.2,15.151515151515152,0.0,75.75757575757575,9.090909090909092
795,0.636,20,0,28,20,10.0,7.24,0.0,0.0,96.42857142857143,3.5714285714285716
796,0.678,18,0,30,22,10.0,7.94,0.0,0.0,93.33333333333333,6.666666666666667
797,0.664,15,0,29,23,10.0,7.14,6.896551724137931,0.0,89.65517241379311,3.4482758620689653
798,0.676,30,0,31,21,10.0,8.2,3.225806451612903,6.451612903225806,67.74193548387096,22.580645161290324
799,0.736,21,0,30,25,10.0,8.24,10.0,0.0,86.66666666666667,3.3333333333333335
800,0.756,19,0,32,27,10.0,8.0,3.125,0.0,81.25,15.625
801,0.675,15,0,20,14,10.0,7.0,10.0,0.0,85.0,5.0
802,0.736,21,0,35,28,10.0,8.54,34.285714285714285,0.0,37.142857142857146,28.571428571428573
803,0.564,20,0,29,21,10.0,6.76,3.4482758620689653,0.0,89.65517241379311,6.896551724137931
804,0.712,16,0,27,22,10.0,7.91,48.148148148148145,0.0,44.44444444444444,7.407407407407407
805,0.72,12,0,18,14,10.0,7.4,0.0,0.0,94.44444444444444,5.555555555555555
806,0.668,12,0,27,22,10.0,7.18,22.22222222222222,0.0,66.66666666666667,11.11111111111111
807,0.74,15,0,20,16,10.0,8.15,5.0,0.0,90.0,5.0
808,0.736,20,0,28,22,10.0,7.92,3.5714285714285716,0.0,92.85714285714286,3.5714285714285716
809,0.66,11,0,24,19,10.0,7.03,0.0,0.0,95.83333333333333,4.166666666666667
810,0.724,27,0,35,26,10.0,7.69,0.0,0.0,97.14285714285714,2.857142857142857
811,0.752,17,0,26,21,10.0,8.64,19.23076923076923,0.0,76.92307692307692,3.8461538461538463
812,0.679,20,0,27,19,10.0,7.13,3.7037037037037037,0.0,92.5925925925926,3.7037037037037037
813,0.7,16,0,28,22,10.0,7.61,25.0,14.285714285714286,35.714285714285715,25.0
814,0.736,16,0,21,16,10.0,8.14,0.0,0.0,95.23809523809524,4.761904761904762
815,0.885,10,0,18,16,10.0,9.55,11.11111111111111,0.0,83.33333333333333,5.555555555555555
816,0.85,8,0,16,14,10.0,8.5,0.0,0.0,87.5,12.5
817,0.7,18,0,30,25,10.0,7.93,0.0,0.0,90.0,10.0
818,0.71,13,0,17,13,10.0,7.65,11.764705882352942,0.0,29.41176470588235,58.8235294117647
819,0.733,22,0,30,23,10.0,8.2,6.666666666666667,0.0,90.0,3.3333333333333335
820,0.715,14,0,26,21,10.0,7.82,0.0,3.8461538461538463,84.61538461538461,11.538461538461538
821,0.56,20,0,24,16,10.0,5.76,0.0,0.0,95.83333333333333,4.166666666666667
822,0.696,22,0,33,25,10.0,7.83,18.181818181818183,0.0,78.78787878787878,3.0303030303030303
823,0.696,18,0,27,22,10.0,7.0,0.0,0.0,92.5925925925926,7.407407407407407
824,0.695,13,0,19,15,10.0,8.36,0.0,0.0,42.10526315789474,57.89473684210526
825,0.696,20,0,25,19,10.0,7.08,0.0,4.0,92.0,4.0
826,0.64,19,0,25,18,10.0,7.14,4.0,0.0,88.0,8.0
827,0.736,19,0,29,24,10.0,7.94,3.4482758620689653,0.0,93.10344827586206,3.4482758620689653
828,0.666,16,0,21,16,10.0,7.16,23.80952380952381,0.0,38.095238095238095,38.095238095238095
829,0.625,7,0,13,10,10.0,6.25,0.0,0.0,92.3076923076923,7.6923076923076925
830,0.7,14,0,19,14,10.0,7.81,5.2631578947368425,0.0,78.94736842105263,15.789473684210526
831,0.588,27,0,30,19,10.0,6.52,0.0,0.0,93.33333333333333,6.666666666666667
832,0.76,18,0,29,24,10.0,7.94,0.0,0.0,82.75862068965517,17.24137931034483
833,0.804,19,0,27,22,10.0,8.88,0.0,0.0,92.5925925925926,7.407407407407407
834,0.65,11,0,21,17,10.0,7.51,4.761904761904762,0.0,80.95238095238095,14.285714285714286
835,0.636,23,0,26,18,10.0,6.71,0.0,0.0,92.3076923076923,7.6923076923076925
836,0.68,14,0,23,19,10.0,7.58,0.0,0.0,56.52173913043478,43.47826086956522
837,0.7,7,0,13,10,10.0,7.2,38.46153846153846,0.0,53.84615384615385,7.6923076923076925
838,0.668,18,0,25,19,10.0,7.49,28.0,0.0,68.0,4.0
839,0.66,13,0,16,11,10.0,6.9,0.0,0.0,93.75,6.25
840,0.696,26,0,36,27,10.0,7.84,0.0,0.0,72.22222222222223,27.77777777777778
841,0.633,23,0,33,25,10.0,6.81,0.0,3.0303030303030303,90.9090909090909,6.0606060606060606
842,0.76,17,0,27,23,10.0,7.75,0.0,18.51851851851852,77.77777777777777,3.7037037037037037
843,0.725,13,0,23,20,10.0,7.69,0.0,4.3478260869565215,65.21739130434783,30.434782608695652
844,0.76,15,0,22,19,10.0,8.44,4.545454545454546,0.0,72.72727272727273,22.727272727272727
845,0.68,21,0,29,20,10.0,7.2,0.0,0.0,93.10344827586206,6.896551724137931
846,0.72,25,0,29,20,10.0,7.59,10.344827586206897,0.0,82.75862068965517,6.896551724137931
847,0.688,19,0,30,23,10.0,7.48,16.666666666666668,0.0,73.33333333333333,10.0
848,0.666,31,0,37,25,10.0,6.82,0.0,0.0,94.5945945945946,5.405405405405405
849,0.792,24,0,33,28,10.0,8.56,18.181818181818183,0.0,78.78787878787878,3.0303030303030303
850,0.635,24,0,29,21,10.0,7.4,0.0,0.0,96.55172413793103,3.4482758620689653
851,0.716,13,0,22,17,10.0,7.66,22.727272727272727,36.36363636363637,31.818181818181817,9.090909090909092
852,0.48,26,0,25,13,10.0,5.32,0.0,4.0,92.0,4.0
853,0.791,13,0,25,22,10.0,8.69,12.0,0.0,60.0,28.0
854,0.75,17,0,25,21,10.0,8.02,4.0,4.0,88.0,4.0
855,0.69,15,0,21,15,10.0,8.24,42.857142857142854,0.0,52.38095238095238,4.761904761904762
856,0.68,14,0,25,21,10.0,6.96,0.0,0.0,96.0,4.0
857,0.682,22,0,32,24,10.0,7.2,0.0,0.0,93.75,6.25
858,0.698,29,0,39,31,10.0,7.78,46.15384615384615,0.0,43.58974358974359,10.256410256410257
859,0.77,11,0,18,15,10.0,8.0,16.666666666666668,0.0,66.66666666666667,16.666666666666668
860,0.659,25,0,31,22,10.0,7.29,3.225806451612903,0.0,93.54838709677419,3.225806451612903
861,0.623,20,0,26,19,10.0,6.23,3.8461538461538463,0.0,92.3076923076923,3.8461538461538463
862,0.744,23,0,27,20,10.0,7.86,11.11111111111111,0.0,81.48148148148148,7.407407407407407
863,0.676,17,0,23,17,10.0,7.24,21.73913043478261,0.0,65.21739130434783,13.043478260869565
864,0.81,11,0,19,16,10.0,8.16,0.0,0.0,84.21052631578948,15.789473684210526
865,0.695,22,0,28,21,10.0,7.7,0.0,0.0,42.857142857142854,57.142857142857146
866,0.775,16,0,27,23,10.0,8.3,7.407407407407407,0.0,81.48148148148148,11.11111111111111
867,0.7,12,0,24,20,10.0,7.4,0.0,4.166666666666667,75.0,20.833333333333332
868,0.72,14,0,19,15,10.0,8.3,26.31578947368421,0.0,68.42105263157895,5.2631578947368425
869,0.86,14,0,21,18,10.0,8.8,0.0,0.0,90.47619047619048,9.523809523809524
870,0.714,20,0,28,22,10.0,8.02,0.0,0.0,96.42857142857143,3.5714285714285716
871,0.675,8,0,17,14,10.0,7.8,0.0,0.0,94.11764705882354,5.882352941176471
872,0.77,17,0,31,26,10.0,8.27,12.903225806451612,0.0,83.87096774193549,3.225806451612903
873,0.695,16,0,23,18,10.0,7.97,21.73913043478261,4.3478260869565215,65.21739130434783,8.695652173913043
874,0.693,19,0,28,21,10.0,7.65,21.428571428571427,0.0,71.42857142857143,7.142857142857143
875,0.645,14,0,21,15,10.0,7.22,47.61904761904762,0.0,23.80952380952381,28.571428571428573
876,0.575,11,0,16,11,10.0,6.35,37.5,6.25,37.5,18.75
877,0.77,12,0,18,15,10.0,7.9,0.0,0.0,94.44444444444444,5.555555555555555
878,0.696,23,0,27,19,10.0,7.49,7.407407407407407,0.0,88.88888888888889,3.7037037037037037
879,0.652,18,0,26,20,10.0,7.28,0.0,0.0,96.15384615384616,3.8461538461538463
880,0.78,19,0,27,22,10.0,8.4,3.7037037037037037,7.407407407407407,85.18518518518519,3.7037037037037037
881,0.766,22,0,33,27,10.0,8.31,0.0,0.0,72.72727272727273,27.272727272727273
882,0.7,14,0,24,20,10.0,7.82,0.0,4.166666666666667,87.5,8.333333333333334
883,0.688,20,0,29,22,10.0,7.5,20.689655172413794,0.0,75.86206896551724,3.4482758620689653
884,0.675,10,0,18,15,10.0,7.45,22.22222222222222,0.0,66.66666666666667,11.11111111111111
885,0.664,18,0,27,21,10.0,7.82,0.0,3.7037037037037037,92.5925925925926,3.7037037037037037
886,0.632,18,0,29,23,10.0,6.76,3.4482758620689653,0.0,93.10344827586206,3.4482758620689653
887,0.784,16,0,26,22,10.0,8.44,0.0,0.0,84.61538461538461,15.384615384615385
888,0.688,22,0,30,22,10.0,7.76,0.0,0.0,90.0,10.0
889,0.685,11,0,18,14,10.0,7.55,22.22222222222222,5.555555555555555,61.111111111111114,11.11111111111111
890,0.68,14,0,21,15,10.0,7.2,9.523809523809524,0.0,71.42857142857143,19.047619047619047
891,0.692,16,0,25,19,10.0,7.22,24.0,0.0,36.0,40.0
892,0.734,18,0,21,15,10.0,7.78,33.333333333333336,0.0,52.38095238095238,14.285714285714286
893,0.644,27,0,38,27,10.0,7.08,0.0,0.0,97.36842105263158,2.6315789473684212
894,0.59,13,0,24,18,10.0,6.22,4.166666666666667,0.0,91.66666666666667,4.166666666666667
895,0.712,22,0,30,24,10.0,7.95,16.666666666666668,20.0,50.0,13.333333333333334
896,0.784,18,0,27,22,10.0,8.58,0.0,0.0,96.29629629629629,3.7037037037037037
897,0.722,18,0,27,21,10.0,7.82,18.51851851851852,14.814814814814815,48.148148148148145,18.51851851851852
898,0.68,22,0,30,22,10.0,7.25,16.666666666666668,0.0,80.0,3.3333333333333335
899,0.671,20,0,25,19,10.0,7.2,0.0,0.0,96.0,4.0
900,0.8,22,0,30,23,10.0,8.16,0.0,0.0,66.66666666666667,33.333333333333336
901,0.776,18,0,28,22,10.0,8.16,21.428571428571427,0.0,46.42857142857143,32.142857142857146
902,0.587,17,0,26,20,10.0,6.49,0.0,0.0,96.15384615384616,3.8461538461538463
903,0.6,18,0,23,17,10.0,6.48,0.0,0.0,95.65217391304348,4.3478260869565215
904,0.687,17,0,26,20,10.0,7.88,19.23076923076923,3.8461538461538463,69.23076923076923,7.6923076923076925
905,0.675,8,0,15,12,9.0,7.0,0.0,0.0,93.33333333333333,6.666666666666667
906,0.764,19,0,30,24,10.0,8.18,0.0,0.0,96.66666666666667,3.3333333333333335
907,0.7,19,0,25,18,10.0,7.6,0.0,0.0,84.0,16.0
908,0.776,17,0,26,22,10.0,8.72,15.384615384615385,0.0,19.23076923076923,65.38461538461539
909,0.676,25,0,33,24,10.0,7.94,21.21212121212121,30.303030303030305,45.45454545454545,3.0303030303030303
910,0.64,23,0,29,21,10.0,7.24,0.0,0.0,93.10344827586206,6.896551724137931
911,0.752,18,0,27,22,10.0,7.85,11.11111111111111,11.11111111111111,70.37037037037037,7.407407407407407
912,0.668,21,0,27,20,10.0,7.52,3.7037037037037037,0.0,85.18518518518519,11.11111111111111
913,0.695,13,0,20,15,10.0,7.35,5.0,0.0,80.0,15.0
914,0.77,26,0,36,29,10.0,8.96,30.555555555555557,22.22222222222222,38.888888888888886,8.333333333333334
915,0.66,22,0,31,22,10.0,7.23,3.225806451612903,0.0,93.54838709677419,3.225806451612903
916,0.664,24,0,41,32,10.0,7.36,17.073170731707318,0.0,78.04878048780488,4.878048780487805
917,0.684,24,0,28,20,10.0,7.47,7.142857142857143,0.0,89.28571428571429,3.5714285714285716
918,0.635,19,0,27,20,10.0,6.9,0.0,0.0,51.851851851851855,48.148148148148145
919,0.695,14,0,25,20,10.0,7.88,0.0,0.0,80.0,20.0
920,0.78,16,0,27,23,10.0,8.32,0.0,0.0,92.5925925925926,7.407407407407407
921,0.672,20,0,28,20,10.0,7.08,0.0,0.0,96.42857142857143,3.5714285714285716
922,0.69,14,0,22,17,10.0,7.59,31.818181818181817,0.0,59.09090909090909,9.090909090909092
923,0.78,27,0,36,29,10.0,8.21,0.0,0.0,97.22222222222223,2.7777777777777777
924,0.72,10,0,19,15,10.0,7.6,0.0,0.0,94.73684210526316,5.2631578947368425
925,0.726,22,0,33,24,10.0,8.0,18.181818181818183,0.0,63.63636363636363,18.181818181818183
926,0.735,9,0,14,11,10.0,7.95,14.285714285714286,7.142857142857143,71.42857142857143,7.142857142857143
927,0.71,16,0,22,17,10.0,7.66,0.0,0.0,95.45454545454545,4.545454545454546
928,0.776,16,0,25,21,10.0,7.92,0.0,0.0,96.0,4.0
929,0.675,8,0,16,13,10.0,6.85,18.75,0.0,75.0,6.25
930,0.621,17,0,29,22,10.0,7.05,24.137931034482758,0.0,44.827586206896555,31.03448275862069
931,0.737,18,0,28,22,10.0,7.66,17.857142857142858,0.0,78.57142857142857,3.5714285714285716
932,0.694,23,0,27,19,10.0,7.74,3.7037037037037037,0.0,40.74074074074074,55.55555555555556
933,0.768,18,0,37,32,10.0,8.27,2.7027027027027026,0.0,91.89189189189189,5.405405405405405
934,0.664,22,0,28,20,10.0,6.76,0.0,0.0,89.28571428571429,10.714285714285714
935,0.64,19,0,26,20,10.0,6.72,0.0,0.0,96.15384615384616,3.8461538461538463
936,0.672,21,0,26,19,10.0,7.31,15.384615384615385,0.0,80.76923076923077,3.8461538461538463
937,0.752,23,0,28,21,10.0,7.72,0.0,32.142857142857146,64.28571428571429,3.5714285714285716
938,0.802,19,0,32,28,10.0,8.42,3.125,0.0,93.75,3.125
939,0.65,15,0,24,18,10.0,7.06,16.666666666666668,0.0,79.16666666666667,4.166666666666667
940,0.628,25,0,28,18,10.0,6.44,0.0,0.0,96.42857142857143,3.5714285714285716
941,0.66,16,0,27,22,10.0,6.92,7.407407407407407,0.0,85.18518518518519,7.407407407407407
942,0.709,16,0,23,18,10.0,7.64,21.73913043478261,0.0,56.52173913043478,21.73913043478261
943,0.675,7,0,14,11,10.0,7.85,21.428571428571427,0.0,57.142857142857146,21.428571428571427
944,0.671,27,0,35,26,10.0,8.01,2.857142857142857,0.0,88.57142857142857,8.571428571428571
945,0.628,22,0,26,17,10.0,6.82,0.0,0.0,96.15384615384616,3.8461538461538463
946,0.744,22,0,36,30,10.0,8.55,16.666666666666668,33.333333333333336,33.333333333333336,16.666666666666668
947,0.69,16,0,18,12,10.0,7.23,5.555555555555555,0.0,88.88888888888889,5.555555555555555
948,0.74,16,0,30,26,10.0,7.86,0.0,0.0,93.33333333333333,6.666666666666667
949,0.815,12,0,18,16,10.0,8.4,0.0,0.0,94.44444444444444,5.555555555555555
950,0.65,17,0,26,20,10.0,6.84,11.538461538461538,0.0,61.53846153846154,26.923076923076923
951,0.841,21,0,28,24,10.0,8.73,3.5714285714285716,0.0,64.28571428571429,32.142857142857146
952,0.712,16,0,27,22,10.0,7.42,0.0,0.0,92.5925925925926,7.407407407407407
953,0.672,14,0,28,23,10.0,7.32,0.0,0.0,96.42857142857143,3.5714285714285716
954,0.705,22,0,27,19,10.0,7.4,0.0,3.7037037037037037,88.88888888888889,7.407407407407407
955,0.665,17,0,26,20,10.0,7.05,7.6923076923076925,0.0,50.0,42.30769230769231
956,0.717,18,0,26,21,10.0,7.5,0.0,0.0,96.15384615384616,3.8461538461538463
957,0.792,20,0,27,21,10.0,8.35,7.407407407407407,0.0,81.48148148148148,11.11111111111111
958,0.728,20,0,36,29,10.0,8.24,8.333333333333334,0.0,80.55555555555556,11.11111111111111
959,0.658,25,0,36,27,10.0,7.44,22.22222222222222,0.0,72.22222222222223,5.555555555555555
960,0.728,18,0,26,20,10.0,8.34,11.538461538461538,0.0,76.92307692307692,11.538461538461538
961,0.712,35,0,39,27,10.0,8.04,10.256410256410257,0.0,87.17948717948718,2.5641025641025643
962,0.812,13,0,24,21,10.0,8.78,4.166666666666667,0.0,70.83333333333333,25.0
963,0.718,20,0,28,20,10.0,7.79,25.0,0.0,57.142857142857146,17.857142857142858
964,0.708,25,0,36,29,10.0,7.53,0.0,0.0,94.44444444444444,5.555555555555555
965,0.643,28,0,33,23,10.0,7.33,0.0,3.0303030303030303,54.54545454545455,42.42424242424242
966,0.76,14,0,23,19,10.0,7.6,13.043478260869565,0.0,47.82608695652174,39.130434782608695
967,0.743,18,0,27,22,10.0,8.03,18.51851851851852,0.0,77.77777777777777,3.7037037037037037
968,0.688,23,0,32,23,10.0,7.82,6.25,0.0,56.25,37.5
969,0.59,19,0,21,13,10.0,6.15,0.0,0.0,95.23809523809524,4.761904761904762
970,0.69,11,0,24,21,10.0,7.7,0.0,0.0,95.83333333333333,4.166666666666667
971,0.688,17,0,22,18,10.0,7.5,9.090909090909092,0.0,86.36363636363636,4.545454545454546
972,0.682,22,0,30,24,10.0,7.64,0.0,3.3333333333333335,93.33333333333333,3.3333333333333335
973,0.71,12,0,18,14,10.0,7.25,0.0,11.11111111111111,83.33333333333333,5.555555555555555
974,0.708,12,0,25,20,10.0,7.49,12.0,0.0,84.0,4.0
975,0.616,23,0,27,18,10.0,6.95,7.407407407407407,0.0,88.88888888888889,3.7037037037037037
976,0.68,12,0,25,21,10.0,7.18,24.0,0.0,72.0,4.0
977,0.694,19,0,23,16,10.0,7.5,13.043478260869565,0.0,82.6086956521739,4.3478260869565215
978,0.705,15,0,23,18,10.0,7.95,43.47826086956522,0.0,52.17391304347826,4.3478260869565215
979,0.728,14,0,30,26,10.0,7.75,0.0,0.0,83.33333333333333,16.666666666666668
980,0.714,25,0,31,22,10.0,8.1,22.580645161290324,0.0,70.96774193548387,6.451612903225806
981,0.687,20,0,27,20,10.0,7.51,3.7037037037037037,0.0,88.88888888888889,7.407407407407407
982,0.794,24,0,37,30,10.0,8.82,0.0,13.513513513513514,64.86486486486487,21.62162162162162
983,0.748,18,0,25,20,10.0,7.85,0.0,28.0,68.0,4.0
984,0.6,19,0,23,15,10.0,6.23,0.0,0.0,95.65217391304348,4.3478260869565215
985,0.83,13,0,20,17,10.0,8.35,0.0,0.0,85.0,15.0
986,0.691,26,0,32,23,10.0,7.76,25.0,0.0,71.875,3.125
987,0.648,18,0,24,16,10.0,6.75,0.0,0.0,95.83333333333333,4.166666666666667
988,0.768,25,0,37,30,10.0,8.02,2.7027027027027026,0.0,94.5945945945946,2.7027027027027026
989,0.71,22,0,31,24,10.0,7.64,3.225806451612903,0.0,93.54838709677419,3.225806451612903
990,0.715,10,0,20,17,10.0,7.51,10.0,0.0,70.0,20.0
991,0.78,18,0,29,24,10.0,8.16,6.896551724137931,0.0,89.65517241379311,3.4482758620689653
992,0.772,18,0,25,19,10.0,8.64,4.0,0.0,56.0,40.0
993,0.712,23,0,37,30,10.0,7.8,16.216216216216218,0.0,75.67567567567568,8.108108108108109
994,0.814,23,0,25,20,10.0,8.44,0.0,0.0,96.0,4.0
995,0.696,20,0,27,21,10.0,7.9,18.51851851851852,22.22222222222222,55.55555555555556,3.7037037037037037
996,0.619,22,0,27,18,10.0,6.85,3.7037037037037037,0.0,85.18518518518519,11.11111111111111
997,0.585,15,0,21,16,10.0,6.87,0.0,0.0,76.19047619047619,23.80952380952381
998,0.69,12,0,17,12,10.0,7.14,5.882352941176471,0.0,88.23529411764706,5.882352941176471
999,0.688,27,0,34,26,10.0,7.38,0.0,0.0,97.05882352941177,2.9411764705882355
1000,0.664,17,0,24,18,10.0,7.02,4.166666666666667,0.0,91.66666666666667,4.166666666666667
1001,0.696,15,0,27,22,10.0,8.5,0.0,0.0,40.74074074074074,59.25925925925926
1002,0.74,10,0,24,21,10.0,7.67,0.0,0.0,75.0,25.0
1003,0.596,16,0,25,18,10.0,6.6,4.0,0.0,88.0,8.0
1004,0.735,17,0,22,18,10.0,7.87,0.0,0.0,77.27272727272727,22.727272727272727
1005,0.696,17,0,27,21,10.0,8.03,0.0,7.407407407407407,81.48148148148148,11.11111111111111
1006,0.748,17,0,26,20,10.0,8.13,15.384615384615385,3.8461538461538463,80.76923076923077,0.0
1007,0.676,20,0,25,17,10.0,6.94,0.0,0.0,96.0,4.0
1008,0.767,19,0,27,21,10.0,8.42,44.44444444444444,0.0,48.148148148148145,7.407407407407407
1009,0.635,18,0,27,20,10.0,7.1,25.925925925925927,0.0,70.37037037037037,3.7037037037037037
1010,0.66,18,0,20,14,10.0,7.11,0.0,5.0,90.0,5.0
1011,0.72,16,0,25,19,10.0,7.7,0.0,0.0,96.0,4.0
1012,0.672,29,0,36,27,10.0,7.2,0.0,5.555555555555555,91.66666666666667,2.7777777777777777
1013,0.8,17,0,26,21,10.0,8.5,7.6923076923076925,0.0,57.69230769230769,34.61538461538461
1014,0.688,23,0,28,21,10.0,8.22,3.5714285714285716,3.5714285714285716,89.28571428571429,3.5714285714285716
1015,0.804,12,0,24,21,10.0,8.36,8.333333333333334,0.0,54.166666666666664,37.5
1016,0.6,19,0,25,18,10.0,7.04,8.0,0.0,88.0,4.0
1017,0.728,23,0,35,28,10.0,7.69,2.857142857142857,0.0,80.0,17.142857142857142
1018,0.71,11,0,20,16,10.0,7.25,0.0,0.0,95.0,5.0
1019,0.87,9,0,21,19,10.0,9.04,4.761904761904762,0.0,76.19047619047619,19.047619047619047
1020,0.683,19,0,26,20,10.0,7.28,3.8461538461538463,3.8461538461538463,88.46153846153847,3.8461538461538463
1021,0.725,16,0,22,17,10.0,7.5,0.0,0.0,95.45454545454545,4.545454545454546
1022,0.714,17,0,29,24,10.0,7.52,0.0,6.896551724137931,68.96551724137932,24.137931034482758
1023,0.748,21,0,33,26,10.0,7.89,6.0606060606060606,0.0,81.81818181818181,12.121212121212121
1024,0.675,9,0,18,14,10.0,6.75,11.11111111111111,0.0,72.22222222222223,16.666666666666668
1025,0.705,16,0,21,15,10.0,7.35,0.0,0.0,95.23809523809524,4.761904761904762
1026,0.723,18,0,26,20,10.0,7.89,3.8461538461538463,0.0,84.61538461538461,11.538461538461538
1027,0.588,21,0,27,18,10.0,6.58,59.25925925925926,0.0,37.03703703703704,3.7037037037037037
1028,0.728,24,0,32,24,10.0,7.68,0.0,0.0,96.875,3.125
1029,0.698,20,0,28,22,10.0,7.24,0.0,0.0,71.42857142857143,28.571428571428573
1030,0.696,16,0,25,19,10.0,7.22,0.0,0.0,60.0,40.0
1031,0.648,21,0,28,20,10.0,7.04,0.0,0.0,96.42857142857143,3.5714285714285716
1032,0.752,25,0,33,26,10.0,8.74,0.0,0.0,60.60606060606061,39.39393939393939
1033,0.704,12,0,17,13,10.0,7.14,0.0,0.0,94.11764705882354,5.882352941176471
1034,0.772,18,0,24,19,10.0,8.35,0.0,4.166666666666667,91.66666666666667,4.166666666666667
1035,0.5,12,0,17,11,10.0,5.1,0.0,0.0,94.11764705882354,5.882352941176471
1036,0.65,16,0,19,13,10.0,6.8,5.2631578947368425,0.0,52.63157894736842,42.10526315789474
1037,0.8,7,0,13,10,10.0,8.25,7.6923076923076925,0.0,61.53846153846154,30.76923076923077
1038,0.688,21,0,30,22,10.0,7.52,13.333333333333334,33.333333333333336,43.333333333333336,10.0
1039,0.621,21,0,26,16,10.0,6.99,0.0,3.8461538461538463,34.61538461538461,61.53846153846154
1040,0.68,9,0,18,14,10.0,7.05,0.0,0.0,94.44444444444444,5.555555555555555
1041,0.656,22,0,27,20,10.0,7.8,11.11111111111111,0.0,74.07407407407408,14.814814814814815
1042,0.676,24,0,35,27,10.0,7.75,0.0,0.0,97.14285714285714,2.857142857142857
1043,0.644,22,0,27,18,10.0,7.1,11.11111111111111,0.0,81.48148148148148,7.407407407407407
1044,0.742,22,0,35,27,10.0,8.33,17.142857142857142,0.0,57.142857142857146,25.714285714285715
1045,0.718,20,0,22,14,10.0,8.01,13.636363636363637,0.0,81.81818181818181,4.545454545454546
1046,0.672,21,0,29,21,10.0,7.65,31.03448275862069,10.344827586206897,51.724137931034484,6.896551724137931
1047,0.692,17,0,27,21,10.0,7.46,0.0,0.0,96.29629629629629,3.7037037037037037
1048,0.704,24,0,40,32,10.0,7.82,32.5,0.0,62.5,5.0
1049,0.661,18,0,27,20,10.0,6.89,3.7037037037037037,0.0,92.5925925925926,3.7037037037037037
1050,0.774,16,0,22,17,10.0,8.29,9.090909090909092,0.0,45.45454545454545,45.45454545454545
1051,0.729,17,0,31,26,10.0,7.78,0.0,0.0,96.7741935483871,3.225806451612903
1052,0.682,18,0,28,22,10.0,7.56,0.0,17.857142857142858,78.57142857142857,3.5714285714285716
1053,0.656,22,0,28,20,10.0,6.96,0.0,0.0,92.85714285714286,7.142857142857143
1054,0.704,18,0,30,24,10.0,7.9,0.0,0.0,96.66666666666667,3.3333333333333335
1055,0.701,19,0,35,29,10.0,8.3,28.571428571428573,2.857142857142857,62.857142857142854,5.714285714285714
1056,0.715,8,0,16,13,10.0,7.35,31.25,0.0,43.75,25.0
1057,0.771,15,0,28,23,10.0,7.98,10.714285714285714,0.0,71.42857142857143,17.857142857142858
1058,0.633,14,0,20,14,10.0,6.55,25.0,0.0,60.0,15.0
1059,0.69,14,0,21,17,10.0,7.2,0.0,0.0,95.23809523809524,4.761904761904762
1060,0.79,20,0,35,32,10.0,8.23,5.714285714285714,2.857142857142857,85.71428571428571,5.714285714285714
1061,0.695,22,0,34,28,10.0,8.19,14.705882352941176,5.882352941176471,64.70588235294117,14.705882352941176
1062,0.674,23,0,28,20,10.0,7.61,0.0,0.0,96.42857142857143,3.5714285714285716
1063,0.687,22,0,27,20,10.0,7.21,3.7037037037037037,0.0,81.48148148148148,14.814814814814815
1064,0.764,16,0,27,23,10.0,8.16,0.0,0.0,96.29629629629629,3.7037037037037037
1065,0.6,10,0,14,10,10.0,6.45,0.0,0.0,92.85714285714286,7.142857142857143
1066,0.692,21,0,27,21,10.0,7.08,0.0,0.0,96.29629629629629,3.7037037037037037
1067,0.71,14,0,21,16,10.0,7.72,4.761904761904762,0.0,61.904761904761905,33.333333333333336
1068,0.738,12,0,32,27,10.0,7.98,12.5,0.0,78.125,9.375
1069,0.775,9,0,20,18,10.0,8.13,0.0,0.0,95.0,5.0
1070,0.74,25,0,25,15,10.0,7.64,0.0,0.0,96.0,4.0
1071,0.708,26,0,29,22,10.0,7.78,0.0,3.4482758620689653,55.172413793103445,41.37931034482759
1072,0.752,18,0,27,22,10.0,7.94,0.0,0.0,96.29629629629629,3.7037037037037037
1073,0.664,19,0,33,27,10.0,7.37,0.0,0.0,96.96969696969697,3.0303030303030303
1074,0.722,16,0,21,16,10.0,7.38,9.523809523809524,0.0,42.857142857142854,47.61904761904762
1075,0.628,17,0,25,18,10.0,7.11,0.0,0.0,92.0,8.0
1076,0.63,26,0,33,23,10.0,6.95,0.0,0.0,96.96969696969697,3.0303030303030303
1077,0.712,18,0,23,17,10.0,7.28,0.0,0.0,95.65217391304348,4.3478260869565215
1078,0.672,17,0,31,25,10.0,7.29,22.580645161290324,0.0,41.935483870967744,35.483870967741936
1079,0.602,20,0,24,16,10.0,6.62,0.0,0.0,95.83333333333333,4.166666666666667
1080,0.796,10,0,22,18,10.0,7.96,4.545454545454546,0.0,90.9090909090909,4.545454545454546
1081,0.718,18,0,30,25,10.0,7.88,30.0,6.666666666666667,46.666666666666664,16.666666666666668
1082,0.704,31,0,33,21,10.0,7.74,0.0,0.0,96.96969696969697,3.0303030303030303
1083,0.717,18,0,27,22,10.0,8.51,0.0,0.0,74.07407407407408,25.925925925925927
1084,0.692,16,0,27,21,10.0,7.56,44.44444444444444,0.0,44.44444444444444,11.11111111111111
1085,0.688,18,0,23,17,10.0,7.57,0.0,0.0,95.65217391304348,4.3478260869565215
1086,0.752,17,0,27,24,10.0,8.04,0.0,0.0,96.29629629629629,3.7037037037037037
1087,0.858,18,0,36,33,10.0,8.76,8.333333333333334,0.0,86.11111111111111,5.555555555555555
1088,0.68,24,0,32,24,10.0,8.42,6.25,40.625,43.75,9.375
1089,0.66,16,0,30,25,10.0,7.71,0.0,0.0,93.33333333333333,6.666666666666667
1090,0.696,21,0,31,24,10.0,7.81,0.0,0.0,96.7741935483871,3.225806451612903
1091,0.685,15,0,20,14,10.0,7.56,5.0,5.0,80.0,10.0
1092,0.6,15,0,29,23,10.0,6.21,6.896551724137931,0.0,82.75862068965517,10.344827586206897
1093,0.696,16,0,24,18,10.0,7.46,16.666666666666668,0.0,79.16666666666667,4.166666666666667
1094,0.624,20,0,31,23,10.0,7.02,12.903225806451612,0.0,80.64516129032258,6.451612903225806
1095,0.748,17,0,27,23,10.0,8.06,3.7037037037037037,18.51851851851852,51.851851851851855,25.925925925925927
1096,0.688,18,0,28,22,10.0,7.83,7.142857142857143,0.0,89.28571428571429,3.5714285714285716
1097,0.798,16,0,26,21,10.0,8.48,34.61538461538461,0.0,46.15384615384615,19.23076923076923
1098,0.72,16,0,30,26,10.0,7.6,0.0,0.0,96.66666666666667,3.3333333333333335
1099,0.588,14,0,25,19,10.0,6.23,0.0,0.0,96.0,4.0
1100,0.72,30,0,35,24,10.0,8.17,0.0,0.0,94.28571428571429,5.714285714285714
1101,0.795,8,0,15,13,10.0,8.0,0.0,0.0,86.66666666666667,13.333333333333334
1102,0.726,19,0,30,25,10.0,7.93,0.0,6.666666666666667,50.0,43.333333333333336
1103,0.75,15,0,25,19,10.0,8.15,8.0,0.0,88.0,4.0
1104,0.825,7,0,12,10,10.0,8.75,0.0,0.0,75.0,25.0
1105,0.684,14,0,26,21,10.0,7.6,19.23076923076923,15.384615384615385,57.69230769230769,7.6923076923076925
1106,0.824,21,0,26,22,10.0,8.74,7.6923076923076925,0.0,88.46153846153847,3.8461538461538463
1107,0.68,18,0,27,21,10.0,8.08,59.25925925925926,0.0,33.333333333333336,7.407407407407407
1108,0.59,13,0,22,16,10.0,6.69,0.0,4.545454545454546,86.36363636363636,9.090909090909092
1109,0.645,22,0,26,18,10.0,6.95,3.8461538461538463,0.0,92.3076923076923,3.8461538461538463
1110,0.719,17,0,24,19,10.0,7.56,4.166666666666667,0.0,87.5,8.333333333333334
1111,0.704,19,0,27,22,10.0,7.28,0.0,3.7037037037037037,88.88888888888889,7.407407407407407
1112,0.716,20,0,29,22,10.0,7.92,0.0,0.0,96.55172413793103,3.4482758620689653
1113,0.641,26,0,29,20,10.0,7.13,3.4482758620689653,0.0,89.65517241379311,6.896551724137931
1114,0.825,7,0,14,12,10.0,8.45,35.714285714285715,0.0,28.571428571428573,35.714285714285715
1115,0.728,24,0,31,24,10.0,7.6,0.0,0.0,96.7741935483871,3.225806451612903
1116,0.675,9,0,12,8,10.0,7.0,0.0,0.0,91.66666666666667,8.333333333333334
1117,0.615,16,0,27,21,10.0,6.66,18.51851851851852,0.0,74.07407407407408,7.407407407407407
1118,0.728,21,0,31,25,10.0,7.84,6.451612903225806,6.451612903225806,58.064516129032256,29.032258064516128
1119,0.54,17,0,23,16,10.0,5.72,0.0,0.0,95.65217391304348,4.3478260869565215
1120,0.688,24,0,32,24,10.0,8.3,0.0,0.0,93.75,6.25
1121,0.741,26,0,32,24,10.0,8.05,0.0,0.0,96.875,3.125
1122,0.69,15,0,23,17,10.0,7.77,0.0,0.0,73.91304347826087,26.08695652173913
1123,0.615,14,0,21,15,10.0,6.27,4.761904761904762,0.0,80.95238095238095,14.285714285714286
1124,0.7,15,0,21,17,10.0,7.34,0.0,0.0,95.23809523809524,4.761904761904762
1125,0.62,17,0,21,15,10.0,6.52,4.761904761904762,0.0,42.857142857142854,52.38095238095238
1126,0.736,23,0,30,23,10.0,7.83,0.0,0.0,96.66666666666667,3.3333333333333335
1127,0.737,15,0,24,20,10.0,7.75,4.166666666666667,0.0,91.66666666666667,4.166666666666667
1128,0.704,21,0,34,27,10.0,8.04,26.470588235294116,0.0,67.6470588235294,5.882352941176471
1129,0.588,15,0,24,17,10.0,6.24,16.666666666666668,33.333333333333336,45.833333333333336,4.166666666666667
1130,0.675,15,0,29,24,10.0,7.08,3.4482758620689653,0.0,93.10344827586206,3.4482758620689653
1131,0.676,15,0,23,18,10.0,7.29,26.08695652173913,0.0,69.56521739130434,4.3478260869565215
1132,0.68,13,0,19,14,10.0,7.5,0.0,0.0,94.73684210526316,5.2631578947368425
1133,0.718,18,0,27,21,10.0,7.8,33.333333333333336,0.0,59.25925925925926,7.407407407407407
1134,0.672,20,0,27,21,10.0,7.2,0.0,0.0,96.29629629629629,3.7037037037037037
1135,0.63,18,0,25,18,10.0,7.05,40.0,0.0,52.0,8.0
1136,0.75,13,0,17,13,10.0,7.81,0.0,5.882352941176471,35.294117647058826,58.8235294117647
1137,0.704,22,0,27,21,10.0,8.0,7.407407407407407,0.0,88.88888888888889,3.7037037037037037
1138,0.72,15,0,22,17,10.0,7.5,0.0,0.0,77.27272727272727,22.727272727272727
1139,0.778,20,0,24,18,10.0,8.03,0.0,0.0,95.83333333333333,4.166666666666667
1140,0.646,18,0,28,20,10.0,6.94,0.0,0.0,96.42857142857143,3.5714285714285716
1141,0.69,13,0,23,19,10.0,7.45,0.0,0.0,91.30434782608695,8.695652173913043
1142,0.736,19,0,30,25,10.0,8.46,3.3333333333333335,0.0,90.0,6.666666666666667
1143,0.755,11,0,15,12,10.0,8.45,0.0,0.0,93.33333333333333,6.666666666666667
1144,0.764,18,0,33,27,10.0,8.34,36.36363636363637,0.0,42.42424242424242,21.21212121212121
1145,0.725,12,0,18,14,10.0,7.45,0.0,0.0,94.44444444444444,5.555555555555555
1146,0.781,16,0,26,20,10.0,8.19,11.538461538461538,3.8461538461538463,53.84615384615385,30.76923076923077
1147,0.706,19,0,32,26,10.0,7.34,0.0,0.0,87.5,12.5
1148,0.63,14,0,20,14,10.0,6.61,0.0,0.0,85.0,15.0
1149,0.708,18,0,28,22,10.0,7.81,0.0,0.0,67.85714285714286,32.142857142857146
1150,0.74,39,0,43,29,10.0,7.86,9.30232558139535,0.0,88.37209302325581,2.3255813953488373
1151,0.686,17,0,23,17,10.0,7.24,34.78260869565217,0.0,17.391304347826086,47.82608695652174
1152,0.64,10,0,15,11,10.0,6.95,13.333333333333334,0.0,73.33333333333333,13.333333333333334
1153,0.682,26,0,29,19,10.0,7.01,27.586206896551722,0.0,62.06896551724138,10.344827586206897
1154,0.644,22,0,30,22,10.0,7.12,6.666666666666667,0.0,90.0,3.3333333333333335
1155,0.802,16,0,28,24,10.0,8.46,14.285714285714286,0.0,78.57142857142857,7.142857142857143
1156,0.768,15,0,24,21,10.0,8.56,0.0,0.0,66.66666666666667,33.333333333333336
1157,0.73,20,0,27,20,10.0,7.54,0.0,0.0,96.29629629629629,3.7037037037037037
1158,0.708,17,0,28,23,10.0,7.94,28.571428571428573,0.0,50.0,21.428571428571427
1159,0.753,17,0,22,17,10.0,8.17,45.45454545454545,0.0,50.0,4.545454545454546
1160,0.698,20,0,25,17,10.0,7.3,0.0,0.0,96.0,4.0
1161,0.708,20,0,27,20,10.0,7.55,3.7037037037037037,0.0,92.5925925925926,3.7037037037037037
1162,0.672,13,0,21,16,10.0,7.18,0.0,0.0,95.23809523809524,4.761904761904762
1163,0.79,15,0,25,20,10.0,8.35,36.0,12.0,40.0,12.0
1164,0.72,11,0,20,16,10.0,7.3,5.0,0.0,85.0,10.0
1165,0.572,14,0,28,21,10.0,6.03,3.5714285714285716,0.0,89.28571428571429,7.142857142857143
1166,0.76,19,0,35,29,10.0,7.8,2.857142857142857,2.857142857142857,85.71428571428571,8.571428571428571
1167,0.72,16,0,22,18,10.0,7.5,0.0,0.0,95.45454545454545,4.545454545454546
1168,0.666,18,0,27,20,10.0,6.82,0.0,0.0,92.5925925925926,7.407407407407407
1169,0.704,23,0,32,26,10.0,7.93,6.25,3.125,75.0,15.625
1170,0.728,17,0,26,20,10.0,7.56,0.0,0.0,88.46153846153847,11.538461538461538
1171,0.712,15,0,25,21,10.0,7.28,0.0,0.0,92.0,8.0
1172,0.715,18,0,24,18,10.0,8.03,0.0,0.0,95.83333333333333,4.166666666666667
1173,0.74,19,0,26,20,10.0,7.75,0.0,0.0,96.15384615384616,3.8461538461538463
1174,0.664,27,0,34,25,10.0,7.49,0.0,0.0,94.11764705882354,5.882352941176471
1175,0.752,25,0,35,28,10.0,8.32,0.0,0.0,97.14285714285714,2.857142857142857
1176,0.63,17,0,21,15,10.0,7.32,23.80952380952381,0.0,66.66666666666667,9.523809523809524
1177,0.722,32,0,38,29,10.0,8.09,5.2631578947368425,2.6315789473684212,65.78947368421052,26.31578947368421
1178,0.643,16,0,25,19,10.0,7.29,28.0,0.0,60.0,12.0
1179,0.747,20,0,25,20,10.0,8.6,0.0,0.0,96.0,4.0
1180,0.65,14,0,18,13,10.0,7.1,0.0,0.0,94.44444444444444,5.555555555555555
1181,0.644,20,0,27,20,10.0,7.53,0.0,0.0,96.29629629629629,3.7037037037037037
1182,0.73,13,0,16,11,10.0,8.0,0.0,0.0,75.0,25.0
1183,0.744,24,0,30,22,10.0,8.47,3.3333333333333335,0.0,90.0,6.666666666666667
1184,0.74,16,0,19,13,10.0,7.9,0.0,5.2631578947368425,89.47368421052632,5.2631578947368425
1185,0.714,23,0,29,21,10.0,7.59,6.896551724137931,3.4482758620689653,86.20689655172414,3.4482758620689653
1186,0.702,23,0,33,26,10.0,7.92,24.242424242424242,0.0,69.6969696969697,6.0606060606060606
1187,0.672,17,0,30,24,10.0,6.99,0.0,0.0,90.0,10.0
1188,0.65,19,0,24,19,10.0,6.98,0.0,0.0,83.33333333333333,16.666666666666668
1189,0.665,12,0,21,17,10.0,7.01,28.571428571428573,0.0,66.66666666666667,4.761904761904762
1190,0.692,18,0,32,26,10.0,7.67,0.0,25.0,68.75,6.25
1191,0.672,32,0,42,30,10.0,7.68,4.761904761904762,0.0,92.85714285714286,2.380952380952381
1192,0.643,21,0,31,25,10.0,7.24,0.0,3.225806451612903,93.54838709677419,3.225806451612903
1193,0.84,10,0,16,14,10.0,9.05,25.0,0.0,25.0,50.0
1194,0.652,14,0,26,21,10.0,6.76,7.6923076923076925,0.0,84.61538461538461,7.6923076923076925
1195,0.718,19,0,37,31,10.0,8.85,0.0,0.0,91.89189189189189,8.108108108108109
1196,0.64,26,0,29,18,10.0,7.19,3.4482758620689653,0.0,86.20689655172414,10.344827586206897
1197,0.573,23,0,28,18,10.0,6.23,28.571428571428573,0.0,67.85714285714286,3.5714285714285716
1198,0.637,27,0,31,20,10.0,6.76,0.0,3.225806451612903,80.64516129032258,16.129032258064516
1199,0.664,19,0,24,17,10.0,7.51,50.0,0.0,29.166666666666668,20.833333333333332
1200,0.656,36,0,41,27,10.0,7.83,17.073170731707318,2.4390243902439024,65.85365853658537,14.634146341463415
1201,0.65,13,0,22,18,10.0,6.65,0.0,0.0,13.636363636363637,86.36363636363636
1202,0.73,10,0,21,17,10.0,7.9,0.0,0.0,95.23809523809524,4.761904761904762
1203,0.735,16,0,23,18,10.0,8.31,8.695652173913043,0.0,86.95652173913044,4.3478260869565215
1204,0.728,12,0,25,21,10.0,8.28,20.0,0.0,72.0,8.0
1205,0.645,18,0,28,21,10.0,6.92,0.0,0.0,96.42857142857143,3.5714285714285716
1206,0.7,27,0,31,21,10.0,7.56,0.0,0.0,90.3225806451613,9.67741935483871
1207,0.751,17,0,28,23,10.0,8.27,0.0,21.428571428571427,75.0,3.5714285714285716
1208,0.629,17,0,21,14,10.0,6.76,38.095238095238095,0.0,57.142857142857146,4.761904761904762
1209,0.895,9,0,17,15,10.0,9.35,0.0,0.0,88.23529411764706,11.764705882352942
1210,0.744,18,0,24,19,10.0,8.16,4.166666666666667,0.0,91.66666666666667,4.166666666666667
1211,0.7,13,0,20,15,10.0,7.55,0.0,0.0,75.0,25.0
1212,0.68,19,0,28,22,10.0,7.74,10.714285714285714,0.0,75.0,14.285714285714286
1213,0.688,14,0,22,17,10.0,7.63,0.0,0.0,72.72727272727273,27.272727272727273
1214,0.733,15,0,24,19,10.0,7.97,25.0,0.0,70.83333333333333,4.166666666666667
1215,0.67,22,0,30,22,10.0,8.0,3.3333333333333335,0.0,90.0,6.666666666666667
1216,0.648,22,0,28,20,10.0,7.02,0.0,28.571428571428573,64.28571428571429,7.142857142857143
1217,0.76,11,0,15,12,10.0,7.95,0.0,0.0,93.33333333333333,6.666666666666667
1218,0.71,24,0,27,20,10.0,7.93,14.814814814814815,3.7037037037037037,33.333333333333336,48.148148148148145
1219,0.732,18,0,32,27,10.0,7.9,6.25,0.0,87.5,6.25
1220,0.76,14,0,20,16,10.0,7.95,0.0,0.0,90.0,10.0
1221,0.796,17,0,29,26,10.0,8.82,27.586206896551722,0.0,68.96551724137932,3.4482758620689653
1222,0.724,16,0,27,22,10.0,7.98,0.0,3.7037037037037037,92.5925925925926,3.7037037037037037
1223,0.72,24,0,29,22,10.0,8.08,10.344827586206897,0.0,68.96551724137932,20.689655172413794
1224,0.742,25,0,41,34,10.0,8.08,14.634146341463415,0.0,73.17073170731707,12.195121951219512
1225,0.621,21,0,27,18,10.0,6.71,0.0,0.0,96.29629629629629,3.7037037037037037
1226,0.743,19,0,29,24,10.0,8.22,0.0,0.0,96.55172413793103,3.4482758620689653
1227,0.681,20,0,22,13,10.0,7.59,0.0,0.0,36.36363636363637,63.63636363636363
1228,0.632,20,0,23,15,10.0,6.64,0.0,0.0,95.65217391304348,4.3478260869565215
1229,0.764,19,0,31,26,10.0,8.24,3.225806451612903,0.0,77.41935483870968,19.35483870967742
1230,0.785,9,0,16,13,10.0,8.6,25.0,0.0,37.5,37.5
1231,0.68,11,0,24,20,10.0,7.24,20.833333333333332,20.833333333333332,54.166666666666664,4.166666666666667
1232,0.744,14,0,26,21,10.0,8.15,23.076923076923077,3.8461538461538463,65.38461538461539,7.6923076923076925
1233,0.693,20,0,28,21,10.0,7.25,14.285714285714286,10.714285714285714,71.42857142857143,3.5714285714285716
1234,0.728,20,0,27,21,10.0,7.6,0.0,0.0,96.29629629629629,3.7037037037037037
1235,0.61,17,0,31,25,10.0,6.84,0.0,0.0,87.09677419354838,12.903225806451612
1236,0.636,19,0,26,19,10.0,7.0,3.8461538461538463,0.0,92.3076923076923,3.8461538461538463
1237,0.83,12,0,23,20,10.0,8.37,13.043478260869565,0.0,78.26086956521739,8.695652173913043
1238,0.696,22,0,34,27,10.0,7.55,0.0,0.0,97.05882352941177,2.9411764705882355
1239,0.72,20,0,30,25,10.0,7.54,0.0,0.0,96.66666666666667,3.3333333333333335
1240,0.656,19,0,24,18,10.0,7.35,4.166666666666667,0.0,91.66666666666667,4.166666666666667
1241,0.732,20,0,29,23,10.0,7.76,3.4482758620689653,0.0,93.10344827586206,3.4482758620689653
1242,0.755,17,0,23,19,10.0,7.8,8.695652173913043,0.0,86.95652173913044,4.3478260869565215
1243,0.776,17,0,26,21,10.0,8.18,19.23076923076923,46.15384615384615,30.76923076923077,3.8461538461538463
1244,0.6,20,0,31,24,10.0,6.66,3.225806451612903,0.0,90.3225806451613,6.451612903225806
1245,0.632,12,0,19,13,9.0,6.32,10.526315789473685,0.0,84.21052631578948,5.2631578947368425
1246,0.718,31,0,37,27,10.0,8.18,0.0,2.7027027027027026,86.48648648648648,10.81081081081081
1247,0.825,9,0,16,14,10.0,8.85,6.25,0.0,75.0,18.75
1248,0.85,6,0,11,9,10.0,8.65,0.0,27.272727272727273,63.63636363636363,9.090909090909092
1249,0.68,22,0,28,22,10.0,7.62,3.5714285714285716,0.0,89.28571428571429,7.142857142857143
1250,0.71,14,0,17,12,10.0,7.1,5.882352941176471,5.882352941176471,82.3529411764706,5.882352941176471
1251,0.672,20,0,30,24,10.0,7.56,23.333333333333332,0.0,60.0,16.666666666666668
1252,0.625,18,0,23,16,10.0,6.64,4.3478260869565215,26.08695652173913,65.21739130434783,4.3478260869565215
1253,0.572,22,0,27,18,10.0,6.64,0.0,0.0,96.29629629629629,3.7037037037037037
1254,0.772,17,0,27,22,10.0,8.2,0.0,0.0,96.29629629629629,3.7037037037037037
1255,0.816,14,0,27,23,10.0,8.4,0.0,0.0,92.5925925925926,7.407407407407407
1256,0.646,20,0,29,22,10.0,7.1,13.793103448275861,0.0,72.41379310344827,13.793103448275861
1257,0.72,11,0,18,14,10.0,7.75,0.0,0.0,83.33333333333333,16.666666666666668
1258,0.645,17,0,26,20,10.0,6.8,0.0,0.0,96.15384615384616,3.8461538461538463
1259,0.638,20,0,31,23,10.0,7.62,3.225806451612903,3.225806451612903,90.3225806451613,3.225806451612903
1260,0.646,32,0,38,26,10.0,7.6,2.6315789473684212,2.6315789473684212,76.3157894736842,18.42105263157895
1261,0.716,15,0,25,20,10.0,7.9,24.0,20.0,52.0,4.0
1262,0.744,14,0,29,24,10.0,7.62,27.586206896551722,0.0,31.03448275862069,41.37931034482759
1263,0.712,22,0,34,27,10.0,7.88,2.9411764705882355,0.0,91.17647058823529,5.882352941176471
1264,0.732,13,0,25,21,10.0,8.15,32.0,0.0,56.0,12.0
1265,0.72,20,0,39,34,10.0,7.89,0.0,0.0,92.3076923076923,7.6923076923076925
1266,0.67,13,0,17,12,10.0,7.1,0.0,0.0,94.11764705882354,5.882352941176471
1267,0.78,27,0,39,33,10.0,8.28,0.0,0.0,94.87179487179488,5.128205128205129
1268,0.68,15,0,24,20,10.0,7.36,0.0,0.0,91.66666666666667,8.333333333333334
1269,0.776,16,0,26,22,10.0,7.94,0.0,0.0,76.92307692307692,23.076923076923077
1270,0.725,14,0,26,21,10.0,8.16,3.8461538461538463,0.0,92.3076923076923,3.8461538461538463
1271,0.721,23,0,28,21,10.0,8.05,0.0,3.5714285714285716,92.85714285714286,3.5714285714285716
1272,0.776,15,0,21,17,10.0,8.0,23.80952380952381,28.571428571428573,42.857142857142854,4.761904761904762
1273,0.51,14,0,14,8,10.0,5.87,7.142857142857143,0.0,85.71428571428571,7.142857142857143
1274,0.84,7,0,18,16,10.0,8.65,0.0,0.0,94.44444444444444,5.555555555555555
1275,0.728,15,0,28,23,10.0,7.44,0.0,3.5714285714285716,92.85714285714286,3.5714285714285716
1276,0.719,22,0,32,25,10.0,7.9,21.875,0.0,53.125,25.0
1277,0.776,16,0,28,24,10.0,8.12,0.0,0.0,96.42857142857143,3.5714285714285716
1278,0.554,25,0,28,17,10.0,5.96,3.5714285714285716,0.0,92.85714285714286,3.5714285714285716
1279,0.76,18,0,28,23,10.0,8.36,17.857142857142858,3.5714285714285716,71.42857142857143,7.142857142857143
1280,0.855,11,0,18,16,10.0,9.0,0.0,0.0,88.88888888888889,11.11111111111111
1281,0.845,9,0,19,17,10.0,9.15,10.526315789473685,0.0,84.21052631578948,5.2631578947368425
1282,0.668,15,0,23,18,10.0,7.18,0.0,0.0,95.65217391304348,4.3478260869565215
1283,0.682,27,0,37,28,10.0,7.68,21.62162162162162,0.0,75.67567567567568,2.7027027027027026
1284,0.54,13,0,14,9,10.0,5.66,0.0,0.0,92.85714285714286,7.142857142857143
1285,0.686,18,0,27,21,10.0,7.27,14.814814814814815,0.0,81.48148148148148,3.7037037037037037
1286,0.624,15,0,22,16,10.0,7.05,9.090909090909092,0.0,50.0,40.90909090909091
1287,0.737,22,0,28,23,10.0,8.86,0.0,0.0,39.285714285714285,60.714285714285715
1288,0.678,21,0,33,26,10.0,7.38,18.181818181818183,24.242424242424242,51.515151515151516,6.0606060606060606
1289,0.656,15,0,29,23,10.0,7.29,34.48275862068966,0.0,51.724137931034484,13.793103448275861
1290,0.76,16,0,25,22,10.0,8.48,0.0,0.0,96.0,4.0
1291,0.687,17,0,27,21,10.0,7.51,0.0,0.0,96.29629629629629,3.7037037037037037
1292,0.512,12,0,21,15,10.0,5.2,0.0,9.523809523809524,80.95238095238095,9.523809523809524
1293,0.702,18,0,28,21,10.0,7.58,0.0,0.0,96.42857142857143,3.5714285714285716
1294,0.704,14,0,26,21,10.0,7.56,7.6923076923076925,15.384615384615385,73.07692307692308,3.8461538461538463
1295,0.74,9,0,15,12,10.0,7.4,0.0,0.0,80.0,20.0
1296,0.768,19,0,28,23,10.0,8.16,10.714285714285714,0.0,85.71428571428571,3.5714285714285716
1297,0.619,19,0,25,17,10.0,6.86,16.0,0.0,80.0,4.0
1298,0.655,11,0,14,10,10.0,6.65,0.0,7.142857142857143,85.71428571428571,7.142857142857143
1299,0.777,15,0,27,24,10.0,8.4,0.0,0.0,96.29629629629629,3.7037037037037037
1300,0.821,18,0,27,22,10.0,8.57,0.0,0.0,92.5925925925926,7.407407407407407
1301,0.676,27,0,28,18,10.0,7.09,3.5714285714285716,0.0,92.85714285714286,3.5714285714285716
1302,0.775,11,0,19,16,10.0,8.05,0.0,0.0,94.73684210526316,5.2631578947368425
1303,0.667,25,0,34,24,10.0,7.81,14.705882352941176,0.0,79.41176470588235,5.882352941176471
1304,0.664,23,0,29,21,10.0,7.34,3.4482758620689653,0.0,93.10344827586206,3.4482758620689653
1305,0.606,21,0,29,21,10.0,7.06,0.0,0.0,96.55172413793103,3.4482758620689653
1306,0.796,18,0,28,24,10.0,8.36,53.57142857142857,10.714285714285714,32.142857142857146,3.5714285714285716
1307,0.67,11,0,19,15,10.0,6.86,47.36842105263158,5.2631578947368425,31.57894736842105,15.789473684210526
1308,0.74,14,0,21,17,10.0,8.09,28.571428571428573,0.0,66.66666666666667,4.761904761904762
1309,0.622,24,0,30,20,10.0,6.5,0.0,0.0,96.66666666666667,3.3333333333333335
1310,0.698,20,0,27,21,10.0,7.41,0.0,3.7037037037037037,92.5925925925926,3.7037037037037037
1311,0.72,12,0,17,13,10.0,7.55,17.647058823529413,0.0,76.47058823529412,5.882352941176471
1312,0.812,20,0,33,27,10.0,8.6,3.0303030303030303,0.0,93.93939393939394,3.0303030303030303
1313,0.525,18,0,23,15,10.0,5.76,8.695652173913043,0.0,78.26086956521739,13.043478260869565
1314,0.575,20,0,23,15,10.0,6.55,0.0,0.0,95.65217391304348,4.3478260869565215
1315,0.73,15,0,26,22,10.0,7.92,11.538461538461538,0.0,80.76923076923077,7.6923076923076925
1316,0.688,20,0,36,28,10.0,7.27,0.0,0.0,97.22222222222223,2.7777777777777777
1317,0.65,9,0,15,11,10.0,6.75,33.333333333333336,0.0,60.0,6.666666666666667
1318,0.69,9,0,13,10,10.0,7.1,23.076923076923077,0.0,69.23076923076923,7.6923076923076925
1319,0.68,18,0,28,22,10.0,7.3,0.0,0.0,96.42857142857143,3.5714285714285716
1320,0.53,19,0,18,10,10.0,5.7,0.0,0.0,94.44444444444444,5.555555555555555
1321,0.696,22,0,35,29,10.0,7.34,2.857142857142857,0.0,91.42857142857143,5.714285714285714
1322,0.592,20,0,30,22,10.0,6.58,46.666666666666664,0.0,46.666666666666664,6.666666666666667
1323,0.77,16,0,26,20,10.0,8.14,3.8461538461538463,0.0,88.46153846153847,7.6923076923076925
1324,0.68,17,0,26,21,10.0,7.36,0.0,0.0,96.15384615384616,3.8461538461538463
1325,0.768,15,0,21,16,10.0,8.37,0.0,0.0,85.71428571428571,14.285714285714286
1326,0.787,20,0,31,26,10.0,8.32,3.225806451612903,0.0,93.54838709677419,3.225806451612903
1327,0.664,18,0,26,20,10.0,7.0,0.0,0.0,88.46153846153847,11.538461538461538
1328,0.698,29,0,37,26,10.0,8.34,0.0,2.7027027027027026,91.89189189189189,5.405405405405405
1329,0.675,11,0,27,24,10.0,7.61,3.7037037037037037,0.0,85.18518518518519,11.11111111111111
1330,0.62,16,0,20,13,10.0,6.81,20.0,0.0,70.0,10.0
1331,0.694,25,0,32,24,10.0,7.36,3.125,0.0,93.75,3.125
1332,0.68,12,0,23,19,10.0,7.33,0.0,0.0,95.65217391304348,4.3478260869565215
1333,0.677,19,0,31,24,10.0,7.5,12.903225806451612,3.225806451612903,80.64516129032258,3.225806451612903
1334,0.724,24,0,34,27,10.0,7.58,2.9411764705882355,0.0,91.17647058823529,5.882352941176471
1335,0.69,10,0,21,17,10.0,7.78,0.0,0.0,90.47619047619048,9.523809523809524
1336,0.695,13,0,18,14,10.0,7.6,5.555555555555555,0.0,88.88888888888889,5.555555555555555
1337,0.665,11,0,15,11,10.0,6.88,0.0,0.0,80.0,20.0
1338,0.75,18,0,30,26,10.0,7.95,0.0,0.0,93.33333333333333,6.666666666666667
1339,0.8,8,0,15,13,10.0,8.25,0.0,20.0,66.66666666666667,13.333333333333334
1340,0.83,12,0,24,21,10.0,8.8,0.0,0.0,87.5,12.5
1341,0.725,23,0,28,20,10.0,8.09,10.714285714285714,35.714285714285715,50.0,3.5714285714285716
1342,0.48,14,0,22,15,10.0,4.9,4.545454545454546,0.0,86.36363636363636,9.090909090909092
1343,0.632,15,0,20,14,10.0,6.62,0.0,0.0,95.0,5.0
1344,0.76,18,0,27,22,10.0,7.91,11.11111111111111,0.0,85.18518518518519,3.7037037037037037
1345,0.632,20,0,27,20,10.0,7.05,0.0,0.0,92.5925925925926,7.407407407407407
1346,0.602,20,0,26,18,10.0,6.9,0.0,0.0,84.61538461538461,15.384615384615385
1347,0.696,15,0,26,22,10.0,7.22,0.0,0.0,92.3076923076923,7.6923076923076925
1348,0.64,13,0,17,13,10.0,7.0,0.0,0.0,94.11764705882354,5.882352941176471
1349,0.62,13,0,27,21,10.0,6.79,33.333333333333336,3.7037037037037037,59.25925925925926,3.7037037037037037
1350,0.692,26,0,34,25,10.0,8.14,29.41176470588235,0.0,67.6470588235294,2.9411764705882355
1351,0.617,19,0,24,16,10.0,6.79,0.0,0.0,95.83333333333333,4.166666666666667
1352,0.712,22,0,30,22,10.0,7.96,3.3333333333333335,0.0,93.33333333333333,3.3333333333333335
1353,0.76,20,0,35,29,10.0,8.14,11.428571428571429,0.0,77.14285714285714,11.428571428571429
1354,0.6,16,0,26,19,10.0,6.36,15.384615384615385,0.0,76.92307692307692,7.6923076923076925
1355,0.684,15,0,21,16,10.0,7.29,19.047619047619047,0.0,71.42857142857143,9.523809523809524
1356,0.647,22,0,37,28,10.0,7.82,5.405405405405405,0.0,91.89189189189189,2.7027027027027026
1357,0.676,18,0,28,21,10.0,7.64,42.857142857142854,7.142857142857143,46.42857142857143,3.5714285714285716
1358,0.755,11,0,19,16,10.0,7.92,0.0,5.2631578947368425,84.21052631578948,10.526315789473685
1359,0.708,22,0,34,26,10.0,8.23,41.1764705882353,2.9411764705882355,50.0,5.882352941176471
1360,0.68,14,0,23,19,10.0,6.99,8.695652173913043,0.0,78.26086956521739,13.043478260869565
1361,0.744,25,0,38,31,10.0,8.17,18.42105263157895,0.0,78.94736842105263,2.6315789473684212
1362,0.696,34,0,37,23,10.0,7.8,0.0,0.0,56.75675675675676,43.24324324324324
1363,0.721,16,0,30,25,10.0,7.78,16.666666666666668,0.0,60.0,23.333333333333332
1364,0.648,28,0,34,23,10.0,7.09,0.0,0.0,91.17647058823529,8.823529411764707
1365,0.656,26,0,28,18,10.0,8.02,10.714285714285714,3.5714285714285716,17.857142857142858,67.85714285714286
1366,0.743,16,0,29,25,10.0,8.1,13.793103448275861,0.0,82.75862068965517,3.4482758620689653
1367,0.744,15,0,28,24,10.0,7.75,21.428571428571427,17.857142857142858,50.0,10.714285714285714
1368,0.714,18,0,28,23,10.0,7.52,0.0,0.0,57.142857142857146,42.857142857142854
1369,0.756,21,0,32,27,10.0,8.08,0.0,0.0,93.75,6.25
1370,0.75,19,0,29,22,10.0,7.86,20.689655172413794,3.4482758620689653,41.37931034482759,34.48275862068966
1371,0.609,20,0,25,17,10.0,6.68,12.0,0.0,84.0,4.0
1372,0.656,17,0,27,21,10.0,7.16,25.925925925925927,0.0,48.148148148148145,25.925925925925927
1373,0.64,12,0,24,20,10.0,6.68,20.833333333333332,0.0,75.0,4.166666666666667
1374,0.7,19,0,29,21,10.0,7.7,10.344827586206897,0.0,58.62068965517241,31.03448275862069
1375,0.776,19,0,30,26,10.0,7.84,0.0,0.0,90.0,10.0
1376,0.685,17,0,28,23,10.0,7.35,0.0,0.0,96.42857142857143,3.5714285714285716
1377,0.74,11,0,18,14,10.0,7.45,5.555555555555555,0.0,77.77777777777777,16.666666666666668
1378,0.736,23,0,31,24,10.0,7.46,0.0,3.225806451612903,83.87096774193549,12.903225806451612
1379,0.65,8,0,25,22,10.0,6.76,12.0,0.0,84.0,4.0
1380,0.552,19,0,27,18,10.0,6.12,7.407407407407407,0.0,88.88888888888889,3.7037037037037037
1381,0.708,18,0,26,21,10.0,7.4,0.0,0.0,96.15384615384616,3.8461538461538463
1382,0.84,26,0,40,35,10.0,9.16,10.0,0.0,85.0,5.0
1383,0.725,12,0,19,15,10.0,7.7,0.0,0.0,94.73684210526316,5.2631578947368425
1384,0.751,23,0,32,25,10.0,8.91,34.375,0.0,59.375,6.25
1385,0.76,14,0,18,13,10.0,8.02,33.333333333333336,0.0,55.55555555555556,11.11111111111111
1386,0.656,19,0,27,20,10.0,7.29,0.0,0.0,88.88888888888889,11.11111111111111
1387,0.732,16,0,28,23,10.0,7.62,0.0,0.0,96.42857142857143,3.5714285714285716
1388,0.701,15,0,23,18,10.0,7.32,0.0,0.0,95.65217391304348,4.3478260869565215
1389,0.78,15,0,19,14,10.0,8.3,31.57894736842105,0.0,63.1578947368421,5.2631578947368425
1390,0.802,18,0,28,23,10.0,8.67,42.857142857142854,0.0,35.714285714285715,21.428571428571427
1391,0.62,18,0,25,19,10.0,6.88,12.0,0.0,84.0,4.0
1392,0.67,14,0,19,14,10.0,7.7,5.2631578947368425,0.0,47.36842105263158,47.36842105263158
1393,0.75,19,0,25,19,10.0,7.7,4.0,0.0,92.0,4.0
1394,0.708,18,0,30,24,10.0,7.74,0.0,0.0,96.66666666666667,3.3333333333333335
1395,0.674,17,0,28,21,10.0,7.59,17.857142857142858,3.5714285714285716,75.0,3.5714285714285716
1396,0.608,27,0,32,22,10.0,7.31,0.0,0.0,96.875,3.125
1397,0.648,26,0,31,22,10.0,7.43,12.903225806451612,0.0,80.64516129032258,6.451612903225806
1398,0.754,26,0,35,28,10.0,8.74,0.0,0.0,51.42857142857143,48.57142857142857
1399,0.746,19,0,30,25,10.0,8.37,43.333333333333336,10.0,43.333333333333336,3.3333333333333335
1400,0.84,7,0,19,17,10.0,8.65,26.31578947368421,0.0,47.36842105263158,26.31578947368421
1401,0.742,22,0,31,24,10.0,7.74,0.0,0.0,96.7741935483871,3.225806451612903
1402,0.598,18,0,22,14,10.0,6.58,63.63636363636363,0.0,31.818181818181817,4.545454545454546
1403,0.668,22,0,25,18,10.0,6.99,4.0,0.0,92.0,4.0
1404,0.666,22,0,27,18,10.0,7.28,22.22222222222222,0.0,74.07407407407408,3.7037037037037037
1405,0.684,19,0,27,20,10.0,7.46,37.03703703703704,25.925925925925927,33.333333333333336,3.7037037037037037
1406,0.744,32,0,38,29,10.0,8.22,2.6315789473684212,0.0,78.94736842105263,18.42105263157895
1407,0.685,18,0,31,25,10.0,7.53,0.0,0.0,90.3225806451613,9.67741935483871
1408,0.742,20,0,30,24,10.0,8.24,10.0,30.0,46.666666666666664,13.333333333333334
1409,0.756,25,0,35,28,10.0,8.04,0.0,0.0,94.28571428571429,5.714285714285714
1410,0.65,23,0,30,22,10.0,6.96,0.0,0.0,93.33333333333333,6.666666666666667
1411,0.683,13,0,19,14,10.0,7.3,0.0,0.0,94.73684210526316,5.2631578947368425
1412,0.612,19,0,26,18,10.0,6.73,3.8461538461538463,0.0,92.3076923076923,3.8461538461538463
1413,0.62,15,0,23,16,10.0,6.55,21.73913043478261,21.73913043478261,43.47826086956522,13.043478260869565
1414,0.691,18,0,35,29,10.0,7.43,14.285714285714286,0.0,82.85714285714286,2.857142857142857
1415,0.696,20,0,27,21,10.0,7.66,29.62962962962963,14.814814814814815,51.851851851851855,3.7037037037037037
1416,0.695,8,0,20,17,10.0,7.3,35.0,10.0,50.0,5.0
1417,0.705,10,0,16,12,10.0,7.7,12.5,0.0,56.25,31.25
1418,0.583,18,0,30,23,10.0,6.84,56.666666666666664,10.0,26.666666666666668,6.666666666666667
1419,0.694,11,0,20,15,10.0,7.17,5.0,0.0,90.0,5.0
1420,0.56,14,0,25,18,10.0,6.16,16.0,0.0,80.0,4.0
1421,0.68,20,0,29,21,10.0,7.2,31.03448275862069,0.0,62.06896551724138,6.896551724137931
1422,0.688,17,0,24,18,10.0,7.84,0.0,0.0,87.5,12.5
1423,0.644,18,0,26,20,10.0,7.35,19.23076923076923,0.0,61.53846153846154,19.23076923076923
1424,0.808,16,0,25,21,10.0,8.34,0.0,0.0,96.0,4.0
1425,0.769,16,0,23,18,10.0,7.99,0.0,4.3478260869565215,91.30434782608695,4.3478260869565215
1426,0.895,9,0,20,18,10.0,9.15,0.0,0.0,70.0,30.0
1427,0.696,19,0,28,21,10.0,7.07,10.714285714285714,3.5714285714285716,82.14285714285714,3.5714285714285716
1428,0.711,13,0,22,17,10.0,7.95,9.090909090909092,0.0,86.36363636363636,4.545454545454546
1429,0.698,22,0,29,22,10.0,7.52,3.4482758620689653,0.0,89.65517241379311,6.896551724137931
1430,0.64,19,0,27,19,10.0,6.49,14.814814814814815,0.0,77.77777777777777,7.407407407407407
1431,0.66,12,0,17,12,10.0,7.3,5.882352941176471,0.0,70.58823529411765,23.529411764705884
1432,0.736,24,0,32,24,10.0,7.59,3.125,0.0,93.75,3.125
1433,0.743,21,0,28,22,10.0,7.68,0.0,0.0,96.42857142857143,3.5714285714285716
1434,0.716,22,0,27,19,10.0,7.71,11.11111111111111,0.0,40.74074074074074,48.148148148148145
1435,0.626,27,0,34,23,10.0,6.83,0.0,0.0,97.05882352941177,2.9411764705882355
1436,0.628,24,0,34,25,10.0,7.45,2.9411764705882355,2.9411764705882355,88.23529411764706,5.882352941176471
1437,0.72,31,0,33,21,10.0,7.7,9.090909090909092,0.0,24.242424242424242,66.66666666666667
1438,0.712,19,0,28,23,10.0,7.9,0.0,3.5714285714285716,89.28571428571429,7.142857142857143
1439,0.58,19,0,30,23,10.0,6.88,20.0,23.333333333333332,50.0,6.666666666666667
1440,0.814,25,0,44,39,10.0,8.66,4.545454545454546,6.818181818181818,79.54545454545455,9.090909090909092
1441,0.735,11,0,17,13,10.0,7.39,0.0,0.0,82.3529411764706,17.647058823529413
1442,0.67,13,0,19,14,10.0,6.85,5.2631578947368425,0.0,78.94736842105263,15.789473684210526
1443,0.612,23,0,26,18,10.0,7.1,0.0,0.0,84.61538461538461,15.384615384615385
1444,0.656,19,0,27,19,10.0,6.73,11.11111111111111,37.03703703703704,33.333333333333336,18.51851851851852
1445,0.641,31,0,39,27,10.0,8.09,2.5641025641025643,0.0,89.74358974358974,7.6923076923076925
1446,0.62,12,0,17,12,10.0,6.5,0.0,0.0,88.23529411764706,11.764705882352942
1447,0.8,13,0,19,16,10.0,8.36,5.2631578947368425,0.0,36.8421052631579,57.89473684210526
1448,0.68,27,0,31,21,10.0,7.36,22.580645161290324,0.0,35.483870967741936,41.935483870967744
1449,0.84,11,0,21,18,10.0,8.4,0.0,0.0,95.23809523809524,4.761904761904762
1450,0.856,28,0,42,35,10.0,9.24,28.571428571428573,26.19047619047619,40.476190476190474,4.761904761904762
1451,0.74,12,0,19,16,10.0,8.5,21.05263157894737,31.57894736842105,42.10526315789474,5.2631578947368425
1452,0.645,16,0,26,21,10.0,7.55,30.76923076923077,0.0,61.53846153846154,7.6923076923076925
1453,0.805,9,0,17,14,10.0,8.05,5.882352941176471,0.0,52.94117647058823,41.1764705882353
1454,0.72,13,0,28,24,10.0,7.76,21.428571428571427,3.5714285714285716,60.714285714285715,14.285714285714286
1455,0.648,24,0,27,19,10.0,7.28,0.0,0.0,96.29629629629629,3.7037037037037037
1456,0.542,16,0,23,15,10.0,5.76,4.3478260869565215,0.0,91.30434782608695,4.3478260869565215
1457,0.732,14,0,21,17,10.0,7.78,0.0,0.0,95.23809523809524,4.761904761904762
1458,0.77,23,0,32,26,10.0,8.66,9.375,9.375,25.0,56.25
1459,0.641,22,0,24,16,10.0,6.86,0.0,0.0,95.83333333333333,4.166666666666667
1460,0.692,18,0,26,20,10.0,7.08,0.0,0.0,96.15384615384616,3.8461538461538463
1461,0.704,16,0,28,21,10.0,7.64,3.5714285714285716,0.0,75.0,21.428571428571427
1462,0.765,22,0,27,21,10.0,8.64,0.0,0.0,96.29629629629629,3.7037037037037037
1463,0.683,19,0,26,19,10.0,6.89,23.076923076923077,0.0,73.07692307692308,3.8461538461538463
1464,0.77,23,0,26,19,10.0,8.35,3.8461538461538463,0.0,80.76923076923077,15.384615384615385
1465,0.712,20,0,27,21,10.0,7.24,7.407407407407407,0.0,88.88888888888889,3.7037037037037037
1466,0.724,19,0,26,20,10.0,8.12,34.61538461538461,3.8461538461538463,57.69230769230769,3.8461538461538463
1467,0.726,15,0,23,17,10.0,7.77,8.695652173913043,0.0,65.21739130434783,26.08695652173913
1468,0.659,18,0,21,14,10.0,6.89,0.0,0.0,95.23809523809524,4.761904761904762
1469,0.84,10,0,18,15,10.0,8.75,0.0,5.555555555555555,83.33333333333333,11.11111111111111
1470,0.715,12,0,19,15,10.0,8.49,31.57894736842105,0.0,52.63157894736842,15.789473684210526
1471,0.69,23,0,30,22,10.0,7.45,0.0,0.0,90.0,10.0
1472,0.65,10,0,20,17,10.0,6.81,0.0,0.0,95.0,5.0
1473,0.648,18,0,34,28,10.0,7.28,11.764705882352942,0.0,82.3529411764706,5.882352941176471
1474,0.775,14,0,19,14,10.0,8.53,0.0,0.0,94.73684210526316,5.2631578947368425
1475,0.637,15,0,23,17,10.0,6.9,13.043478260869565,0.0,82.6086956521739,4.3478260869565215
1476,0.676,28,0,40,30,10.0,7.52,7.5,0.0,90.0,2.5
1477,0.68,11,0,19,15,10.0,7.0,0.0,0.0,94.73684210526316,5.2631578947368425
1478,0.56,12,0,18,12,10.0,5.68,0.0,0.0,94.44444444444444,5.555555555555555
1479,0.568,11,0,19,14,10.0,5.68,57.89473684210526,0.0,26.31578947368421,15.789473684210526
1480,0.642,16,0,26,19,10.0,6.95,11.538461538461538,0.0,84.61538461538461,3.8461538461538463
1481,0.665,13,0,20,16,10.0,7.24,0.0,0.0,95.0,5.0
1482,0.72,15,0,29,24,10.0,7.42,0.0,0.0,89.65517241379311,10.344827586206897
1483,0.708,18,0,27,22,10.0,7.58,0.0,14.814814814814815,51.851851851851855,33.333333333333336
1484,0.7,15,0,22,18,10.0,7.7,0.0,0.0,72.72727272727273,27.272727272727273
1485,0.792,24,0,30,25,10.0,8.12,0.0,3.3333333333333335,93.33333333333333,3.3333333333333335
1486,0.68,21,0,23,16,10.0,7.7,0.0,0.0,95.65217391304348,4.3478260869565215
1487,0.811,17,0,24,19,10.0,8.62,0.0,0.0,95.83333333333333,4.166666666666667
1488,0.656,21,0,27,19,10.0,7.2,3.7037037037037037,0.0,92.5925925925926,3.7037037037037037
1489,0.624,18,0,27,19,10.0,6.38,22.22222222222222,22.22222222222222,51.851851851851855,3.7037037037037037
1490,0.685,16,0,19,14,10.0,7.45,0.0,0.0,94.73684210526316,5.2631578947368425
1491,0.692,19,0,25,19,10.0,8.13,0.0,4.0,88.0,8.0
1492,0.697,18,0,25,19,10.0,7.55,0.0,0.0,96.0,4.0
1493,0.776,16,0,26,22,10.0,8.4,3.8461538461538463,0.0,92.3076923076923,3.8461538461538463
1494,0.76,10,0,19,16,10.0,8.15,5.2631578947368425,0.0,73.6842105263158,21.05263157894737
1495,0.696,22,0,32,26,10.0,8.04,0.0,0.0,78.125,21.875
1496,0.672,17,0,26,21,10.0,7.18,3.8461538461538463,0.0,92.3076923076923,3.8461538461538463
1497,0.668,29,0,34,24,10.0,7.21,0.0,0.0,97.05882352941177,2.9411764705882355
1498,0.81,13,0,20,16,10.0,8.5,0.0,0.0,85.0,15.0
1499,0.666,20,0,23,16,10.0,7.07,0.0,0.0,91.30434782608695,8.695652173913043
1500,0.644,19,0,28,21,10.0,7.14,25.0,0.0,71.42857142857143,3.5714285714285716
1501,0.672,19,0,25,18,10.0,7.58,0.0,0.0,96.0,4.0
1502,0.736,20,0,29,24,10.0,8.2,0.0,0.0,96.55172413793103,3.4482758620689653
1503,0.669,21,0,28,22,10.0,7.43,0.0,0.0,75.0,25.0
1504,0.615,22,0,29,22,10.0,7.35,0.0,0.0,96.55172413793103,3.4482758620689653
1505,0.764,22,0,34,28,10.0,8.05,2.9411764705882355,0.0,91.17647058823529,5.882352941176471
1506,0.704,23,0,30,24,10.0,8.15,3.3333333333333335,0.0,93.33333333333333,3.3333333333333335
1507,0.632,17,0,23,17,10.0,6.92,4.3478260869565215,0.0,65.21739130434783,30.434782608695652
1508,0.676,28,0,32,21,10.0,7.2,0.0,0.0,93.75,6.25
1509,0.68,13,0,17,12,10.0,7.29,0.0,5.882352941176471,88.23529411764706,5.882352941176471
1510,0.792,25,0,35,29,10.0,8.28,14.285714285714286,22.857142857142858,57.142857142857146,5.714285714285714
1511,0.69,17,0,21,15,10.0,7.7,0.0,0.0,38.095238095238095,61.904761904761905
1512,0.77,18,0,25,19,10.0,8.09,0.0,0.0,80.0,20.0
1513,0.676,20,0,29,22,10.0,7.27,27.586206896551722,0.0,68.96551724137932,3.4482758620689653
1514,0.769,11,0,21,17,10.0,8.05,0.0,0.0,95.23809523809524,4.761904761904762
1515,0.712,21,0,28,21,10.0,7.92,28.571428571428573,0.0,67.85714285714286,3.5714285714285716
1516,0.691,17,0,27,21,10.0,7.23,25.925925925925927,0.0,70.37037037037037,3.7037037037037037
1517,0.82,14,0,21,17,10.0,9.0,4.761904761904762,0.0,85.71428571428571,9.523809523809524
1518,0.715,15,0,19,14,10.0,7.35,0.0,0.0,89.47368421052632,10.526315789473685
1519,0.744,22,0,28,22,10.0,8.04,0.0,25.0,64.28571428571429,10.714285714285714
1520,0.664,11,0,21,17,10.0,7.6,52.38095238095238,9.523809523809524,19.047619047619047,19.047619047619047
1521,0.672,15,0,24,17,10.0,7.39,12.5,0.0,83.33333333333333,4.166666666666667
1522,0.656,20,0,30,23,10.0,7.06,0.0,0.0,93.33333333333333,6.666666666666667
1523,0.685,20,0,26,19,10.0,7.96,15.384615384615385,0.0,80.76923076923077,3.8461538461538463
1524,0.66,11,0,17,12,10.0,6.9,11.764705882352942,0.0,82.3529411764706,5.882352941176471
1525,0.696,15,0,23,18,10.0,7.24,30.434782608695652,0.0,47.82608695652174,21.73913043478261
1526,0.805,22,0,37,32,10.0,8.4,10.81081081081081,0.0,86.48648648648648,2.7027027027027026
1527,0.674,20,0,28,20,10.0,7.18,0.0,0.0,85.71428571428571,14.285714285714286
1528,0.741,21,0,37,31,10.0,8.07,18.91891891891892,0.0,75.67567567567568,5.405405405405405
1529,0.69,15,0,24,19,10.0,7.66,0.0,0.0,66.66666666666667,33.333333333333336
1530,0.71,24,0,32,25,10.0,7.79,0.0,0.0,96.875,3.125
1531,0.765,7,0,13,10,10.0,8.45,7.6923076923076925,0.0,84.61538461538461,7.6923076923076925
1532,0.784,20,0,29,24,10.0,8.19,0.0,0.0,96.55172413793103,3.4482758620689653
1533,0.825,8,0,17,15,10.0,8.4,17.647058823529413,0.0,76.47058823529412,5.882352941176471
1534,0.528,26,0,27,16,10.0,5.84,0.0,0.0,96.29629629629629,3.7037037037037037
1535,0.704,20,0,30,24,10.0,7.46,13.333333333333334,0.0,63.333333333333336,23.333333333333332
1536,0.687,19,0,27,21,10.0,7.83,0.0,0.0,96.29629629629629,3.7037037037037037
1537,0.687,17,0,27,21,10.0,7.74,44.44444444444444,3.7037037037037037,48.148148148148145,3.7037037037037037
1538,0.627,18,0,26,19,10.0,6.73,0.0,0.0,92.3076923076923,7.6923076923076925
1539,0.7,10,0,15,12,10.0,7.3,13.333333333333334,0.0,66.66666666666667,20.0
1540,0.68,16,0,33,28,10.0,7.57,33.333333333333336,0.0,57.57575757575758,9.090909090909092
1541,0.8,13,0,19,14,10.0,8.4,0.0,0.0,57.89473684210526,42.10526315789474
1542,0.718,23,0,28,21,10.0,7.54,0.0,0.0,96.42857142857143,3.5714285714285716
1543,0.815,22,0,32,27,10.0,8.8,9.375,0.0,59.375,31.25
1544,0.688,15,0,21,16,10.0,6.88,4.761904761904762,0.0,90.47619047619048,4.761904761904762
1545,0.696,17,0,23,16,10.0,7.92,26.08695652173913,0.0,65.21739130434783,8.695652173913043
1546,0.676,26,0,29,18,10.0,7.38,41.37931034482759,10.344827586206897,27.586206896551722,20.689655172413794
1547,0.693,15,0,22,16,10.0,7.55,0.0,0.0,86.36363636363636,13.636363636363637
1548,0.674,26,0,33,25,10.0,7.18,3.0303030303030303,0.0,93.93939393939394,3.0303030303030303
1549,0.64,17,0,28,21,10.0,6.85,25.0,0.0,67.85714285714286,7.142857142857143
1550,0.672,17,0,30,23,10.0,7.48,6.666666666666667,0.0,73.33333333333333,20.0
1551,0.776,21,0,32,28,10.0,8.56,15.625,0.0,43.75,40.625
1552,0.675,14,0,27,22,10.0,7.37,18.51851851851852,0.0,74.07407407407408,7.407407407407407
1553,0.728,14,0,24,19,10.0,7.67,4.166666666666667,0.0,91.66666666666667,4.166666666666667
1554,0.678,20,0,27,20,10.0,7.25,14.814814814814815,40.74074074074074,40.74074074074074,3.7037037037037037
1555,0.709,23,0,30,22,10.0,7.83,10.0,0.0,76.66666666666667,13.333333333333334
1556,0.7,18,0,20,13,10.0,7.2,0.0,0.0,95.0,5.0
1557,0.72,15,0,26,21,10.0,7.63,15.384615384615385,0.0,80.76923076923077,3.8461538461538463
1558,0.624,24,0,27,18,10.0,7.4,0.0,0.0,88.88888888888889,11.11111111111111
1559,0.66,20,0,26,19,10.0,7.35,34.61538461538461,0.0,57.69230769230769,7.6923076923076925
1560,0.788,16,0,27,23,10.0,8.36,11.11111111111111,0.0,55.55555555555556,33.333333333333336
1561,0.818,21,0,34,30,10.0,8.94,23.529411764705884,2.9411764705882355,55.88235294117647,17.647058823529413
1562,0.63,13,0,17,12,10.0,6.65,5.882352941176471,0.0,88.23529411764706,5.882352941176471
1563,0.69,18,0,29,23,10.0,7.96,0.0,10.344827586206897,82.75862068965517,6.896551724137931
1564,0.71,16,0,25,19,10.0,7.74,40.0,0.0,32.0,28.0
1565,0.616,15,0,25,18,9.0,6.36,4.0,0.0,52.0,44.0
1566,0.74,13,0,19,15,10.0,7.78,0.0,0.0,94.73684210526316,5.2631578947368425
1567,0.632,14,0,24,19,10.0,6.94,16.666666666666668,8.333333333333334,70.83333333333333,4.166666666666667
1568,0.642,19,0,29,22,10.0,6.97,0.0,0.0,89.65517241379311,10.344827586206897
1569,0.76,18,0,26,21,10.0,8.39,0.0,0.0,96.15384615384616,3.8461538461538463
1570,0.694,18,0,28,22,10.0,7.25,7.142857142857143,0.0,85.71428571428571,7.142857142857143
1571,0.742,20,0,25,19,10.0,7.89,0.0,0.0,96.0,4.0
1572,0.65,8,0,15,12,10.0,7.1,0.0,0.0,40.0,60.0
1573,0.699,20,0,25,18,10.0,7.35,0.0,0.0,96.0,4.0
1574,0.679,18,0,27,20,10.0,7.63,51.851851851851855,11.11111111111111,18.51851851851852,18.51851851851852
1575,0.672,20,0,36,28,10.0,7.42,25.0,0.0,66.66666666666667,8.333333333333334
1576,0.75,5,0,15,13,10.0,7.9,0.0,0.0,73.33333333333333,26.666666666666668
1577,0.744,18,0,31,26,10.0,8.06,0.0,0.0,96.7741935483871,3.225806451612903
1578,0.74,11,0,18,14,10.0,7.95,0.0,0.0,94.44444444444444,5.555555555555555
1579,0.67,14,0,20,15,10.0,7.0,0.0,0.0,95.0,5.0
1580,0.758,28,0,29,21,10.0,8.28,0.0,0.0,72.41379310344827,27.586206896551722
1581,0.85,12,0,20,17,10.0,9.0,0.0,0.0,95.0,5.0
1582,0.672,24,0,29,20,10.0,7.45,0.0,0.0,96.55172413793103,3.4482758620689653
1583,0.74,10,0,18,15,10.0,7.5,0.0,0.0,94.44444444444444,5.555555555555555
1584,0.595,18,0,27,20,10.0,6.73,59.25925925925926,0.0,37.03703703703704,3.7037037037037037
1585,0.688,28,0,31,20,10.0,7.3,3.225806451612903,0.0,93.54838709677419,3.225806451612903
1586,0.647,19,0,25,18,10.0,7.03,0.0,0.0,84.0,16.0
1587,0.604,23,0,27,19,10.0,6.59,0.0,0.0,81.48148148148148,18.51851851851852
1588,0.68,19,0,30,24,10.0,7.89,0.0,0.0,96.66666666666667,3.3333333333333335
1589,0.678,33,0,34,23,10.0,8.16,0.0,0.0,91.17647058823529,8.823529411764707
1590,0.609,26,0,28,19,10.0,7.02,32.142857142857146,0.0,64.28571428571429,3.5714285714285716
1591,0.615,14,0,19,13,10.0,6.75,0.0,0.0,94.73684210526316,5.2631578947368425
1592,0.784,21,0,28,22,10.0,8.1,0.0,0.0,89.28571428571429,10.714285714285714
1593,0.684,25,0,34,27,10.0,7.36,0.0,0.0,97.05882352941177,2.9411764705882355
1594,0.723,18,0,27,23,10.0,8.3,7.407407407407407,3.7037037037037037,59.25925925925926,29.62962962962963
1595,0.732,23,0,30,22,10.0,7.78,6.666666666666667,0.0,90.0,3.3333333333333335
1596,0.658,26,0,28,19,10.0,7.55,17.857142857142858,17.857142857142858,39.285714285714285,25.0
1597,0.74,13,0,22,19,10.0,7.75,0.0,0.0,86.36363636363636,13.636363636363637
1598,0.716,25,0,30,22,10.0,7.76,6.666666666666667,0.0,83.33333333333333,10.0
1599,0.728,15,0,28,23,10.0,7.6,3.5714285714285716,0.0,85.71428571428571,10.714285714285714
1600,0.778,21,0,28,22,10.0,8.57,0.0,0.0,89.28571428571429,10.714285714285714
1601,0.666,23,0,25,16,10.0,7.41,0.0,36.0,60.0,4.0
1602,0.776,20,0,28,23,10.0,8.2,0.0,0.0,96.42857142857143,3.5714285714285716
1603,0.668,20,0,23,15,10.0,7.47,13.043478260869565,0.0,30.434782608695652,56.52173913043478
1604,0.697,19,0,28,22,10.0,7.28,7.142857142857143,0.0,82.14285714285714,10.714285714285714
1605,0.737,16,0,24,18,10.0,8.18,0.0,0.0,79.16666666666667,20.833333333333332
1606,0.665,20,0,29,21,10.0,7.27,24.137931034482758,0.0,68.96551724137932,6.896551724137931
1607,0.72,20,0,30,25,10.0,7.64,0.0,0.0,96.66666666666667,3.3333333333333335
1608,0.68,20,0,29,23,10.0,7.38,0.0,0.0,96.55172413793103,3.4482758620689653
1609,0.632,20,0,27,20,10.0,7.89,29.62962962962963,0.0,11.11111111111111,59.25925925925926
1610,0.712,23,0,31,22,10.0,7.85,12.903225806451612,0.0,54.83870967741935,32.25806451612903
1611,0.6,10,0,14,10,10.0,6.5,14.285714285714286,0.0,78.57142857142857,7.142857142857143
1612,0.692,17,0,25,19,10.0,7.14,0.0,4.0,84.0,12.0
1613,0.716,28,0,40,31,10.0,7.85,2.5,0.0,60.0,37.5
1614,0.744,28,0,31,22,10.0,7.97,9.67741935483871,0.0,87.09677419354838,3.225806451612903
1615,0.688,28,0,37,30,10.0,8.04,0.0,0.0,89.1891891891892,10.81081081081081
1616,0.688,17,0,30,24,10.0,7.88,33.333333333333336,0.0,56.666666666666664,10.0
1617,0.624,14,0,23,17,10.0,6.3,0.0,4.3478260869565215,91.30434782608695,4.3478260869565215
1618,0.88,13,0,22,19,10.0,9.1,13.636363636363637,0.0,77.27272727272727,9.090909090909092
1619,0.748,19,0,22,14,10.0,7.82,13.636363636363637,0.0,77.27272727272727,9.090909090909092
1620,0.664,23,0,31,23,10.0,7.16,0.0,0.0,93.54838709677419,6.451612903225806
1621,0.664,24,0,27,19,10.0,7.54,0.0,0.0,92.5925925925926,7.407407407407407
1622,0.652,20,0,25,17,10.0,7.03,48.0,0.0,36.0,16.0
1623,0.75,15,0,20,17,10.0,7.95,0.0,0.0,65.0,35.0
1624,0.6,13,0,24,18,10.0,6.2,50.0,0.0,45.833333333333336,4.166666666666667
1625,0.765,12,0,17,13,10.0,8.3,0.0,0.0,76.47058823529412,23.529411764705884
1626,0.665,13,0,27,22,10.0,7.4,11.11111111111111,0.0,85.18518518518519,3.7037037037037037
1627,0.755,20,0,25,19,10.0,8.05,0.0,0.0,96.0,4.0
1628,0.729,19,0,29,24,10.0,7.95,0.0,0.0,93.10344827586206,6.896551724137931
1629,0.633,22,0,26,17,10.0,7.31,11.538461538461538,0.0,76.92307692307692,11.538461538461538
1630,0.688,18,0,28,22,10.0,7.46,21.428571428571427,0.0,75.0,3.5714285714285716
1631,0.608,16,0,23,17,10.0,6.53,0.0,0.0,95.65217391304348,4.3478260869565215
1632,0.712,26,0,30,22,10.0,8.28,3.3333333333333335,26.666666666666668,66.66666666666667,3.3333333333333335
1633,0.722,28,0,33,25,10.0,7.77,0.0,0.0,96.96969696969697,3.0303030303030303
1634,0.65,20,0,27,20,10.0,6.95,25.925925925925927,0.0,66.66666666666667,7.407407407407407
1635,0.696,26,0,29,20,10.0,7.26,3.4482758620689653,0.0,86.20689655172414,10.344827586206897
1636,0.736,27,0,35,28,10.0,7.76,0.0,0.0,97.14285714285714,2.857142857142857
1637,0.672,18,0,28,21,10.0,7.62,0.0,0.0,85.71428571428571,14.285714285714286
1638,0.764,19,0,28,22,10.0,7.84,0.0,0.0,89.28571428571429,10.714285714285714
1639,0.753,20,0,27,21,10.0,7.8,0.0,0.0,96.29629629629629,3.7037037037037037
1640,0.655,20,0,24,17,10.0,7.5,20.833333333333332,8.333333333333334,66.66666666666667,4.166666666666667
1641,0.694,23,0,32,23,10.0,7.68,21.875,3.125,71.875,3.125
1642,0.715,21,0,27,21,10.0,7.78,3.7037037037037037,0.0,81.48148148148148,14.814814814814815
1643,0.728,24,0,29,21,10.0,8.1,0.0,0.0,96.55172413793103,3.4482758620689653
1644,0.765,16,0,22,15,10.0,8.6,9.090909090909092,0.0,63.63636363636363,27.272727272727273
1645,0.625,12,0,18,13,10.0,6.99,11.11111111111111,22.22222222222222,61.111111111111114,5.555555555555555
1646,0.741,21,0,29,23,10.0,7.73,0.0,0.0,96.55172413793103,3.4482758620689653
1647,0.729,15,0,26,21,10.0,7.7,38.46153846153846,7.6923076923076925,50.0,3.8461538461538463
1648,0.76,10,0,20,16,10.0,8.05,20.0,0.0,45.0,35.0
1649,0.676,23,0,35,27,10.0,7.12,0.0,0.0,94.28571428571429,5.714285714285714
1650,0.712,16,0,26,21,10.0,7.36,0.0,0.0,96.15384615384616,3.8461538461538463
1651,0.644,26,0,26,16,10.0,6.88,0.0,0.0,92.3076923076923,7.6923076923076925
1652,0.703,14,0,27,22,10.0,7.47,0.0,0.0,96.29629629629629,3.7037037037037037
1653,0.7,16,0,25,21,10.0,7.6,0.0,0.0,96.0,4.0
1654,0.742,24,0,36,28,10.0,8.0,0.0,0.0,94.44444444444444,5.555555555555555
1655,0.713,15,0,23,18,10.0,7.74,0.0,0.0,91.30434782608695,8.695652173913043
1656,0.74,24,0,39,32,10.0,8.26,15.384615384615385,0.0,79.48717948717949,5.128205128205129
1657,0.7,19,0,28,24,10.0,7.58,3.5714285714285716,0.0,53.57142857142857,42.857142857142854
1658,0.66,16,0,25,19,10.0,7.21,0.0,0.0,96.0,4.0
1659,0.78,14,0,29,25,10.0,8.34,0.0,0.0,75.86206896551724,24.137931034482758
1660,0.82,8,0,15,12,10.0,8.6,33.333333333333336,0.0,60.0,6.666666666666667
1661,0.735,10,0,15,12,10.0,7.55,0.0,0.0,86.66666666666667,13.333333333333334
1662,0.792,16,0,26,22,10.0,8.08,15.384615384615385,0.0,80.76923076923077,3.8461538461538463
1663,0.591,17,0,32,25,10.0,6.57,0.0,0.0,96.875,3.125
1664,0.88,19,0,33,30,10.0,8.96,0.0,0.0,93.93939393939394,6.0606060606060606
1665,0.63,12,0,27,23,10.0,6.74,29.62962962962963,0.0,51.851851851851855,18.51851851851852
1666,0.671,22,0,30,22,10.0,8.0,23.333333333333332,0.0,60.0,16.666666666666668
1667,0.688,15,0,25,20,10.0,7.44,44.0,0.0,52.0,4.0
1668,0.632,20,0,28,21,10.0,7.12,3.5714285714285716,3.5714285714285716,85.71428571428571,7.142857142857143
1669,0.73,20,0,34,29,10.0,7.82,5.882352941176471,0.0,91.17647058823529,2.9411764705882355
1670,0.664,20,0,28,21,10.0,6.96,0.0,0.0,96.42857142857143,3.5714285714285716
1671,0.7,22,0,33,25,10.0,7.76,6.0606060606060606,12.121212121212121,78.78787878787878,3.0303030303030303
1672,0.832,16,0,27,24,10.0,8.4,0.0,0.0,92.5925925925926,7.407407407407407
1673,0.72,18,0,26,20,10.0,7.67,0.0,0.0,96.15384615384616,3.8461538461538463
1674,0.597,24,0,26,16,10.0,6.64,0.0,0.0,96.15384615384616,3.8461538461538463
1675,0.738,20,0,32,26,10.0,8.05,3.125,0.0,93.75,3.125
1676,0.71,17,0,20,13,10.0,7.1,5.0,0.0,90.0,5.0
1677,0.717,15,0,20,15,10.0,7.62,0.0,0.0,95.0,5.0
1678,0.652,30,0,36,26,10.0,6.95,0.0,0.0,97.22222222222223,2.7777777777777777
1679,0.687,19,0,26,20,10.0,7.51,50.0,7.6923076923076925,38.46153846153846,3.8461538461538463
1680,0.666,20,0,25,18,10.0,6.86,0.0,0.0,96.0,4.0
1681,0.7,17,0,22,17,10.0,7.69,31.818181818181817,0.0,63.63636363636363,4.545454545454546
1682,0.64,13,0,19,13,10.0,6.78,0.0,0.0,94.73684210526316,5.2631578947368425
1683,0.672,12,0,22,18,10.0,6.92,0.0,0.0,77.27272727272727,22.727272727272727
1684,0.7,17,0,23,17,10.0,7.59,0.0,0.0,95.65217391304348,4.3478260869565215
1685,0.728,24,0,35,28,10.0,8.28,11.428571428571429,0.0,85.71428571428571,2.857142857142857
1686,0.672,19,0,27,21,10.0,7.04,0.0,0.0,96.29629629629629,3.7037037037037037
1687,0.8,24,0,25,16,10.0,8.31,4.0,0.0,92.0,4.0
1688,0.766,17,0,27,21,10.0,8.06,0.0,0.0,96.29629629629629,3.7037037037037037
1689,0.655,16,0,19,13,10.0,6.85,0.0,0.0,94.73684210526316,5.2631578947368425
1690,0.748,22,0,28,22,10.0,8.24,28.571428571428573,14.285714285714286,46.42857142857143,10.714285714285714
1691,0.687,16,0,25,19,10.0,8.04,0.0,0.0,60.0,40.0
1692,0.624,18,0,26,19,10.0,6.62,11.538461538461538,0.0,84.61538461538461,3.8461538461538463
1693,0.672,15,0,28,21,10.0,7.33,14.285714285714286,0.0,82.14285714285714,3.5714285714285716
1694,0.648,24,0,31,22,10.0,7.04,3.225806451612903,0.0,90.3225806451613,6.451612903225806
1695,0.656,17,0,24,18,10.0,6.66,0.0,0.0,95.83333333333333,4.166666666666667
1696,0.745,10,0,18,14,10.0,7.49,27.77777777777778,0.0,66.66666666666667,5.555555555555555
1697,0.61,18,0,27,21,10.0,6.54,0.0,0.0,96.29629629629629,3.7037037037037037
1698,0.736,25,0,31,23,10.0,8.18,6.451612903225806,0.0,90.3225806451613,3.225806451612903
1699,0.764,23,0,34,27,10.0,8.75,52.94117647058823,0.0,41.1764705882353,5.882352941176471
1700,0.76,20,0,29,23,10.0,8.08,20.689655172413794,0.0,75.86206896551724,3.4482758620689653
1701,0.732,19,0,31,26,10.0,7.86,0.0,0.0,90.3225806451613,9.67741935483871
1702,0.8,20,0,22,16,10.0,8.51,31.818181818181817,0.0,31.818181818181817,36.36363636363637
1703,0.72,14,0,28,23,10.0,8.49,3.5714285714285716,0.0,89.28571428571429,7.142857142857143
1704,0.586,20,0,26,17,10.0,6.49,50.0,0.0,46.15384615384615,3.8461538461538463
1705,0.644,17,0,31,24,10.0,6.89,12.903225806451612,0.0,80.64516129032258,6.451612903225806
1706,0.552,15,0,25,18,10.0,5.94,0.0,0.0,72.0,28.0
1707,0.674,16,0,25,19,10.0,6.92,0.0,0.0,92.0,8.0
1708,0.693,18,0,29,23,10.0,7.21,0.0,0.0,96.55172413793103,3.4482758620689653
1709,0.623,18,0,32,27,10.0,7.45,12.5,0.0,81.25,6.25
1710,0.705,13,0,18,13,10.0,7.45,0.0,0.0,88.88888888888889,11.11111111111111
1711,0.648,20,0,31,24,10.0,7.48,0.0,0.0,96.7741935483871,3.225806451612903
1712,0.68,20,0,27,21,10.0,7.02,0.0,0.0,74.07407407407408,25.925925925925927
1713,0.76,18,0,28,24,10.0,7.84,0.0,0.0,96.42857142857143,3.5714285714285716
1714,0.68,14,0,26,22,10.0,7.44,0.0,0.0,96.15384615384616,3.8461538461538463
1715,0.77,22,0,37,32,10.0,8.02,0.0,2.7027027027027026,86.48648648648648,10.81081081081081
1716,0.667,27,0,32,23,10.0,7.3,0.0,0.0,96.875,3.125
1717,0.728,22,0,33,28,10.0,7.84,15.151515151515152,0.0,81.81818181818181,3.0303030303030303
1718,0.77,12,0,18,14,10.0,8.5,0.0,0.0,94.44444444444444,5.555555555555555
1719,0.616,19,0,24,16,10.0,6.78,0.0,0.0,91.66666666666667,8.333333333333334
1720,0.77,16,0,22,18,10.0,7.9,0.0,0.0,95.45454545454545,4.545454545454546
1721,0.642,33,0,37,24,10.0,6.92,0.0,2.7027027027027026,89.1891891891892,8.108108108108109
1722,0.702,16,0,27,22,10.0,7.9,0.0,0.0,92.5925925925926,7.407407407407407
1723,0.696,17,0,24,19,10.0,7.44,20.833333333333332,0.0,75.0,4.166666666666667
1724,0.688,20,0,33,24,10.0,7.16,51.515151515151516,0.0,42.42424242424242,6.0606060606060606
1725,0.668,33,0,41,28,10.0,7.61,21.951219512195124,0.0,60.97560975609756,17.073170731707318
1726,0.657,17,0,28,21,10.0,6.89,0.0,0.0,89.28571428571429,10.714285714285714
1727,0.69,12,0,28,24,10.0,7.31,0.0,3.5714285714285716,92.85714285714286,3.5714285714285716
1728,0.729,25,0,38,30,10.0,7.99,7.894736842105263,7.894736842105263,73.6842105263158,10.526315789473685
1729,0.808,15,0,18,13,10.0,8.23,0.0,0.0,94.44444444444444,5.555555555555555
1730,0.668,23,0,30,22,10.0,7.06,46.666666666666664,0.0,50.0,3.3333333333333335
1731,0.672,18,0,21,14,10.0,7.07,0.0,0.0,95.23809523809524,4.761904761904762
1732,0.733,22,0,29,22,10.0,7.83,6.896551724137931,24.137931034482758,58.62068965517241,10.344827586206897
1733,0.712,18,0,28,22,10.0,7.28,25.0,3.5714285714285716,60.714285714285715,10.714285714285714
1734,0.704,16,0,23,18,10.0,7.53,8.695652173913043,0.0,73.91304347826087,17.391304347826086
1735,0.718,17,0,24,19,10.0,8.24,0.0,16.666666666666668,66.66666666666667,16.666666666666668
1736,0.748,26,0,28,19,10.0,7.6,10.714285714285714,3.5714285714285716,82.14285714285714,3.5714285714285716
1737,0.675,13,0,18,14,10.0,7.1,0.0,11.11111111111111,83.33333333333333,5.555555555555555
1738,0.7,8,0,16,13,10.0,7.55,0.0,0.0,81.25,18.75
1739,0.712,18,0,27,22,10.0,7.8,25.925925925925927,0.0,62.96296296296296,11.11111111111111
1740,0.718,25,0,30,23,10.0,7.96,46.666666666666664,0.0,50.0,3.3333333333333335
1741,0.81,13,0,23,20,10.0,8.64,0.0,0.0,95.65217391304348,4.3478260869565215
1742,0.686,17,0,23,17,10.0,7.56,0.0,0.0,78.26086956521739,21.73913043478261
1743,0.75,13,0,28,25,10.0,7.8,0.0,0.0,92.85714285714286,7.142857142857143
1744,0.697,15,0,25,19,10.0,7.67,32.0,20.0,28.0,20.0
1745,0.72,12,0,21,17,10.0,7.45,0.0,0.0,90.47619047619048,9.523809523809524
1746,0.7,28,0,31,22,10.0,7.6,0.0,0.0,70.96774193548387,29.032258064516128
1747,0.656,25,0,24,14,10.0,7.62,58.333333333333336,0.0,29.166666666666668,12.5
1748,0.688,20,0,25,17,10.0,7.15,16.0,0.0,80.0,4.0
1749,0.7,11,0,24,21,10.0,7.16,0.0,0.0,95.83333333333333,4.166666666666667
1750,0.612,27,0,32,22,10.0,6.76,0.0,0.0,87.5,12.5
1751,0.816,19,0,28,22,10.0,8.56,0.0,0.0,96.42857142857143,3.5714285714285716
1752,0.688,15,0,24,19,10.0,7.36,8.333333333333334,0.0,83.33333333333333,8.333333333333334
1753,0.71,14,0,25,19,10.0,7.87,0.0,0.0,96.0,4.0
1754,0.687,12,0,22,18,10.0,7.64,45.45454545454545,4.545454545454546,31.818181818181817,18.181818181818183
1755,0.62,15,0,20,15,10.0,6.76,0.0,0.0,95.0,5.0
1756,0.673,22,0,30,22,10.0,7.23,10.0,0.0,86.66666666666667,3.3333333333333335
1757,0.705,27,0,32,22,10.0,7.51,0.0,0.0,96.875,3.125
1758,0.68,17,0,26,20,10.0,7.3,30.76923076923077,0.0,65.38461538461539,3.8461538461538463
1759,0.64,13,0,21,16,10.0,6.66,0.0,0.0,95.23809523809524,4.761904761904762
1760,0.615,13,0,25,20,10.0,6.39,0.0,0.0,96.0,4.0
1761,0.674,20,0,32,25,10.0,7.04,0.0,0.0,96.875,3.125
1762,0.616,23,0,34,25,10.0,7.12,20.58823529411765,0.0,58.8235294117647,20.58823529411765
1763,0.726,18,0,31,27,10.0,7.78,6.451612903225806,0.0,90.3225806451613,3.225806451612903
1764,0.7,17,0,28,22,10.0,7.69,25.0,35.714285714285715,35.714285714285715,3.5714285714285716
1765,0.6,12,0,27,21,10.0,6.2,22.22222222222222,3.7037037037037037,70.37037037037037,3.7037037037037037
1766,0.76,19,0,37,33,10.0,8.46,24.324324324324323,29.72972972972973,35.13513513513514,10.81081081081081
1767,0.674,19,0,31,23,10.0,8.06,3.225806451612903,0.0,67.74193548387096,29.032258064516128
1768,0.728,12,0,24,20,10.0,7.68,41.666666666666664,0.0,45.833333333333336,12.5
1769,0.721,17,0,24,19,10.0,8.57,33.333333333333336,0.0,62.5,4.166666666666667
1770,0.796,23,0,40,34,10.0,8.44,5.0,0.0,92.5,2.5
1771,0.741,19,0,27,21,10.0,7.45,3.7037037037037037,0.0,92.5925925925926,3.7037037037037037
1772,0.72,11,0,25,21,10.0,7.61,4.0,0.0,88.0,8.0
1773,0.712,19,0,25,19,10.0,7.61,12.0,0.0,84.0,4.0
1774,0.688,16,0,22,16,10.0,7.08,13.636363636363637,36.36363636363637,45.45454545454545,4.545454545454546
1775,0.736,21,0,32,25,10.0,7.86,21.875,3.125,71.875,3.125
1776,0.774,19,0,29,23,10.0,8.26,6.896551724137931,0.0,68.96551724137932,24.137931034482758
1777,0.88,7,0,14,12,10.0,9.0,28.571428571428573,0.0,64.28571428571429,7.142857142857143
1778,0.68,12,0,15,10,10.0,7.55,6.666666666666667,0.0,86.66666666666667,6.666666666666667
1779,0.597,17,0,23,17,10.0,6.74,0.0,4.3478260869565215,86.95652173913044,8.695652173913043
1780,0.68,23,0,32,22,10.0,7.33,18.75,3.125,68.75,9.375
1781,0.704,20,0,29,23,10.0,7.78,0.0,24.137931034482758,72.41379310344827,3.4482758620689653
1782,0.67,11,0,18,15,10.0,7.05,0.0,0.0,94.44444444444444,5.555555555555555
1783,0.694,19,0,32,26,10.0,7.33,25.0,0.0,68.75,6.25
1784,0.74,18,0,31,26,10.0,8.02,6.451612903225806,0.0,64.51612903225806,29.032258064516128
1785,0.776,17,0,31,27,10.0,7.96,0.0,6.451612903225806,90.3225806451613,3.225806451612903
1786,0.71,22,0,29,21,10.0,7.31,0.0,0.0,93.10344827586206,6.896551724137931
1787,0.768,30,0,35,26,10.0,8.0,14.285714285714286,28.571428571428573,54.285714285714285,2.857142857142857
1788,0.716,15,0,30,26,10.0,7.47,0.0,0.0,96.66666666666667,3.3333333333333335
1789,0.799,18,0,28,24,10.0,8.33,0.0,14.285714285714286,60.714285714285715,25.0
1790,0.642,18,0,24,17,10.0,6.62,0.0,0.0,95.83333333333333,4.166666666666667
1791,0.692,19,0,26,20,10.0,7.92,0.0,0.0,73.07692307692308,26.923076923076923
1792,0.672,16,0,23,16,10.0,7.26,13.043478260869565,0.0,78.26086956521739,8.695652173913043
1793,0.75,7,0,14,11,10.0,8.1,0.0,0.0,92.85714285714286,7.142857142857143
1794,0.65,13,0,28,24,10.0,6.88,0.0,0.0,96.42857142857143,3.5714285714285716
1795,0.723,18,0,25,20,10.0,8.31,4.0,4.0,88.0,4.0
1796,0.688,20,0,29,22,10.0,7.9,17.24137931034483,0.0,79.3103448275862,3.4482758620689653
1797,0.699,35,0,34,23,10.0,8.08,0.0,0.0,61.76470588235294,38.23529411764706
1798,0.71,17,0,30,24,10.0,7.61,3.3333333333333335,0.0,83.33333333333333,13.333333333333334
1799,0.684,16,0,26,20,10.0,7.48,7.6923076923076925,0.0,73.07692307692308,19.23076923076923
1800,0.623,20,0,21,13,10.0,6.68,0.0,0.0,95.23809523809524,4.761904761904762
1801,0.84,15,0,23,20,10.0,8.8,4.3478260869565215,0.0,73.91304347826087,21.73913043478261
1802,0.68,17,0,24,17,10.0,7.52,4.166666666666667,0.0,91.66666666666667,4.166666666666667
1803,0.692,21,0,24,17,10.0,7.24,4.166666666666667,0.0,91.66666666666667,4.166666666666667
1804,0.736,15,0,26,22,10.0,7.91,26.923076923076923,3.8461538461538463,57.69230769230769,11.538461538461538
1805,0.622,17,0,30,24,10.0,6.92,3.3333333333333335,0.0,90.0,6.666666666666667
1806,0.756,23,0,31,25,10.0,8.2,3.225806451612903,0.0,93.54838709677419,3.225806451612903
1807,0.628,23,0,25,16,10.0,6.62,0.0,0.0,88.0,12.0
1808,0.65,12,0,17,12,10.0,6.85,0.0,0.0,64.70588235294117,35.294117647058826
1809,0.664,20,0,30,23,10.0,6.97,13.333333333333334,0.0,76.66666666666667,10.0
1810,0.68,17,0,23,17,10.0,7.0,0.0,0.0,95.65217391304348,4.3478260869565215
1811,0.598,29,0,33,21,10.0,6.78,27.272727272727273,0.0,69.6969696969697,3.0303030303030303
1812,0.752,23,0,37,32,10.0,8.18,5.405405405405405,2.7027027027027026,64.86486486486487,27.027027027027028
1813,0.774,16,0,23,17,10.0,8.29,13.043478260869565,17.391304347826086,43.47826086956522,26.08695652173913
1814,0.648,19,0,25,18,10.0,7.16,24.0,32.0,36.0,8.0
1815,0.7,16,0,22,18,10.0,7.41,0.0,0.0,95.45454545454545,4.545454545454546
1816,0.642,23,0,27,18,10.0,7.1,0.0,0.0,81.48148148148148,18.51851851851852
1817,0.808,19,0,27,21,10.0,8.79,14.814814814814815,0.0,59.25925925925926,25.925925925925927
1818,0.825,11,0,19,17,10.0,8.4,10.526315789473685,0.0,84.21052631578948,5.2631578947368425
1819,0.768,15,0,28,23,10.0,8.2,46.42857142857143,0.0,42.857142857142854,10.714285714285714
1820,0.782,13,0,29,24,10.0,8.5,3.4482758620689653,24.137931034482758,58.62068965517241,13.793103448275861
1821,0.68,22,0,28,22,10.0,7.48,39.285714285714285,3.5714285714285716,53.57142857142857,3.5714285714285716
1822,0.592,25,0,26,17,10.0,6.32,0.0,0.0,96.15384615384616,3.8461538461538463
1823,0.633,24,0,30,21,10.0,7.29,3.3333333333333335,0.0,63.333333333333336,33.333333333333336
1824,0.654,13,0,26,21,10.0,7.24,15.384615384615385,0.0,73.07692307692308,11.538461538461538
1825,0.71,27,0,36,28,10.0,7.83,16.666666666666668,0.0,77.77777777777777,5.555555555555555
1826,0.808,23,0,32,26,10.0,8.5,3.125,0.0,90.625,6.25
1827,0.688,23,0,28,21,10.0,7.62,3.5714285714285716,0.0,89.28571428571429,7.142857142857143
1828,0.79,22,0,30,24,10.0,8.55,36.666666666666664,0.0,60.0,3.3333333333333335
1829,0.72,12,0,21,18,10.0,7.69,9.523809523809524,0.0,85.71428571428571,4.761904761904762
1830,0.642,26,0,28,19,10.0,7.05,3.5714285714285716,0.0,92.85714285714286,3.5714285714285716
1831,0.724,23,0,35,27,10.0,7.83,0.0,0.0,97.14285714285714,2.857142857142857
1832,0.765,9,0,19,16,10.0,8.19,0.0,5.2631578947368425,68.42105263157895,26.31578947368421
1833,0.584,21,0,36,29,10.0,6.74,0.0,0.0,97.22222222222223,2.7777777777777777
1834,0.684,20,0,29,23,10.0,7.69,0.0,0.0,96.55172413793103,3.4482758620689653
1835,0.768,23,0,35,30,10.0,8.47,0.0,5.714285714285714,91.42857142857143,2.857142857142857
1836,0.75,15,0,23,19,10.0,7.97,4.3478260869565215,0.0,73.91304347826087,21.73913043478261
1837,0.696,21,0,27,20,10.0,7.28,3.7037037037037037,0.0,92.5925925925926,3.7037037037037037
1838,0.776,21,0,37,32,10.0,8.71,8.108108108108109,0.0,70.27027027027027,21.62162162162162
1839,0.68,10,0,17,13,10.0,7.0,29.41176470588235,0.0,47.05882352941177,23.529411764705884
1840,0.667,25,0,28,20,10.0,7.18,10.714285714285714,0.0,85.71428571428571,3.5714285714285716
1841,0.65,19,0,21,14,10.0,7.2,0.0,0.0,90.47619047619048,9.523809523809524
1842,0.732,14,0,25,20,10.0,8.04,4.0,0.0,64.0,32.0
1843,0.714,21,0,32,25,10.0,7.52,0.0,12.5,84.375,3.125
1844,0.78,12,0,22,19,10.0,8.1,36.36363636363637,0.0,59.09090909090909,4.545454545454546
1845,0.73,17,0,20,14,10.0,8.25,0.0,0.0,95.0,5.0
1846,0.672,19,0,22,15,10.0,7.63,0.0,0.0,18.181818181818183,81.81818181818181
1847,0.696,21,0,26,20,10.0,7.54,0.0,0.0,96.15384615384616,3.8461538461538463
1848,0.68,16,0,29,23,10.0,6.92,0.0,0.0,96.55172413793103,3.4482758620689653
1849,0.95,7,0,12,11,10.0,9.5,0.0,0.0,91.66666666666667,8.333333333333334
1850,0.73,16,0,25,21,10.0,8.0,4.0,12.0,60.0,24.0
1851,0.66,10,0,15,11,10.0,6.99,0.0,0.0,80.0,20.0
1852,0.94,9,0,21,20,10.0,9.8,0.0,0.0,85.71428571428571,14.285714285714286
1853,0.77,16,0,25,22,10.0,8.48,0.0,0.0,60.0,40.0
1854,0.624,22,0,29,21,10.0,7.22,0.0,0.0,96.55172413793103,3.4482758620689653
1855,0.578,28,0,28,16,10.0,6.04,0.0,0.0,92.85714285714286,7.142857142857143
1856,0.6,18,0,28,21,10.0,6.28,0.0,0.0,96.42857142857143,3.5714285714285716
1857,0.636,20,0,25,17,10.0,6.52,0.0,0.0,96.0,4.0
1858,0.676,26,0,29,20,10.0,8.24,17.24137931034483,20.689655172413794,58.62068965517241,3.4482758620689653
1859,0.668,24,0,33,25,10.0,7.38,0.0,0.0,93.93939393939394,6.0606060606060606
1860,0.668,23,0,33,25,10.0,7.68,6.0606060606060606,0.0,90.9090909090909,3.0303030303030303
1861,0.76,25,0,29,22,10.0,7.96,0.0,0.0,96.55172413793103,3.4482758620689653
1862,0.72,23,0,31,24,10.0,7.92,9.67741935483871,3.225806451612903,58.064516129032256,29.032258064516128
1863,0.68,20,0,32,25,10.0,7.32,0.0,0.0,93.75,6.25
1864,0.668,16,0,25,20,10.0,7.2,0.0,0.0,96.0,4.0
1865,0.656,15,0,25,19,10.0,7.15,12.0,0.0,84.0,4.0
1866,0.76,21,0,24,18,10.0,7.9,20.833333333333332,0.0,75.0,4.166666666666667
1867,0.768,19,0,28,23,10.0,8.16,3.5714285714285716,0.0,92.85714285714286,3.5714285714285716
1868,0.68,13,0,19,14,10.0,7.15,0.0,0.0,94.73684210526316,5.2631578947368425
1869,0.622,18,0,25,16,8.0,6.22,0.0,0.0,96.0,4.0
1870,0.696,21,0,29,21,10.0,7.48,0.0,0.0,96.55172413793103,3.4482758620689653
1871,0.768,16,0,25,21,10.0,8.1,0.0,0.0,96.0,4.0
1872,0.734,18,0,33,28,10.0,8.64,3.0303030303030303,0.0,84.84848484848484,12.121212121212121
1873,0.673,24,0,29,21,10.0,7.33,0.0,0.0,93.10344827586206,6.896551724137931
1874,0.746,21,0,24,18,10.0,7.75,12.5,4.166666666666667,79.16666666666667,4.166666666666667
1875,0.668,15,0,22,16,10.0,6.68,0.0,0.0,95.45454545454545,4.545454545454546
1876,0.726,34,0,34,22,10.0,7.93,0.0,0.0,94.11764705882354,5.882352941176471
1877,0.84,9,0,18,16,10.0,9.0,0.0,0.0,66.66666666666667,33.333333333333336
1878,0.8,8,0,18,15,10.0,8.65,16.666666666666668,0.0,66.66666666666667,16.666666666666668
1879,0.76,19,0,28,23,10.0,7.92,21.428571428571427,10.714285714285714,50.0,17.857142857142858
1880,0.77,11,0,21,18,10.0,8.33,9.523809523809524,0.0,85.71428571428571,4.761904761904762
1881,0.742,21,0,35,29,10.0,7.7,0.0,0.0,85.71428571428571,14.285714285714286
1882,0.666,15,0,27,21,10.0,7.64,0.0,0.0,88.88888888888889,11.11111111111111
1883,0.68,32,0,37,24,10.0,7.6,0.0,48.648648648648646,32.432432432432435,18.91891891891892
1884,0.676,24,0,27,19,10.0,7.25,0.0,3.7037037037037037,81.48148148148148,14.814814814814815
1885,0.688,17,0,24,19,10.0,7.14,0.0,0.0,91.66666666666667,8.333333333333334
1886,0.7,19,0,27,21,10.0,7.96,7.407407407407407,0.0,88.88888888888889,3.7037037037037037
1887,0.648,20,0,28,20,10.0,7.2,7.142857142857143,0.0,82.14285714285714,10.714285714285714
1888,0.664,18,0,35,28,10.0,7.38,31.428571428571427,0.0,51.42857142857143,17.142857142857142
1889,0.792,22,0,30,25,10.0,8.28,13.333333333333334,10.0,73.33333333333333,3.3333333333333335
1890,0.707,18,0,27,21,10.0,7.22,7.407407407407407,0.0,88.88888888888889,3.7037037037037037
1891,0.79,20,0,22,16,10.0,8.15,0.0,0.0,95.45454545454545,4.545454545454546
1892,0.826,18,0,23,17,10.0,8.47,8.695652173913043,17.391304347826086,52.17391304347826,21.73913043478261
1893,0.68,10,0,29,25,10.0,7.32,20.689655172413794,0.0,75.86206896551724,3.4482758620689653
1894,0.728,20,0,31,25,10.0,7.6,25.806451612903224,0.0,51.61290322580645,22.580645161290324
1895,0.764,23,0,35,28,10.0,8.5,0.0,0.0,91.42857142857143,8.571428571428571
1896,0.8,11,0,20,17,10.0,8.32,0.0,0.0,80.0,20.0
1897,0.76,13,0,21,18,10.0,7.6,0.0,0.0,95.23809523809524,4.761904761904762
1898,0.544,18,0,29,20,10.0,6.14,17.24137931034483,3.4482758620689653,75.86206896551724,3.4482758620689653
1899,0.711,24,0,34,27,10.0,7.98,0.0,0.0,94.11764705882354,5.882352941176471
1900,0.656,18,0,30,24,10.0,7.28,23.333333333333332,3.3333333333333335,70.0,3.3333333333333335
1901,0.68,26,0,28,19,10.0,7.0,0.0,0.0,96.42857142857143,3.5714285714285716
1902,0.732,19,0,26,20,10.0,7.52,0.0,0.0,96.15384615384616,3.8461538461538463
1903,0.724,17,0,25,19,10.0,7.64,0.0,0.0,96.0,4.0
1904,0.732,27,0,43,35,10.0,7.82,2.3255813953488373,2.3255813953488373,93.02325581395348,2.3255813953488373
1905,0.64,18,0,20,14,10.0,7.86,0.0,0.0,80.0,20.0
1906,0.656,17,0,29,23,10.0,7.0,0.0,0.0,96.55172413793103,3.4482758620689653
1907,0.75,14,0,22,17,10.0,8.0,0.0,0.0,95.45454545454545,4.545454545454546
1908,0.606,23,0,31,22,10.0,6.57,0.0,0.0,96.7741935483871,3.225806451612903
1909,0.7,16,0,23,18,10.0,7.68,8.695652173913043,0.0,86.95652173913044,4.3478260869565215
1910,0.81,12,0,18,15,10.0,8.6,0.0,0.0,94.44444444444444,5.555555555555555
1911,0.68,17,0,26,21,10.0,7.65,3.8461538461538463,0.0,65.38461538461539,30.76923076923077
1912,0.682,21,0,33,27,10.0,8.06,3.0303030303030303,0.0,93.93939393939394,3.0303030303030303
1913,0.71,12,0,16,11,10.0,7.1,0.0,0.0,93.75,6.25
1914,0.75,12,0,21,19,10.0,7.86,23.80952380952381,0.0,71.42857142857143,4.761904761904762
1915,0.665,19,0,33,27,10.0,7.23,6.0606060606060606,0.0,90.9090909090909,3.0303030303030303
1916,0.64,15,0,18,13,10.0,6.55,0.0,0.0,94.44444444444444,5.555555555555555
1917,0.741,18,0,24,19,10.0,8.47,0.0,0.0,95.83333333333333,4.166666666666667
1918,0.682,21,0,26,18,10.0,7.23,0.0,0.0,96.15384615384616,3.8461538461538463
1919,0.595,15,0,25,19,10.0,7.05,36.0,4.0,56.0,4.0
1920,0.775,9,0,19,17,10.0,8.05,5.2631578947368425,0.0,63.1578947368421,31.57894736842105
1921,0.654,19,0,28,21,10.0,7.1,46.42857142857143,0.0,50.0,3.5714285714285716
1922,0.579,20,0,28,20,10.0,6.43,46.42857142857143,0.0,50.0,3.5714285714285716
1923,0.674,23,0,31,22,10.0,7.85,12.903225806451612,3.225806451612903,80.64516129032258,3.225806451612903
1924,0.805,11,0,16,13,10.0,8.4,0.0,0.0,93.75,6.25
1925,0.694,18,0,32,26,10.0,7.63,12.5,0.0,84.375,3.125
1926,0.652,20,0,28,21,10.0,6.94,3.5714285714285716,0.0,92.85714285714286,3.5714285714285716
1927,0.704,20,0,28,22,10.0,7.63,21.428571428571427,0.0,42.857142857142854,35.714285714285715
1928,0.68,15,0,27,22,10.0,7.6,18.51851851851852,7.407407407407407,70.37037037037037,3.7037037037037037
1929,0.72,20,0,31,25,10.0,7.81,3.225806451612903,45.16129032258065,45.16129032258065,6.451612903225806
1930,0.69,12,0,17,12,10.0,7.48,52.94117647058823,5.882352941176471,35.294117647058826,5.882352941176471
1931,0.895,8,0,16,14,10.0,9.1,0.0,0.0,93.75,6.25
1932,0.665,11,0,17,13,10.0,7.05,0.0,0.0,94.11764705882354,5.882352941176471
1933,0.68,22,0,30,22,10.0,7.24,16.666666666666668,0.0,70.0,13.333333333333334
1934,0.758,16,0,25,20,10.0,8.08,16.0,0.0,76.0,8.0
1935,0.676,26,0,36,27,10.0,7.41,5.555555555555555,0.0,50.0,44.44444444444444
1936,0.82,14,0,21,18,10.0,8.85,9.523809523809524,0.0,85.71428571428571,4.761904761904762
1937,0.845,10,0,18,15,10.0,9.2,0.0,0.0,88.88888888888889,11.11111111111111
1938,0.612,13,0,21,15,10.0,6.33,0.0,0.0,95.23809523809524,4.761904761904762
1939,0.536,20,0,22,14,10.0,5.84,4.545454545454546,0.0,86.36363636363636,9.090909090909092
1940,0.66,13,0,19,14,10.0,6.85,0.0,0.0,94.73684210526316,5.2631578947368425
1941,0.74,19,0,26,18,10.0,7.68,0.0,3.8461538461538463,92.3076923076923,3.8461538461538463
1942,0.622,22,0,25,17,10.0,6.58,0.0,0.0,96.0,4.0
1943,0.768,26,0,36,27,10.0,8.68,0.0,0.0,94.44444444444444,5.555555555555555
1944,0.7,13,0,17,12,10.0,7.4,0.0,0.0,94.11764705882354,5.882352941176471
1945,0.655,14,0,21,15,10.0,7.23,9.523809523809524,4.761904761904762,66.66666666666667,19.047619047619047
1946,0.611,20,0,28,20,10.0,7.08,0.0,0.0,92.85714285714286,7.142857142857143
1947,0.608,16,0,33,27,10.0,7.06,21.21212121212121,24.242424242424242,42.42424242424242,12.121212121212121
1948,0.702,18,0,29,22,10.0,7.18,3.4482758620689653,0.0,89.65517241379311,6.896551724137931
1949,0.572,21,0,27,17,10.0,5.96,3.7037037037037037,0.0,92.5925925925926,3.7037037037037037
1950,0.79,9,0,18,15,10.0,8.55,11.11111111111111,0.0,72.22222222222223,16.666666666666668
1951,0.624,23,0,28,18,10.0,7.23,25.0,7.142857142857143,64.28571428571429,3.5714285714285716
1952,0.686,18,0,30,25,10.0,7.58,3.3333333333333335,6.666666666666667,76.66666666666667,13.333333333333334
1953,0.6,15,0,23,17,10.0,6.49,30.434782608695652,0.0,17.391304347826086,52.17391304347826
1954,0.616,23,0,27,18,10.0,6.61,33.333333333333336,0.0,62.96296296296296,3.7037037037037037
1955,0.736,24,0,34,25,10.0,8.28,5.882352941176471,0.0,91.17647058823529,2.9411764705882355
1956,0.7,15,0,18,12,10.0,7.45,5.555555555555555,27.77777777777778,50.0,16.666666666666668
1957,0.72,12,0,22,18,10.0,7.85,0.0,0.0,95.45454545454545,4.545454545454546
1958,0.637,21,0,27,19,10.0,7.08,7.407407407407407,0.0,88.88888888888889,3.7037037037037037
1959,0.618,24,0,32,23,10.0,6.55,0.0,0.0,93.75,6.25
1960,0.787,19,0,28,23,10.0,8.07,3.5714285714285716,0.0,89.28571428571429,7.142857142857143
1961,0.6,15,0,18,12,10.0,6.75,0.0,0.0,94.44444444444444,5.555555555555555
1962,0.688,31,0,38,27,10.0,7.46,0.0,5.2631578947368425,92.10526315789474,2.6315789473684212
1963,0.612,19,0,24,16,10.0,7.21,0.0,0.0,95.83333333333333,4.166666666666667
1964,0.704,20,0,27,21,10.0,7.88,0.0,0.0,96.29629629629629,3.7037037037037037
1965,0.8,17,0,21,18,10.0,8.0,0.0,0.0,95.23809523809524,4.761904761904762
1966,0.72,17,0,25,19,10.0,7.94,8.0,0.0,60.0,32.0
1967,0.7,14,0,24,17,10.0,7.56,4.166666666666667,0.0,91.66666666666667,4.166666666666667
1968,0.624,20,0,30,23,10.0,6.98,0.0,0.0,96.66666666666667,3.3333333333333335
1969,0.68,17,0,24,18,10.0,7.28,8.333333333333334,0.0,87.5,4.166666666666667
1970,0.731,29,0,36,27,10.0,8.13,0.0,0.0,97.22222222222223,2.7777777777777777
1971,0.76,17,0,28,24,10.0,8.28,25.0,25.0,39.285714285714285,10.714285714285714
1972,0.7,16,0,25,19,10.0,7.59,4.0,0.0,80.0,16.0
1973,0.63,15,0,23,19,10.0,6.64,0.0,0.0,95.65217391304348,4.3478260869565215
1974,0.698,20,0,26,19,10.0,7.54,7.6923076923076925,7.6923076923076925,80.76923076923077,3.8461538461538463
1975,0.736,17,0,28,22,10.0,8.03,10.714285714285714,0.0,85.71428571428571,3.5714285714285716
1976,0.628,14,0,26,21,10.0,7.08,0.0,0.0,92.3076923076923,7.6923076923076925
1977,0.762,24,0,33,25,10.0,8.51,3.0303030303030303,0.0,75.75757575757575,21.21212121212121
1978,0.642,15,0,25,20,10.0,6.8,0.0,0.0,96.0,4.0
1979,0.76,8,0,17,14,10.0,7.95,5.882352941176471,0.0,76.47058823529412,17.647058823529413
1980,0.74,11,0,17,13,10.0,8.05,0.0,0.0,88.23529411764706,11.764705882352942
1981,0.71,34,0,40,29,10.0,8.03,0.0,0.0,50.0,50.0
1982,0.7,16,0,25,19,10.0,8.26,24.0,12.0,52.0,12.0
1983,0.742,21,0,27,20,10.0,8.05,11.11111111111111,3.7037037037037037,81.48148148148148,3.7037037037037037
1984,0.658,27,0,33,23,10.0,7.5,0.0,0.0,96.96969696969697,3.0303030303030303
1985,0.792,15,0,27,23,10.0,8.66,7.407407407407407,0.0,77.77777777777777,14.814814814814815
1986,0.656,22,0,29,22,10.0,6.88,0.0,0.0,96.55172413793103,3.4482758620689653
1987,0.77,15,0,20,16,10.0,8.18,0.0,0.0,95.0,5.0
1988,0.567,15,0,28,21,10.0,6.28,14.285714285714286,0.0,71.42857142857143,14.285714285714286
1989,0.64,16,0,27,20,10.0,7.04,44.44444444444444,25.925925925925927,18.51851851851852,11.11111111111111
1990,0.596,22,0,27,18,10.0,6.9,48.148148148148145,0.0,48.148148148148145,3.7037037037037037
1991,0.71,18,0,26,21,10.0,8.36,15.384615384615385,0.0,80.76923076923077,3.8461538461538463
1992,0.725,9,0,18,15,10.0,7.4,0.0,0.0,88.88888888888889,11.11111111111111
1993,0.742,15,0,29,25,10.0,8.36,27.586206896551722,3.4482758620689653,37.93103448275862,31.03448275862069
1994,0.74,11,0,22,19,10.0,7.79,40.90909090909091,18.181818181818183,36.36363636363637,4.545454545454546
1995,0.642,25,0,30,21,10.0,7.33,10.0,0.0,83.33333333333333,6.666666666666667
1996,0.659,17,0,26,21,10.0,7.11,0.0,0.0,92.3076923076923,7.6923076923076925
1997,0.784,18,0,29,25,10.0,8.34,0.0,0.0,93.10344827586206,6.896551724137931
1998,0.74,12,0,17,14,10.0,7.75,0.0,0.0,94.11764705882354,5.882352941176471
1999,0.659,20,0,27,20,10.0,7.47,11.11111111111111,3.7037037037037037,81.48148148148148,3.7037037037037037
2000,0.741,11,0,17,13,10.0,8.29,17.647058823529413,0.0,64.70588235294117,17.647058823529413
2001,0.677,19,0,28,21,10.0,7.19,25.0,10.714285714285714,53.57142857142857,10.714285714285714
2002,0.67,15,0,26,20,10.0,7.18,0.0,0.0,96.15384615384616,3.8461538461538463
2003,0.812,29,0,31,24,10.0,8.88,0.0,0.0,96.7741935483871,3.225806451612903
2004,0.644,26,0,35,25,10.0,7.82,0.0,0.0,94.28571428571429,5.714285714285714
2005,0.628,20,0,30,22,10.0,6.72,0.0,0.0,96.66666666666667,3.3333333333333335
2006,0.604,18,0,23,16,10.0,6.04,0.0,0.0,95.65217391304348,4.3478260869565215
2007,0.684,17,0,25,19,10.0,7.72,24.0,44.0,24.0,8.0
2008,0.708,19,0,27,21,10.0,7.64,0.0,40.74074074074074,55.55555555555556,3.7037037037037037
2009,0.748,17,0,24,19,10.0,8.19,33.333333333333336,0.0,62.5,4.166666666666667
2010,0.694,17,0,24,19,10.0,7.26,4.166666666666667,0.0,91.66666666666667,4.166666666666667
2011,0.64,22,0,30,20,10.0,6.88,20.0,0.0,76.66666666666667,3.3333333333333335
2012,0.625,16,0,23,17,10.0,6.67,0.0,0.0,95.65217391304348,4.3478260869565215
2013,0.637,18,0,27,19,10.0,6.75,18.51851851851852,0.0,77.77777777777777,3.7037037037037037
2014,0.64,16,0,21,14,10.0,6.64,9.523809523809524,33.333333333333336,47.61904761904762,9.523809523809524
2015,0.766,20,0,30,25,10.0,7.86,3.3333333333333335,0.0,93.33333333333333,3.3333333333333335
2016,0.72,18,0,26,21,10.0,7.8,3.8461538461538463,0.0,88.46153846153847,7.6923076923076925
2017,0.748,20,0,30,24,10.0,7.86,13.333333333333334,0.0,83.33333333333333,3.3333333333333335
2018,0.69,21,0,28,21,10.0,7.16,3.5714285714285716,0.0,92.85714285714286,3.5714285714285716
2019,0.746,16,0,27,22,10.0,8.12,0.0,0.0,96.29629629629629,3.7037037037037037
2020,0.72,19,0,22,16,10.0,7.7,0.0,0.0,95.45454545454545,4.545454545454546
2021,0.765,10,0,14,10,10.0,8.55,0.0,0.0,71.42857142857143,28.571428571428573
2022,0.665,13,0,19,14,10.0,7.18,10.526315789473685,0.0,84.21052631578948,5.2631578947368425
2023,0.702,26,0,36,26,10.0,7.54,0.0,0.0,94.44444444444444,5.555555555555555
2024,0.705,18,0,25,19,10.0,7.99,0.0,0.0,96.0,4.0
2025,0.59,24,0,28,19,10.0,6.32,0.0,0.0,89.28571428571429,10.714285714285714
2026,0.784,14,0,31,27,10.0,8.08,0.0,0.0,96.7741935483871,3.225806451612903
2027,0.682,23,0,29,23,10.0,7.77,0.0,3.4482758620689653,89.65517241379311,6.896551724137931
2028,0.84,13,0,21,19,10.0,8.6,0.0,0.0,90.47619047619048,9.523809523809524
2029,0.712,28,0,36,27,10.0,7.66,0.0,0.0,91.66666666666667,8.333333333333334
2030,0.728,23,0,32,24,10.0,8.28,15.625,0.0,75.0,9.375
2031,0.692,18,0,26,19,10.0,8.02,3.8461538461538463,0.0,84.61538461538461,11.538461538461538
2032,0.698,24,0,32,23,10.0,7.68,0.0,0.0,96.875,3.125
2033,0.652,31,0,34,22,10.0,7.32,32.35294117647059,11.764705882352942,47.05882352941177,8.823529411764707
2034,0.692,20,0,28,22,10.0,7.48,0.0,0.0,96.42857142857143,3.5714285714285716
2035,0.759,23,0,35,27,10.0,8.25,8.571428571428571,2.857142857142857,77.14285714285714,11.428571428571429
2036,0.792,17,0,27,23,10.0,8.1,0.0,7.407407407407407,88.88888888888889,3.7037037037037037
2037,0.712,17,0,28,22,10.0,7.98,17.857142857142858,0.0,78.57142857142857,3.5714285714285716
2038,0.64,19,0,28,21,10.0,7.44,46.42857142857143,3.5714285714285716,32.142857142857146,17.857142857142858
2039,0.614,22,0,28,20,10.0,6.66,0.0,0.0,92.85714285714286,7.142857142857143
2040,0.672,20,0,28,22,10.0,7.1,0.0,0.0,39.285714285714285,60.714285714285715
2041,0.712,21,0,30,23,10.0,7.48,0.0,13.333333333333334,80.0,6.666666666666667
2042,0.575,11,0,16,11,10.0,5.9,0.0,0.0,93.75,6.25
2043,0.65,12,0,15,10,10.0,7.0,0.0,0.0,93.33333333333333,6.666666666666667
2044,0.528,14,0,23,16,10.0,5.54,4.3478260869565215,0.0,91.30434782608695,4.3478260869565215
2045,0.645,15,0,19,14,10.0,6.85,0.0,0.0,94.73684210526316,5.2631578947368425
2046,0.736,22,0,28,21,10.0,7.78,3.5714285714285716,0.0,92.85714285714286,3.5714285714285716
2047,0.732,18,0,33,28,10.0,8.16,27.272727272727273,0.0,54.54545454545455,18.181818181818183
2048,0.66,16,0,23,16,10.0,7.31,0.0,0.0,86.95652173913044,13.043478260869565
2049,0.625,9,0,14,10,10.0,6.7,64.28571428571429,0.0,21.428571428571427,14.285714285714286
2050,0.643,16,0,28,23,10.0,6.93,14.285714285714286,14.285714285714286,67.85714285714286,3.5714285714285716
2051,0.588,19,0,24,16,10.0,6.37,0.0,0.0,95.83333333333333,4.166666666666667
2052,0.65,23,0,26,19,10.0,6.86,0.0,0.0,96.15384615384616,3.8461538461538463
2053,0.713,18,0,26,20,10.0,7.21,11.538461538461538,11.538461538461538,65.38461538461539,11.538461538461538
2054,0.68,14,0,19,14,10.0,7.05,0.0,0.0,94.73684210526316,5.2631578947368425
2055,0.652,25,0,30,20,10.0,7.38,0.0,0.0,96.66666666666667,3.3333333333333335
2056,0.72,12,0,21,17,10.0,7.74,0.0,0.0,95.23809523809524,4.761904761904762
2057,0.721,17,0,26,21,10.0,7.81,7.6923076923076925,0.0,84.61538461538461,7.6923076923076925
2058,0.68,14,0,26,22,10.0,7.72,30.76923076923077,0.0,50.0,19.23076923076923
2059,0.758,26,0,30,21,10.0,8.34,13.333333333333334,16.666666666666668,33.333333333333336,36.666666666666664
2060,0.775,14,0,21,17,10.0,8.13,0.0,0.0,76.19047619047619,23.80952380952381
2061,0.744,27,0,35,27,10.0,8.06,0.0,0.0,97.14285714285714,2.857142857142857
2062,0.646,20,0,24,16,10.0,6.81,4.166666666666667,0.0,91.66666666666667,4.166666666666667
2063,0.722,24,0,33,24,10.0,8.12,0.0,0.0,90.9090909090909,9.090909090909092
2064,0.66,14,0,19,14,10.0,6.8,21.05263157894737,15.789473684210526,57.89473684210526,5.2631578947368425
2065,0.616,11,0,19,14,10.0,6.31,10.526315789473685,0.0,84.21052631578948,5.2631578947368425
2066,0.76,15,0,25,19,10.0,8.12,0.0,0.0,68.0,32.0
2067,0.58,17,0,23,16,10.0,6.5,13.043478260869565,0.0,82.6086956521739,4.3478260869565215
2068,0.642,25,0,35,25,10.0,7.7,2.857142857142857,0.0,68.57142857142857,28.571428571428573
2069,0.676,19,0,29,23,10.0,7.58,13.793103448275861,6.896551724137931,75.86206896551724,3.4482758620689653
2070,0.744,16,0,28,24,10.0,7.8,3.5714285714285716,0.0,92.85714285714286,3.5714285714285716
2071,0.822,19,0,29,26,10.0,8.45,0.0,0.0,93.10344827586206,6.896551724137931
2072,0.745,13,0,18,14,10.0,8.0,5.555555555555555,0.0,88.88888888888889,5.555555555555555
2073,0.662,24,0,29,20,10.0,7.36,0.0,6.896551724137931,86.20689655172414,6.896551724137931
2074,0.7,23,0,37,28,10.0,7.68,18.91891891891892,13.513513513513514,59.45945945945946,8.108108108108109
2075,0.76,17,0,28,24,10.0,8.12,7.142857142857143,10.714285714285714,78.57142857142857,3.5714285714285716
2076,0.656,18,0,26,19,10.0,7.24,3.8461538461538463,0.0,88.46153846153847,7.6923076923076925
2077,0.712,20,0,27,20,10.0,7.63,44.44444444444444,3.7037037037037037,48.148148148148145,3.7037037037037037
2078,0.52,17,0,23,16,10.0,5.82,4.3478260869565215,0.0,86.95652173913044,8.695652173913043
2079,0.816,18,0,28,24,10.0,8.2,0.0,0.0,100.0,0.0
2080,0.771,16,0,26,21,10.0,8.51,0.0,0.0,92.3076923076923,7.6923076923076925
2081,0.764,22,0,30,23,10.0,8.26,0.0,0.0,96.66666666666667,3.3333333333333335
2082,0.85,9,0,13,11,10.0,8.95,15.384615384615385,0.0,76.92307692307692,7.6923076923076925
2083,0.678,17,0,28,22,10.0,7.6,3.5714285714285716,0.0,85.71428571428571,10.714285714285714
2084,0.74,11,0,19,16,10.0,8.15,36.8421052631579,15.789473684210526,42.10526315789474,5.2631578947368425
2085,0.664,18,0,33,26,10.0,7.24,18.181818181818183,36.36363636363637,42.42424242424242,3.0303030303030303
2086,0.648,17,0,24,18,10.0,7.24,0.0,4.166666666666667,91.66666666666667,4.166666666666667
2087,0.55,25,0,27,15,10.0,6.16,22.22222222222222,3.7037037037037037,66.66666666666667,7.407407407407407
2088,0.742,24,0,31,23,10.0,7.99,0.0,3.225806451612903,96.7741935483871,0.0
2089,0.76,12,0,15,12,10.0,8.15,0.0,0.0,93.33333333333333,6.666666666666667
2090,0.7,17,0,27,21,10.0,7.66,3.7037037037037037,22.22222222222222,70.37037037037037,3.7037037037037037
2091,0.7,21,0,29,21,10.0,7.62,20.689655172413794,0.0,44.827586206896555,34.48275862068966
2092,0.638,17,0,23,17,10.0,6.53,0.0,0.0,82.6086956521739,17.391304347826086
2093,0.672,17,0,21,15,10.0,7.5,14.285714285714286,19.047619047619047,61.904761904761905,4.761904761904762
2094,0.691,22,0,27,18,10.0,7.67,7.407407407407407,0.0,88.88888888888889,3.7037037037037037
2095,0.605,17,0,23,16,10.0,6.63,0.0,0.0,86.95652173913044,13.043478260869565
2096,0.622,27,0,33,23,10.0,7.4,12.121212121212121,3.0303030303030303,78.78787878787878,6.0606060606060606
2097,0.752,18,0,26,22,10.0,8.03,0.0,0.0,34.61538461538461,65.38461538461539
2098,0.708,24,0,30,23,10.0,7.44,0.0,0.0,96.66666666666667,3.3333333333333335
2099,0.69,17,0,22,17,10.0,7.59,0.0,0.0,90.9090909090909,9.090909090909092
2100,0.7,10,0,19,15,10.0,7.6,5.2631578947368425,0.0,73.6842105263158,21.05263157894737
SUMMARY,0.6977161904761919,38336,0,,,,,10.944218604364066,5.307680254881997,71.62456480320692,12.123536337547016
